DTCT_UID,PLC_LTTD,PLC_LGTD,ROAD_INFO,DSTA_LGLD_INFO,DSTA_ADSTRD_INFO,DTCT_PD,ROAD_WIDTH,POTHOLE_SIZE,u,v,key,highway,dist_to_road,OSM_HIGHWAY,OSM_DIST,ROAD_LEVEL,index_right,block_id,dist_to_block_m
1,36.3084203,127.3544242,대전광역시 서구 도안동 2088,도안동,도안동,2025-12-09 22:50,8,12.8,1298415193,1298414556,0,residential,1.6402332776430226,residential,1.6402332776430226,소로,,,
2,36.3084203,127.3544242,대전광역시 서구 도안동 2088,도안동,도안동,2025-12-09 22:50,8,10.2,1298414556,1298415193,0,residential,1.6402332776430226,residential,1.6402332776430226,소로,,,
3,36.3092252,127.3540557,대전광역시 서구 도안동 2088,도안동,도안동,2025-12-09 22:49,8,11.6,1298414556,1298415297,0,residential,3.648603081414609,residential,3.648603081414609,소로,,,
4,36.3094861,127.3540033,대전광역시 서구 도안동 2088,도안동,도안동,2025-12-09 22:49,8,20.4,1298414556,1298415297,0,residential,1.3898238366600653,residential,1.3898238366600653,소로,,,
5,36.3090037,127.3517023,대전광역시 서구 도안동 2090,도안동,도안동,2025-12-09 22:49,15,28.9,8262016755,951164297,0,tertiary,0.4557117833691032,tertiary,0.4557117833691032,중로,,,
6,36.3090037,127.3517023,대전광역시 서구 도안동 2090,도안동,도안동,2025-12-09 22:49,15,16.7,951164297,8262016755,0,tertiary,0.4557117833691032,tertiary,0.4557117833691032,중로,,,
7,36.3091844,127.3516115,대전광역시 서구 도안동 2090,도안동,도안동,2025-12-09 22:48,15,16.5,951164297,841482477,0,secondary,3.3590412344155203,secondary,3.3590412344155203,중로,,,
8,36.3129446,127.3498981,대전광역시 서구 도안동 1493,도안동,도안동,2025-12-09 22:46,15,26.9,8262016808,8262016775,0,secondary,0.0408664316643423,secondary,0.0408664316643423,중로,,,
9,36.3175874,127.3478498,대전광역시 서구 도안동 1506,도안동,도안동,2025-12-09 22:45,8,15.5,1391931339,8262016808,0,residential,8.056076398806221,residential,8.056076398806221,소로,,,
10,36.3175874,127.3478498,대전광역시 서구 도안동 1506,도안동,도안동,2025-12-09 22:45,8,11.2,8262016808,1391931339,0,residential,8.056076398806221,residential,8.056076398806221,소로,,,
11,36.3199346,127.3478678,대전광역시 서구 도안동 2378,도안동,도안동,2025-12-09 22:45,15,18.1,1278965858,8262016808,0,secondary,1.6650215904928822,secondary,1.6650215904928822,중로,,,
12,36.3211465,127.3479017,대전광역시 서구 도안동 2378,도안동,도안동,2025-12-09 22:44,15,16.4,8262016931,1278965858,0,secondary,2.758473886708018,secondary,2.758473886708018,중로,,,
13,36.3235034,127.3478356,대전광역시 서구 도안동 2378,도안동,도안동,2025-12-09 22:44,15,16.1,8262016931,1278965858,0,secondary,5.175555417080131,secondary,5.175555417080131,중로,,,
14,36.3244544,127.3480368,대전광역시 서구 도안동 2378,도안동,도안동,2025-12-09 22:44,15,23.3,841482227,841482425,0,secondary,9.166418470381334,secondary,9.166418470381334,중로,,,
15,36.3261805,127.3479358,대전광역시 서구 도안동 2378,도안동,도안동,2025-12-09 22:44,15,23.8,1278965592,8262016931,0,secondary,3.8367976859208897,secondary,3.8367976859208897,중로,,,
16,36.3263189,127.3479229,대전광역시 서구 도안동 2378,도안동,도안동,2025-12-09 22:44,15,17.3,1278965592,8262016931,0,secondary,2.520341382701143,secondary,2.520341382701143,중로,,,
17,36.3291232,127.3479078,대전광역시 서구 도안동 2378,도안동,도안동,2025-12-09 22:43,15,19.5,1278965592,8262016931,0,secondary,2.496105117401461,secondary,2.496105117401461,중로,,,
18,36.3321331,127.3480032,대전광역시 서구 도안동 1485,도안동,도안동,2025-12-09 22:42,15,15.6,1391931734,2945417967,0,secondary,1.1798413128386196,secondary,1.1798413128386196,중로,251.0,3166054_001_3166054_001_1,0.9409469688205415
19,36.3325149,127.3480366,대전광역시 유성구 원신흥동 667,원신흥동,원신흥동,2025-12-09 22:42,15,29.7,837542790,8262016864,0,secondary,0.4902027615302625,secondary,0.4902027615302625,중로,251.0,3166054_001_3166054_001_1,9.1415757033289
20,36.3324918,127.3480962,대전광역시 유성구 원신흥동 667,원신흥동,원신흥동,2025-12-09 22:42,15,29.6,837542790,8262016864,0,secondary,6.368801972606106,secondary,6.368801972606106,중로,251.0,3166054_001_3166054_001_1,3.2889809163117705
21,36.3351619,127.3490851,대전광역시 유성구 원신흥동 667,원신흥동,원신흥동,2025-12-09 22:41,15,20.6,837542790,8262016864,0,secondary,1.149819984884139,secondary,1.149819984884139,중로,251.0,3166054_001_3166054_001_1,3.5399860436089976
22,36.3366351,127.3494526,대전광역시 유성구 원신흥동 667,원신흥동,원신흥동,2025-12-09 22:41,15,24.5,837542790,8262016864,0,secondary,1.5255886446963691,secondary,1.5255886446963691,중로,251.0,3166054_001_3166054_001_1,3.253775450345008
23,36.3387999,127.3488052,대전광역시 유성구 원신흥동 667,원신흥동,원신흥동,2025-12-09 22:40,15,22.3,837542790,8262016864,0,secondary,1.9481529301703893,secondary,1.9481529301703893,중로,251.0,3166054_001_3166054_001_1,5.927045222910655
24,36.3417207,127.3472152,대전광역시 유성구 원신흥동 513-4,원신흥동,원신흥동,2025-12-09 22:40,15,28.6,8948682846,12250973479,0,secondary,9.22929777335151,secondary,9.22929777335151,중로,251.0,3166054_001_3166054_001_1,16.356967754711746
25,36.3442332,127.3471783,대전광역시 유성구 원신흥동 589,원신흥동,원신흥동,2025-12-09 22:40,15,19.8,8948682840,8262016949,0,secondary,1.6163485573129075,secondary,1.6163485573129075,중로,251.0,3166054_001_3166054_001_1,7.908021485501851
26,36.3447595,127.3471699,대전광역시 유성구 원신흥동 589,원신흥동,원신흥동,2025-12-09 22:40,15,25.4,8262016958,579252376,0,secondary,4.981835925666361,secondary,4.981835925666361,중로,251.0,3166054_001_3166054_001_1,3.598408556010712
27,36.3469886,127.3476863,대전광역시 유성구 봉명동 1063,봉명동,원신흥동,2025-12-09 22:39,15,28.4,8262016958,579252376,0,secondary,0.3995976842739601,secondary,0.3995976842739601,중로,252.0,3166054_001_3166054_001_2,11.315689432639637
28,36.3487346,127.3464488,대전광역시 유성구 봉명동 1062,봉명동,원신흥동,2025-12-09 22:39,15,15.0,8262016973,837543096,0,secondary,13.473357449467535,secondary,13.473357449467535,중로,80.0,2166002_000_2166002_000_3,25.256840054042197
29,36.3483702,127.3417982,대전광역시 유성구 봉명동 1062,봉명동,원신흥동,2025-12-09 22:38,8,24.3,6325093095,837543047,0,secondary_link,2.5607757995909552,secondary_link,2.5607757995909552,소로,80.0,2166002_000_2166002_000_3,17.06017248707269
30,36.3486376,127.3402818,대전광역시 유성구 봉명동 1058,봉명동,온천1동,2025-12-09 22:38,15,19.7,837543096,1233482018,0,secondary,4.692260596543341,secondary,4.692260596543341,중로,48.0,2010002_000_2010002_000_3,1.4406271588422084
31,36.3490265,127.3400797,대전광역시 유성구 봉명동 1058,봉명동,온천1동,2025-12-09 22:38,15,17.7,1233482378,8941183495,0,secondary,9.106988055820048,secondary,9.106988055820048,중로,48.0,2010002_000_2010002_000_3,17.430159300997524
32,36.3490197,127.3401335,대전광역시 유성구 봉명동 1058,봉명동,온천1동,2025-12-09 22:38,15,18.1,1233482378,8941183495,0,secondary,4.33708522507066,secondary,4.33708522507066,중로,48.0,2010002_000_2010002_000_3,12.653542666920345
33,36.3517716,127.3401546,대전광역시 유성구 봉명동 577,봉명동,온천1동,2025-12-09 22:36,8,14.1,1233482001,579253282,0,residential,2.619830815328287,residential,2.619830815328287,소로,2227.0,4301147_001_4301147_001_1,0.08585458238822617
34,36.3517716,127.3401546,대전광역시 유성구 봉명동 577,봉명동,온천1동,2025-12-09 22:36,8,15.4,579253282,1233482001,0,residential,2.619830815328287,residential,2.619830815328287,소로,2227.0,4301147_001_4301147_001_1,0.08585458238822617
35,36.351728,127.3395319,대전광역시 유성구 봉명동 577,봉명동,온천1동,2025-12-09 22:36,8,14.5,579253282,579252406,0,residential,0.8825490720427827,residential,0.8825490720427827,소로,1577.0,4301026_000_4301026_000_5,0.243123675447495
36,36.3511178,127.3393689,대전광역시 유성구 봉명동 577,봉명동,온천1동,2025-12-09 22:35,8,10.1,1233483143,579252406,0,residential,2.188629763501858,residential,2.188629763501858,소로,2223.0,4301146_000_4301146_000_1,2.1163216289053315
37,36.3511178,127.3393689,대전광역시 유성구 봉명동 577,봉명동,온천1동,2025-12-09 22:35,8,20.2,579252406,1233483143,0,residential,2.188629763501858,residential,2.188629763501858,소로,2223.0,4301146_000_4301146_000_1,2.1163216289053315
38,36.35104,127.3394671,대전광역시 유성구 봉명동 577,봉명동,온천1동,2025-12-09 22:35,8,23.2,1233483143,579252406,0,residential,7.464166312351162,residential,7.464166312351162,소로,2223.0,4301146_000_4301146_000_1,3.531746379993115
39,36.35104,127.3394671,대전광역시 유성구 봉명동 577,봉명동,온천1동,2025-12-09 22:35,8,20.2,579252406,1233483143,0,residential,7.464166312351162,residential,7.464166312351162,소로,2223.0,4301146_000_4301146_000_1,3.531746379993115
40,36.3507512,127.3396879,대전광역시 유성구 봉명동 558-6,봉명동,온천1동,2025-12-09 18:44,10,26.5,1233483143,579252406,0,residential,31.26677216243097,residential,31.26677216243097,미분류,2225.0,4301146_001_4301146_001_1,20.497762422425655
41,36.3507512,127.3396879,대전광역시 유성구 봉명동 558-6,봉명동,온천1동,2025-12-09 18:44,10,19.7,579252406,1233483143,0,residential,31.26677216243097,residential,31.26677216243097,미분류,2225.0,4301146_001_4301146_001_1,20.497762422425655
42,36.3508628,127.3397025,대전광역시 유성구 봉명동 558-5,봉명동,온천1동,2025-12-09 18:44,8,13.8,1233483143,579252406,0,residential,19.13530963310465,residential,19.13530963310465,소로,2223.0,4301146_000_4301146_000_1,16.082506160071016
43,36.3509985,127.3397662,대전광역시 유성구 봉명동 577,봉명동,온천1동,2025-12-09 18:43,8,11.5,1233483143,579252406,0,residential,3.035155615239682,residential,3.035155615239682,소로,2223.0,4301146_000_4301146_000_1,0.007506844652446148
44,36.3509998,127.3401978,대전광역시 유성구 봉명동 1058,봉명동,온천1동,2025-12-09 18:43,15,28.7,1233482001,1233483143,0,secondary,7.497028111433627,secondary,7.497028111433627,중로,2223.0,4301146_000_4301146_000_1,11.563527187524118
45,36.3528382,127.3409872,대전광역시 유성구 봉명동 1058,봉명동,온천1동,2025-12-09 18:43,8,12.2,1233482537,579252412,0,residential,4.453500089026861,residential,4.453500089026861,소로,2229.0,4301148_000_4301148_000_1,5.809161011047765
46,36.35367,127.3416735,대전광역시 유성구 봉명동 553-2,봉명동,온천1동,2025-12-09 18:43,15,20.6,282170317,6313751012,0,secondary,1.2409471381375103,secondary,1.2409471381375103,중로,205.0,3010024_004_3010024_004_4,6.031420252632252
47,36.3535281,127.3424506,대전광역시 유성구 봉명동 1058,봉명동,온천1동,2025-12-09 18:42,25,39.2,1097718182,11083768784,0,primary,2.7333786467221013,primary,2.7333786467221013,대로,1491.0,4301009_000_4301009_000_1,3.79754045506928
48,36.3526196,127.3457388,대전광역시 유성구 봉명동 1058,봉명동,온천1동,2025-12-09 18:41,25,23.4,6313751009,6313751008,0,primary,0.5194533451081179,primary,0.5194533451081179,대로,206.0,3010024_004_3010024_004_5,11.532109149253253
49,36.3517565,127.348855,대전광역시 유성구 봉명동 501-24,봉명동,온천1동,2025-12-09 18:41,25,34.8,8941183448,626311525,0,primary,5.259062032865011,primary,5.259062032865011,대로,207.0,3010024_004_3010024_004_6,8.729782796980132
50,36.3516391,127.3493692,대전광역시 유성구 봉명동 496-25,봉명동,온천1동,2025-12-09 18:40,25,37.3,8941183448,626311525,0,primary,4.165895344864952,primary,4.165895344864952,대로,207.0,3010024_004_3010024_004_6,9.291682646492472
51,36.3512702,127.3510321,대전광역시 서구 월평동 186-1,월평동,월평1동,2025-12-09 18:40,25,24.6,8941183448,626311525,0,primary,0.5133302469598902,primary,0.5133302469598902,대로,,,
52,36.3523937,127.3517173,대전광역시 서구 월평동 1555-1,월평동,월평1동,2025-12-09 18:40,8,23.4,319509859,319509865,0,secondary_link,0.5057450621808461,secondary_link,0.5057450621808461,소로,,,
53,36.3550686,127.3550664,대전광역시 유성구 봉명동 1010,월평동,월평1동,2025-12-09 18:39,15,17.8,368497847,319509859,0,secondary,0.3427866738769839,secondary,0.3427866738769839,중로,,,
54,36.3581026,127.3596347,대전광역시 서구 월평동 1555,월평동,월평1동,2025-12-09 18:39,15,28.7,368497923,276557796,0,secondary,3.680495684751732,secondary,3.680495684751732,중로,,,
55,36.3608429,127.3620889,대전광역시 서구 월평동 1517,월평동,월평3동,2025-12-09 18:38,15,27.0,4736100788,368497871,0,secondary,2.271832242629121,secondary,2.271832242629121,중로,,,
56,36.3623775,127.3644352,대전광역시 서구 월평동 1517,월평동,월평3동,2025-12-09 18:38,15,24.5,4713365990,4736100788,0,secondary,0.0143066381145583,secondary,0.0143066381145583,중로,,,
57,36.3633158,127.3664339,대전광역시 서구 월평동 1517,월평동,월평3동,2025-12-09 18:38,15,23.9,4713365990,4736100788,0,secondary,4.330729365189017,secondary,4.330729365189017,중로,,,
58,36.3643873,127.3683071,대전광역시 서구 월평동 1517,월평동,월평2동,2025-12-09 18:37,15,21.7,368498340,11932554522,0,secondary,6.983766799043282,secondary,6.983766799043282,중로,,,
59,36.3657661,127.3690074,대전광역시 서구 만년동 649,만년동,만년동,2025-12-09 18:37,15,23.9,8571246990,9065211922,0,tertiary,8.506875066052904,tertiary,8.506875066052904,중로,,,
60,36.3661151,127.368676,대전광역시 서구 만년동 649,만년동,만년동,2025-12-09 18:37,15,21.8,9065211922,8571246990,0,tertiary,6.202376388753362,tertiary,6.202376388753362,중로,,,
61,36.3661151,127.368676,대전광역시 서구 만년동 649,만년동,만년동,2025-12-09 18:37,15,29.0,8571246990,9065211922,0,tertiary,6.202376388753362,tertiary,6.202376388753362,중로,,,
62,36.3662362,127.3685278,대전광역시 서구 만년동 649,만년동,만년동,2025-12-09 18:36,15,18.6,9065211922,8571246990,0,tertiary,7.677977033725285,tertiary,7.677977033725285,중로,,,
63,36.3662362,127.3685278,대전광역시 서구 만년동 649,만년동,만년동,2025-12-09 18:36,15,15.9,8571246990,9065211922,0,tertiary,7.677977033725285,tertiary,7.677977033725285,중로,,,
64,36.3674139,127.3675151,대전광역시 유성구 구성동 232-1,구성동,온천2동,2025-12-09 18:36,15,29.0,4497860968,9065211922,0,tertiary,6.987663075070423,tertiary,6.987663075070423,중로,1118.0,3167083_001_3167083_001_8,6.0238477451465196
65,36.3675408,127.3676066,대전광역시 유성구 구성동 231-2,구성동,온천2동,2025-12-09 18:36,15,29.2,4497860968,9065211925,0,secondary,2.122698054931499,secondary,2.122698054931499,중로,1118.0,3167083_001_3167083_001_8,0.358297209528124
66,36.3677555,127.3679067,대전광역시 유성구 구성동 410-64,구성동,온천2동,2025-12-09 18:35,15,27.1,9065211925,8579174199,0,secondary,0.8422568438930583,secondary,0.8422568438930583,중로,1118.0,3167083_001_3167083_001_8,0.9485110615631673
67,36.3679939,127.368248,대전광역시 유성구 구성동 464,구성동,온천2동,2025-12-09 18:34,15,26.6,9065211925,8579174199,0,secondary,0.1129793326676239,secondary,0.1129793326676239,중로,1118.0,3167083_001_3167083_001_8,1.9394968100569359
68,36.3680289,127.368392,대전광역시 유성구 구성동 410-64,구성동,온천2동,2025-12-09 18:33,15,26.6,8579174199,9065211925,0,secondary,5.099521958076295,secondary,5.099521958076295,중로,1118.0,3167083_001_3167083_001_8,3.2651744078680194
69,36.3681333,127.3685427,대전광역시 유성구 구성동 410-64,구성동,온천2동,2025-12-09 18:33,15,29.1,8579174199,9065211925,0,secondary,4.70880911565966,secondary,4.70880911565966,중로,1118.0,3167083_001_3167083_001_8,2.9015690660126365
70,36.3685247,127.3689914,대전광역시 유성구 구성동 410-64,구성동,온천2동,2025-12-09 18:32,15,29.7,9065211925,8579174199,0,secondary,3.3695744440990016,secondary,3.3695744440990016,중로,1118.0,3167083_001_3167083_001_8,5.087288546115629
71,36.3685247,127.3689914,대전광역시 유성구 구성동 410-64,구성동,온천2동,2025-12-09 18:32,15,15.0,8579174199,9065211925,0,secondary,3.3695744440990016,secondary,3.3695744440990016,중로,1118.0,3167083_001_3167083_001_8,5.087288546115629
72,36.3686112,127.3691211,대전광역시 유성구 구성동 410-64,구성동,온천2동,2025-12-09 18:32,15,23.3,9065211925,8579174199,0,secondary,3.418257826650996,secondary,3.418257826650996,중로,1118.0,3167083_001_3167083_001_8,5.113403343487854
73,36.3686112,127.3691211,대전광역시 유성구 구성동 410-64,구성동,온천2동,2025-12-09 18:32,15,25.2,8579174199,9065211925,0,secondary,3.418257826650996,secondary,3.418257826650996,중로,1118.0,3167083_001_3167083_001_8,5.113403343487854
74,36.3688301,127.3695638,대전광역시 유성구 구성동 410-64,구성동,온천2동,2025-12-09 18:31,15,22.3,9065211925,8579174199,0,secondary,2.968978103267308,secondary,2.968978103267308,중로,1118.0,3167083_001_3167083_001_8,1.344659500510638
75,36.3693878,127.3702769,대전광역시 유성구 구성동 410-64,구성동,온천2동,2025-12-09 18:30,15,22.5,8579174199,277875410,0,secondary,4.344649134562167,secondary,4.344649134562167,중로,1118.0,3167083_001_3167083_001_8,5.707341014291764
76,36.3694237,127.3703102,대전광역시 유성구 구성동 410-54,구성동,온천2동,2025-12-09 18:29,15,27.5,277875410,8579174199,0,secondary,5.531751847364998,secondary,5.531751847364998,중로,1118.0,3167083_001_3167083_001_8,6.862429982958351
77,36.3695909,127.3705243,대전광역시 유성구 구성동 54,구성동,온천2동,2025-12-09 18:29,8,12.5,8579174200,8579174196,0,secondary_link,5.624424751149924,secondary_link,5.624424751149924,소로,1118.0,3167083_001_3167083_001_8,8.858741077676456
78,36.3698058,127.3708871,대전광역시 유성구 구성동 54,구성동,온천2동,2025-12-09 18:28,15,29.6,276653880,8579174200,0,secondary,5.158189075680942,secondary,5.158189075680942,중로,1118.0,3167083_001_3167083_001_8,6.400229409987285
79,36.370111,127.3713884,대전광역시 유성구 구성동 51-1,구성동,온천2동,2025-12-09 18:28,15,17.1,276653880,8579174200,0,secondary,2.4964427983804147,secondary,2.4964427983804147,중로,1118.0,3167083_001_3167083_001_8,3.7089325078440925
80,36.3703427,127.3716882,대전광역시 유성구 구성동 51-1,구성동,온천2동,2025-12-09 18:26,15,28.3,8579174200,276653880,0,secondary,5.104510633000503,secondary,5.104510633000503,중로,1118.0,3167083_001_3167083_001_8,6.297631734430094
81,36.3705243,127.3719818,대전광역시 유성구 구성동 51-1,구성동,온천2동,2025-12-09 18:25,15,17.2,276653880,8579174200,0,secondary,3.789432802623498,secondary,3.789432802623498,중로,1118.0,3167083_001_3167083_001_8,4.965466856550068
82,36.3708852,127.3725409,대전광역시 유성구 구성동 51-1,구성동,온천2동,2025-12-09 18:24,15,16.8,276653880,8579174200,0,secondary,2.4921616235849005,secondary,2.4921616235849005,중로,1118.0,3167083_001_3167083_001_8,3.715561002869989
83,36.371059,127.3727439,대전광역시 유성구 구성동 51-1,구성동,온천2동,2025-12-09 18:23,15,23.3,8579174200,276653880,0,secondary,5.662914222713583,secondary,5.662914222713583,중로,1118.0,3167083_001_3167083_001_8,6.912524631382586
84,36.3711349,127.372959,대전광역시 유성구 구성동 51-1,구성동,온천2동,2025-12-09 18:22,15,27.0,8579174200,276653880,0,secondary,0.211152417533402,secondary,0.211152417533402,중로,1118.0,3167083_001_3167083_001_8,1.0583052798048078
85,36.3711349,127.372959,대전광역시 유성구 구성동 51-1,구성동,온천2동,2025-12-09 18:22,15,19.3,276653880,8579174200,0,secondary,0.211152417533402,secondary,0.211152417533402,중로,1118.0,3167083_001_3167083_001_8,1.0583052798048078
86,36.3713852,127.373278,대전광역시 유성구 구성동 410-53,구성동,온천2동,2025-12-09 18:22,15,27.0,8579174200,276653880,0,secondary,2.82580442281124,secondary,2.82580442281124,중로,1118.0,3167083_001_3167083_001_8,4.1348487425636975
87,36.3713852,127.373278,대전광역시 유성구 구성동 410-53,구성동,온천2동,2025-12-09 18:22,15,15.2,276653880,8579174200,0,secondary,2.82580442281124,secondary,2.82580442281124,중로,1118.0,3167083_001_3167083_001_8,4.1348487425636975
88,36.3715826,127.3734925,대전광역시 유성구 구성동 410-50,구성동,온천2동,2025-12-09 18:21,15,27.4,276653880,8579174200,0,secondary,7.349634778942703,secondary,7.349634778942703,중로,1118.0,3167083_001_3167083_001_8,8.687111476837218
89,36.3717909,127.373918,대전광역시 유성구 구성동 410-50,구성동,온천2동,2025-12-09 18:21,15,21.9,276653880,8579174200,0,secondary,0.6910005276014564,secondary,0.6910005276014564,중로,1118.0,3167083_001_3167083_001_8,2.071842906240599
90,36.3722568,127.3747776,대전광역시 유성구 구성동 410-54,구성동,온천2동,2025-12-09 18:20,15,26.2,8579174200,276653880,0,secondary,1.4778390084396271,secondary,1.4778390084396271,중로,1118.0,3167083_001_3167083_001_8,2.02118608410186
91,36.372954,127.3760596,대전광역시 유성구 구성동 26-8,구성동,온천2동,2025-12-09 18:20,15,23.0,276653880,8579174200,0,secondary,0.8002936424822017,secondary,0.8002936424822017,중로,1118.0,3167083_001_3167083_001_8,2.267941550495593
92,36.374554,127.3789736,대전광역시 유성구 가정동 52-12,가정동,신성동,2025-12-09 18:19,15,27.2,276653885,8579174203,0,secondary,5.492001070919383,secondary,5.492001070919383,중로,1119.0,3167083_001_3167083_001_9,6.010397726891203
93,36.3748028,127.3793223,대전광역시 유성구 가정동 52-13,가정동,신성동,2025-12-09 18:19,15,30.0,8579174203,276653885,0,secondary,16.471322699636886,secondary,16.471322699636886,중로,1119.0,3167083_001_3167083_001_9,16.78799081102378
94,36.3748028,127.3793223,대전광역시 유성구 가정동 52-13,가정동,신성동,2025-12-09 18:19,15,17.3,276653885,8579174203,0,secondary,16.471322699636886,secondary,16.471322699636886,중로,1119.0,3167083_001_3167083_001_9,16.78799081102378
95,36.3754094,127.3794039,대전광역시 유성구 가정동 50,가정동,신성동,2025-12-09 18:19,25,38.7,8234428273,276653885,0,primary,9.81304545406771,primary,9.81304545406771,대로,33.0,2010001_014_2010001_014_1,8.513291449655334
96,36.3770713,127.378984,대전광역시 유성구 가정동 9-1,가정동,신성동,2025-12-09 18:18,25,36.9,8234428273,276653885,0,primary,4.868858905931795,primary,4.868858905931795,대로,33.0,2010001_014_2010001_014_1,7.864233643394255
97,36.3775332,127.3788371,대전광역시 유성구 가정동 9-1,가정동,신성동,2025-12-09 18:17,25,27.3,8234428273,276653885,0,primary,4.30513528694347,primary,4.30513528694347,대로,33.0,2010001_014_2010001_014_1,7.738898522609764
98,36.3798736,127.3785441,대전광역시 유성구 가정동 2-6,가정동,신성동,2025-12-09 18:17,25,33.2,317557295,8234428273,0,primary,2.727713836885736,primary,2.727713836885736,대로,34.0,2010001_014_2010001_014_2,5.332688970476466
99,36.3817476,127.3786163,대전광역시 유성구 도룡동 409,도룡동,신성동,2025-12-09 18:17,25,36.5,276402302,317557295,0,primary,2.032074148800802,primary,2.032074148800802,대로,35.0,2010001_014_2010001_014_3,0.38380298244067496
100,36.3853674,127.3785308,대전광역시 유성구 도룡동 409,도룡동,신성동,2025-12-09 18:16,25,31.5,8234428269,276402302,0,primary,8.462788222343653,primary,8.462788222343653,대로,40.0,2010001_014_2010001_014_8,8.759908845943453
101,36.3860158,127.3786191,대전광역시 유성구 도룡동 409,도룡동,신성동,2025-12-09 18:16,25,35.3,8234428259,8234428257,0,primary,2.1099517654283697,primary,2.1099517654283697,대로,41.0,2010001_014_2010001_014_9,1.1012793142430806
102,36.3867437,127.3785836,대전광역시 유성구 도룡동 409,도룡동,신성동,2025-12-09 18:14,25,21.7,276395956,8234428259,0,primary,0.7009659000871263,primary,0.7009659000871263,대로,41.0,2010001_014_2010001_014_9,4.58278079514779
103,36.3879377,127.3786422,대전광역시 유성구 도룡동 409,도룡동,신성동,2025-12-09 18:13,25,20.7,8234428249,276395956,0,primary,4.853409585769901,primary,4.853409585769901,대로,42.0,2010001_014_2010001_014_10,0.18903700490272407
104,36.3880409,127.3785754,대전광역시 유성구 도룡동 409,도룡동,신성동,2025-12-09 18:12,25,38.7,8234428249,276395956,0,primary,1.274486587313795,primary,1.274486587313795,대로,42.0,2010001_014_2010001_014_10,5.84601657152452
105,36.3881288,127.3785521,대전광역시 유성구 도룡동 409,도룡동,신성동,2025-12-09 18:12,25,31.7,8234428249,276395956,0,primary,3.1398005587086635,primary,3.1398005587086635,대로,42.0,2010001_014_2010001_014_10,7.972093462328667
106,36.3885729,127.3799664,대전광역시 유성구 도룡동 401,도룡동,신성동,2025-12-09 18:12,15,21.3,8234428236,276401173,0,secondary,0.8583131059306095,secondary,0.8583131059306095,중로,502.0,3167022_003_3167022_003_1,0.6399306708647758
107,36.3885748,127.3800793,대전광역시 유성구 도룡동 401,도룡동,신성동,2025-12-09 18:11,15,20.1,8234428236,276401173,0,secondary,0.8134193402474073,secondary,0.8134193402474073,중로,502.0,3167022_003_3167022_003_1,0.28803946296357247
108,36.3880897,127.3787897,대전광역시 유성구 도룡동 409,도룡동,신성동,2025-12-09 18:10,25,24.5,534559417,534559420,0,primary,6.904744389477113,primary,6.904744389477113,대로,29.0,2010001_010_2010001_010_1,12.365606285347239
109,36.3898249,127.3881213,대전광역시 유성구 문지동 103-15,문지동,전민동,2025-12-09 18:09,15,17.3,276653936,275898833,0,secondary,4.364666501717112,secondary,4.364666501717112,중로,503.0,3167022_003_3167022_003_2,11.42477679137242
110,36.3902704,127.3898292,대전광역시 유성구 문지동 103-15,문지동,전민동,2025-12-09 18:09,15,26.8,276653936,4189566894,0,secondary,4.313030441531765,secondary,4.313030441531765,중로,503.0,3167022_003_3167022_003_2,8.347808945151533
111,36.3902704,127.3898292,대전광역시 유성구 문지동 103-15,문지동,전민동,2025-12-09 18:09,15,22.8,4189566894,276653936,0,secondary,4.313030441531765,secondary,4.313030441531765,중로,503.0,3167022_003_3167022_003_2,8.347808945151533
112,36.3904084,127.3905612,대전광역시 유성구 문지동 103-15,문지동,전민동,2025-12-09 18:08,15,16.7,276653936,4189566894,0,secondary,1.1771500327700393,secondary,1.1771500327700393,중로,503.0,3167022_003_3167022_003_2,4.652844415836703
113,36.3904084,127.3905612,대전광역시 유성구 문지동 103-15,문지동,전민동,2025-12-09 18:08,15,26.7,4189566894,276653936,0,secondary,1.1771500327700393,secondary,1.1771500327700393,중로,503.0,3167022_003_3167022_003_2,4.652844415836703
114,36.3906775,127.3915776,대전광역시 유성구 문지동 103-15,문지동,전민동,2025-12-09 18:07,15,29.8,276653936,4189566894,0,secondary,7.808687329938347,secondary,7.808687329938347,중로,503.0,3167022_003_3167022_003_2,10.591627072477952
115,36.3906775,127.3915776,대전광역시 유성구 문지동 103-15,문지동,전민동,2025-12-09 18:07,15,26.2,4189566894,276653936,0,secondary,7.808687329938347,secondary,7.808687329938347,중로,503.0,3167022_003_3167022_003_2,10.591627072477952
116,36.391063,127.3937713,대전광역시 유성구 문지동 103-15,문지동,전민동,2025-12-09 18:07,15,20.4,276653936,4189566894,0,secondary,2.489135027027049,secondary,2.489135027027049,중로,503.0,3167022_003_3167022_003_2,4.48784177826854
117,36.391063,127.3937713,대전광역시 유성구 문지동 103-15,문지동,전민동,2025-12-09 18:07,15,27.4,4189566894,276653936,0,secondary,2.489135027027049,secondary,2.489135027027049,중로,503.0,3167022_003_3167022_003_2,4.48784177826854
118,36.3909465,127.3955191,대전광역시 유성구 문지동 103-15,문지동,전민동,2025-12-09 18:07,15,27.2,4189566894,276653936,0,secondary,1.9337130826946425,secondary,1.9337130826946425,중로,503.0,3167022_003_3167022_003_2,6.4711487740726685
119,36.390139,127.3980763,대전광역시 유성구 문지동 103-15,문지동,전민동,2025-12-09 18:07,15,15.5,276653936,4189566894,0,secondary,3.543682068007692,secondary,3.543682068007692,중로,503.0,3167022_003_3167022_003_2,5.693416374575441
120,36.390139,127.3980763,대전광역시 유성구 문지동 103-15,문지동,전민동,2025-12-09 18:07,15,20.5,4189566894,276653936,0,secondary,3.543682068007692,secondary,3.543682068007692,중로,503.0,3167022_003_3167022_003_2,5.693416374575441
121,36.3901468,127.4017202,대전광역시 유성구 문지동 103-6,문지동,전민동,2025-12-09 18:06,15,28.5,276653936,4189566894,0,secondary,8.986725088185723,secondary,8.986725088185723,중로,503.0,3167022_003_3167022_003_2,12.565614932579752
122,36.3901468,127.4017202,대전광역시 유성구 문지동 103-6,문지동,전민동,2025-12-09 18:06,15,19.2,4189566894,276653936,0,secondary,8.986725088185723,secondary,8.986725088185723,중로,503.0,3167022_003_3167022_003_2,12.565614932579752
123,36.3900844,127.4025945,대전광역시 유성구 문지동 103-15,문지동,전민동,2025-12-09 18:06,15,20.1,276653936,4189566894,0,secondary,3.040372143997467,secondary,3.040372143997467,중로,503.0,3167022_003_3167022_003_2,5.608535292308598
124,36.3900951,127.4032813,대전광역시 유성구 문지동 103-15,문지동,전민동,2025-12-09 18:06,15,26.8,276653936,4189566894,0,secondary,4.853430109719129,secondary,4.853430109719129,중로,503.0,3167022_003_3167022_003_2,6.770723589081087
125,36.3900951,127.4032813,대전광역시 유성구 문지동 103-15,문지동,전민동,2025-12-09 18:06,15,15.5,4189566894,276653936,0,secondary,4.853430109719129,secondary,4.853430109719129,중로,503.0,3167022_003_3167022_003_2,6.770723589081087
126,36.3901154,127.4054063,대전광역시 유성구 문지동 667,문지동,전민동,2025-12-09 18:05,8,13.2,4189566896,4189566894,0,residential,6.357859488950398,residential,6.357859488950398,소로,503.0,3167022_003_3167022_003_2,9.34387609351009
127,36.3901154,127.4054063,대전광역시 유성구 문지동 667,문지동,전민동,2025-12-09 18:05,8,20.0,4189566894,4189566896,0,residential,6.357859488950398,residential,6.357859488950398,소로,503.0,3167022_003_3167022_003_2,9.34387609351009
128,36.3901464,127.4056117,대전광역시 유성구 문지동 667,문지동,전민동,2025-12-09 18:04,8,13.3,4189566896,4189566894,0,residential,8.942224681939,residential,8.942224681939,소로,503.0,3167022_003_3167022_003_2,11.993891264664423
129,36.3901464,127.4056117,대전광역시 유성구 문지동 667,문지동,전민동,2025-12-09 18:04,8,10.3,4189566894,4189566896,0,residential,8.942224681939,residential,8.942224681939,소로,503.0,3167022_003_3167022_003_2,11.993891264664423
130,36.3905886,127.4069042,대전광역시 유성구 문지동 668,문지동,전민동,2025-12-09 18:03,8,20.9,4189566900,4189566896,0,residential,1.749788213805035,residential,1.749788213805035,소로,503.0,3167022_003_3167022_003_2,1.3403927012912453
131,36.3905886,127.4069042,대전광역시 유성구 문지동 668,문지동,전민동,2025-12-09 18:03,8,22.5,4189566896,4189566900,0,residential,1.749788213805035,residential,1.749788213805035,소로,503.0,3167022_003_3167022_003_2,1.3403927012912453
132,36.3911726,127.4071836,대전광역시 유성구 문지동 659-4,문지동,전민동,2025-12-09 18:03,8,17.8,4189566900,4189566902,0,residential,4.8100646249677546,residential,4.8100646249677546,소로,513.0,3167022_011_3167022_011_1,5.946437004190617
133,36.3911726,127.4071836,대전광역시 유성구 문지동 659-4,문지동,전민동,2025-12-09 18:03,8,20.9,4189566902,4189566900,0,residential,4.8100646249677546,residential,4.8100646249677546,소로,513.0,3167022_011_3167022_011_1,5.946437004190617
134,36.3907074,127.4075915,대전광역시 유성구 문지동 661-2,문지동,전민동,2025-12-09 18:01,10,22.6,4189566902,4189566900,0,residential,46.78985354782133,residential,46.78985354782133,미분류,,,
135,36.3904115,127.4076832,대전광역시 유성구 문지동 661-3,문지동,전민동,2025-12-09 12:46,8,21.0,4189566896,4189566897,0,residential,29.737037076872262,residential,29.737037076872262,소로,,,
136,36.3904115,127.4076832,대전광역시 유성구 문지동 661-3,문지동,전민동,2025-12-09 12:46,8,23.0,4189566897,4189566896,0,residential,29.737037076872262,residential,29.737037076872262,소로,,,
137,36.3911309,127.4080421,대전광역시 유성구 문지동 676,문지동,전민동,2025-12-09 12:45,8,12.0,4189566900,4189566902,0,residential,0.2300797040674214,residential,0.2300797040674214,소로,513.0,3167022_011_3167022_011_1,1.4045098357809125
138,36.3911309,127.4080421,대전광역시 유성구 문지동 676,문지동,전민동,2025-12-09 12:45,8,20.9,4189566902,4189566900,0,residential,0.2300797040674214,residential,0.2300797040674214,소로,513.0,3167022_011_3167022_011_1,1.4045098357809125
139,36.3911038,127.406952,대전광역시 유성구 문지동 668,문지동,전민동,2025-12-09 12:45,8,13.1,4189566902,4189566900,0,residential,2.837204131622921,residential,2.837204131622921,소로,513.0,3167022_011_3167022_011_1,1.711094939508283
140,36.3899894,127.4051288,대전광역시 유성구 문지동 667,문지동,전민동,2025-12-09 12:45,8,12.6,4189566896,4189566894,0,residential,6.458074371782839,residential,6.458074371782839,소로,503.0,3167022_003_3167022_003_2,4.226944810372652
141,36.3899894,127.4051288,대전광역시 유성구 문지동 667,문지동,전민동,2025-12-09 12:45,8,13.1,4189566894,4189566896,0,residential,6.458074371782839,residential,6.458074371782839,소로,503.0,3167022_003_3167022_003_2,4.226944810372652
142,36.317271,127.3482601,대전광역시 서구 도안동 2379,도안동,도안동,2025-12-09 12:24,15,20.9,1401757610,8262016795,0,secondary,1.766754612680939,secondary,1.766754612680939,중로,,,
143,36.3093111,127.35267,대전광역시 서구 도안동 2088,도안동,도안동,2025-12-09 12:22,8,22.4,1298415370,1298414897,0,residential,3.517803217647766,residential,3.517803217647766,소로,,,
144,36.3729896,127.3192237,대전광역시 유성구 지족동 906-4,지족동,노은1동,2025-12-09 0:57,8,10.6,436785542,436785530,0,residential,10.628565267245872,residential,10.628565267245872,소로,3347.0,4301366_002_4301366_002_2,10.624485729479101
145,36.3729896,127.3192237,대전광역시 유성구 지족동 906-4,지족동,노은1동,2025-12-09 0:57,8,17.5,436785530,436785542,0,residential,10.628565267245872,residential,10.628565267245872,소로,3347.0,4301366_002_4301366_002_2,10.624485729479101
146,36.3745227,127.3186836,대전광역시 유성구 지족동 963,지족동,노은1동,2025-12-09 0:56,8,12.3,436785512,436785521,1,residential,2.3510167730927938,residential,2.3510167730927938,소로,3345.0,4301366_001_4301366_001_1,0.7966093170275438
147,36.3745227,127.3186836,대전광역시 유성구 지족동 963,지족동,노은1동,2025-12-09 0:56,8,17.7,436785521,436785512,1,residential,2.3510167730927938,residential,2.3510167730927938,소로,3345.0,4301366_001_4301366_001_1,0.7966093170275438
148,36.390462,127.3238062,대전광역시 유성구 하기동 603,하기동,노은2동,2025-12-08 18:30,15,16.7,446046698,446009209,0,secondary,6.470527835845221,secondary,6.470527835845221,중로,372.0,3167015_003_3167015_003_11,0.8249633655751631
149,36.3742982,127.3921715,대전광역시 유성구 도룡동 465-1,도룡동,신성동,2025-12-08 15:24,15,24.3,278159732,278085795,0,secondary,7.143212254006789,secondary,7.143212254006789,중로,757.0,3167043_002_3167043_002_1,3.877877295632371
150,36.3742678,127.3878414,대전광역시 유성구 도룡동 465-21,도룡동,신성동,2025-12-08 8:54,15,18.6,278159732,4634409651,0,secondary,1.4975197699573957,secondary,1.4975197699573957,중로,757.0,3167043_002_3167043_002_1,1.8595575709047223
151,36.3742678,127.3878414,대전광역시 유성구 도룡동 465-21,도룡동,신성동,2025-12-08 8:54,15,16.1,4634409651,278159732,0,secondary,1.4975197699573957,secondary,1.4975197699573957,중로,757.0,3167043_002_3167043_002_1,1.8595575709047223
152,36.3531743,127.3526523,대전광역시 서구 월평동 1555,월평동,월평1동,2025-12-08 8:37,15,27.2,3262720597,368497670,0,secondary,3.1561285739838154,secondary,3.1561285739838154,중로,,,
153,36.351618,127.3515008,대전광역시 서구 월평동 1555-1,월평동,월평1동,2025-12-08 8:34,8,14.5,319509865,368497603,0,secondary_link,0.0606099587278034,secondary_link,0.0606099587278034,소로,,,
154,36.3360771,127.3497077,대전광역시 유성구 원신흥동 667,원신흥동,원신흥동,2025-12-08 8:22,15,24.1,2945428313,8262016878,0,secondary,8.651809654973855,secondary,8.651809654973855,중로,251.0,3166054_001_3166054_001_1,24.963360089742597
155,36.3083145,127.3545398,대전광역시 서구 도안동 1947,도안동,도안동,2025-12-08 8:12,8,10.9,1298414556,1298415193,0,residential,4.323007000515679,residential,4.323007000515679,소로,,,
156,36.3351948,127.3722503,대전광역시 서구 내동 214,내동,내동,2025-12-07 14:56,15,20.8,579252448,667240826,0,secondary,9.113051212894977,secondary,9.113051212894977,중로,,,
157,36.3304201,127.4305048,대전광역시 동구 중동 317,중동,중앙동,2025-12-05 8:31,15,24.1,519603343,8947768710,0,secondary,3.2693087442223248,secondary,3.2693087442223248,중로,,,
158,36.3299149,127.4293149,대전광역시 동구 중동 318-2,중동,중앙동,2025-12-05 8:30,15,22.1,8947768716,8947768711,0,secondary,0.7547867326308534,secondary,0.7547867326308534,중로,,,
159,36.3292082,127.4273618,대전광역시 중구 대흥동 630,은행동,은행선화동,2025-12-05 8:29,15,18.0,309314216,8947837217,0,secondary,1.8873777923076072,secondary,1.8873777923076072,중로,,,
160,36.3258266,127.4209638,대전광역시 중구 대흥동 630,대흥동,대흥동,2025-12-05 8:26,15,27.8,10697690244,411277044,0,secondary,3.368460353452568,secondary,3.368460353452568,중로,,,
161,36.3079246,127.354711,대전광역시 서구 도안동 2036,도안동,도안동,2025-12-05 7:54,8,17.7,1298415065,1298415193,0,residential,4.6753740823274645,residential,4.6753740823274645,소로,,,
162,36.3079246,127.354711,대전광역시 서구 도안동 2036,도안동,도안동,2025-12-05 7:54,8,15.3,1298415193,1298415065,0,residential,4.6753740823274645,residential,4.6753740823274645,소로,,,
163,36.3095402,127.3539719,대전광역시 서구 도안동 2088,도안동,도안동,2025-12-04 19:32,8,11.5,1298415297,1298414556,0,residential,0.692155858033173,residential,0.692155858033173,소로,,,
164,36.3095402,127.3539719,대전광역시 서구 도안동 2088,도안동,도안동,2025-12-04 19:32,8,10.2,1298414556,1298415297,0,residential,0.692155858033173,residential,0.692155858033173,소로,,,
165,36.3095507,127.3537069,대전광역시 서구 도안동 2088,도안동,도안동,2025-12-04 19:31,8,14.3,1298414458,1298415297,0,residential,3.1260149956409498,residential,3.1260149956409498,소로,,,
166,36.3093743,127.3531279,대전광역시 서구 도안동 2088,도안동,도안동,2025-12-04 19:31,8,14.7,1298415370,1298414748,0,residential,3.9427696456952273,residential,3.9427696456952273,소로,,,
167,36.3089897,127.3519496,대전광역시 서구 도안동 2103,도안동,도안동,2025-12-04 19:31,8,21.8,951164297,1298414827,0,residential,9.236073919374643,residential,9.236073919374643,소로,,,
168,36.3089897,127.3519496,대전광역시 서구 도안동 2103,도안동,도안동,2025-12-04 19:31,8,20.3,1298414827,951164297,0,residential,9.236073919374643,residential,9.236073919374643,소로,,,
169,36.3095866,127.3513594,대전광역시 서구 도안동 2090,도안동,도안동,2025-12-04 19:30,15,20.0,8262016775,8262016755,0,secondary,3.173427356277451,secondary,3.173427356277451,중로,,,
170,36.3118367,127.3503716,대전광역시 서구 도안동 1567,도안동,도안동,2025-12-04 19:30,15,16.5,8262016775,8262016755,0,secondary,0.0505133806102929,secondary,0.0505133806102929,중로,,,
171,36.3123933,127.3501729,대전광역시 서구 도안동 1567,도안동,도안동,2025-12-04 19:30,15,27.3,8262016775,8262016755,0,secondary,2.916452631016232,secondary,2.916452631016232,중로,,,
172,36.3136982,127.3496004,대전광역시 서구 도안동 1493,도안동,도안동,2025-12-04 19:30,15,29.3,8262016808,8262016775,0,secondary,2.4245449329319886,secondary,2.4245449329319886,중로,,,
173,36.3154766,127.3488299,대전광역시 서구 도안동 2379,도안동,도안동,2025-12-04 19:28,15,24.1,8262016808,8262016775,0,secondary,1.723261462333874,secondary,1.723261462333874,중로,,,
174,36.3192908,127.3478529,대전광역시 서구 도안동 2378,도안동,도안동,2025-12-04 19:27,15,29.3,1278965858,8262016808,0,secondary,0.5153752499544031,secondary,0.5153752499544031,중로,,,
175,36.3198368,127.3478484,대전광역시 서구 도안동 2378,도안동,도안동,2025-12-04 19:27,15,29.9,1278965858,8262016808,0,secondary,0.0271405512391339,secondary,0.0271405512391339,중로,,,
176,36.3215768,127.347934,대전광역시 서구 도안동 2378,도안동,도안동,2025-12-04 19:27,15,22.7,8262016931,1278965858,0,secondary,5.293933716125987,secondary,5.293933716125987,중로,,,
177,36.3234941,127.3479061,대전광역시 서구 도안동 2378,도안동,도안동,2025-12-04 19:27,15,25.6,8262016931,1278965858,0,secondary,1.162699967720101,secondary,1.162699967720101,중로,,,
178,36.3266937,127.3479086,대전광역시 서구 도안동 2378,도안동,도안동,2025-12-04 19:26,15,15.5,1278965592,8262016931,0,secondary,1.0161474644356523,secondary,1.0161474644356523,중로,,,
179,36.3274551,127.3479266,대전광역시 서구 도안동 2378,도안동,도안동,2025-12-04 19:26,15,28.5,1278965592,8262016931,0,secondary,0.8354775796907854,secondary,0.8354775796907854,중로,,,
180,36.3276023,127.3479461,대전광역시 서구 도안동 2378,도안동,도안동,2025-12-04 19:26,15,20.4,1278965592,8262016931,0,secondary,2.106603051204131,secondary,2.106603051204131,중로,,,
181,36.3283585,127.3479293,대전광역시 서구 도안동 2378,도안동,도안동,2025-12-04 19:25,15,20.0,1278965592,8262016931,0,secondary,0.299015652206207,secondary,0.299015652206207,중로,,,
182,36.3308986,127.3479216,대전광역시 서구 도안동 2378,도안동,도안동,2025-12-04 19:25,15,21.7,1278965592,8262016931,0,secondary,2.1191272130773293,secondary,2.1191272130773293,중로,,,
183,36.3313889,127.3479227,대전광역시 서구 도안동 2378,도안동,도안동,2025-12-04 19:25,15,21.3,1278965592,8262016931,0,secondary,2.3385228354825145,secondary,2.3385228354825145,중로,,,
184,36.333483,127.3484137,대전광역시 유성구 원신흥동 667,원신흥동,원신흥동,2025-12-04 19:25,15,18.0,837542790,8262016864,0,secondary,1.1242964528173742,secondary,1.1242964528173742,중로,251.0,3166054_001_3166054_001_1,7.042247965700549
185,36.3346869,127.3488995,대전광역시 유성구 원신흥동 667,원신흥동,원신흥동,2025-12-04 19:24,15,20.0,837542790,8262016864,0,secondary,1.0065495046574904,secondary,1.0065495046574904,중로,251.0,3166054_001_3166054_001_1,4.156539569909792
186,36.3395281,127.3486491,대전광역시 유성구 원신흥동 667,원신흥동,원신흥동,2025-12-04 19:24,15,26.9,8262016878,1278965972,0,secondary,2.3234433992018584,secondary,2.3234433992018584,중로,1173.0,3342028_001_3342028_001_2,9.238134013338353
187,36.3400501,127.3496064,대전광역시 유성구 원신흥동 641,원신흥동,원신흥동,2025-12-04 19:24,15,27.7,10065676954,8262016902,0,tertiary,4.784397148289994,tertiary,4.784397148289994,중로,1173.0,3342028_001_3342028_001_2,1.8384349178251203
188,36.3406028,127.3507919,대전광역시 유성구 원신흥동 641,원신흥동,원신흥동,2025-12-04 19:23,15,18.6,10065676957,10065676938,0,tertiary,2.8081245036843354,tertiary,2.8081245036843354,중로,1173.0,3342028_001_3342028_001_2,1.2853896806668548
189,36.3406305,127.3508717,대전광역시 유성구 원신흥동 641,원신흥동,원신흥동,2025-12-04 19:23,15,16.4,10065676957,10065676938,0,tertiary,1.4955119841183877,tertiary,1.4955119841183877,중로,1173.0,3342028_001_3342028_001_2,0.008934055177288796
190,36.34124,127.3518412,대전광역시 유성구 원신흥동 446-1,원신흥동,원신흥동,2025-12-04 19:21,15,25.8,10065676938,11236065964,0,tertiary,2.913327638741153,tertiary,2.913327638741153,중로,,,
191,36.3419724,127.3530693,대전광역시 서구 월평동 191-5,월평동,월평1동,2025-12-04 19:21,15,29.4,10065676938,11236065964,0,tertiary,0.8951421772560637,tertiary,0.8951421772560637,중로,,,
192,36.3423062,127.3532902,대전광역시 서구 월평동 80-5,월평동,월평1동,2025-12-04 19:21,15,16.9,837543057,11236065959,0,tertiary,0.8408955915741549,tertiary,0.8408955915741549,중로,,,
193,36.3445704,127.3526166,대전광역시 서구 월평동 111-29,월평동,월평1동,2025-12-04 19:21,15,16.7,837543101,319509839,0,tertiary,4.407914779412493,tertiary,4.407914779412493,중로,,,
194,36.3485366,127.3510899,대전광역시 서구 월평동 187-39,월평동,월평1동,2025-12-04 19:20,8,12.3,6313733522,3262720593,0,secondary_link,2.961917358697972,secondary_link,2.961917358697972,소로,,,
195,36.3564954,127.3571625,대전광역시 서구 월평동 1555,월평동,월평1동,2025-12-04 19:19,15,26.0,368497871,368497847,0,secondary,1.058831103368555,secondary,1.058831103368555,중로,,,
196,36.357458,127.358609,대전광역시 서구 월평동 1555,월평동,월평1동,2025-12-04 19:19,15,22.0,4736100788,368497871,0,secondary,1.276347950304345,secondary,1.276347950304345,중로,,,
197,36.3596196,127.3609048,대전광역시 서구 월평동 1517,월평동,월평3동,2025-12-04 19:19,15,27.9,4736100788,368497871,0,secondary,0.0159317942209393,secondary,0.0159317942209393,중로,,,
198,36.3616007,127.3631421,대전광역시 서구 월평동 1517,월평동,월평3동,2025-12-04 19:18,15,20.3,4713365990,4736100788,0,secondary,4.805952994782582,secondary,4.805952994782582,중로,,,
199,36.3626516,127.3651392,대전광역시 서구 월평동 1517,월평동,월평3동,2025-12-04 19:18,15,15.6,4713365990,4736100788,0,secondary,6.299405468416334,secondary,6.299405468416334,중로,,,
200,36.3643142,127.3681265,대전광역시 서구 월평동 1517,월평동,월평2동,2025-12-04 19:18,15,15.1,4713365990,4736100788,0,secondary,5.882482285956455,secondary,5.882482285956455,중로,,,
201,36.3654683,127.3693105,대전광역시 서구 만년동 682,만년동,만년동,2025-12-04 19:17,8,23.2,8571246990,4713365990,0,secondary_link,2.4163670840419043,secondary_link,2.4163670840419043,소로,,,
202,36.3658248,127.3689619,대전광역시 서구 만년동 649,만년동,만년동,2025-12-04 19:17,15,28.5,9065211922,8571246990,0,tertiary,7.41766679587681,tertiary,7.41766679587681,중로,,,
203,36.3670939,127.3676971,대전광역시 유성구 구성동 410-1,구성동,온천2동,2025-12-04 19:15,15,27.7,8571246990,9065211922,0,tertiary,3.1267039180694725,tertiary,3.1267039180694725,중로,4407.0,4859174_000_4859174_000_1,17.00535255135403
204,36.3678839,127.3680535,대전광역시 유성구 구성동 464,구성동,온천2동,2025-12-04 19:15,15,28.6,9065211925,8579174199,0,secondary,1.7839270352551329,secondary,1.7839270352551329,중로,1118.0,3167083_001_3167083_001_8,3.5920399842451927
205,36.3678839,127.3680535,대전광역시 유성구 구성동 464,구성동,온천2동,2025-12-04 19:15,15,20.4,8579174199,9065211925,0,secondary,1.7839270352551329,secondary,1.7839270352551329,중로,1118.0,3167083_001_3167083_001_8,3.5920399842451927
206,36.3691212,127.3699579,대전광역시 유성구 구성동 410-64,구성동,온천2동,2025-12-04 19:14,15,22.4,8579174199,9065211925,0,secondary,0.3942977548471556,secondary,0.3942977548471556,중로,1118.0,3167083_001_3167083_001_8,1.156530531827326
207,36.369617,127.3706695,대전광역시 유성구 구성동 54,구성동,온천2동,2025-12-04 19:13,15,17.2,277875410,8579174200,0,secondary,1.50370359185417,secondary,1.50370359185417,중로,1118.0,3167083_001_3167083_001_8,2.7610374137078377
208,36.3709093,127.3726294,대전광역시 유성구 구성동 51-1,구성동,온천2동,2025-12-04 19:12,15,15.8,276653880,8579174200,0,secondary,0.5326578082099571,secondary,0.5326578082099571,중로,1118.0,3167083_001_3167083_001_8,0.6985143058193626
209,36.3729816,127.3762547,대전광역시 유성구 구성동 26-8,구성동,온천2동,2025-12-04 19:12,15,22.3,276653880,8579174200,0,secondary,6.507524487958726,secondary,6.507524487958726,중로,1118.0,3167083_001_3167083_001_8,4.84059827789728
210,36.3743724,127.3787612,대전광역시 유성구 가정동 52-12,가정동,신성동,2025-12-04 19:11,15,25.0,8579174203,276653880,0,secondary,1.2153678152640568,secondary,1.2153678152640568,중로,1119.0,3167083_001_3167083_001_9,0.27589644351574344
211,36.375263,127.3794478,대전광역시 유성구 가정동 50,가정동,신성동,2025-12-04 19:11,25,20.3,8234428273,276653885,0,primary,7.436411273951106,primary,7.436411273951106,대로,33.0,2010001_014_2010001_014_1,5.556491574099589
212,36.3789805,127.3785295,대전광역시 유성구 가정동 20-13,가정동,신성동,2025-12-04 19:11,25,23.4,317557295,8234428273,0,primary,4.729244690251318,primary,4.729244690251318,대로,34.0,2010001_014_2010001_014_2,6.346618036133883
213,36.3807798,127.3785347,대전광역시 유성구 도룡동 436,도룡동,신성동,2025-12-04 19:10,25,30.2,317557295,8234428273,0,primary,4.463557765790899,primary,4.463557765790899,대로,35.0,2010001_014_2010001_014_3,6.544613852783104
214,36.3821888,127.3785579,대전광역시 유성구 도룡동 409,도룡동,신성동,2025-12-04 19:10,25,33.7,276402302,317557295,0,primary,3.25259253063541,primary,3.25259253063541,대로,35.0,2010001_014_2010001_014_3,5.035632826572141
215,36.385403,127.3786084,대전광역시 유성구 도룡동 409,도룡동,신성동,2025-12-04 19:10,25,23.9,8234428269,276402302,0,primary,1.4905560168916618,primary,1.4905560168916618,대로,40.0,2010001_014_2010001_014_8,1.8118470592857805
216,36.3859417,127.3787826,대전광역시 유성구 도룡동 409,도룡동,신성동,2025-12-04 19:09,25,37.1,275898961,8234428252,0,primary,4.412792076344336,primary,4.412792076344336,대로,41.0,2010001_014_2010001_014_9,13.598654231355649
217,36.3874907,127.3786359,대전광역시 유성구 도룡동 409,도룡동,신성동,2025-12-04 19:08,25,31.7,8234428249,276395956,0,primary,4.8726660776586215,primary,4.8726660776586215,대로,42.0,2010001_014_2010001_014_10,0.19406578864902793
218,36.3885791,127.3791903,대전광역시 유성구 도룡동 401,도룡동,신성동,2025-12-04 19:08,15,29.7,8234428236,276401173,0,secondary,4.079936999105885,secondary,4.079936999105885,중로,502.0,3167022_003_3167022_003_1,0.9215475981207237
219,36.388687,127.3820062,대전광역시 유성구 도룡동 산 22-18,도룡동,신성동,2025-12-04 19:06,15,16.4,276653936,275898833,0,secondary,7.70339795803729,secondary,7.70339795803729,중로,501.0,3167022_002_3167022_002_1,6.309560473335913
220,36.3884198,127.3787145,대전광역시 유성구 도룡동 409,도룡동,신성동,2025-12-04 19:06,25,36.9,534559420,8234428236,0,primary,0.2426793768534454,primary,0.2426793768534454,대로,42.0,2010001_014_2010001_014_10,6.4800756587846
221,36.3896568,127.3875554,대전광역시 유성구 문지동 103-15,문지동,전민동,2025-12-04 19:05,15,17.8,276653936,275898833,0,secondary,2.2381319084851925,secondary,2.2381319084851925,중로,502.0,3167022_003_3167022_003_1,12.004652045855162
222,36.3900676,127.3892214,대전광역시 유성구 문지동 103-15,문지동,전민동,2025-12-04 19:05,15,21.6,276653936,4189566894,0,secondary,0.3098603497805801,secondary,0.3098603497805801,중로,503.0,3167022_003_3167022_003_2,3.528879323340699
223,36.3906642,127.3919459,대전광역시 유성구 문지동 103-15,문지동,전민동,2025-12-04 19:05,15,17.4,276653936,4189566894,0,secondary,1.4024616601948388,secondary,1.4024616601948388,중로,503.0,3167022_003_3167022_003_2,0.9607484336671207
224,36.3906642,127.3919459,대전광역시 유성구 문지동 103-15,문지동,전민동,2025-12-04 19:05,15,15.4,4189566894,276653936,0,secondary,1.4024616601948388,secondary,1.4024616601948388,중로,503.0,3167022_003_3167022_003_2,0.9607484336671207
225,36.3907287,127.3960815,대전광역시 유성구 문지동 103-15,문지동,전민동,2025-12-04 19:04,15,27.0,276653936,4189566894,0,secondary,0.8948946833318382,secondary,0.8948946833318382,중로,503.0,3167022_003_3167022_003_2,6.210681715873772
226,36.3907287,127.3960815,대전광역시 유성구 문지동 103-15,문지동,전민동,2025-12-04 19:04,15,29.7,4189566894,276653936,0,secondary,0.8948946833318382,secondary,0.8948946833318382,중로,503.0,3167022_003_3167022_003_2,6.210681715873772
227,36.3901043,127.3991484,대전광역시 유성구 문지동 103-15,문지동,전민동,2025-12-04 19:04,15,21.5,276653936,4189566894,0,secondary,3.6804356774629015,secondary,3.6804356774629015,중로,503.0,3167022_003_3167022_003_2,7.69467853786851
228,36.3901043,127.3991484,대전광역시 유성구 문지동 103-15,문지동,전민동,2025-12-04 19:04,15,17.8,4189566894,276653936,0,secondary,3.6804356774629015,secondary,3.6804356774629015,중로,503.0,3167022_003_3167022_003_2,7.69467853786851
229,36.3900344,127.4007902,대전광역시 유성구 문지동 103-15,문지동,전민동,2025-12-04 19:04,15,25.9,276653936,4189566894,0,secondary,3.5263332875017728,secondary,3.5263332875017728,중로,503.0,3167022_003_3167022_003_2,0.12834737070090402
230,36.3900429,127.4021822,대전광역시 유성구 문지동 103-15,문지동,전민동,2025-12-04 19:04,15,20.8,4189566894,276653936,0,secondary,2.1678663181960847,secondary,2.1678663181960847,중로,503.0,3167022_003_3167022_003_2,1.0186831450253022
231,36.3900508,127.4023129,대전광역시 유성구 문지동 103-15,문지동,전민동,2025-12-04 19:04,15,24.5,276653936,4189566894,0,secondary,1.0999852847071534,secondary,1.0999852847071534,중로,503.0,3167022_003_3167022_003_2,1.8904566857921445
232,36.3900508,127.4023129,대전광역시 유성구 문지동 103-15,문지동,전민동,2025-12-04 19:04,15,28.9,4189566894,276653936,0,secondary,1.0999852847071534,secondary,1.0999852847071534,중로,503.0,3167022_003_3167022_003_2,1.8904566857921445
233,36.3900713,127.4048782,대전광역시 유성구 문지동 103-5,문지동,전민동,2025-12-04 19:03,15,19.2,276653936,4189566894,0,secondary,2.959046284553572,secondary,2.959046284553572,중로,503.0,3167022_003_3167022_003_2,4.668115763136508
234,36.3900713,127.4048782,대전광역시 유성구 문지동 103-5,문지동,전민동,2025-12-04 19:03,15,17.4,4189566894,276653936,0,secondary,2.959046284553572,secondary,2.959046284553572,중로,503.0,3167022_003_3167022_003_2,4.668115763136508
235,36.3900805,127.4055618,대전광역시 유성구 문지동 667,문지동,전민동,2025-12-04 19:03,8,10.3,4189566894,4189566896,0,residential,1.844222238544068,residential,1.844222238544068,소로,503.0,3167022_003_3167022_003_2,4.878920567008395
236,36.3901046,127.4066459,대전광역시 유성구 문지동 667,문지동,전민동,2025-12-04 19:02,8,20.4,4189566896,4189566894,0,residential,0.0196158960515089,residential,0.0196158960515089,소로,503.0,3167022_003_3167022_003_2,3.398374956712022
237,36.3910652,127.4068765,대전광역시 유성구 문지동 668,문지동,전민동,2025-12-04 19:02,8,18.1,4189566900,4189566896,0,residential,0.870064296201869,residential,0.870064296201869,소로,503.0,3167022_003_3167022_003_2,1.2318767740693115
238,36.3910652,127.4068765,대전광역시 유성구 문지동 668,문지동,전민동,2025-12-04 19:02,8,12.3,4189566896,4189566900,0,residential,0.870064296201869,residential,0.870064296201869,소로,503.0,3167022_003_3167022_003_2,1.2318767740693115
239,36.3911162,127.4075556,대전광역시 유성구 문지동 676,문지동,전민동,2025-12-04 19:01,8,14.2,4189566900,4189566902,0,residential,1.4280866961855028,residential,1.4280866961855028,소로,513.0,3167022_011_3167022_011_1,0.27522155752279015
240,36.3911162,127.4075556,대전광역시 유성구 문지동 676,문지동,전민동,2025-12-04 19:01,8,16.5,4189566902,4189566900,0,residential,1.4280866961855028,residential,1.4280866961855028,소로,513.0,3167022_011_3167022_011_1,0.27522155752279015
241,36.3909991,127.4075915,대전광역시 유성구 문지동 661-1,문지동,전민동,2025-12-04 19:00,8,22.5,4189566900,4189566902,0,residential,14.42046786821203,residential,14.42046786821203,소로,513.0,3167022_011_3167022_011_1,13.2660058112076
242,36.3909991,127.4075915,대전광역시 유성구 문지동 661-1,문지동,전민동,2025-12-04 19:00,8,11.8,4189566902,4189566900,0,residential,14.42046786821203,residential,14.42046786821203,소로,513.0,3167022_011_3167022_011_1,13.2660058112076
243,36.3927018,127.406924,대전광역시 유성구 문지동 668,문지동,전민동,2025-12-04 8:59,8,14.7,4189566908,4189566914,0,residential,3.023297478909749,residential,3.023297478909749,소로,503.0,3167022_003_3167022_003_2,2.5554586640801724
244,36.3909895,127.4078676,대전광역시 유성구 문지동 661-3,문지동,전민동,2025-12-04 8:59,8,10.9,4189566900,4189566902,0,residential,15.470492810511868,residential,15.470492810511868,소로,513.0,3167022_011_3167022_011_1,14.303791251342112
245,36.3909895,127.4078676,대전광역시 유성구 문지동 661-3,문지동,전민동,2025-12-04 8:59,8,14.2,4189566902,4189566900,0,residential,15.470492810511868,residential,15.470492810511868,소로,513.0,3167022_011_3167022_011_1,14.303791251342112
246,36.3911495,127.4074767,대전광역시 유성구 문지동 676,문지동,전민동,2025-12-04 8:58,8,16.8,4189566900,4189566902,0,residential,2.262802466058268,residential,2.262802466058268,소로,513.0,3167022_011_3167022_011_1,3.4121685338457337
247,36.3911495,127.4074767,대전광역시 유성구 문지동 676,문지동,전민동,2025-12-04 8:58,8,18.4,4189566902,4189566900,0,residential,2.262802466058268,residential,2.262802466058268,소로,513.0,3167022_011_3167022_011_1,3.4121685338457337
248,36.3904696,127.406918,대전광역시 유성구 문지동 668,문지동,전민동,2025-12-04 8:58,8,20.5,4189566900,4189566896,0,residential,3.0215266166045835,residential,3.0215266166045835,소로,503.0,3167022_003_3167022_003_2,2.577821800336842
249,36.3904696,127.406918,대전광역시 유성구 문지동 668,문지동,전민동,2025-12-04 8:58,8,20.6,4189566896,4189566900,0,residential,3.0215266166045835,residential,3.0215266166045835,소로,503.0,3167022_003_3167022_003_2,2.577821800336842
250,36.3900799,127.4062264,대전광역시 유성구 문지동 667,문지동,전민동,2025-12-04 8:58,8,21.2,4189566896,4189566894,0,residential,0.9787066750060234,residential,0.9787066750060234,소로,503.0,3167022_003_3167022_003_2,2.2666490426502817
251,36.3900799,127.4062264,대전광역시 유성구 문지동 667,문지동,전민동,2025-12-04 8:58,8,22.0,4189566894,4189566896,0,residential,0.9787066750060234,residential,0.9787066750060234,소로,503.0,3167022_003_3167022_003_2,2.2666490426502817
252,36.389726,127.4050678,대전광역시 유성구 문지동 105-6,문지동,전민동,2025-12-04 8:57,15,16.0,308477643,4189566894,0,secondary,3.0491565536366503,secondary,3.0491565536366503,중로,761.0,3167043_002_3167043_002_5,6.404230078144629
253,36.389726,127.4050678,대전광역시 유성구 문지동 105-6,문지동,전민동,2025-12-04 8:57,15,23.9,4189566894,308477643,0,secondary,3.0491565536366503,secondary,3.0491565536366503,중로,761.0,3167043_002_3167043_002_5,6.404230078144629
254,36.3868512,127.4050478,대전광역시 유성구 문지동 105-6,문지동,전민동,2025-12-04 8:57,15,28.2,4189566894,308477643,0,secondary,0.6637145315338261,secondary,0.6637145315338261,중로,761.0,3167043_002_3167043_002_5,1.3223342543217798
255,36.3847186,127.4054183,대전광역시 유성구 원촌동 135-2,원촌동,전민동,2025-12-04 8:57,15,21.7,12786210658,308477643,0,secondary,4.5240958243784455,secondary,4.5240958243784455,중로,760.0,3167043_002_3167043_002_4,7.297410099018843
256,36.3847186,127.4054183,대전광역시 유성구 원촌동 135-2,원촌동,전민동,2025-12-04 8:57,15,21.5,308477643,12786210658,0,secondary,4.5240958243784455,secondary,4.5240958243784455,중로,760.0,3167043_002_3167043_002_4,7.297410099018843
257,36.3834752,127.4057962,대전광역시 유성구 원촌동 135-2,원촌동,전민동,2025-12-04 8:57,15,23.4,12786210658,308477643,0,secondary,6.087680713598118,secondary,6.087680713598118,중로,760.0,3167043_002_3167043_002_4,5.787610046741707
258,36.3834752,127.4057962,대전광역시 유성구 원촌동 135-2,원촌동,전민동,2025-12-04 8:57,15,29.2,308477643,12786210658,0,secondary,6.087680713598118,secondary,6.087680713598118,중로,760.0,3167043_002_3167043_002_4,5.787610046741707
259,36.3819171,127.4062786,대전광역시 유성구 원촌동 90,원촌동,전민동,2025-12-04 8:56,15,19.6,12786210658,8230105353,0,secondary,4.69991348151843,secondary,4.69991348151843,중로,760.0,3167043_002_3167043_002_4,2.7773938034579753
260,36.3819171,127.4062786,대전광역시 유성구 원촌동 90,원촌동,전민동,2025-12-04 8:56,15,23.0,8230105353,12786210658,0,secondary,4.69991348151843,secondary,4.69991348151843,중로,760.0,3167043_002_3167043_002_4,2.7773938034579753
261,36.3805839,127.4067076,대전광역시 유성구 원촌동 90,원촌동,전민동,2025-12-04 8:56,8,22.5,8230105350,8230105353,0,tertiary_link,0.8646969965902652,tertiary_link,0.8646969965902652,소로,760.0,3167043_002_3167043_002_4,4.2178793067955045
262,36.3793771,127.4062016,대전광역시 유성구 원촌동 69-1,원촌동,전민동,2025-12-04 8:56,15,29.5,8230105355,1442147575,0,secondary,4.379467721411963,secondary,4.379467721411963,중로,760.0,3167043_002_3167043_002_4,3.7273210199313254
263,36.3792788,127.4061431,대전광역시 유성구 원촌동 69-1,원촌동,전민동,2025-12-04 8:55,15,20.7,8230105355,1442147575,0,secondary,4.370010056131799,secondary,4.370010056131799,중로,760.0,3167043_002_3167043_002_4,3.625315977978928
264,36.3780001,127.4054189,대전광역시 유성구 원촌동 64-2,원촌동,전민동,2025-12-04 8:54,15,25.0,352962827,1442147575,0,secondary,6.976804135261665,secondary,6.976804135261665,중로,759.0,3167043_002_3167043_002_3,9.29638724123299
265,36.3779366,127.4053561,대전광역시 유성구 원촌동 64-2,원촌동,전민동,2025-12-04 8:54,15,24.8,352962827,1442147575,0,secondary,4.925406471034069,secondary,4.925406471034069,중로,759.0,3167043_002_3167043_002_3,8.764912941539976
266,36.3772539,127.404555,대전광역시 유성구 원촌동 48-1,원촌동,전민동,2025-12-04 8:54,15,27.0,352962827,1442147575,0,secondary,6.336402057508397,secondary,6.336402057508397,중로,759.0,3167043_002_3167043_002_3,5.667582750217466
267,36.3772539,127.404555,대전광역시 유성구 원촌동 48-1,원촌동,전민동,2025-12-04 8:54,15,28.8,1442147575,352962827,0,secondary,6.336402057508397,secondary,6.336402057508397,중로,759.0,3167043_002_3167043_002_3,5.667582750217466
268,36.3763969,127.4021725,대전광역시 ,원촌동,전민동,2025-12-04 8:53,15,20.5,1442147575,352962827,0,secondary,4.211910145289888,secondary,4.211910145289888,중로,759.0,3167043_002_3167043_002_3,4.538007553000791
269,36.3759818,127.399837,대전광역시 유성구 원촌동 산 44-5,원촌동,전민동,2025-12-04 8:53,15,26.6,1442147575,352962827,0,secondary,3.63447936457856,secondary,3.63447936457856,중로,758.0,3167043_002_3167043_002_2,4.3329610836894465
270,36.3743378,127.3927983,대전광역시 유성구 도룡동 8-59,도룡동,신성동,2025-12-04 8:52,15,29.3,278159732,278085795,0,secondary,5.676379014523408,secondary,5.676379014523408,중로,757.0,3167043_002_3167043_002_1,3.2958285039298594
271,36.3742765,127.3901369,대전광역시 유성구 도룡동 465-1,도룡동,신성동,2025-12-04 8:51,15,27.8,4634409651,278159732,0,secondary,2.734934256189124,secondary,2.734934256189124,중로,757.0,3167043_002_3167043_002_1,2.237227097107311
272,36.374224,127.3891807,대전광역시 유성구 도룡동 582,도룡동,신성동,2025-12-04 8:50,15,20.3,278159732,4634409651,0,secondary,7.077365458284782,secondary,7.077365458284782,중로,757.0,3167043_002_3167043_002_1,2.4239954169352638
273,36.3742248,127.3844355,대전광역시 유성구 도룡동 477-2,도룡동,신성동,2025-12-04 8:50,15,27.7,278159732,4634409651,0,secondary,7.719481996525008,secondary,7.719481996525008,중로,757.0,3167043_002_3167043_002_1,2.3945392893816897
274,36.3742248,127.3844355,대전광역시 유성구 도룡동 477-2,도룡동,신성동,2025-12-04 8:50,15,27.9,4634409651,278159732,0,secondary,7.719481996525008,secondary,7.719481996525008,중로,757.0,3167043_002_3167043_002_1,2.3945392893816897
275,36.3742423,127.3837382,대전광역시 유성구 도룡동 477-2,도룡동,신성동,2025-12-04 8:49,15,16.2,317557201,4634409651,0,secondary,1.223118230563314,secondary,1.223118230563314,중로,757.0,3167043_002_3167043_002_1,0.3704122857340656
276,36.3744039,127.3813442,대전광역시 유성구 도룡동 216,도룡동,신성동,2025-12-04 8:49,15,18.3,317557201,4634409651,0,secondary,3.5450038163515107,secondary,3.5450038163515107,중로,757.0,3167043_002_3167043_002_1,1.2019351586003795
277,36.3745393,127.379168,대전광역시 유성구 가정동 52-12,가정동,신성동,2025-12-04 8:49,8,18.4,8579174203,8579174208,0,primary_link,2.073154435505512,primary_link,2.073154435505512,소로,1119.0,3167083_001_3167083_001_9,4.977426014274535
278,36.3729509,127.3761398,대전광역시 유성구 구성동 411-6,구성동,온천2동,2025-12-04 8:47,15,19.9,276653880,8579174200,0,secondary,3.5295461700767823,secondary,3.5295461700767823,중로,1118.0,3167083_001_3167083_001_8,1.9910142860442046
279,36.367093,127.3678079,대전광역시 유성구 구성동 410-1,구성동,온천2동,2025-12-04 8:45,15,24.2,9065211922,8571246990,0,tertiary,4.400533884577079,tertiary,4.400533884577079,중로,4407.0,4859174_000_4859174_000_1,23.305786221422547
280,36.3660987,127.368846,대전광역시 서구 만년동 649,만년동,만년동,2025-12-04 8:45,15,26.4,9065211922,8571246990,0,tertiary,4.270509917328687,tertiary,4.270509917328687,중로,,,
281,36.3645995,127.3687074,대전광역시 서구 월평동 1517,월평동,월평2동,2025-12-04 8:44,15,24.5,368498340,11932554522,0,secondary,0.5751393128247239,secondary,0.5751393128247239,중로,,,
282,36.363243,127.3664844,대전광역시 서구 월평동 1517,월평동,월평3동,2025-12-04 8:42,15,28.1,318917932,309314154,0,secondary,5.166624471901288,secondary,5.166624471901288,중로,,,
283,36.3626834,127.3653407,대전광역시 서구 월평동 1517,월평동,월평3동,2025-12-04 8:41,15,15.1,318917932,309314154,0,secondary,5.81573940192052,secondary,5.81573940192052,중로,,,
284,36.36178,127.3635486,대전광역시 서구 월평동 1517,월평동,월평3동,2025-12-04 8:40,15,20.4,318917932,309314154,0,secondary,8.438983571438186,secondary,8.438983571438186,중로,,,
285,36.361079,127.362486,대전광역시 서구 월평동 1517,월평동,월평3동,2025-12-04 8:39,15,15.9,4736100788,368497871,0,secondary,5.314537791376339,secondary,5.314537791376339,중로,,,
286,36.3600025,127.3613435,대전광역시 서구 월평동 1517,월평동,월평3동,2025-12-04 8:39,15,22.8,368497923,276557796,0,secondary,4.32029870094037,secondary,4.32029870094037,중로,,,
287,36.3585701,127.3599889,대전광역시 서구 월평동 1555,월평동,월평1동,2025-12-04 8:39,15,16.9,4736100788,368497871,0,secondary,4.267547599142598,secondary,4.267547599142598,중로,,,
288,36.3582485,127.3597061,대전광역시 서구 월평동 1555,월평동,월평1동,2025-12-04 8:38,15,27.1,368497923,276557796,0,secondary,1.832021311581416,secondary,1.832021311581416,중로,,,
289,36.3569219,127.3580034,대전광역시 서구 월평동 1555,월평동,월평1동,2025-12-04 8:38,15,21.6,6314252742,6314252746,0,secondary,1.2803650165583096,secondary,1.2803650165583096,중로,,,
290,36.3567033,127.3576623,대전광역시 서구 월평동 1555,월평동,월평1동,2025-12-04 8:38,15,27.2,6314252742,6314252746,0,secondary,2.0510327285800702,secondary,2.0510327285800702,중로,,,
291,36.356256,127.3569993,대전광역시 서구 월평동 1555,월평동,월평1동,2025-12-04 8:38,15,24.2,6314252742,6314252746,0,secondary,1.6317287653306938,secondary,1.6317287653306938,중로,,,
292,36.3555741,127.3559988,대전광역시 서구 월평동 1555,월평동,월평1동,2025-12-04 8:37,15,21.8,519603461,6314252742,0,secondary,0.5556961763582245,secondary,0.5556961763582245,중로,,,
293,36.3544781,127.3543926,대전광역시 서구 월평동 1555,월평동,월평1동,2025-12-04 8:36,15,25.4,519603459,519603461,0,secondary,0.1457013262551919,secondary,0.1457013262551919,중로,,,
294,36.3539368,127.3535985,대전광역시 서구 월평동 1555,월평동,월평1동,2025-12-04 8:36,15,16.7,368497670,519603459,0,secondary,0.0364438157153438,secondary,0.0364438157153438,중로,,,
295,36.3538333,127.3534275,대전광역시 서구 월평동 1555,월평동,월평1동,2025-12-04 8:36,15,29.3,368497670,519603459,0,secondary,1.4430093725317634,secondary,1.4430093725317634,중로,,,
296,36.3534062,127.3528586,대전광역시 서구 월평동 1555,월평동,월평1동,2025-12-04 8:34,15,27.6,3262720597,368497670,0,secondary,0.5936284047318752,secondary,0.5936284047318752,중로,,,
297,36.3527864,127.3521833,대전광역시 서구 월평동 1555-1,월평동,월평1동,2025-12-04 8:34,15,25.0,319509859,3262720593,0,secondary,3.725294495817432,secondary,3.725294495817432,중로,,,
298,36.3520987,127.3517187,대전광역시 서구 월평동 1555-1,월평동,월평1동,2025-12-04 8:34,15,26.8,3262720597,368497670,0,secondary,0.4726381139477434,secondary,0.4726381139477434,중로,,,
299,36.3518941,127.3516283,대전광역시 서구 월평동 1555-1,월평동,월평1동,2025-12-04 8:33,15,28.8,3262720597,368497670,0,secondary,1.84371211875368,secondary,1.84371211875368,중로,,,
300,36.3505383,127.3510678,대전광역시 서구 월평동 163-31,월평동,월평1동,2025-12-04 8:32,15,22.3,319509859,3262720593,0,secondary,0.9810608519720933,secondary,0.9810608519720933,중로,,,
301,36.3502561,127.3510971,대전광역시 서구 월평동 163-31,월평동,월평1동,2025-12-04 8:31,15,15.2,3262720597,368497670,0,secondary,1.2466783239532648,secondary,1.2466783239532648,중로,,,
302,36.348542,127.3512434,대전광역시 서구 월평동 163-31,월평동,월평1동,2025-12-04 8:30,15,17.8,3262720597,368497670,0,secondary,0.73434859721067,secondary,0.73434859721067,중로,,,
303,36.3465669,127.3519039,대전광역시 서구 월평동 111-36,월평동,월평1동,2025-12-04 8:29,15,23.7,837543101,319509839,0,tertiary,2.270583129705498,tertiary,2.270583129705498,중로,,,
304,36.3450782,127.352457,대전광역시 서구 월평동 111-44,월평동,월평1동,2025-12-04 8:28,15,20.3,837543101,319509839,0,tertiary,2.00058181948095,tertiary,2.00058181948095,중로,,,
305,36.3424004,127.3533953,대전광역시 서구 월평동 77-1,월평동,월평1동,2025-12-04 8:28,15,25.8,11236065964,837543101,0,tertiary,1.5083725195942237,tertiary,1.5083725195942237,중로,,,
306,36.3419989,127.3531118,대전광역시 서구 월평동 191-5,월평동,월평1동,2025-12-04 8:28,15,27.2,10065676938,11236065964,0,tertiary,0.9259415666948588,tertiary,0.9259415666948588,중로,,,
307,36.3402064,127.3500457,대전광역시 유성구 원신흥동 641,원신흥동,원신흥동,2025-12-04 8:27,8,20.1,10065676957,10065676954,0,residential,1.253100083947806,residential,1.253100083947806,소로,1173.0,3342028_001_3342028_001_2,2.8195638343871843
308,36.3402064,127.3500457,대전광역시 유성구 원신흥동 641,원신흥동,원신흥동,2025-12-04 8:27,8,21.1,10065676954,10065676957,0,residential,1.253100083947806,residential,1.253100083947806,소로,1173.0,3342028_001_3342028_001_2,2.8195638343871843
309,36.3397179,127.3489537,대전광역시 유성구 원신흥동 641,원신흥동,원신흥동,2025-12-04 8:27,15,16.1,1278965972,10065676957,0,tertiary,3.3346860306151984,tertiary,3.3346860306151984,중로,1173.0,3342028_001_3342028_001_2,1.4413654329027334
310,36.3394815,127.3488316,대전광역시 유성구 원신흥동 667,원신흥동,원신흥동,2025-12-04 8:27,15,19.9,8262016878,1278965972,0,secondary,10.667650126354696,secondary,10.667650126354696,중로,1173.0,3342028_001_3342028_001_2,20.477566878102547
311,36.3390858,127.3490162,대전광역시 유성구 원신흥동 667,원신흥동,원신흥동,2025-12-04 8:27,15,24.0,8262016878,1278965972,0,secondary,8.459543526650114,secondary,8.459543526650114,중로,251.0,3166054_001_3166054_001_1,23.759931597124307
312,36.3386919,127.3491916,대전광역시 유성구 원신흥동 667,원신흥동,원신흥동,2025-12-04 8:27,15,23.7,8262016878,1278965972,0,secondary,5.996217002808269,secondary,5.996217002808269,중로,251.0,3166054_001_3166054_001_1,21.486251108587187
313,36.3380264,127.3494771,대전광역시 유성구 원신흥동 667,원신흥동,원신흥동,2025-12-04 8:26,15,28.8,8262016878,1278965972,0,secondary,3.1940684677848834,secondary,3.1940684677848834,중로,251.0,3166054_001_3166054_001_1,19.924997837166558
314,36.3367139,127.3497534,대전광역시 유성구 원신흥동 667,원신흥동,원신흥동,2025-12-04 8:26,15,18.8,8262016878,1278965972,0,secondary,6.084851233339407,secondary,6.084851233339407,중로,251.0,3166054_001_3166054_001_1,22.81899312221882
315,36.3364195,127.3497689,대전광역시 유성구 원신흥동 667,원신흥동,원신흥동,2025-12-04 8:26,8,21.7,11950228711,8262016878,0,unclassified,1.4398053018957524,unclassified,1.4398053018957524,소로,250.0,3166054_000_3166054_000_1,3.8925922092192073
316,36.3364195,127.3497689,대전광역시 유성구 원신흥동 667,원신흥동,원신흥동,2025-12-04 8:26,8,12.9,8262016878,11950228711,0,unclassified,1.4398053018957524,unclassified,1.4398053018957524,소로,250.0,3166054_000_3166054_000_1,3.8925922092192073
317,36.3352292,127.3494511,대전광역시 유성구 원신흥동 667,원신흥동,원신흥동,2025-12-04 8:25,15,15.6,2945428313,8262016878,0,secondary,8.372447132835152,secondary,8.372447132835152,중로,251.0,3166054_001_3166054_001_1,25.7285628458625
318,36.3350615,127.3493397,대전광역시 유성구 원신흥동 667,원신흥동,원신흥동,2025-12-04 8:25,15,21.6,2945428313,8262016878,0,secondary,3.968448938812609,secondary,3.968448938812609,중로,251.0,3166054_001_3166054_001_1,21.570352339364614
319,36.3325615,127.3484129,대전광역시 유성구 원신흥동 667,원신흥동,원신흥동,2025-12-04 8:25,15,29.6,579252366,2945428313,0,secondary,6.298860820557561,secondary,6.298860820557561,중로,251.0,3166054_001_3166054_001_1,21.87862603889274
320,36.3306332,127.3482694,대전광역시 서구 도안동 2378,도안동,도안동,2025-12-04 8:25,15,27.2,841482425,1278965601,0,secondary,6.294620158624984,secondary,6.294620158624984,중로,,,
321,36.3286595,127.348196,대전광역시 서구 도안동 2378,도안동,도안동,2025-12-04 8:24,15,23.3,841482425,1278965601,0,secondary,1.6161122789398723,secondary,1.6161122789398723,중로,,,
322,36.3271807,127.3482026,대전광역시 서구 도안동 2378,도안동,도안동,2025-12-04 8:24,15,24.5,841482425,1278965601,0,secondary,2.412776059676567,secondary,2.412776059676567,중로,,,
323,36.3251724,127.3481348,대전광역시 서구 도안동 2378,도안동,도안동,2025-12-04 8:24,15,19.6,841482227,841482425,0,secondary,0.9010771988372626,secondary,0.9010771988372626,중로,,,
324,36.3218724,127.348152,대전광역시 서구 도안동 2378,도안동,도안동,2025-12-04 8:24,15,26.3,841482227,841482425,0,secondary,3.790873877943984,secondary,3.790873877943984,중로,,,
325,36.3206216,127.3481219,대전광역시 서구 도안동 2378,도안동,도안동,2025-12-04 8:23,15,19.1,8262016795,841482227,0,secondary,3.88393602890132,secondary,3.88393602890132,중로,,,
326,36.3198117,127.3481268,대전광역시 서구 도안동 2378,도안동,도안동,2025-12-04 8:23,15,16.3,8262016795,841482227,0,secondary,4.608773668988021,secondary,4.608773668988021,중로,,,
327,36.3190158,127.3480883,대전광역시 서구 도안동 2378,도안동,도안동,2025-12-04 8:21,15,18.0,8262016795,841482227,0,secondary,0.749458612757566,secondary,0.749458612757566,중로,,,
328,36.3181663,127.3480935,대전광역시 서구 도안동 2378,도안동,도안동,2025-12-04 8:21,15,18.4,8262016795,841482227,0,secondary,1.421686990538293,secondary,1.421686990538293,중로,,,
329,36.3171064,127.3483714,대전광역시 서구 도안동 2379,도안동,도안동,2025-12-04 8:21,15,28.3,1401757610,8262016795,0,secondary,5.9803818675006575,secondary,5.9803818675006575,중로,,,
330,36.3161426,127.3487304,대전광역시 서구 도안동 2379,도안동,도안동,2025-12-04 8:21,15,26.7,1401757610,8262016795,0,secondary,3.196944887090985,secondary,3.196944887090985,중로,,,
331,36.314942,127.3492607,대전광역시 서구 도안동 2379,도안동,도안동,2025-12-04 8:21,15,27.2,841482477,8262016788,0,secondary,5.194806686848361,secondary,5.194806686848361,중로,,,
332,36.3139595,127.3496951,대전광역시 서구 도안동 2379,도안동,도안동,2025-12-04 8:20,15,22.3,841482477,8262016788,0,secondary,6.337717241482026,secondary,6.337717241482026,중로,,,
333,36.3121475,127.3487236,대전광역시 서구 도안동 2072,도안동,도안동,2025-12-04 8:19,15,20.5,8262016775,841482239,0,secondary,5.455892848187278,secondary,5.455892848187278,중로,,,
334,36.3110269,127.3469473,대전광역시 서구 도안동 2073,도안동,도안동,2025-12-04 8:18,15,16.8,841482239,1391931288,0,secondary,7.553762557027697,secondary,7.553762557027697,중로,,,
335,36.3110269,127.3469473,대전광역시 서구 도안동 2073,도안동,도안동,2025-12-04 8:18,15,25.9,1391931288,841482239,0,secondary,7.553762557027697,secondary,7.553762557027697,중로,,,
336,36.3104276,127.3471257,대전광역시 서구 도안동 2073,도안동,도안동,2025-12-04 8:17,15,23.3,841482239,1391931288,0,secondary,3.6864739564161706,secondary,3.6864739564161706,중로,,,
337,36.3099512,127.3473078,대전광역시 서구 도안동 2073,도안동,도안동,2025-12-04 8:16,15,23.4,841482239,1391931288,0,secondary,4.173183791033416,secondary,4.173183791033416,중로,,,
338,36.3099512,127.3473078,대전광역시 서구 도안동 2073,도안동,도안동,2025-12-04 8:16,15,21.3,1391931288,841482239,0,secondary,4.173183791033416,secondary,4.173183791033416,중로,,,
339,36.3097159,127.347414,대전광역시 서구 도안동 2073,도안동,도안동,2025-12-04 8:16,15,18.4,1391931288,841482239,0,secondary,5.812352846898162,secondary,5.812352846898162,중로,,,
340,36.3090272,127.3476288,대전광역시 서구 도안동 2073,도안동,도안동,2025-12-04 8:15,15,15.8,1391931288,841482239,0,secondary,2.195387732268176,secondary,2.195387732268176,중로,,,
341,36.3080747,127.3482569,대전광역시 서구 도안동 2074,도안동,도안동,2025-12-04 8:15,15,16.8,1391931257,1278965550,0,tertiary,2.482424964045857,tertiary,2.482424964045857,중로,,,
342,36.3082217,127.3486427,대전광역시 서구 도안동 2074,도안동,도안동,2025-12-04 8:14,15,27.9,1391931257,1278965550,0,tertiary,5.983545039049337,tertiary,5.983545039049337,중로,,,
343,36.3084377,127.3497095,대전광역시 서구 도안동 2074,도안동,도안동,2025-12-04 8:14,15,23.6,8262016755,1278965550,0,tertiary,3.2212894906795384,tertiary,3.2212894906795384,중로,,,
344,36.3084377,127.3497095,대전광역시 서구 도안동 2074,도안동,도안동,2025-12-04 8:14,15,24.5,1278965550,8262016755,0,tertiary,3.2212894906795384,tertiary,3.2212894906795384,중로,,,
345,36.3090835,127.3519653,대전광역시 서구 도안동 2088,도안동,도안동,2025-12-04 8:14,8,22.8,951164297,1298414827,0,residential,0.1535042204759911,residential,0.1535042204759911,소로,,,
346,36.3092573,127.352836,대전광역시 서구 도안동 2089,도안동,도안동,2025-12-04 8:14,8,23.5,1298415370,1298414759,0,residential,3.874747575998908,residential,3.874747575998908,소로,,,
347,36.3093363,127.3528943,대전광역시 서구 도안동 2088,도안동,도안동,2025-12-04 8:13,8,22.1,1298415370,1298414748,0,residential,0.4904661138466296,residential,0.4904661138466296,소로,,,
348,36.3085937,127.3543522,대전광역시 서구 도안동 2088,도안동,도안동,2025-12-04 8:13,8,16.1,1298414556,1298415193,0,residential,1.4462563114417697,residential,1.4462563114417697,소로,,,
349,36.3082647,127.3544954,대전광역시 서구 도안동 2088,도안동,도안동,2025-12-04 8:12,8,24.5,1298414556,1298415193,0,residential,1.2549853958085555,residential,1.2549853958085555,소로,,,
350,36.308241,127.3545488,대전광역시 서구 도안동 2088,도안동,도안동,2025-12-04 8:12,8,16.7,1298415193,1298414556,0,residential,2.414780487605458,residential,2.414780487605458,소로,,,
351,36.308241,127.3545488,대전광역시 서구 도안동 2088,도안동,도안동,2025-12-04 8:12,8,12.8,1298414556,1298415193,0,residential,2.414780487605458,residential,2.414780487605458,소로,,,
352,36.3093402,127.3540428,대전광역시 서구 도안동 2088,도안동,도안동,2025-12-03 21:23,8,11.1,1298415297,1298414556,0,residential,0.5624975281325193,residential,0.5624975281325193,소로,,,
353,36.3093402,127.3540428,대전광역시 서구 도안동 2088,도안동,도안동,2025-12-03 21:23,8,17.6,1298414556,1298415297,0,residential,0.5624975281325193,residential,0.5624975281325193,소로,,,
354,36.3096004,127.35394,대전광역시 서구 도안동 2088,도안동,도안동,2025-12-03 21:23,8,15.7,1298414556,1298415297,0,residential,0.1738259507981807,residential,0.1738259507981807,소로,,,
355,36.3095488,127.3534948,대전광역시 서구 도안동 2088,도안동,도안동,2025-12-03 21:22,8,10.0,1298414748,1298414458,0,residential,2.9638819946977994,residential,2.9638819946977994,소로,,,
356,36.3094497,127.3531207,대전광역시 서구 도안동 2088,도안동,도안동,2025-12-03 21:22,8,12.3,1298414748,1298415370,0,residential,4.114641985201337,residential,4.114641985201337,소로,,,
357,36.3094497,127.3531207,대전광역시 서구 도안동 2088,도안동,도안동,2025-12-03 21:22,8,20.9,1298415370,1298414748,0,residential,4.114641985201337,residential,4.114641985201337,소로,,,
358,36.3092024,127.3523556,대전광역시 서구 도안동 2088,도안동,도안동,2025-12-03 21:22,8,12.4,1298414827,1298414897,0,residential,1.2683316210632254,residential,1.2683316210632254,소로,,,
359,36.3092024,127.3523556,대전광역시 서구 도안동 2088,도안동,도안동,2025-12-03 21:22,8,17.0,1298414897,1298414827,0,residential,1.2683316210632254,residential,1.2683316210632254,소로,,,
360,36.30973,127.3513142,대전광역시 서구 도안동 2079,도안동,도안동,2025-12-03 21:21,15,27.0,8262016775,8262016755,0,secondary,4.597721505336248,secondary,4.597721505336248,중로,,,
361,36.3126046,127.3500807,대전광역시 서구 도안동 1493,도안동,도안동,2025-12-03 21:21,15,27.3,841482477,8262016775,0,secondary,2.251425782373461,secondary,2.251425782373461,중로,,,
362,36.3137924,127.3495254,대전광역시 서구 도안동 2379,도안동,도안동,2025-12-03 21:21,15,20.4,8262016808,8262016775,0,secondary,0.5009232771532673,secondary,0.5009232771532673,중로,,,
363,36.3140785,127.3494185,대전광역시 서구 도안동 2379,도안동,도안동,2025-12-03 21:20,15,15.0,8262016808,8262016775,0,secondary,0.8309748911996568,secondary,0.8309748911996568,중로,,,
364,36.3146536,127.3491732,대전광역시 서구 도안동 2379,도안동,도안동,2025-12-03 21:20,15,15.4,8262016808,8262016775,0,secondary,0.9277186997614738,secondary,0.9277186997614738,중로,,,
365,36.3169158,127.3482117,대전광역시 서구 도안동 2379,도안동,도안동,2025-12-03 21:20,15,20.7,8262016808,8262016775,0,secondary,0.5412575365944946,secondary,0.5412575365944946,중로,,,
366,36.3176948,127.3479219,대전광역시 서구 도안동 2378,도안동,도안동,2025-12-03 21:19,15,26.9,1278965858,8262016808,0,secondary,2.033358607586909,secondary,2.033358607586909,중로,,,
367,36.3217781,127.3478597,대전광역시 서구 도안동 2378,도안동,도안동,2025-12-03 21:18,15,20.5,8262016931,1278965858,0,secondary,1.548509990678561,secondary,1.548509990678561,중로,,,
368,36.3236735,127.3478543,대전광역시 서구 도안동 2378,도안동,도안동,2025-12-03 21:18,15,26.0,8262016931,1278965858,0,secondary,3.6406809881689126,secondary,3.6406809881689126,중로,,,
369,36.3250045,127.3478777,대전광역시 서구 도안동 2378,도안동,도안동,2025-12-03 21:18,15,29.1,8262016931,1278965858,0,secondary,0.7666997537584904,secondary,0.7666997537584904,중로,,,
370,36.3262723,127.3478695,대전광역시 서구 도안동 2378,도안동,도안동,2025-12-03 21:17,15,26.5,1278965592,8262016931,0,secondary,2.221024945482104,secondary,2.221024945482104,중로,,,
371,36.3272366,127.3478638,대전광역시 서구 도안동 2378,도안동,도안동,2025-12-03 21:17,15,18.9,1278965592,8262016931,0,secondary,4.089893829259547,secondary,4.089893829259547,중로,,,
372,36.3297313,127.3478991,대전광역시 서구 도안동 2378,도안동,도안동,2025-12-03 21:16,15,20.3,1278965592,8262016931,0,secondary,3.490563079815715,secondary,3.490563079815715,중로,,,
373,36.3311404,127.3479294,대전광역시 서구 도안동 2378,도안동,도안동,2025-12-03 21:16,15,27.9,1278965592,8262016931,0,secondary,1.5757110503309495,secondary,1.5757110503309495,중로,,,
374,36.3315139,127.3479088,대전광역시 서구 도안동 2378,도안동,도안동,2025-12-03 21:16,15,20.3,1278965592,8262016931,0,secondary,3.667639160876784,secondary,3.667639160876784,중로,,,
375,36.3342633,127.3487511,대전광역시 유성구 원신흥동 667,원신흥동,원신흥동,2025-12-03 21:16,15,28.1,837542790,8262016864,0,secondary,2.280152739657846,secondary,2.280152739657846,중로,251.0,3166054_001_3166054_001_1,3.236117001047287
376,36.3350085,127.349031,대전광역시 유성구 원신흥동 667,원신흥동,원신흥동,2025-12-03 21:15,15,26.8,837542790,8262016864,0,secondary,1.6038364603471562,secondary,1.6038364603471562,중로,251.0,3166054_001_3166054_001_1,3.237496712195024
377,36.3389463,127.3487327,대전광역시 유성구 원신흥동 667,원신흥동,원신흥동,2025-12-03 21:15,15,15.9,837542790,8262016864,0,secondary,2.263880929236187,secondary,2.263880929236187,중로,251.0,3166054_001_3166054_001_1,5.687687443810422
378,36.339978,127.3494279,대전광역시 유성구 원신흥동 641,원신흥동,원신흥동,2025-12-03 21:15,15,20.1,10065676954,8262016902,0,tertiary,3.791573200875998,tertiary,3.791573200875998,중로,1173.0,3342028_001_3342028_001_2,2.986064469639412
379,36.3403408,127.3502522,대전광역시 유성구 원신흥동 641,원신흥동,원신흥동,2025-12-03 21:15,15,29.8,10065676957,10065676938,0,tertiary,4.7308652852938655,tertiary,4.7308652852938655,중로,1173.0,3342028_001_3342028_001_2,0.9025341880188704
380,36.3405185,127.350547,대전광역시 유성구 원신흥동 641,원신흥동,원신흥동,2025-12-03 21:14,15,18.7,10065676945,10065676954,0,tertiary,3.756905368472713,tertiary,3.756905368472713,중로,1173.0,3342028_001_3342028_001_2,4.433387439596855
381,36.3417161,127.3525798,대전광역시 서구 월평동 191-5,월평동,월평1동,2025-12-03 21:12,15,22.9,10065676938,11236065964,0,tertiary,3.737952037995546,tertiary,3.737952037995546,중로,,,
382,36.3443113,127.3526638,대전광역시 서구 월평동 111-64,월평동,월평1동,2025-12-03 21:12,15,19.3,319509840,837543057,0,tertiary,2.7223558871082134,tertiary,2.7223558871082134,중로,,,
383,36.3449976,127.3524073,대전광역시 서구 월평동 111-10,월평동,월평1동,2025-12-03 21:12,15,15.4,319509840,837543057,0,tertiary,1.7318615463049356,tertiary,1.7318615463049356,중로,,,
384,36.3487579,127.3511372,대전광역시 서구 월평동 163-31,월평동,월평1동,2025-12-03 21:11,15,21.5,2974117872,2974117879,0,secondary,0.742814785703688,secondary,0.742814785703688,중로,,,
385,36.3497794,127.3509514,대전광역시 서구 월평동 163-31,월평동,월평1동,2025-12-03 21:11,15,19.9,319509859,3262720593,0,secondary,3.189663516946873,secondary,3.189663516946873,중로,,,
386,36.3548179,127.3546906,대전광역시 유성구 봉명동 1010,월평동,월평1동,2025-12-03 21:10,15,25.2,368497847,319509859,0,secondary,0.4368883118721762,secondary,0.4368883118721762,중로,,,
387,36.3568186,127.3576582,대전광역시 서구 월평동 1555,월평동,월평1동,2025-12-03 21:10,15,16.9,368497871,368497847,0,secondary,1.5067799323597306,secondary,1.5067799323597306,중로,,,
388,36.3582064,127.3595517,대전광역시 서구 월평동 1555,월평동,월평1동,2025-12-03 21:10,15,19.9,4736100788,368497871,0,secondary,0.3244655810093972,secondary,0.3244655810093972,중로,,,
389,36.3603378,127.3615887,대전광역시 서구 월평동 1517,월평동,월평3동,2025-12-03 21:09,15,24.6,4736100788,368497871,0,secondary,1.0590562919022173,secondary,1.0590562919022173,중로,,,
390,36.3624231,127.3645766,대전광역시 서구 월평동 1517,월평동,월평3동,2025-12-03 21:09,15,29.4,4713365990,4736100788,0,secondary,2.154280624039137,secondary,2.154280624039137,중로,,,
391,36.3631666,127.3661339,대전광역시 서구 월평동 1517,월평동,월평3동,2025-12-03 21:09,15,27.7,4713365990,4736100788,0,secondary,4.014894816082115,secondary,4.014894816082115,중로,,,
392,36.3646391,127.3685647,대전광역시 서구 월평동 1517,월평동,월평2동,2025-12-03 21:09,15,21.5,4713365990,4736100788,0,secondary,2.276643524274572,secondary,2.276643524274572,중로,,,
393,36.3649859,127.3690335,대전광역시 서구 만년동 399-1,만년동,만년동,2025-12-03 21:08,15,15.2,4713365990,4736100788,0,secondary,0.5878933532067536,secondary,0.5878933532067536,중로,,,
394,36.3659276,127.370273,대전광역시 서구 만년동 403,만년동,만년동,2025-12-03 21:08,15,29.2,387271583,8571246993,0,secondary,0.3218762457644233,secondary,0.3218762457644233,중로,,,
395,36.3676219,127.3722764,대전광역시 서구 만년동 403,만년동,만년동,2025-12-03 21:08,15,16.8,387271583,8571246993,0,secondary,0.7240500994575749,secondary,0.7240500994575749,중로,,,
396,36.3684858,127.373294,대전광역시 서구 만년동 403,만년동,만년동,2025-12-03 21:07,15,15.4,387271579,387271583,0,secondary,0.4546747025112302,secondary,0.4546747025112302,중로,,,
397,36.3687661,127.3735958,대전광역시 서구 만년동 403,만년동,만년동,2025-12-03 21:07,15,20.7,387271579,387271583,0,secondary,3.128984115734891,secondary,3.128984115734891,중로,,,
398,36.3697824,127.3752986,대전광역시 서구 만년동 403,만년동,만년동,2025-12-03 21:07,15,22.7,387271579,387271583,0,secondary,3.2108644194083413,secondary,3.2108644194083413,중로,,,
399,36.3704281,127.3767037,대전광역시 서구 만년동 403,만년동,만년동,2025-12-03 21:07,25,39.5,387271493,387271579,0,"['trunk', 'secondary']",1.5045239012955105,trunk,1.5045239012955105,대로,,,
400,36.3710989,127.3791027,대전광역시 서구 만년동 403,만년동,만년동,2025-12-03 21:06,15,20.0,4996276801,387271648,0,secondary,2.267662187103651,secondary,2.267662187103651,중로,,,
401,36.371323,127.3794125,대전광역시 서구 만년동 624,만년동,만년동,2025-12-03 21:06,25,27.1,8579174208,4996276801,0,primary,3.4829646529456366,primary,3.4829646529456366,대로,,,
402,36.3719617,127.3794172,대전광역시 서구 만년동 616,만년동,만년동,2025-12-03 21:06,25,20.7,8579174208,4996276801,0,primary,4.1661198924945895,primary,4.1661198924945895,대로,33.0,2010001_014_2010001_014_1,12.349379106586772
403,36.3746587,127.3801972,대전광역시 유성구 도룡동 220-2,도룡동,신성동,2025-12-03 21:05,15,19.6,4634409651,317557201,0,secondary,2.8696787730817825,secondary,2.8696787730817825,중로,757.0,3167043_002_3167043_002_1,4.889482044042422
404,36.3745918,127.3807902,대전광역시 유성구 도룡동 215-1,도룡동,신성동,2025-12-03 21:05,15,18.6,4634409651,317557201,0,secondary,1.4460098873228031,secondary,1.4460098873228031,중로,757.0,3167043_002_3167043_002_1,9.702234505675742
405,36.3743524,127.3832807,대전광역시 유성구 도룡동 204-2,도룡동,신성동,2025-12-03 21:05,15,22.3,4634409651,317557201,0,secondary,1.0583375129747816,secondary,1.0583375129747816,중로,757.0,3167043_002_3167043_002_1,11.51105536920552
406,36.3743327,127.3862177,대전광역시 유성구 도룡동 165-7,도룡동,신성동,2025-12-03 21:05,15,24.0,4634409651,278159732,0,secondary,5.012456577807805,secondary,5.012456577807805,중로,757.0,3167043_002_3167043_002_1,8.183738995059265
407,36.3743568,127.3896474,대전광역시 유성구 도룡동 3-5,도룡동,신성동,2025-12-03 21:04,15,15.2,278159732,4634409651,0,secondary,6.933253957667223,secondary,6.933253957667223,중로,757.0,3167043_002_3167043_002_1,11.742886252505407
408,36.3743336,127.3908128,대전광역시 유성구 도룡동 465-1,도룡동,신성동,2025-12-03 21:04,15,26.6,278159732,278085795,0,secondary,1.875657572715418,secondary,1.875657572715418,중로,757.0,3167043_002_3167043_002_1,6.270757012543691
409,36.3751891,127.3963445,대전광역시 유성구 도룡동 8-53,도룡동,신성동,2025-12-03 21:04,15,22.8,352962773,278085795,0,secondary,1.539489828410178,secondary,1.539489828410178,중로,757.0,3167043_002_3167043_002_1,3.1630976542135194
410,36.3759623,127.399198,대전광역시 유성구 도룡동 465-1,도룡동,신성동,2025-12-03 21:04,8,13.5,352962827,352962791,0,tertiary_link,2.35618843152899,tertiary_link,2.35618843152899,소로,758.0,3167043_002_3167043_002_2,6.729533989623829
411,36.3762704,127.4014668,대전광역시 유성구 원촌동 산 44-5,원촌동,전민동,2025-12-03 21:03,15,19.9,1442147575,352962827,0,secondary,1.808206431375331,secondary,1.808206431375331,중로,758.0,3167043_002_3167043_002_2,4.849446913128966
412,36.3789704,127.4058744,대전광역시 유성구 원촌동 267-20,원촌동,전민동,2025-12-03 21:03,15,18.4,8230105355,1442147575,0,secondary,2.548568069733211,secondary,2.548568069733211,중로,760.0,3167043_002_3167043_002_4,3.6086157198971924
413,36.3789704,127.4058744,대전광역시 유성구 원촌동 267-20,원촌동,전민동,2025-12-03 21:03,15,23.6,1442147575,8230105355,0,secondary,2.548568069733211,secondary,2.548568069733211,중로,760.0,3167043_002_3167043_002_4,3.6086157198971924
414,36.3806757,127.4065049,대전광역시 유성구 원촌동 90,원촌동,전민동,2025-12-03 21:02,15,16.3,8230105353,278191558,0,secondary,9.374588463085496,secondary,9.374588463085496,중로,760.0,3167043_002_3167043_002_4,10.64349362727256
415,36.3855671,127.4050873,대전광역시 유성구 원촌동 141-2,원촌동,전민동,2025-12-03 21:01,15,20.9,12786210658,308477643,0,secondary,8.634408142099783,secondary,8.634408142099783,중로,760.0,3167043_002_3167043_002_4,4.053809154342601
416,36.3855671,127.4050873,대전광역시 유성구 원촌동 141-2,원촌동,전민동,2025-12-03 21:01,15,18.7,308477643,12786210658,0,secondary,8.634408142099783,secondary,8.634408142099783,중로,760.0,3167043_002_3167043_002_4,4.053809154342601
417,36.387976,127.4049667,대전광역시 유성구 문지동 105-6,문지동,전민동,2025-12-03 21:01,15,15.9,308477643,4189566894,0,secondary,7.310263248422069,secondary,7.310263248422069,중로,761.0,3167043_002_3167043_002_5,4.667350140752599
418,36.387976,127.4049667,대전광역시 유성구 문지동 105-6,문지동,전민동,2025-12-03 21:01,15,29.8,4189566894,308477643,0,secondary,7.310263248422069,secondary,7.310263248422069,중로,761.0,3167043_002_3167043_002_5,4.667350140752599
419,36.3897012,127.4049867,대전광역시 유성구 문지동 105-6,문지동,전민동,2025-12-03 21:01,15,18.3,308477643,4189566894,0,secondary,4.246591198251125,secondary,4.246591198251125,중로,761.0,3167043_002_3167043_002_5,0.8999883580667299
420,36.3900866,127.4051873,대전광역시 유성구 문지동 667,문지동,전민동,2025-12-03 20:59,8,21.9,4189566894,4189566896,0,residential,4.07381752862189,residential,4.07381752862189,소로,503.0,3167022_003_3167022_003_2,6.603784679364822
421,36.3903737,127.4068328,대전광역시 유성구 문지동 668,문지동,전민동,2025-12-03 20:58,8,19.8,4189566900,4189566896,0,residential,4.595382053585093,residential,4.595382053585093,소로,503.0,3167022_003_3167022_003_2,5.066764131726162
422,36.3903737,127.4068328,대전광역시 유성구 문지동 668,문지동,전민동,2025-12-03 20:58,8,12.6,4189566896,4189566900,0,residential,4.595382053585093,residential,4.595382053585093,소로,503.0,3167022_003_3167022_003_2,5.066764131726162
423,36.3913627,127.4078255,대전광역시 유성구 문지동 659-3,문지동,전민동,2025-12-03 20:58,8,13.2,4189566907,4189566902,0,residential,23.82080786666337,residential,23.82080786666337,소로,513.0,3167022_011_3167022_011_1,27.105278346597824
424,36.3904085,127.4080429,대전광역시 유성구 문지동 661-3,문지동,전민동,2025-12-03 20:57,8,14.8,4189566896,4189566897,0,residential,27.91191913046376,residential,27.91191913046376,소로,,,
425,36.3904085,127.4080429,대전광역시 유성구 문지동 661-3,문지동,전민동,2025-12-03 20:57,8,17.0,4189566897,4189566896,0,residential,27.91191913046376,residential,27.91191913046376,소로,,,
426,36.3911027,127.4078229,대전광역시 유성구 문지동 676,문지동,전민동,2025-12-03 20:16,8,20.1,4189566900,4189566902,0,residential,2.911383546463062,residential,2.911383546463062,소로,513.0,3167022_011_3167022_011_1,1.7466688279906075
427,36.3911159,127.4070362,대전광역시 유성구 문지동 676,문지동,전민동,2025-12-03 20:16,8,10.8,4189566900,4189566902,0,residential,1.4898916246104243,residential,1.4898916246104243,소로,513.0,3167022_011_3167022_011_1,0.3600505618810143
428,36.3902405,127.4068819,대전광역시 유성구 문지동 668,문지동,전민동,2025-12-03 20:16,8,22.5,4189566896,4189566900,0,residential,0.1525734981308988,residential,0.1525734981308988,소로,503.0,3167022_003_3167022_003_2,0.6623491509824407
429,36.3883681,127.4050174,대전광역시 유성구 문지동 105-6,문지동,전민동,2025-12-03 20:15,15,27.4,308477643,4189566894,0,secondary,2.541899528477608,secondary,2.541899528477608,중로,761.0,3167043_002_3167043_002_5,0.32970935013066055
430,36.385128,127.405278,대전광역시 유성구 원촌동 135-2,원촌동,전민동,2025-12-03 20:15,15,28.3,308477643,12786210658,0,secondary,0.7849701273814259,secondary,0.7849701273814259,중로,760.0,3167043_002_3167043_002_4,4.940822650824843
431,36.3800205,127.4072776,대전광역시 유성구 원촌동 81-5,원촌동,전민동,2025-12-03 20:14,15,28.9,8230105350,5649679764,0,secondary,4.25241293670994,secondary,4.25241293670994,중로,217.0,3010029_000_3010029_000_1,11.567498453401425
432,36.3784308,127.4099687,대전광역시 대덕구 대화동 568-1,대화동,회덕동,2025-12-03 20:14,15,21.0,5649679761,5649679764,0,secondary,0.5595286948326701,secondary,0.5595286948326701,중로,217.0,3010029_000_3010029_000_1,25.441138524534953
433,36.3772592,127.4115023,대전광역시 대덕구 읍내동 505-66,읍내동,회덕동,2025-12-03 20:13,8,23.7,13335281364,13335281361,0,trunk_link,4.235727443399692,trunk_link,4.235727443399692,소로,,,
434,36.3762871,127.4136643,대전광역시 대덕구 읍내동 509-9,읍내동,회덕동,2025-12-03 20:13,15,15.2,539314776,308477641,0,secondary,8.148539375922246,secondary,8.148539375922246,중로,,,
435,36.3762871,127.4136643,대전광역시 대덕구 읍내동 509-9,읍내동,회덕동,2025-12-03 20:13,15,16.6,308477641,539314776,0,secondary,8.148539375922246,secondary,8.148539375922246,중로,,,
436,36.3756466,127.4153957,대전광역시 대덕구 읍내동 488-26,읍내동,회덕동,2025-12-03 20:13,15,24.9,308477641,342048359,0,secondary,4.307779964769239,secondary,4.307779964769239,중로,,,
437,36.3751175,127.416983,대전광역시 대덕구 읍내동 488-26,읍내동,회덕동,2025-12-03 20:12,15,23.7,308477641,342048359,0,secondary,5.942858251986054,secondary,5.942858251986054,중로,,,
438,36.3739718,127.4193668,대전광역시 대덕구 읍내동 355-1,읍내동,회덕동,2025-12-03 20:12,15,18.2,12415137797,342048373,0,secondary,6.245169320716975,secondary,6.245169320716975,중로,,,
439,36.3739718,127.4193668,대전광역시 대덕구 읍내동 355-1,읍내동,회덕동,2025-12-03 20:12,15,18.2,342048373,12415137797,0,secondary,6.245169320716975,secondary,6.245169320716975,중로,,,
440,36.3731834,127.4207267,대전광역시 대덕구 읍내동 361-31,읍내동,회덕동,2025-12-03 20:11,8,15.7,5729417510,5729417512,0,residential,2.6322327032427166,residential,2.6322327032427166,소로,,,
441,36.3730993,127.4238925,대전광역시 대덕구 읍내동 543-23,읍내동,회덕동,2025-12-03 20:10,15,18.4,317557161,340760133,0,secondary,0.9748893132441004,secondary,0.9748893132441004,중로,,,
442,36.3732136,127.4245237,대전광역시 대덕구 법동 369,법동,법1동,2025-12-03 20:10,15,19.4,3957055220,10272559196,0,secondary,2.69734858371749,secondary,2.69734858371749,중로,,,
443,36.3740278,127.4265658,대전광역시 대덕구 법동 369,법동,법1동,2025-12-03 20:09,15,26.0,340162555,317557162,0,secondary,3.42846966223748,secondary,3.42846966223748,중로,,,
444,36.3730355,127.4283658,대전광역시 대덕구 법동 372,법동,법2동,2025-12-03 20:09,15,22.5,443219786,317557162,0,secondary,1.5521375332067169,secondary,1.5521375332067169,중로,,,
445,36.3707587,127.4289964,대전광역시 대덕구 법동 372,법동,법2동,2025-12-03 20:09,15,24.6,12581480892,443219786,0,secondary,0.5838942440915448,secondary,0.5838942440915448,중로,,,
446,36.3683926,127.4295985,대전광역시 대덕구 법동 372,법동,법1동,2025-12-03 20:09,15,21.0,11716175037,10271432758,0,secondary,4.777676612396102,secondary,4.777676612396102,중로,,,
447,36.3677154,127.4297758,대전광역시 대덕구 법동 372,법동,법1동,2025-12-03 20:08,15,24.5,12581480895,10271432758,0,secondary,5.783309064187617,secondary,5.783309064187617,중로,,,
448,36.3677154,127.4297758,대전광역시 대덕구 법동 372,법동,법1동,2025-12-03 20:08,15,15.6,10271432758,12581480895,0,secondary,5.783309064187617,secondary,5.783309064187617,중로,,,
449,36.3654994,127.430436,대전광역시 대덕구 중리동 450,중리동,법2동,2025-12-03 20:08,15,17.8,340759938,414674796,0,secondary,4.865352630292692,secondary,4.865352630292692,중로,,,
450,36.3637688,127.4309113,대전광역시 대덕구 중리동 450,중리동,중리동,2025-12-03 20:08,15,22.9,414674796,327131453,0,secondary,5.966808934304145,secondary,5.966808934304145,중로,,,
451,36.3624133,127.4312798,대전광역시 대덕구 중리동 450,중리동,중리동,2025-12-03 20:08,15,16.2,414674796,327131453,0,secondary,6.756969126092518,secondary,6.756969126092518,중로,,,
452,36.361373,127.4316248,대전광역시 대덕구 중리동 450,중리동,중리동,2025-12-03 20:08,15,23.7,327131453,695327495,0,secondary,1.7360239130329975,secondary,1.7360239130329975,중로,,,
453,36.3595405,127.432118,대전광역시 대덕구 중리동 450,중리동,중리동,2025-12-03 20:07,15,23.4,695227040,8947829423,0,secondary,3.352827491864017,secondary,3.352827491864017,중로,,,
454,36.3595405,127.432118,대전광역시 대덕구 중리동 450,중리동,중리동,2025-12-03 20:07,15,21.0,8947829423,695227040,0,secondary,3.352827491864017,secondary,3.352827491864017,중로,,,
455,36.3583041,127.4326689,대전광역시 동구 용전동 227,용전동,용전동,2025-12-03 20:07,15,28.1,7171156216,340759531,0,secondary,3.334232381075887,secondary,3.334232381075887,중로,,,
456,36.3583041,127.4326689,대전광역시 동구 용전동 227,용전동,용전동,2025-12-03 20:07,15,20.1,340759531,7171156216,0,secondary,3.334232381075887,secondary,3.334232381075887,중로,,,
457,36.3581333,127.4326883,대전광역시 동구 용전동 227,용전동,용전동,2025-12-03 20:07,15,15.8,340759531,7171156216,0,secondary,3.541709578881712,secondary,3.541709578881712,중로,,,
458,36.3574602,127.4328237,대전광역시 동구 용전동 227,용전동,용전동,2025-12-03 20:06,15,27.6,559367844,340759531,0,secondary,2.1757079993028468,secondary,2.1757079993028468,중로,,,
459,36.3542347,127.4327075,대전광역시 동구 용전동 220,용전동,용전동,2025-12-03 20:05,15,16.8,331390667,340759457,0,secondary,2.2713034101774694,secondary,2.2713034101774694,중로,,,
460,36.3542347,127.4327075,대전광역시 동구 용전동 220,용전동,용전동,2025-12-03 20:05,15,23.5,340759457,331390667,0,secondary,2.2713034101774694,secondary,2.2713034101774694,중로,,,
461,36.3532041,127.4325998,대전광역시 동구 용전동 220,용전동,용전동,2025-12-03 20:05,15,25.6,340759457,331390666,0,secondary,2.444592541062959,secondary,2.444592541062959,중로,,,
462,36.3532041,127.4325998,대전광역시 동구 용전동 220,용전동,용전동,2025-12-03 20:05,15,24.5,331390666,340759457,0,secondary,2.444592541062959,secondary,2.444592541062959,중로,,,
463,36.353181,127.4325644,대전광역시 동구 용전동 220,용전동,용전동,2025-12-03 20:05,15,28.6,331390666,340759457,0,secondary,0.5218621847416566,secondary,0.5218621847416566,중로,,,
464,36.3522307,127.4325328,대전광역시 동구 용전동 220,용전동,용전동,2025-12-03 20:04,15,17.1,340759403,340759433,0,secondary,7.519556230300176,secondary,7.519556230300176,중로,,,
465,36.3522307,127.4325328,대전광역시 동구 용전동 220,용전동,용전동,2025-12-03 20:04,15,15.6,340759433,340759403,0,secondary,7.519556230300176,secondary,7.519556230300176,중로,,,
466,36.3507633,127.4323511,대전광역시 동구 용전동 220,용전동,용전동,2025-12-03 20:04,15,16.6,331390665,559367791,0,secondary,6.622805267301129,secondary,6.622805267301129,중로,,,
467,36.3507633,127.4323511,대전광역시 동구 용전동 220,용전동,용전동,2025-12-03 20:04,15,17.5,559367791,331390665,0,secondary,6.622805267301129,secondary,6.622805267301129,중로,,,
468,36.3486053,127.4320859,대전광역시 동구 용전동 220,용전동,용전동,2025-12-03 20:04,15,23.3,338930847,340759333,0,secondary,2.652650609879504,secondary,2.652650609879504,중로,,,
469,36.3486053,127.4320859,대전광역시 동구 용전동 220,용전동,용전동,2025-12-03 20:04,15,15.9,340759333,338930847,0,secondary,2.652650609879504,secondary,2.652650609879504,중로,,,
470,36.3475442,127.4320999,대전광역시 동구 용전동 220,용전동,홍도동,2025-12-03 20:04,15,29.5,1204082800,290926984,0,secondary,0.5894818231792504,secondary,0.5894818231792504,중로,,,
471,36.3470441,127.4323652,대전광역시 동구 성남동 509,성남동,성남동,2025-12-03 20:03,8,23.2,1204082429,8616874059,0,secondary_link,0.5010869040966146,secondary_link,0.5010869040966146,소로,,,
472,36.3438048,127.434229,대전광역시 동구 성남동 166-61,성남동,성남동,2025-12-03 20:02,15,27.6,1391999430,332417066,0,secondary,3.0641375656902943,secondary,3.0641375656902943,중로,,,
473,36.3410943,127.4357738,대전광역시 동구 성남동 49-12,성남동,성남동,2025-12-03 20:02,15,26.8,332417326,308203340,0,secondary,1.8834999797713785,secondary,1.8834999797713785,중로,,,
474,36.3410943,127.4357738,대전광역시 동구 성남동 49-12,성남동,성남동,2025-12-03 20:02,15,24.6,308203340,332417326,0,secondary,1.8834999797713785,secondary,1.8834999797713785,중로,,,
475,36.3405462,127.4361122,대전광역시 동구 성남동 54-2,성남동,성남동,2025-12-03 20:02,15,27.3,1425014321,308203340,0,secondary,2.1053730691007946,secondary,2.1053730691007946,중로,,,
476,36.3377336,127.4380945,대전광역시 동구 소제동 308-4,소제동,중앙동,2025-12-03 20:01,15,23.4,309836416,312217046,0,secondary,1.659921785843881,secondary,1.659921785843881,중로,,,
477,36.3376446,127.4381348,대전광역시 동구 소제동 308-4,소제동,중앙동,2025-12-03 20:00,15,23.3,312217046,309836416,0,secondary,0.0185844883487401,secondary,0.0185844883487401,중로,,,
478,36.3376446,127.4381348,대전광역시 동구 소제동 308-4,소제동,중앙동,2025-12-03 20:00,15,22.1,309836416,312217046,0,secondary,0.0185844883487401,secondary,0.0185844883487401,중로,,,
479,36.3366727,127.4388006,대전광역시 동구 소제동 305,소제동,중앙동,2025-12-03 20:00,15,27.9,309836416,312217046,0,secondary,1.602857949585407,secondary,1.602857949585407,중로,,,
480,36.3360914,127.4390158,대전광역시 동구 소제동 306-1,소제동,중앙동,2025-12-03 20:00,15,24.2,1123267235,309836416,0,secondary,0.3059386184899995,secondary,0.3059386184899995,중로,,,
481,36.3360914,127.4390158,대전광역시 동구 소제동 306-1,소제동,중앙동,2025-12-03 20:00,15,16.5,309836416,1123267235,0,secondary,0.3059386184899995,secondary,0.3059386184899995,중로,,,
482,36.3333556,127.4397134,대전광역시 동구 소제동 305-121,소제동,중앙동,2025-12-03 19:59,15,25.0,290927001,352961958,0,secondary,2.89673493546431,secondary,2.89673493546431,중로,,,
483,36.3324852,127.4400725,대전광역시 동구 소제동 286-18,소제동,중앙동,2025-12-03 19:59,15,15.8,352961958,290927001,0,secondary,4.065911879790224,secondary,4.065911879790224,중로,,,
484,36.3313774,127.4407604,대전광역시 동구 대동 207-31,대동,대동,2025-12-03 19:58,15,15.0,290927001,352961958,0,secondary,0.9368450281241548,secondary,0.9368450281241548,중로,,,
485,36.327907,127.4438393,대전광역시 동구 대동 138-24,대동,대동,2025-12-03 19:58,15,17.1,452361863,452361857,0,secondary,3.353320374223827,secondary,3.353320374223827,중로,,,
486,36.3266403,127.4442811,대전광역시 동구 대동 86-1,대동,대동,2025-12-03 19:57,15,17.4,7171129266,310215731,0,tertiary,5.45714311397532,tertiary,5.45714311397532,중로,,,
487,36.3278057,127.4433694,대전광역시 동구 대동 114-1,대동,대동,2025-12-03 19:57,15,19.2,335146801,923879282,0,tertiary,4.188940455487103,tertiary,4.188940455487103,중로,,,
488,36.3278057,127.4433694,대전광역시 동구 대동 114-1,대동,대동,2025-12-03 19:57,15,18.1,923879282,335146801,0,tertiary,4.188940455487103,tertiary,4.188940455487103,중로,,,
489,36.3280458,127.4435791,대전광역시 동구 대동 549,대동,대동,2025-12-03 19:57,8,10.3,310215787,452361857,0,secondary_link,9.771220531550815,secondary_link,9.771220531550815,소로,,,
490,36.3284257,127.4432023,대전광역시 동구 대동 549,대동,대동,2025-12-03 19:56,15,21.0,923879282,335146801,0,tertiary,17.95311711325902,tertiary,17.95311711325902,중로,,,
491,36.3282821,127.4432438,대전광역시 동구 대동 549,대동,대동,2025-12-03 19:56,15,20.7,335146801,923879282,0,tertiary,11.79355120164042,tertiary,11.79355120164042,중로,,,
492,36.3282821,127.4432438,대전광역시 동구 대동 549,대동,대동,2025-12-03 19:56,15,17.2,923879282,335146801,0,tertiary,11.79355120164042,tertiary,11.79355120164042,중로,,,
493,36.3277201,127.44372,대전광역시 동구 대동 549,대동,대동,2025-12-03 16:14,8,19.9,310215787,452361857,0,secondary_link,13.151805325752171,secondary_link,13.151805325752171,소로,,,
494,36.3284675,127.4433559,대전광역시 동구 대동 145-25,대동,대동,2025-12-03 16:14,8,22.4,310215787,452361857,0,secondary_link,8.72893105403137,secondary_link,8.72893105403137,소로,,,
495,36.3279016,127.4434679,대전광역시 동구 대동 549,대동,대동,2025-12-03 16:13,15,28.5,335146801,923879282,0,tertiary,8.603335827907793,tertiary,8.603335827907793,중로,,,
496,36.327298,127.4437139,대전광역시 동구 대동 348-11,대동,대동,2025-12-03 16:13,15,22.2,335146801,923879282,0,tertiary,0.273597152562308,tertiary,0.273597152562308,중로,,,
497,36.3264682,127.444665,대전광역시 동구 대동 356,대동,대동,2025-12-03 16:13,15,18.2,626321965,310215731,0,secondary,2.99090996284872,secondary,2.99090996284872,중로,,,
498,36.3263435,127.4447495,대전광역시 동구 대동 356,대동,대동,2025-12-03 16:11,15,29.1,310215731,626321965,0,secondary,2.2200123336176207,secondary,2.2200123336176207,중로,,,
499,36.3257629,127.4451049,대전광역시 동구 대동 356,대동,대동,2025-12-03 16:10,15,21.6,489333097,626321965,0,secondary,0.3855980976382179,secondary,0.3855980976382179,중로,,,
500,36.3257629,127.4451049,대전광역시 동구 대동 356,대동,대동,2025-12-03 16:10,15,19.6,626321965,489333097,0,secondary,0.3855980976382179,secondary,0.3855980976382179,중로,,,
501,36.3245301,127.4458458,대전광역시 동구 대동 356,대동,대동,2025-12-03 16:10,15,19.8,315808906,489333094,0,secondary,7.318328770627734,secondary,7.318328770627734,중로,,,
502,36.3245301,127.4458458,대전광역시 동구 대동 356,대동,대동,2025-12-03 16:10,15,20.8,489333094,315808906,0,secondary,7.318328770627734,secondary,7.318328770627734,중로,,,
503,36.32349,127.4456272,대전광역시 동구 신흥동 6,신흥동,신인동,2025-12-03 16:10,15,19.8,921120823,7171129259,0,secondary,0.7694340597882656,secondary,0.7694340597882656,중로,,,
504,36.32349,127.4456272,대전광역시 동구 신흥동 6,신흥동,신인동,2025-12-03 16:10,15,15.0,7171129259,921120823,0,secondary,0.7694340597882656,secondary,0.7694340597882656,중로,,,
505,36.3230285,127.4453406,대전광역시 동구 신흥동 6,신흥동,신인동,2025-12-03 16:10,15,16.5,921120823,626321889,0,secondary,0.7089525317998548,secondary,0.7089525317998548,중로,,,
506,36.3216891,127.444694,대전광역시 동구 신흥동 208,신흥동,신인동,2025-12-03 16:09,25,36.8,317411153,4744360253,0,primary,12.731511278134075,primary,12.731511278134075,대로,,,
507,36.3216678,127.4447999,대전광역시 동구 신흥동 208,신흥동,신인동,2025-12-03 16:09,25,26.5,317411153,4744360253,0,primary,14.878869454410747,primary,14.878869454410747,대로,,,
508,36.3210591,127.4461234,대전광역시 동구 신흥동 208,신흥동,신인동,2025-12-03 16:09,25,22.1,317411153,4744360253,0,primary,7.738460266016755,primary,7.738460266016755,대로,,,
509,36.3209711,127.4463107,대전광역시 동구 신흥동 208,신흥동,신인동,2025-12-03 16:09,25,28.4,317411153,4744360253,0,primary,6.543860069011652,primary,6.543860069011652,대로,,,
510,36.3203722,127.4476403,대전광역시 동구 판암동 615,판암동,판암2동,2025-12-03 16:08,25,25.0,1260707847,317411153,0,primary,3.812650460435036,primary,3.812650460435036,대로,,,
511,36.3194164,127.4497389,대전광역시 동구 판암동 604-6,판암동,판암2동,2025-12-03 16:08,25,34.2,321741248,1260707847,0,primary,4.270247671338345,primary,4.270247671338345,대로,,,
512,36.319452,127.4502121,대전광역시 동구 판암동 596-1,판암동,판암2동,2025-12-03 15:58,25,33.2,321741248,1260707847,0,primary,29.32314174346042,primary,29.32314174346042,대로,,,
513,36.3194226,127.4501062,대전광역시 동구 판암동 596-1,판암동,판암2동,2025-12-03 15:52,25,22.0,321741248,1260707847,0,primary,21.67002059370025,primary,21.67002059370025,대로,,,
514,36.3195469,127.4498048,대전광역시 동구 판암동 596-1,판암동,판암2동,2025-12-03 15:52,25,36.6,321741248,1260707847,0,primary,19.745845695101853,primary,19.745845695101853,대로,,,
515,36.3187,127.4512453,대전광역시 동구 판암동 596-15,판암동,판암2동,2025-12-03 15:48,25,25.4,321741248,1260707847,0,primary,4.8045550083251385,primary,4.8045550083251385,대로,,,
516,36.3184058,127.4514667,대전광역시 동구 판암동 615,판암동,판암2동,2025-12-03 15:48,25,23.1,11409404219,8941171059,0,primary,5.008982822190619,primary,5.008982822190619,대로,,,
517,36.3186605,127.4509026,대전광역시 동구 판암동 615,판암동,판암1동,2025-12-03 15:47,25,33.9,11409404219,8941171059,0,primary,1.849067169827024,primary,1.849067169827024,대로,,,
518,36.3201067,127.4477219,대전광역시 동구 판암동 615,판암동,판암2동,2025-12-03 15:47,25,37.5,11409404219,8941171059,0,primary,0.6539877399751393,primary,0.6539877399751393,대로,,,
519,36.3208257,127.4460485,대전광역시 동구 신흥동 208,신흥동,신인동,2025-12-03 15:47,25,37.0,8941171051,8941171052,0,primary,0.6943825499840093,primary,0.6943825499840093,대로,,,
520,36.3208686,127.4459141,대전광역시 동구 신흥동 208,신흥동,신인동,2025-12-03 15:46,25,31.3,8941171051,8941171052,0,primary,2.1467662156164424,primary,2.1467662156164424,대로,,,
521,36.3209266,127.445861,대전광역시 동구 신흥동 208,신흥동,신인동,2025-12-03 15:46,25,34.0,8941171051,8941171052,0,primary,1.303212589771493,primary,1.303212589771493,대로,,,
522,36.3217942,127.4445763,대전광역시 동구 신흥동 208,신흥동,신인동,2025-12-03 15:46,15,16.9,4744360253,310396375,0,secondary,1.0399927262749262,secondary,1.0399927262749262,중로,,,
523,36.3222248,127.4448286,대전광역시 동구 신흥동 6,신흥동,신인동,2025-12-03 15:46,15,21.4,626321889,8941171054,0,secondary,0.2645950016827358,secondary,0.2645950016827358,중로,,,
524,36.3222248,127.4448286,대전광역시 동구 신흥동 6,신흥동,신인동,2025-12-03 15:46,15,16.3,8941171054,626321889,0,secondary,0.2645950016827358,secondary,0.2645950016827358,중로,,,
525,36.3232837,127.4454723,대전광역시 동구 신흥동 6,신흥동,신인동,2025-12-03 15:44,15,19.3,921120823,626321889,0,secondary,2.405951280106837,secondary,2.405951280106837,중로,,,
526,36.3251083,127.4453969,대전광역시 동구 대동 356,대동,대동,2025-12-03 15:43,15,22.8,489333097,489333094,0,secondary,6.282435813383506,secondary,6.282435813383506,중로,,,
527,36.3264672,127.4445048,대전광역시 동구 대동 356,대동,대동,2025-12-03 15:43,15,25.5,310215731,626321965,0,secondary,15.97528367245703,secondary,15.97528367245703,중로,,,
528,36.3276338,127.4435162,대전광역시 동구 대동 115-13,대동,대동,2025-12-03 15:43,15,20.5,923879282,335146801,0,tertiary,0.219677354633688,tertiary,0.219677354633688,중로,,,
529,36.3273622,127.443715,대전광역시 동구 대동 116-14,대동,대동,2025-12-03 15:42,15,26.5,335146801,923879282,0,tertiary,3.3501275401960924,tertiary,3.3501275401960924,중로,,,
530,36.3274428,127.4441091,대전광역시 동구 대동 115-8,대동,대동,2025-12-03 15:40,15,17.8,452361863,452361857,0,secondary,1.2012149792371212,secondary,1.2012149792371212,중로,,,
531,36.3284596,127.4435829,대전광역시 동구 대동 138-24,대동,대동,2025-12-03 15:40,15,18.8,452361863,452361857,0,secondary,0.5615628642581572,secondary,0.5615628642581572,중로,,,
532,36.3334494,127.4396298,대전광역시 동구 소제동 320-2,소제동,중앙동,2025-12-03 15:39,15,20.7,290927001,352961958,0,secondary,8.022906340878704,secondary,8.022906340878704,중로,,,
533,36.3339028,127.439473,대전광역시 동구 소제동 289-5,소제동,중앙동,2025-12-03 15:39,15,16.7,290927001,315810818,0,secondary,11.457384555537953,secondary,11.457384555537953,중로,,,
534,36.3339028,127.439473,대전광역시 동구 소제동 289-5,소제동,중앙동,2025-12-03 15:39,15,18.0,315810818,290927001,0,secondary,11.457384555537953,secondary,11.457384555537953,중로,,,
535,36.334962,127.4392423,대전광역시 동구 소제동 299-53,소제동,중앙동,2025-12-03 15:39,15,27.6,290927001,315810818,0,secondary,8.918483181269716,secondary,8.918483181269716,중로,,,
536,36.334962,127.4392423,대전광역시 동구 소제동 299-53,소제동,중앙동,2025-12-03 15:39,15,28.0,315810818,290927001,0,secondary,8.918483181269716,secondary,8.918483181269716,중로,,,
537,36.3350513,127.4391777,대전광역시 동구 소제동 299-53,소제동,중앙동,2025-12-03 15:38,15,26.0,315810818,290927001,0,secondary,12.661592244540795,secondary,12.661592244540795,중로,,,
538,36.336057,127.4389191,대전광역시 동구 소제동 299-381,소제동,중앙동,2025-12-03 15:38,15,16.1,1123267235,309836416,0,secondary,9.671467891910646,secondary,9.671467891910646,중로,,,
539,36.336057,127.4389191,대전광역시 동구 소제동 299-381,소제동,중앙동,2025-12-03 15:38,15,17.7,309836416,1123267235,0,secondary,9.671467891910646,secondary,9.671467891910646,중로,,,
540,36.3369945,127.4384626,대전광역시 동구 소제동 320,소제동,중앙동,2025-12-03 15:37,15,26.2,309836416,312217046,0,secondary,8.404804259784754,secondary,8.404804259784754,중로,,,
541,36.3382262,127.4376046,대전광역시 동구 삼성동 93-24,삼성동,삼성동,2025-12-03 15:37,8,20.7,12415112640,12415112637,0,secondary_link,10.43250068746497,secondary_link,10.43250068746497,소로,,,
542,36.3391307,127.4369976,대전광역시 동구 성남동 70-2,성남동,성남동,2025-12-03 15:37,15,25.3,390265698,315810663,0,secondary,9.009331369452486,secondary,9.009331369452486,중로,,,
543,36.3405085,127.4360002,대전광역시 동구 성남동 55-3,성남동,성남동,2025-12-03 15:37,15,23.0,308203340,1425014321,0,secondary,12.91361070780132,secondary,12.91361070780132,중로,,,
544,36.3405085,127.4360002,대전광역시 동구 성남동 55-3,성남동,성남동,2025-12-03 15:37,15,17.4,1425014321,308203340,0,secondary,12.91361070780132,secondary,12.91361070780132,중로,,,
545,36.3412048,127.4355718,대전광역시 동구 성남동 49-13,성남동,성남동,2025-12-03 15:36,15,25.9,332417326,308203340,0,secondary,13.16581063435672,secondary,13.16581063435672,중로,,,
546,36.3412048,127.4355718,대전광역시 동구 성남동 49-13,성남동,성남동,2025-12-03 15:36,15,25.9,308203340,332417326,0,secondary,13.16581063435672,secondary,13.16581063435672,중로,,,
547,36.3411653,127.4355904,대전광역시 동구 성남동 49-13,성남동,성남동,2025-12-03 15:36,15,16.9,308203340,332417326,0,secondary,13.49767678924781,secondary,13.49767678924781,중로,,,
548,36.3417133,127.4352534,대전광역시 동구 성남동 47-32,성남동,성남동,2025-12-03 15:36,15,19.9,332417326,332417321,0,secondary,14.319414149691582,secondary,14.319414149691582,중로,,,
549,36.3417133,127.4352534,대전광역시 동구 성남동 47-32,성남동,성남동,2025-12-03 15:36,15,20.2,332417321,332417326,0,secondary,14.319414149691582,secondary,14.319414149691582,중로,,,
550,36.3442543,127.4337959,대전광역시 동구 성남동 200-107,성남동,성남동,2025-12-03 15:35,15,26.7,312217268,951131824,0,secondary,0.3547156374428444,secondary,0.3547156374428444,중로,,,
551,36.3451767,127.4332744,대전광역시 동구 성남동 205-347,성남동,성남동,2025-12-03 15:35,15,17.7,951131551,951131590,0,secondary,3.2931075123733207,secondary,3.2931075123733207,중로,,,
552,36.3471868,127.4321213,대전광역시 동구 성남동 509,성남동,성남동,2025-12-03 15:35,8,22.9,8616874058,1204082429,0,secondary_link,3.9550752776878952,secondary_link,3.9550752776878952,소로,,,
553,36.3477821,127.4319046,대전광역시 동구 홍도동 838,홍도동,홍도동,2025-12-03 15:35,8,22.2,8616874064,1204083243,0,secondary_link,6.26395137730024,secondary_link,6.26395137730024,소로,,,
554,36.3498789,127.4321408,대전광역시 동구 용전동 220,용전동,용전동,2025-12-03 15:33,15,29.6,340759358,331390664,0,secondary,3.424112800605179,secondary,3.424112800605179,중로,,,
555,36.3498789,127.4321408,대전광역시 동구 용전동 220,용전동,용전동,2025-12-03 15:33,15,17.2,331390664,340759358,0,secondary,3.424112800605179,secondary,3.424112800605179,중로,,,
556,36.3521006,127.4323049,대전광역시 동구 용전동 220,용전동,용전동,2025-12-03 15:32,8,19.3,340759403,340759410,0,residential,10.409065061048866,residential,10.409065061048866,소로,,,
557,36.3521006,127.4323049,대전광역시 동구 용전동 220,용전동,용전동,2025-12-03 15:32,8,17.9,340759410,340759403,0,residential,10.409065061048866,residential,10.409065061048866,소로,,,
558,36.3535216,127.4325188,대전광역시 동구 용전동 220,용전동,용전동,2025-12-03 15:32,15,29.6,340759457,331390666,0,secondary,7.405333982099776,secondary,7.405333982099776,중로,,,
559,36.3535216,127.4325188,대전광역시 동구 용전동 220,용전동,용전동,2025-12-03 15:32,15,22.7,331390666,340759457,0,secondary,7.405333982099776,secondary,7.405333982099776,중로,,,
560,36.354843,127.4326228,대전광역시 동구 용전동 220,용전동,용전동,2025-12-03 15:32,8,12.0,340759485,340759493,0,residential,6.587247876208002,residential,6.587247876208002,소로,,,
561,36.354843,127.4326228,대전광역시 동구 용전동 220,용전동,용전동,2025-12-03 15:32,8,22.7,340759493,340759485,0,residential,6.587247876208002,residential,6.587247876208002,소로,,,
562,36.3565499,127.4327703,대전광역시 동구 용전동 227,용전동,용전동,2025-12-03 15:31,15,22.6,340759508,331390670,0,secondary,6.629740208940181,secondary,6.629740208940181,중로,,,
563,36.3565499,127.4327703,대전광역시 동구 용전동 227,용전동,용전동,2025-12-03 15:31,15,17.2,331390670,340759508,0,secondary,6.629740208940181,secondary,6.629740208940181,중로,,,
564,36.3575679,127.432513,대전광역시 동구 용전동 28-17,용전동,용전동,2025-12-03 15:31,8,15.4,559367844,340759585,0,residential,15.13705840881894,residential,15.13705840881894,소로,,,
565,36.3575679,127.432513,대전광역시 동구 용전동 28-17,용전동,용전동,2025-12-03 15:31,8,19.8,340759585,559367844,0,residential,15.13705840881894,residential,15.13705840881894,소로,,,
566,36.3579166,127.4326167,대전광역시 동구 용전동 227,용전동,용전동,2025-12-03 15:31,8,12.4,340759531,340759569,0,residential,2.682000042219381,residential,2.682000042219381,소로,,,
567,36.3592757,127.4321717,대전광역시 대덕구 중리동 469,중리동,중리동,2025-12-03 15:31,15,26.3,8947829423,2088431101,0,secondary,7.845134774475015,secondary,7.845134774475015,중로,,,
568,36.3615674,127.431437,대전광역시 대덕구 중리동 450,중리동,중리동,2025-12-03 15:31,15,15.5,559367850,327131453,0,secondary,13.332967935578402,secondary,13.332967935578402,중로,,,
569,36.3631555,127.4310684,대전광역시 대덕구 중리동 450,중리동,중리동,2025-12-03 15:30,15,21.3,414674796,327131453,0,secondary,7.167531426293055,secondary,7.167531426293055,중로,,,
570,36.3645239,127.4306774,대전광역시 대덕구 중리동 450,중리동,중리동,2025-12-03 15:30,8,21.8,414674796,559367835,0,residential,3.064092447616605,residential,3.064092447616605,소로,,,
571,36.3649513,127.4305767,대전광역시 대덕구 중리동 450,중리동,중리동,2025-12-03 15:30,15,19.4,414674796,340759938,0,secondary,6.210339853107445,secondary,6.210339853107445,중로,,,
572,36.3649513,127.4305767,대전광역시 대덕구 중리동 450,중리동,중리동,2025-12-03 15:30,15,24.0,340759938,414674796,0,secondary,6.210339853107445,secondary,6.210339853107445,중로,,,
573,36.3652038,127.430505,대전광역시 대덕구 중리동 450,중리동,중리동,2025-12-03 15:29,15,18.1,414674796,340759938,0,secondary,6.192636815072492,secondary,6.192636815072492,중로,,,
574,36.3652038,127.430505,대전광역시 대덕구 중리동 450,중리동,중리동,2025-12-03 15:29,15,25.1,340759938,414674796,0,secondary,6.192636815072492,secondary,6.192636815072492,중로,,,
575,36.3652452,127.4304546,대전광역시 대덕구 중리동 450,중리동,중리동,2025-12-03 15:28,15,26.0,414674796,340759938,0,secondary,9.56946929378671,secondary,9.56946929378671,중로,,,
576,36.3652452,127.4304546,대전광역시 대덕구 중리동 450,중리동,중리동,2025-12-03 15:28,15,23.6,340759938,414674796,0,secondary,9.56946929378671,secondary,9.56946929378671,중로,,,
577,36.3667458,127.4300606,대전광역시 대덕구 중리동 450,중리동,중리동,2025-12-03 15:27,15,19.1,340759938,12581480895,0,secondary,5.460201189483528,secondary,5.460201189483528,중로,,,
578,36.3689832,127.4294422,대전광역시 대덕구 법동 372,법동,법2동,2025-12-03 15:27,15,18.3,11716175037,10271432758,0,secondary,3.71865711495345,secondary,3.71865711495345,중로,,,
579,36.3708697,127.4288658,대전광역시 대덕구 법동 372,법동,법1동,2025-12-03 15:27,15,18.4,443219786,12581480892,0,secondary,8.016735431767962,secondary,8.016735431767962,중로,,,
580,36.3708697,127.4288658,대전광역시 대덕구 법동 372,법동,법1동,2025-12-03 15:27,15,28.0,12581480892,443219786,0,secondary,8.016735431767962,secondary,8.016735431767962,중로,,,
581,36.3729203,127.4282587,대전광역시 대덕구 법동 372,법동,법1동,2025-12-03 15:26,15,27.6,443219786,12581480892,0,secondary,10.58789233490536,secondary,10.58789233490536,중로,,,
582,36.3729203,127.4282587,대전광역시 대덕구 법동 372,법동,법1동,2025-12-03 15:26,15,15.7,12581480892,443219786,0,secondary,10.58789233490536,secondary,10.58789233490536,중로,,,
583,36.3743518,127.4276707,대전광역시 대덕구 법동 372,법동,법1동,2025-12-03 15:26,15,21.6,340162555,317557162,0,secondary,7.045877807677735,secondary,7.045877807677735,중로,,,
584,36.3743518,127.4276707,대전광역시 대덕구 법동 372,법동,법1동,2025-12-03 15:26,15,26.8,317557162,340162555,0,secondary,7.045877807677735,secondary,7.045877807677735,중로,,,
585,36.3739367,127.4264962,대전광역시 대덕구 법동 369,법동,법1동,2025-12-03 15:25,15,15.9,340162555,317557162,0,secondary,2.887776230484254,secondary,2.887776230484254,중로,,,
586,36.3731735,127.4244061,대전광역시 대덕구 법동 369,법동,법1동,2025-12-03 15:25,15,22.6,10272559196,317557161,0,secondary,3.242788702177879,secondary,3.242788702177879,중로,,,
587,36.3731735,127.4244061,대전광역시 대덕구 법동 369,법동,법1동,2025-12-03 15:25,15,27.8,317557161,10272559196,0,secondary,3.242788702177879,secondary,3.242788702177879,중로,,,
588,36.3729483,127.4219996,대전광역시 대덕구 읍내동 543-23,읍내동,회덕동,2025-12-03 15:25,15,16.2,340760133,317557161,0,secondary,0.2197956912938042,secondary,0.2197956912938042,중로,,,
589,36.3729483,127.4219996,대전광역시 대덕구 읍내동 543-23,읍내동,회덕동,2025-12-03 15:25,15,20.4,317557161,340760133,0,secondary,0.2197956912938042,secondary,0.2197956912938042,중로,,,
590,36.3730751,127.4208716,대전광역시 대덕구 읍내동 361-31,읍내동,회덕동,2025-12-03 15:24,15,22.7,340760133,5729417512,0,secondary,4.649929241474731,secondary,4.649929241474731,중로,,,
591,36.373303,127.4199411,대전광역시 대덕구 읍내동 355-1,읍내동,회덕동,2025-12-03 15:24,8,17.0,278191536,3956025019,0,primary_link,1.817921880430542,primary_link,1.817921880430542,소로,,,
592,36.3751566,127.4165479,대전광역시 대덕구 읍내동 488-26,읍내동,회덕동,2025-12-03 15:22,15,24.5,342048359,308477641,0,secondary,5.256963437223237,secondary,5.256963437223237,중로,,,
593,36.3756703,127.4150379,대전광역시 대덕구 읍내동 488-26,읍내동,회덕동,2025-12-03 15:22,15,27.0,342048359,308477641,0,secondary,6.0018403119652985,secondary,6.0018403119652985,중로,,,
594,36.3756703,127.4150379,대전광역시 대덕구 읍내동 488-26,읍내동,회덕동,2025-12-03 15:22,15,15.7,308477641,342048359,0,secondary,6.0018403119652985,secondary,6.0018403119652985,중로,,,
595,36.3758657,127.414517,대전광역시 대덕구 대화동 568-39,대화동,대화동,2025-12-03 15:21,15,24.5,308477641,539314776,0,secondary,4.599816819960815,secondary,4.599816819960815,중로,,,
596,36.3762541,127.4134458,대전광역시 대덕구 읍내동 509-9,읍내동,회덕동,2025-12-03 15:21,15,29.1,308477641,539314776,0,secondary,3.008696435439288,secondary,3.008696435439288,중로,,,
597,36.3768037,127.4119577,대전광역시 대덕구 읍내동 509-9,읍내동,회덕동,2025-12-03 15:20,15,25.1,308477641,539314776,0,secondary,7.933573506479075,secondary,7.933573506479075,중로,,,
598,36.3776598,127.4108158,대전광역시 대덕구 읍내동 543-37,읍내동,회덕동,2025-12-03 15:19,15,23.9,5649679760,5649679761,0,secondary,4.290334324786543,secondary,4.290334324786543,중로,,,
599,36.3776598,127.4108158,대전광역시 대덕구 읍내동 543-37,읍내동,회덕동,2025-12-03 15:19,15,29.2,5649679761,5649679760,0,secondary,4.290334324786543,secondary,4.290334324786543,중로,,,
600,36.3779416,127.4104375,대전광역시 대덕구 대화동 568-1,대화동,대화동,2025-12-03 15:17,15,21.8,5649679764,5649679761,0,secondary,1.8945932582935807,secondary,1.8945932582935807,중로,,,
601,36.3794856,127.408224,대전광역시 유성구 원촌동 45-12,원촌동,전민동,2025-12-03 15:17,15,16.3,5649679764,8230105350,0,secondary,8.664212553418205,secondary,8.664212553418205,중로,217.0,3010029_000_3010029_000_1,4.571775056769278
602,36.3795047,127.4080372,대전광역시 유성구 원촌동 45-12,원촌동,전민동,2025-12-03 15:17,15,28.8,5649679764,8230105350,0,secondary,14.636663408369984,secondary,14.636663408369984,중로,217.0,3010029_000_3010029_000_1,10.140905249628052
603,36.3794509,127.4079129,대전광역시 유성구 원촌동 45-18,원촌동,전민동,2025-12-03 15:17,15,21.9,8230105350,5649679764,0,secondary,25.115770505760462,secondary,25.115770505760462,중로,217.0,3010029_000_3010029_000_1,20.45438299551918
604,36.3794509,127.4079129,대전광역시 유성구 원촌동 45-18,원촌동,전민동,2025-12-03 15:17,15,17.8,5649679764,8230105350,0,secondary,25.115770505760462,secondary,25.115770505760462,중로,217.0,3010029_000_3010029_000_1,20.45438299551918
605,36.3798466,127.4073589,대전광역시 유성구 원촌동 81-5,원촌동,전민동,2025-12-03 15:16,15,15.9,5649679764,8230105350,0,secondary,9.42365665467209,secondary,9.42365665467209,중로,217.0,3010029_000_3010029_000_1,2.812400565686949
606,36.3812417,127.4063963,대전광역시 유성구 원촌동 90,원촌동,전민동,2025-12-03 15:15,15,29.8,8230105353,12786210658,0,secondary,3.841887882426456,secondary,3.841887882426456,중로,760.0,3167043_002_3167043_002_4,2.5422270053384968
607,36.3816577,127.4062647,대전광역시 유성구 원촌동 90,원촌동,전민동,2025-12-03 15:15,15,27.0,12786210658,8230105353,0,secondary,3.715205730239452,secondary,3.715205730239452,중로,760.0,3167043_002_3167043_002_4,5.856594315355996
608,36.3824916,127.4057495,대전광역시 유성구 원촌동 99-1,원촌동,전민동,2025-12-03 15:15,8,23.7,12786210650,12786210658,0,residential,21.234310888761584,residential,21.234310888761584,소로,2859.0,4301272_000_4301272_000_1,22.84958775165248
609,36.3828106,127.4058586,대전광역시 유성구 원촌동 286-6,원촌동,전민동,2025-12-03 15:15,15,26.8,12786210658,308477643,0,secondary,6.958490002870879,secondary,6.958490002870879,중로,760.0,3167043_002_3167043_002_4,7.920698796501914
610,36.383577,127.4056149,대전광역시 유성구 원촌동 135-2,원촌동,전민동,2025-12-03 15:14,15,25.1,308477643,12786210658,0,secondary,6.832845065870896,secondary,6.832845065870896,중로,760.0,3167043_002_3167043_002_4,6.995802147450671
611,36.3859706,127.4049652,대전광역시 유성구 원촌동 141-2,원촌동,전민동,2025-12-03 15:14,15,24.8,12786210658,308477643,0,secondary,13.897597365294589,secondary,13.897597365294589,중로,760.0,3167043_002_3167043_002_4,9.44755946994992
612,36.3868057,127.4049565,대전광역시 유성구 문지동 105-6,문지동,전민동,2025-12-03 15:13,15,17.9,308477643,4189566894,0,secondary,8.880776150020257,secondary,8.880776150020257,중로,761.0,3167043_002_3167043_002_5,6.920963270715671
613,36.3868057,127.4049565,대전광역시 유성구 문지동 105-6,문지동,전민동,2025-12-03 15:13,15,22.7,4189566894,308477643,0,secondary,8.880776150020257,secondary,8.880776150020257,중로,761.0,3167043_002_3167043_002_5,6.920963270715671
614,36.3883799,127.404957,대전광역시 유성구 문지동 105-6,문지동,전민동,2025-12-03 15:13,15,27.7,308477643,4189566894,0,secondary,7.954370610844628,secondary,7.954370610844628,중로,761.0,3167043_002_3167043_002_5,5.075658043615424
615,36.3883799,127.404957,대전광역시 유성구 문지동 105-6,문지동,전민동,2025-12-03 15:13,15,27.5,4189566894,308477643,0,secondary,7.954370610844628,secondary,7.954370610844628,중로,761.0,3167043_002_3167043_002_5,5.075658043615424
616,36.3900719,127.4052924,대전광역시 유성구 문지동 667,문지동,전민동,2025-12-03 15:13,8,10.8,4189566896,4189566894,0,residential,2.0083669399201933,residential,2.0083669399201933,소로,503.0,3167022_003_3167022_003_2,4.957525650218921
617,36.3900719,127.4052924,대전광역시 유성구 문지동 667,문지동,전민동,2025-12-03 15:13,8,10.9,4189566894,4189566896,0,residential,2.0083669399201933,residential,2.0083669399201933,소로,503.0,3167022_003_3167022_003_2,4.957525650218921
618,36.3900776,127.4053032,대전광역시 유성구 문지동 667,문지동,전민동,2025-12-03 15:12,8,14.7,4189566896,4189566894,0,residential,2.595409642533888,residential,2.595409642533888,소로,503.0,3167022_003_3167022_003_2,5.548087972659531
619,36.3900776,127.4053032,대전광역시 유성구 문지동 667,문지동,전민동,2025-12-03 15:12,8,12.6,4189566894,4189566896,0,residential,2.595409642533888,residential,2.595409642533888,소로,503.0,3167022_003_3167022_003_2,5.548087972659531
620,36.3910598,127.4069056,대전광역시 유성구 문지동 668,문지동,전민동,2025-12-03 15:11,8,24.9,4189566900,4189566896,0,residential,1.742244244803472,residential,1.742244244803472,소로,503.0,3167022_003_3167022_003_2,1.3804700495024445
621,36.3911786,127.4076714,대전광역시 유성구 문지동 659-3,문지동,전민동,2025-12-03 15:11,8,17.6,4189566900,4189566902,0,residential,5.502712647071353,residential,5.502712647071353,소로,513.0,3167022_011_3167022_011_1,6.6607080445337585
622,36.3911786,127.4076714,대전광역시 유성구 문지동 659-3,문지동,전민동,2025-12-03 15:11,8,18.0,4189566902,4189566900,0,residential,5.502712647071353,residential,5.502712647071353,소로,513.0,3167022_011_3167022_011_1,6.6607080445337585
623,36.3912685,127.4078361,대전광역시 유성구 문지동 659-3,문지동,전민동,2025-12-03 15:11,8,24.6,4189566900,4189566902,0,residential,15.48785483247855,residential,15.48785483247855,소로,513.0,3167022_011_3167022_011_1,16.6531468247659
624,36.3912685,127.4078361,대전광역시 유성구 문지동 659-3,문지동,전민동,2025-12-03 15:11,8,10.2,4189566902,4189566900,0,residential,15.48785483247855,residential,15.48785483247855,소로,513.0,3167022_011_3167022_011_1,16.6531468247659
625,36.3907148,127.4079498,대전광역시 유성구 문지동 661-3,문지동,전민동,2025-12-03 15:10,10,10.8,4189566902,4189566900,0,residential,45.948862721981335,residential,45.948862721981335,미분류,,,
626,36.3908773,127.4079252,대전광역시 유성구 문지동 661-3,문지동,전민동,2025-12-03 15:09,8,14.1,4189566900,4189566902,0,residential,27.91791635653676,residential,27.91791635653676,소로,513.0,3167022_011_3167022_011_1,26.74865616230682
627,36.3908773,127.4079252,대전광역시 유성구 문지동 661-3,문지동,전민동,2025-12-03 15:09,8,10.3,4189566902,4189566900,0,residential,27.91791635653676,residential,27.91791635653676,소로,513.0,3167022_011_3167022_011_1,26.74865616230682
628,36.3096723,127.347304,대전광역시 서구 도안동 2073,도안동,도안동,2025-12-03 8:20,15,23.5,841482239,1391931288,0,secondary,5.040024297644038,secondary,5.040024297644038,중로,,,
629,36.4126595,127.2956326,대전광역시 유성구 안산동 산 20-6,안산동,노은2동,2025-12-03 1:30,10,30.0,496945187,436860401,0,residential,141.92975907111074,residential,141.92975907111074,미분류,10.0,1000015_000_1000015_000_1,11.698039254789968
630,36.4126595,127.2956326,대전광역시 유성구 안산동 산 20-6,안산동,노은2동,2025-12-03 1:30,10,25.1,436860401,496945187,0,residential,141.92975907111074,residential,141.92975907111074,미분류,10.0,1000015_000_1000015_000_1,11.698039254789968
631,36.4711146,127.2698119,세종특별자치시 대평동 643,대평동,대평동,2025-12-03 1:22,10,18.7,2055472178,1549832460,0,trunk,5914.420436266176,trunk,5914.420436266176,미분류,,,
632,36.4711146,127.2698119,세종특별자치시 대평동 643,대평동,대평동,2025-12-03 1:22,10,16.1,2055472178,770080427,0,motorway_link,5914.420436266176,motorway_link,5914.420436266176,미분류,,,
633,36.4742965,127.3365826,세종특별자치시 금남면 영대리 67-6,금남면,금남면,2025-12-02 18:48,10,13.1,3770144105,10658448151,0,trunk_link,2177.6913461792155,trunk_link,2177.6913461792155,미분류,,,
634,36.4742965,127.3365826,세종특별자치시 금남면 영대리 67-6,금남면,금남면,2025-12-02 18:48,10,12.0,3770144105,4191602178,0,trunk,2177.6913461792155,trunk,2177.6913461792155,미분류,,,
635,36.3620891,127.3575127,대전광역시 유성구 어은동 316,어은동,온천2동,2025-12-02 12:28,8,15.1,566882622,277881193,0,residential,1.9081482633031488,residential,1.9081482633031488,소로,754.0,3167042_000_3167042_000_1,0.5791803892235388
636,36.3642118,127.3553881,대전광역시 유성구 어은동 99,어은동,온천2동,2025-12-02 12:26,10,12.2,566882617,4531302795,0,residential,138.16208278434704,residential,138.16208278434704,미분류,,,
637,36.3640045,127.3546428,대전광역시 유성구 어은동 99,어은동,온천2동,2025-12-02 12:26,10,13.2,566882617,4531302795,0,residential,150.06768746745465,residential,150.06768746745465,미분류,,,
638,36.3464949,127.3475783,대전광역시 유성구 봉명동 1063,봉명동,원신흥동,2025-12-01 23:13,15,15.8,8262016958,579252376,0,secondary,1.3298695784928214,secondary,1.3298695784928214,중로,252.0,3166054_001_3166054_001_2,10.212454423350488
639,36.3544608,127.3499475,대전광역시 유성구 봉명동 700,봉명동,온천1동,2025-12-01 23:12,15,28.4,626311532,8948647494,0,secondary,1.0412990356380087,secondary,1.0412990356380087,중로,771.0,3167044_000_3167044_000_2,5.2670797537526335
640,36.3594257,127.3542966,대전광역시 유성구 봉명동 11-4,봉명동,온천1동,2025-12-01 23:10,15,16.5,4736119799,3620768775,0,secondary,12.009427867056148,secondary,12.009427867056148,중로,77.0,2010004_005_2010004_005_9,21.40342038247241
641,36.3766465,127.4029277,대전광역시 유성구 원촌동 267,원촌동,전민동,2025-12-01 15:14,15,26.6,1442147575,352962827,0,secondary,3.048440775982317,secondary,3.048440775982317,중로,759.0,3167043_002_3167043_002_3,2.7852156320079735
642,36.3484687,127.3511709,대전광역시 서구 월평동 163-31,월평동,월평1동,2025-12-01 14:02,15,20.1,319509859,3262720593,0,secondary,2.232155290346212,secondary,2.232155290346212,중로,,,
643,36.3561989,127.3567943,대전광역시 서구 월평동 1555,월평동,월평1동,2025-12-01 14:01,15,27.3,368497871,368497847,0,secondary,1.8885844081275656,secondary,1.8885844081275656,중로,,,
644,36.3890759,127.4050423,대전광역시 유성구 문지동 105-6,문지동,전민동,2025-12-01 8:58,15,24.6,308477643,4189566894,0,secondary,0.2453135916556522,secondary,0.2453135916556522,중로,761.0,3167043_002_3167043_002_5,3.373059035220697
645,36.3374757,127.3496426,대전광역시 유성구 원신흥동 667,원신흥동,원신흥동,2025-12-01 8:32,15,27.5,8262016878,1278965972,0,secondary,3.1411234970197133,secondary,3.1411234970197133,중로,251.0,3166054_001_3166054_001_1,18.12809460668321
646,36.3365581,127.3497637,대전광역시 유성구 원신흥동 667,원신흥동,원신흥동,2025-12-01 8:31,15,19.4,8262016878,1278965972,0,secondary,7.524986906365327,secondary,7.524986906365327,중로,250.0,3166054_000_3166054_000_1,19.139308080840415
647,36.3187635,127.3480778,대전광역시 서구 도안동 2378,도안동,도안동,2025-12-01 8:24,15,25.9,8262016795,841482227,0,secondary,0.0436876352999881,secondary,0.0436876352999881,중로,,,
648,36.3322474,127.3479586,대전광역시 유성구 원신흥동 609,원신흥동,원신흥동,2025-11-30 20:27,15,25.8,2945417976,1391931762,0,secondary,0.2298725104390632,secondary,0.2298725104390632,중로,4429.0,4864085_000_4864085_000_1,2.673705515567681
649,36.3384839,127.3489157,대전광역시 유성구 원신흥동 667,원신흥동,원신흥동,2025-11-30 20:25,15,29.3,837542790,8262016864,0,secondary,3.0008807066617766,secondary,3.0008807066617766,중로,251.0,3166054_001_3166054_001_1,10.254869671937087
650,36.3341924,127.3710645,대전광역시 서구 내동 214,내동,내동,2025-11-30 17:07,15,21.7,663131542,8954404175,0,secondary,0.5929411387424232,secondary,0.5929411387424232,중로,,,
651,36.3343488,127.3674794,대전광역시 서구 변동 산 10-65,변동,변동,2025-11-30 17:04,15,17.6,2945417967,2945418002,0,secondary,2.5352641825911064,secondary,2.5352641825911064,중로,,,
652,36.319186,127.3481438,대전광역시 서구 도안동 2378,도안동,도안동,2025-11-30 16:59,15,26.1,8262016795,841482227,0,secondary,5.573234929628816,secondary,5.573234929628816,중로,,,
653,36.3091489,127.352182,대전광역시 서구 도안동 2088,도안동,도안동,2025-11-29 19:34,8,24.2,1298414827,1298414897,0,residential,0.7084150674057661,residential,0.7084150674057661,소로,,,
654,36.3091489,127.352182,대전광역시 서구 도안동 2088,도안동,도안동,2025-11-29 19:34,8,21.1,1298414897,1298414827,0,residential,0.7084150674057661,residential,0.7084150674057661,소로,,,
655,36.308931,127.3515106,대전광역시 서구 도안동 2090,도안동,도안동,2025-11-29 19:34,15,27.1,8262016755,1278965550,0,tertiary,2.5615234759217134,tertiary,2.5615234759217134,중로,,,
656,36.308931,127.3515106,대전광역시 서구 도안동 2090,도안동,도안동,2025-11-29 19:34,15,26.8,1278965550,8262016755,0,tertiary,2.5615234759217134,tertiary,2.5615234759217134,중로,,,
657,36.3066197,127.35001,대전광역시 서구 도안동 2083,도안동,도안동,2025-11-29 18:14,8,11.2,1278965579,1278965844,0,residential,1.665394063758283,residential,1.665394063758283,소로,,,
658,36.307181,127.3502902,대전광역시 서구 도안동 2083,도안동,도안동,2025-11-29 18:11,8,17.6,1278965941,1278966005,0,residential,1.114056675049771,residential,1.114056675049771,소로,,,
659,36.3091501,127.3525052,대전광역시 서구 도안동 1909,도안동,도안동,2025-11-29 18:10,8,13.7,1298415370,1298414897,0,residential,8.579088512901498,residential,8.579088512901498,소로,,,
660,36.3513847,127.3480457,대전광역시 유성구 봉명동 1061,봉명동,원신흥동,2025-11-29 0:44,15,20.8,8262016984,837543379,0,secondary,0.1595325099344485,secondary,0.1595325099344485,중로,252.0,3166054_001_3166054_001_2,7.038321420353959
661,36.3569334,127.3314593,대전광역시 유성구 구암동 108-6,구암동,온천1동,2025-11-29 0:41,25,22.7,1243070235,8569284960,0,primary,4.909174427654526,primary,4.909174427654526,대로,89.0,2167001_001_2167001_001_4,2.1143452256912147
662,36.3872362,127.3147875,대전광역시 유성구 지족동 997,지족동,노은3동,2025-11-28 18:31,15,18.4,390265524,390265521,0,tertiary,0.0010931311953368,tertiary,0.0010931311953368,중로,954.0,3167064_001_3167064_001_5,2.503105365144359
663,36.3870773,127.3177534,대전광역시 유성구 지족동 1003,지족동,노은3동,2025-11-28 18:28,8,14.6,5313632192,8262053375,0,tertiary_link,0.1842590250916795,tertiary_link,0.1842590250916795,소로,955.0,3167064_001_3167064_001_6,7.340932521549899
664,36.3731299,127.3797897,대전광역시 유성구 도룡동 171,도룡동,신성동,2025-11-28 13:54,25,26.7,8571253384,317557201,0,primary,8.305506124222704,primary,8.305506124222704,대로,33.0,2010001_014_2010001_014_1,22.136386210167203
665,36.374273,127.3913868,대전광역시 유성구 도룡동 465-1,도룡동,신성동,2025-11-28 8:45,15,27.8,278085795,278159732,0,secondary,6.993732640623628,secondary,6.993732640623628,중로,757.0,3167043_002_3167043_002_1,3.075382352746301
666,36.374273,127.3913868,대전광역시 유성구 도룡동 465-1,도룡동,신성동,2025-11-28 8:45,15,28.3,278159732,278085795,0,secondary,6.993732640623628,secondary,6.993732640623628,중로,757.0,3167043_002_3167043_002_1,3.075382352746301
667,36.3387932,127.3491343,대전광역시 유성구 원신흥동 667,원신흥동,원신흥동,2025-11-28 8:29,15,15.5,8262016878,1278965972,0,secondary,5.61903223499582,secondary,5.61903223499582,중로,251.0,3166054_001_3166054_001_1,21.060568476435122
668,36.3371464,127.3497436,대전광역시 유성구 원신흥동 667,원신흥동,원신흥동,2025-11-28 8:28,15,23.9,8262016878,1278965972,0,secondary,7.483022036440747,secondary,7.483022036440747,중로,251.0,3166054_001_3166054_001_1,22.088952229539515
669,36.3084523,127.3544108,대전광역시 서구 도안동 2088,도안동,도안동,2025-11-27 19:08,8,22.5,1298415193,1298414556,0,residential,1.6140100602470524,residential,1.6140100602470524,소로,,,
670,36.3084523,127.3544108,대전광역시 서구 도안동 2088,도안동,도안동,2025-11-27 19:08,8,15.9,1298414556,1298415193,0,residential,1.6140100602470524,residential,1.6140100602470524,소로,,,
671,36.3088355,127.3542574,대전광역시 서구 도안동 2088,도안동,도안동,2025-11-27 19:07,8,13.1,1298414556,1298415193,0,residential,0.7004059145658811,residential,0.7004059145658811,소로,,,
672,36.3093611,127.3532395,대전광역시 서구 도안동 2089,도안동,도안동,2025-11-27 19:07,8,11.3,1298414748,1298415055,0,residential,5.828262254918596,residential,5.828262254918596,소로,,,
673,36.3093611,127.3532395,대전광역시 서구 도안동 2089,도안동,도안동,2025-11-27 19:07,8,12.8,1298415055,1298414748,0,residential,5.828262254918596,residential,5.828262254918596,소로,,,
674,36.3275104,127.3478911,대전광역시 서구 도안동 2378,도안동,도안동,2025-11-27 18:59,15,26.6,1278965592,8262016931,0,secondary,2.530676703153288,secondary,2.530676703153288,중로,,,
675,36.3898154,127.4050478,대전광역시 유성구 문지동 105-6,문지동,전민동,2025-11-27 12:20,15,24.0,308477643,4189566894,0,secondary,1.32577951948865,secondary,1.32577951948865,중로,761.0,3167043_002_3167043_002_5,4.718227243737938
676,36.3898154,127.4050478,대전광역시 유성구 문지동 105-6,문지동,전민동,2025-11-27 12:20,15,16.9,4189566894,308477643,0,secondary,1.32577951948865,secondary,1.32577951948865,중로,761.0,3167043_002_3167043_002_5,4.718227243737938
677,36.3707686,127.3827397,대전광역시 서구 만년동 400,만년동,만년동,2025-11-27 12:12,8,19.4,4941426896,277922819,0,residential,6.471817086872642,residential,6.471817086872642,소로,,,
678,36.3707686,127.3827397,대전광역시 서구 만년동 400,만년동,만년동,2025-11-27 12:12,8,18.2,277922819,4941426896,0,residential,6.471817086872642,residential,6.471817086872642,소로,,,
679,36.3667472,127.3823699,대전광역시 서구 만년동 381,만년동,만년동,2025-11-27 11:39,8,19.2,281453790,281453774,0,residential,10.592604792471324,residential,10.592604792471324,소로,,,
680,36.3667472,127.3823699,대전광역시 서구 만년동 381,만년동,만년동,2025-11-27 11:39,8,22.5,281453774,281453790,0,residential,10.592604792471324,residential,10.592604792471324,소로,,,
681,36.3882031,127.3786387,대전광역시 유성구 도룡동 409,도룡동,신성동,2025-11-27 11:29,25,23.6,8234428249,276395956,0,primary,4.988686521427513,primary,4.988686521427513,대로,42.0,2010001_014_2010001_014_10,0.23235295592075694
682,36.3596483,127.3804783,대전광역시 서구 둔산동 939,둔산동,둔산2동,2025-11-26 15:56,15,26.7,11515615416,387271425,0,secondary,12.469408933378428,secondary,12.469408933378428,중로,,,
683,36.359398,127.3803333,대전광역시 서구 둔산동 939,둔산동,둔산2동,2025-11-26 15:56,10,18.8,11515615416,387271425,0,secondary,40.29730001120095,secondary,40.29730001120095,미분류,,,
684,36.3725578,127.3797272,대전광역시 유성구 도룡동 465-27,도룡동,신성동,2025-11-26 12:05,25,35.5,8571253384,317557201,0,primary,3.114645259654924,primary,3.114645259654924,대로,33.0,2010001_014_2010001_014_1,16.473430262530947
685,36.3675514,127.3795802,대전광역시 서구 만년동 401,만년동,만년동,2025-11-26 12:04,25,25.7,8571253390,277922813,0,primary,5.257192067358867,primary,5.257192067358867,대로,,,
686,36.3632986,127.3795836,대전광역시 서구 둔산동 1516,둔산동,둔산2동,2025-11-26 12:02,25,38.2,8571253388,8571253389,0,primary,3.8527915948157903,primary,3.8527915948157903,대로,,,
687,36.3615369,127.3795069,대전광역시 서구 둔산동 1516,둔산동,월평2동,2025-11-26 12:02,25,29.3,321599979,1366289116,0,primary,5.5559548497999565,primary,5.5559548497999565,대로,,,
688,36.3516461,127.3683052,대전광역시 서구 갈마동 691,갈마동,갈마1동,2025-11-26 11:56,15,17.1,579252599,4628435384,0,secondary,2.6938074974095465,secondary,2.6938074974095465,중로,,,
689,36.3516461,127.3683052,대전광역시 서구 갈마동 691,갈마동,갈마1동,2025-11-26 11:56,15,23.3,4628435384,579252599,0,secondary,2.6938074974095465,secondary,2.6938074974095465,중로,,,
690,36.3516922,127.3787829,대전광역시 서구 둔산동 1531,둔산동,둔산2동,2025-11-26 11:17,25,39.7,6314357888,318918115,0,primary,4.56438319956568,primary,4.56438319956568,대로,,,
691,36.3901733,127.405742,대전광역시 유성구 문지동 667,문지동,전민동,2025-11-26 11:03,8,20.2,4189566896,4189566894,0,residential,11.38363093324268,residential,11.38363093324268,소로,503.0,3167022_003_3167022_003_2,14.477071895063036
692,36.3901733,127.405742,대전광역시 유성구 문지동 667,문지동,전민동,2025-11-26 11:03,8,11.4,4189566894,4189566896,0,residential,11.38363093324268,residential,11.38363093324268,소로,503.0,3167022_003_3167022_003_2,14.477071895063036
693,36.3171344,127.3483125,대전광역시 서구 도안동 2379,도안동,도안동,2025-11-26 8:26,15,16.4,1401757610,8262016795,0,secondary,1.8591314725522217,secondary,1.8591314725522217,중로,,,
694,36.3082659,127.3489553,대전광역시 서구 도안동 2074,도안동,도안동,2025-11-26 8:17,15,17.3,1278965550,1391931257,0,tertiary,1.0076758582239456,tertiary,1.0076758582239456,중로,,,
695,36.309179,127.3518684,대전광역시 서구 도안동 2097,도안동,도안동,2025-11-26 8:16,8,16.3,1298414827,1298415266,0,residential,12.578218548716494,residential,12.578218548716494,소로,,,
696,36.309179,127.3518684,대전광역시 서구 도안동 2097,도안동,도안동,2025-11-26 8:16,8,15.4,1298415266,1298414827,0,residential,12.578218548716494,residential,12.578218548716494,소로,,,
697,36.3153272,127.3489187,대전광역시 서구 도안동 2379,도안동,도안동,2025-11-25 18:45,15,27.7,8262016808,8262016775,0,secondary,3.825577692104691,secondary,3.825577692104691,중로,,,
698,36.3570282,127.3579915,대전광역시 서구 월평동 1555,월평동,월평1동,2025-11-25 18:31,15,19.5,368497871,368497847,0,secondary,3.595619180446392,secondary,3.595619180446392,중로,,,
699,36.3660095,127.3687654,대전광역시 서구 만년동 649,만년동,만년동,2025-11-25 18:28,15,25.3,9065211922,8571246990,0,tertiary,7.644815428614158,tertiary,7.644815428614158,중로,,,
700,36.3676859,127.3678384,대전광역시 유성구 구성동 410-64,구성동,온천2동,2025-11-25 18:27,15,28.9,9065211925,8579174199,0,secondary,2.9088562776315783,secondary,2.9088562776315783,중로,1118.0,3167083_001_3167083_001_8,1.126810045024164
701,36.3676859,127.3678384,대전광역시 유성구 구성동 410-64,구성동,온천2동,2025-11-25 18:27,15,26.5,8579174199,9065211925,0,secondary,2.9088562776315783,secondary,2.9088562776315783,중로,1118.0,3167083_001_3167083_001_8,1.126810045024164
702,36.3714297,127.3734041,대전광역시 유성구 구성동 410-53,구성동,온천2동,2025-11-25 18:16,15,27.8,8579174200,276653880,0,secondary,0.6173323563745535,secondary,0.6173323563745535,중로,1118.0,3167083_001_3167083_001_8,0.7039015603891737
703,36.3714297,127.3734041,대전광역시 유성구 구성동 410-53,구성동,온천2동,2025-11-25 18:16,15,25.6,276653880,8579174200,0,secondary,0.6173323563745535,secondary,0.6173323563745535,중로,1118.0,3167083_001_3167083_001_8,0.7039015603891737
704,36.3721377,127.3746024,대전광역시 유성구 구성동 410-54,구성동,온천2동,2025-11-25 18:15,15,19.2,276653880,8579174200,0,secondary,0.6154979304364776,secondary,0.6154979304364776,중로,1118.0,3167083_001_3167083_001_8,0.20017023108577728
705,36.3872537,127.3785937,대전광역시 유성구 도룡동 409,도룡동,신성동,2025-11-25 18:11,25,29.3,8234428249,276395956,0,primary,1.3965381642561672,primary,1.3965381642561672,대로,41.0,2010001_014_2010001_014_9,3.883677572213578
706,36.390399,127.4080446,대전광역시 유성구 문지동 661-3,문지동,전민동,2025-11-25 18:01,8,18.7,4189566896,4189566897,0,residential,26.85179648398016,residential,26.85179648398016,소로,500.0,3167022_001_3167022_001_1,29.016571670157926
707,36.3597821,127.3783948,대전광역시 서구 월평동 1505,월평동,월평2동,2025-11-25 12:57,15,28.8,11515615414,11515615415,0,tertiary,1.747059685858646,tertiary,1.747059685858646,중로,,,
708,36.3598601,127.3715379,대전광역시 서구 월평동 1514,월평동,월평3동,2025-11-25 12:55,15,25.9,318917920,1121034398,0,tertiary,3.447421374079851,tertiary,3.447421374079851,중로,,,
709,36.3598601,127.3715379,대전광역시 서구 월평동 1514,월평동,월평3동,2025-11-25 12:55,15,28.9,1121034398,318917920,0,tertiary,3.447421374079851,tertiary,3.447421374079851,중로,,,
710,36.3096165,127.3537728,대전광역시 서구 도안동 2088,도안동,도안동,2025-11-25 12:42,8,19.1,1298415297,1298414458,0,residential,1.8175593442399256,residential,1.8175593442399256,소로,,,
711,36.3091754,127.35243,대전광역시 서구 도안동 2088,도안동,도안동,2025-11-25 0:55,8,13.5,1298414897,1298414827,0,residential,3.732678717235763,residential,3.732678717235763,소로,,,
712,36.3457113,127.340115,대전광역시 유성구 상대동 498,상대동,상대동,2025-11-25 0:47,15,18.4,8261788599,8261788587,0,secondary,4.991909372655553,secondary,4.991909372655553,중로,53.0,2010002_004_2010002_004_1,13.259666756370557
713,36.3483698,127.3336553,대전광역시 유성구 상대동 489,상대동,상대동,2025-11-24 19:09,15,18.7,1233483069,1233483048,0,secondary,9.491959367530932,secondary,9.491959367530932,중로,79.0,2166002_000_2166002_000_2,18.235110895239238
714,36.3629857,127.3269891,대전광역시 유성구 장대동 231-2,장대동,온천2동,2025-11-24 19:00,15,20.1,3957120693,11336560496,0,tertiary,0.6584819863747808,tertiary,0.6584819863747808,중로,78.0,2166002_000_2166002_000_1,11.756908800205812
715,36.4677153,127.2754708,세종특별자치시 대평동 269-68,대평동,대평동,2025-11-24 18:40,10,21.3,2055472178,1549832460,0,trunk,5371.795932040758,trunk,5371.795932040758,미분류,,,
716,36.4677153,127.2754708,세종특별자치시 대평동 269-68,대평동,대평동,2025-11-24 18:40,10,20.9,2055472178,770080427,0,motorway_link,5371.795932040758,motorway_link,5371.795932040758,미분류,,,
717,36.4731707,127.283784,세종특별자치시 보람동 806,보람동,보람동,2025-11-24 18:33,10,21.9,2055472178,1549832460,0,trunk,5745.6918538050695,trunk,5745.6918538050695,미분류,,,
718,36.4731707,127.283784,세종특별자치시 보람동 806,보람동,보람동,2025-11-24 18:33,10,19.8,2055472178,770080427,0,motorway_link,5745.6918538050695,motorway_link,5745.6918538050695,미분류,,,
719,36.4753628,127.2845948,세종특별자치시 보람동 805,보람동,보람동,2025-11-24 18:31,10,15.0,2055472178,1549832460,0,trunk,5970.408441719654,trunk,5970.408441719654,미분류,,,
720,36.4753628,127.2845948,세종특별자치시 보람동 805,보람동,보람동,2025-11-24 18:31,10,16.1,2055472178,770080427,0,motorway_link,5970.408441719654,motorway_link,5970.408441719654,미분류,,,
721,36.4792787,127.3089668,세종특별자치시 금남면 장재리 187-2,금남면,금남면,2025-11-24 17:46,10,26.1,3770144105,10658448151,0,trunk_link,4710.003079940673,trunk_link,4710.003079940673,미분류,,,
722,36.4792787,127.3089668,세종특별자치시 금남면 장재리 187-2,금남면,금남면,2025-11-24 17:46,10,26.1,3770144105,4191602178,0,trunk,4710.003079940673,trunk,4710.003079940673,미분류,,,
723,36.3324542,127.4323665,대전광역시 동구 정동 16-7,정동,중앙동,2025-11-24 7:19,8,23.6,643037481,493897627,0,residential,4.919244884008239,residential,4.919244884008239,소로,,,
724,36.3262474,127.4215206,대전광역시 중구 대흥동 630,대흥동,대흥동,2025-11-24 7:14,8,22.7,10697690244,10697690245,0,secondary_link,0.182651211442051,secondary_link,0.182651211442051,소로,,,
725,36.3245767,127.4193563,대전광역시 중구 선화동 383,대흥동,대흥동,2025-11-24 7:13,15,18.9,317411167,309314208,0,secondary,9.42191472973668,secondary,9.42191472973668,중로,,,
726,36.3245767,127.4193563,대전광역시 중구 선화동 383,대흥동,대흥동,2025-11-24 7:13,15,27.3,309314208,317411167,0,secondary,9.42191472973668,secondary,9.42191472973668,중로,,,
727,36.3095656,127.3533839,대전광역시 서구 도안동 1868,도안동,도안동,2025-11-23 13:58,8,23.1,1298414748,1298414458,0,residential,8.064589204526067,residential,8.064589204526067,소로,,,
728,36.3095656,127.3533839,대전광역시 서구 도안동 1868,도안동,도안동,2025-11-23 13:58,8,23.2,1298414458,1298414748,0,residential,8.064589204526067,residential,8.064589204526067,소로,,,
729,36.3325295,127.3251187,대전광역시 유성구 학하동 32,학하동,학하동,2025-11-23 13:47,8,20.6,11958558505,1474908602,0,secondary_link,28.07320750709411,secondary_link,28.07320750709411,소로,55.0,2010003_000_2010003_000_2,29.80154659978949
730,36.3401908,127.3192614,대전광역시 유성구 복용동 175-3,복용동,학하동,2025-11-23 13:45,15,28.2,1602067457,526753679,0,secondary,0.8973467260333094,secondary,0.8973467260333094,중로,86.0,2167001_001_2167001_001_1,5.928743976159311
731,36.3401908,127.3192614,대전광역시 유성구 복용동 175-3,복용동,학하동,2025-11-23 13:45,15,25.7,1602067457,526753679,0,secondary,0.8973467260333094,secondary,0.8973467260333094,중로,86.0,2167001_001_2167001_001_1,5.928743976159311
732,36.336046,127.4206062,대전광역시 중구 선화동 920,선화동,은행선화동,2025-11-23 13:41,10,14.3,390265701,390265201,0,residential,57.232295324956034,residential,57.232295324956034,미분류,,,
733,36.336046,127.4206062,대전광역시 중구 선화동 920,선화동,은행선화동,2025-11-23 13:41,10,24.3,390265201,390265701,0,residential,57.232295324956034,residential,57.232295324956034,미분류,,,
734,36.3457659,127.3016284,대전광역시 유성구 덕명동 621,덕명동,학하동,2025-11-23 13:39,15,22.5,1564782283,1313838373,0,secondary,0.4333406927375239,secondary,0.4333406927375239,중로,4229.0,4301584_001_4301584_001_1,1.3063458942303496
735,36.3563862,127.2910752,대전광역시 유성구 갑동 393-10,갑동,노은1동,2025-11-23 13:33,10,19.3,354820422,936174653,0,primary,399.1185370832551,primary,399.1185370832551,미분류,248.0,3010030_017_3010030_017_1,0.6598269703539581
736,36.3552699,127.2904784,대전광역시 유성구 덕명동 104-17,덕명동,학하동,2025-11-23 13:33,10,23.7,354820422,936174653,0,primary,527.5025337117528,primary,527.5025337117528,미분류,248.0,3010030_017_3010030_017_1,4.626598302977947
737,36.3537258,127.2907555,대전광역시 유성구 덕명동 215-7,덕명동,학하동,2025-11-23 13:24,10,21.9,11394319294,11394319295,0,residential,448.6009803682992,residential,448.6009803682992,미분류,,,
738,36.3537258,127.2907555,대전광역시 유성구 덕명동 215-7,덕명동,학하동,2025-11-23 13:24,10,26.4,11394319295,11394319294,0,residential,448.6009803682992,residential,448.6009803682992,미분류,,,
739,36.3565384,127.2910808,대전광역시 유성구 갑동 산 45-12,갑동,노은1동,2025-11-23 13:23,10,11.1,354820422,936174653,0,primary,382.2377299126535,primary,382.2377299126535,미분류,248.0,3010030_017_3010030_017_1,8.751596796207297
740,36.3582978,127.2914633,대전광역시 유성구 갑동 393-10,갑동,노은1동,2025-11-23 13:23,10,15.5,354820422,936174653,0,primary,185.0195946528747,primary,185.0195946528747,미분류,248.0,3010030_017_3010030_017_1,5.029046544891993
741,36.3588403,127.315517,대전광역시 유성구 구암동 435-3,구암동,온천1동,2025-11-23 13:20,15,15.5,354820086,936174812,0,secondary,1.2470402398968767,secondary,1.2470402398968767,중로,534.0,3167024_007_3167024_007_1,1.5791791119190937
742,36.3567291,127.3156265,대전광역시 유성구 구암동 575,구암동,온천1동,2025-11-23 13:18,15,20.6,354820099,354820106,0,secondary,0.0087496211372448,secondary,0.0087496211372448,중로,538.0,3167024_007_3167024_007_5,2.7666392173549093
743,36.3119292,127.377308,대전광역시 서구 도마동 503,도마동,도마2동,2025-11-23 0:25,25,30.5,547802812,313915275,0,primary,3.719855810611356,primary,3.719855810611356,대로,,,
744,36.3136843,127.3811641,대전광역시 서구 도마동 503,도마동,도마1동,2025-11-23 0:24,25,31.8,324879760,8624500674,0,primary,6.054307526627177,primary,6.054307526627177,대로,,,
745,36.316738,127.384136,대전광역시 서구 도마동 507,도마동,도마1동,2025-11-23 0:23,8,15.7,1563588783,1110085875,0,secondary_link,3.475712901243818,secondary_link,3.475712901243818,소로,,,
746,36.3306131,127.3917303,대전광역시 서구 가장동 190,가장동,가장동,2025-11-23 0:21,15,21.8,473403977,473403979,0,secondary,0.2560203971059611,secondary,0.2560203971059611,중로,,,
747,36.3319558,127.3934045,대전광역시 서구 용문동 263,용문동,용문동,2025-11-23 0:21,15,21.8,473403968,318361497,0,secondary,2.7225971466366845,secondary,2.7225971466366845,중로,,,
748,36.3355638,127.3978173,대전광역시 서구 용문동 265-4,용문동,용문동,2025-11-23 0:20,15,24.0,11998756405,746404589,0,secondary,2.18912251660771,secondary,2.18912251660771,중로,,,
749,36.3355638,127.3978173,대전광역시 서구 용문동 265-4,용문동,용문동,2025-11-23 0:20,15,27.2,746404589,11998756405,0,secondary,2.18912251660771,secondary,2.18912251660771,중로,,,
750,36.3747331,127.3945288,대전광역시 유성구 도룡동 8-59,도룡동,신성동,2025-11-23 0:12,15,29.8,278085795,352962773,0,secondary,2.3413463428886883,secondary,2.3413463428886883,중로,757.0,3167043_002_3167043_002_1,4.823452183060041
751,36.3763033,127.4016398,대전광역시 유성구 원촌동 산 44-5,원촌동,전민동,2025-11-23 0:11,15,19.1,352962827,1442147575,0,secondary,1.617999224452784,secondary,1.617999224452784,중로,758.0,3167043_002_3167043_002_2,3.746022395733706
752,36.3946252,127.4055063,대전광역시 유성구 문지동 668,문지동,전민동,2025-11-23 0:08,8,19.5,4189566927,4189566928,0,residential,6.645468044696504,residential,6.645468044696504,소로,511.0,3167022_009_3167022_009_1,6.571492582840759
753,36.3938332,127.4053849,대전광역시 유성구 문지동 669,문지동,전민동,2025-11-23 0:07,8,18.3,4189566916,4189566919,0,living_street,3.2764645610388285,living_street,3.2764645610388285,소로,4296.0,4853972_000_4853972_000_1,4.848991666314011
754,36.3938332,127.4053849,대전광역시 유성구 문지동 669,문지동,전민동,2025-11-23 0:07,8,21.7,4189566919,4189566916,0,living_street,3.2764645610388285,living_street,3.2764645610388285,소로,4296.0,4853972_000_4853972_000_1,4.848991666314011
755,36.3929758,127.4068789,대전광역시 유성구 문지동 668,문지동,전민동,2025-11-22 18:37,8,23.9,4189566914,4189566908,0,residential,1.0832470389030546,residential,1.0832470389030546,소로,503.0,3167022_003_3167022_003_2,1.570108190747675
756,36.4129585,127.3782789,대전광역시 유성구 화암동 25-13,화암동,신성동,2025-11-22 18:28,25,39.3,275898563,8234413971,0,primary,4.2425242671872265,primary,4.2425242671872265,대로,43.0,2010001_014_2010001_014_11,3.7818789125368895
757,36.4052214,127.4122111,대전광역시 유성구 전민동 100-4,전민동,전민동,2025-11-22 18:22,25,21.1,286126589,1157337859,0,motorway,2.762040616474616,motorway,2.762040616474616,대로,4407.0,4859174_000_4859174_000_1,7.480484665911388
758,36.4715387,127.4275266,충청북도 청주시 서원구 현도면 달계리 산 88-6,현도면,현도면,2025-11-22 18:15,10,13.9,1366315913,761137579,0,residential,1733.0689143864083,residential,1733.0689143864083,미분류,,,
759,36.4715387,127.4275266,충청북도 청주시 서원구 현도면 달계리 산 88-6,현도면,현도면,2025-11-22 18:15,10,13.3,761137579,1366315913,0,residential,1733.0689143864083,residential,1733.0689143864083,미분류,,,
760,36.6715309,127.3695405,충청북도 청주시 흥덕구 옥산면 오산리 80-3,옥산면,옥산면,2025-11-22 17:43,10,25.7,3770147006,462044144,0,residential,19691.58526048744,residential,19691.58526048744,미분류,,,
761,36.6715309,127.3695405,충청북도 청주시 흥덕구 옥산면 오산리 80-3,옥산면,옥산면,2025-11-22 17:43,10,28.7,462044144,3770147006,0,residential,19691.58526048744,residential,19691.58526048744,미분류,,,
762,36.6709614,127.3260776,충청북도 청주시 흥덕구 옥산면 동림리 산 63-1,옥산면,옥산면,2025-11-22 17:36,10,26.3,3770147006,462044144,0,residential,20235.260732055805,residential,20235.260732055805,미분류,,,
763,36.6709614,127.3260776,충청북도 청주시 흥덕구 옥산면 동림리 산 63-1,옥산면,옥산면,2025-11-22 17:36,10,11.6,462044144,3770147006,0,residential,20235.260732055805,residential,20235.260732055805,미분류,,,
764,36.6656286,127.3187559,충청북도 청주시 흥덕구 오송읍 공북리 산 13,오송읍,오송읍,2025-11-22 11:42,10,28.3,3770147006,462044144,0,residential,19841.37002500006,residential,19841.37002500006,미분류,,,
765,36.6656286,127.3187559,충청북도 청주시 흥덕구 오송읍 공북리 산 13,오송읍,오송읍,2025-11-22 11:42,10,13.6,462044144,3770147006,0,residential,19841.37002500006,residential,19841.37002500006,미분류,,,
766,36.6700862,127.3250818,충청북도 청주시 흥덕구 옥산면 동림리 산 62-1,옥산면,옥산면,2025-11-22 11:40,10,27.2,3770147006,462044144,0,residential,20163.785338783626,residential,20163.785338783626,미분류,,,
767,36.6700862,127.3250818,충청북도 청주시 흥덕구 옥산면 동림리 산 62-1,옥산면,옥산면,2025-11-22 11:40,10,18.9,462044144,3770147006,0,residential,20163.785338783626,residential,20163.785338783626,미분류,,,
768,36.6785303,127.3314453,충청북도 청주시 흥덕구 옥산면 동림리 340-3,옥산면,옥산면,2025-11-22 11:39,10,21.9,3770147006,462044144,0,residential,20939.42932178737,residential,20939.42932178737,미분류,,,
769,36.6785303,127.3314453,충청북도 청주시 흥덕구 옥산면 동림리 340-3,옥산면,옥산면,2025-11-22 11:39,10,14.2,462044144,3770147006,0,residential,20939.42932178737,residential,20939.42932178737,미분류,,,
770,36.6804626,127.3464984,충청북도 청주시 흥덕구 옥산면 금계리 산 72-7,옥산면,옥산면,2025-11-22 11:36,10,19.6,3770147006,462044144,0,residential,20898.841071480983,residential,20898.841071480983,미분류,,,
771,36.6804626,127.3464984,충청북도 청주시 흥덕구 옥산면 금계리 산 72-7,옥산면,옥산면,2025-11-22 11:36,10,23.9,462044144,3770147006,0,residential,20898.841071480983,residential,20898.841071480983,미분류,,,
772,36.6710598,127.3676312,충청북도 청주시 흥덕구 옥산면 오산리 81-3,옥산면,옥산면,2025-11-22 11:34,10,24.2,3770147006,462044144,0,residential,19650.26793311189,residential,19650.26793311189,미분류,,,
773,36.6710598,127.3676312,충청북도 청주시 흥덕구 옥산면 오산리 81-3,옥산면,옥산면,2025-11-22 11:34,10,22.8,462044144,3770147006,0,residential,19650.26793311189,residential,19650.26793311189,미분류,,,
774,36.6661788,127.372343,충청북도 청주시 흥덕구 옥산면 오산리 716-3,옥산면,옥산면,2025-11-22 11:32,10,17.3,3770147006,462044144,0,residential,19085.072262579888,residential,19085.072262579888,미분류,,,
775,36.6661788,127.372343,충청북도 청주시 흥덕구 옥산면 오산리 716-3,옥산면,옥산면,2025-11-22 11:32,10,20.5,462044144,3770147006,0,residential,19085.072262579888,residential,19085.072262579888,미분류,,,
776,36.6637494,127.375693,충청북도 청주시 흥덕구 옥산면 오산리 551-2,옥산면,옥산면,2025-11-22 11:32,10,11.2,3770147006,462044144,0,residential,18803.61736615644,residential,18803.61736615644,미분류,,,
777,36.6637494,127.375693,충청북도 청주시 흥덕구 옥산면 오산리 551-2,옥산면,옥산면,2025-11-22 11:32,10,12.3,462044144,3770147006,0,residential,18803.61736615644,residential,18803.61736615644,미분류,,,
778,36.5824232,127.4273421,충청북도 청주시 서원구 남이면 석실리 457-1,남이면,남이면,2025-11-22 11:23,10,22.1,3770147006,3770147002,0,residential,10530.755782807377,residential,10530.755782807377,미분류,,,
779,36.5824232,127.4273421,충청북도 청주시 서원구 남이면 석실리 457-1,남이면,남이면,2025-11-22 11:23,10,27.8,3770147002,3770147006,0,residential,10530.755782807377,residential,10530.755782807377,미분류,,,
780,36.5324053,127.4302411,충청북도 청주시 서원구 남이면 부용외천리 555-2,남이면,남이면,2025-11-22 11:18,10,21.6,3770147006,3770147002,0,residential,5908.190239627341,residential,5908.190239627341,미분류,,,
781,36.5324053,127.4302411,충청북도 청주시 서원구 남이면 부용외천리 555-2,남이면,남이면,2025-11-22 11:18,10,15.5,3770147002,3770147006,0,residential,5908.190239627341,residential,5908.190239627341,미분류,,,
782,36.4515826,127.4178565,대전광역시 대덕구 석봉동 673-4,석봉동,석봉동,2025-11-22 11:10,10,13.9,761137476,277563179,0,residential,39.51854445398548,residential,39.51854445398548,미분류,,,
783,36.4515826,127.4178565,대전광역시 대덕구 석봉동 673-4,석봉동,석봉동,2025-11-22 11:10,10,11.5,277563179,761137476,0,residential,39.51854445398548,residential,39.51854445398548,미분류,,,
784,36.4056492,127.4070249,대전광역시 유성구 전민동 382-1,전민동,전민동,2025-11-22 11:03,25,39.4,10211016117,436217219,0,motorway,3.347284484161752,motorway,3.347284484161752,대로,14.0,1000015_001_1000015_001_2,4.942291356659592
785,36.3077103,127.3521076,대전광역시 서구 도안동 2090,도안동,도안동,2025-11-22 10:35,15,28.4,11080436539,8262017051,0,secondary,0.8527703420453198,secondary,0.8527703420453198,중로,,,
786,36.3067973,127.3544466,대전광역시 서구 도안동 2091,도안동,도안동,2025-11-21 19:17,8,18.1,1298415203,1298414545,0,residential,4.920218273362631,residential,4.920218273362631,소로,,,
787,36.3048792,127.3496423,대전광역시 서구 도안동 1778,도안동,도안동,2025-11-21 19:15,10,12.1,12238742596,1278965349,0,secondary,41.73955290195702,secondary,41.73955290195702,미분류,,,
788,36.3048792,127.3496423,대전광역시 서구 도안동 1778,도안동,도안동,2025-11-21 19:15,10,28.7,1278965349,12238742596,0,secondary,41.73955290195702,secondary,41.73955290195702,미분류,,,
789,36.3094979,127.3532638,대전광역시 서구 도안동 2087,도안동,도안동,2025-11-21 18:26,8,17.1,1298415180,1298414748,0,residential,1.2015214336563813,residential,1.2015214336563813,소로,,,
790,36.3170789,127.3481252,대전광역시 서구 도안동 2379,도안동,도안동,2025-11-21 18:12,15,22.2,8262016808,8262016775,0,secondary,1.420603282762417,secondary,1.420603282762417,중로,,,
791,36.3252809,127.3478383,대전광역시 서구 도안동 2378,도안동,도안동,2025-11-21 18:09,15,29.2,8262016931,1278965858,0,secondary,3.59857485991838,secondary,3.59857485991838,중로,,,
792,36.3678821,127.3680782,대전광역시 유성구 구성동 464,구성동,온천2동,2025-11-21 17:57,15,27.7,9065211925,8579174199,0,secondary,0.2208004170782834,secondary,0.2208004170782834,중로,1118.0,3167083_001_3167083_001_8,2.0302881310613397
793,36.3678821,127.3680782,대전광역시 유성구 구성동 464,구성동,온천2동,2025-11-21 17:57,15,25.1,8579174199,9065211925,0,secondary,0.2208004170782834,secondary,0.2208004170782834,중로,1118.0,3167083_001_3167083_001_8,2.0302881310613397
794,36.3790816,127.378509,대전광역시 유성구 가정동 20-13,가정동,신성동,2025-11-21 17:44,25,22.6,317557295,8234428273,0,primary,5.68911454659113,primary,5.68911454659113,대로,34.0,2010001_014_2010001_014_2,8.16018007085431
795,36.3833636,127.3785364,대전광역시 유성구 도룡동 409,도룡동,신성동,2025-11-21 17:41,25,24.6,276402302,317557295,0,primary,5.433490666997789,primary,5.433490666997789,대로,38.0,2010001_014_2010001_014_6,7.442181377264554
796,36.3848177,127.3785502,대전광역시 유성구 도룡동 409,도룡동,신성동,2025-11-21 17:40,25,37.2,8234428269,276402302,0,primary,6.008906378850966,primary,6.008906378850966,대로,40.0,2010001_014_2010001_014_8,6.795620833455157
797,36.390708,127.4077781,대전광역시 유성구 문지동 661-3,문지동,전민동,2025-11-21 17:29,10,21.7,4189566902,4189566900,0,residential,46.71296177534082,residential,46.71296177534082,미분류,,,
798,36.3904619,127.4079814,대전광역시 유성구 문지동 661-3,문지동,전민동,2025-11-21 17:29,10,22.8,4189566896,4189566897,0,residential,34.08645899064915,residential,34.08645899064915,미분류,,,
799,36.3904619,127.4079814,대전광역시 유성구 문지동 661-3,문지동,전민동,2025-11-21 17:29,10,17.1,4189566897,4189566896,0,residential,34.08645899064915,residential,34.08645899064915,미분류,,,
800,36.3735022,127.3935688,대전광역시 ,도룡동,신성동,2025-11-21 15:01,15,22.1,12349936772,311758290,0,secondary,3.5712965897849207,secondary,3.5712965897849207,중로,249.0,3166046_000_3166046_000_1,6.833807542337715
801,36.37087,127.3936214,대전광역시 대덕구 대화동 568-1,대화동,대화동,2025-11-21 15:00,15,23.3,12349936772,311758290,0,secondary,7.475170432935752,secondary,7.475170432935752,중로,249.0,3166046_000_3166046_000_1,16.6474010050393
802,36.3522529,127.3959069,대전광역시 서구 둔산동 1809,둔산동,둔산3동,2025-11-21 14:51,8,12.7,4798362095,4798362096,0,residential,7.733183169743597,residential,7.733183169743597,소로,,,
803,36.3527573,127.3965035,대전광역시 서구 둔산동 1809,둔산동,둔산3동,2025-11-21 13:41,10,19.2,4798362096,4798362095,0,residential,54.581833982692345,residential,54.581833982692345,미분류,,,
804,36.3527573,127.3965035,대전광역시 서구 둔산동 1809,둔산동,둔산3동,2025-11-21 13:41,10,15.4,4798362095,4798362096,0,residential,54.581833982692345,residential,54.581833982692345,미분류,,,
805,36.3513191,127.4008093,대전광역시 서구 둔산동 2161,둔산동,둔산3동,2025-11-21 13:39,15,19.7,1563589023,1602067980,0,tertiary,4.582156611638976,tertiary,4.582156611638976,중로,,,
806,36.3539972,127.402013,대전광역시 서구 둔산동 2168,둔산동,둔산3동,2025-11-21 13:37,15,22.8,8948647514,278085814,0,secondary,3.085191567817993,secondary,3.085191567817993,중로,,,
807,36.3346138,127.3492069,대전광역시 유성구 원신흥동 667,원신흥동,원신흥동,2025-11-21 13:25,15,22.0,2945428313,8262016878,0,secondary,6.4006450432632125,secondary,6.4006450432632125,중로,251.0,3166054_001_3166054_001_1,24.60868763271882
808,36.3179741,127.3481179,대전광역시 서구 도안동 2378,도안동,도안동,2025-11-21 13:21,15,20.7,8262016795,841482227,0,secondary,2.914508074892125,secondary,2.914508074892125,중로,,,
809,36.3343449,127.419295,대전광역시 중구 선화동 74-25,선화동,은행선화동,2025-11-21 13:12,8,16.8,8947837230,390265191,0,residential,21.252072120650887,residential,21.252072120650887,소로,,,
810,36.3343449,127.419295,대전광역시 중구 선화동 74-25,선화동,은행선화동,2025-11-21 13:12,8,24.2,390265191,8947837230,0,residential,21.252072120650887,residential,21.252072120650887,소로,,,
811,36.3082655,127.3487454,대전광역시 서구 도안동 2074,도안동,도안동,2025-11-21 8:14,15,23.8,1391931257,1278965550,0,tertiary,7.402495870416982,tertiary,7.402495870416982,중로,,,
812,36.3090997,127.3520258,대전광역시 서구 도안동 2088,도안동,도안동,2025-11-21 8:14,8,15.6,951164297,1298414827,0,residential,0.0928274320450255,residential,0.0928274320450255,소로,,,
813,36.308252,127.3545172,대전광역시 서구 도안동 2088,도안동,도안동,2025-11-20 19:11,8,15.5,1298414556,1298415193,0,residential,0.1332010883513521,residential,0.1332010883513521,소로,,,
814,36.3091184,127.3522281,대전광역시 서구 도안동 2088,도안동,도안동,2025-11-20 19:10,8,12.6,1298414897,1298414827,0,residential,3.835784441425424,residential,3.835784441425424,소로,,,
815,36.3091353,127.3515601,대전광역시 서구 도안동 2090,도안동,도안동,2025-11-20 19:09,15,21.3,8262016775,8262016755,0,secondary,3.710845415725788,secondary,3.710845415725788,중로,,,
816,36.3254111,127.3478598,대전광역시 서구 도안동 2378,도안동,도안동,2025-11-20 19:03,15,23.2,8262016931,1278965858,0,secondary,1.336420408586618,secondary,1.336420408586618,중로,,,
817,36.3281203,127.3479004,대전광역시 서구 도안동 2378,도안동,도안동,2025-11-20 19:02,15,19.0,1278965592,8262016931,0,secondary,2.8149502061964373,secondary,2.8149502061964373,중로,,,
818,36.3824997,127.3785088,대전광역시 유성구 도룡동 409,도룡동,신성동,2025-11-20 18:34,25,20.4,276402302,317557295,0,primary,7.687656966294762,primary,7.687656966294762,대로,35.0,2010001_014_2010001_014_3,9.567591245636649
819,36.3886229,127.3803557,대전광역시 유성구 도룡동 401,도룡동,신성동,2025-11-20 18:29,15,22.5,276653936,275898833,0,secondary,3.789163623305412,secondary,3.789163623305412,중로,502.0,3167022_003_3167022_003_1,5.394401390056711
820,36.3889788,127.38145,대전광역시 유성구 도룡동 산 22-1,도룡동,신성동,2025-11-20 18:27,15,15.5,276653936,275898833,0,secondary,28.38759005292916,secondary,28.38759005292916,중로,,,
821,36.3397783,127.4202892,대전광역시 동구 삼성동 330-16,삼성동,삼성동,2025-11-13 8:30,15,20.0,308203449,8954523259,0,secondary,10.823755759670512,secondary,10.823755759670512,중로,,,
822,36.3364021,127.4203939,대전광역시 중구 선화동 920,선화동,은행선화동,2025-11-12 22:37,8,22.3,390265205,390265203,0,residential,19.15009886635869,residential,19.15009886635869,소로,,,
823,36.3364021,127.4203939,대전광역시 중구 선화동 920,선화동,은행선화동,2025-11-12 22:37,8,16.8,390265203,390265205,0,residential,19.15009886635869,residential,19.15009886635869,소로,,,
824,36.3367081,127.4203777,대전광역시 중구 선화동 260-1,선화동,은행선화동,2025-11-12 22:37,8,20.1,390265205,390265203,0,residential,5.6679678829482025,residential,5.6679678829482025,소로,,,
825,36.3367081,127.4203777,대전광역시 중구 선화동 260-1,선화동,은행선화동,2025-11-12 22:37,8,20.6,390265203,390265205,0,residential,5.6679678829482025,residential,5.6679678829482025,소로,,,
826,36.3784714,127.4076679,대전광역시 유성구 원촌동 269-10,원촌동,전민동,2025-11-12 21:03,10,15.8,8230105350,5649679764,0,secondary,131.43735249002071,secondary,131.43735249002071,미분류,4407.0,4859174_000_4859174_000_1,26.26347813322206
827,36.3784714,127.4076679,대전광역시 유성구 원촌동 269-10,원촌동,전민동,2025-11-12 21:03,10,19.2,5649679764,8230105350,0,secondary,131.43735249002071,secondary,131.43735249002071,미분류,4407.0,4859174_000_4859174_000_1,26.26347813322206
828,36.3823331,127.4061803,대전광역시 유성구 원촌동 90,원촌동,전민동,2025-11-12 20:57,15,28.6,8230105353,12786210658,0,secondary,7.719505949560166,secondary,7.719505949560166,중로,760.0,3167043_002_3167043_002_4,6.223920217726614
829,36.1118791,128.3140924,경상북도 구미시 남통동 274-6,남통동,선주원남동,2025-11-11 20:55,10,20.4,332341281,310396189,0,trunk,76115.0251451299,trunk,76115.0251451299,미분류,,,
830,36.1112957,128.3129689,경상북도 구미시 남통동 276-3,남통동,선주원남동,2025-11-11 20:55,10,10.4,332341281,310396189,0,trunk,76027.38061282854,trunk,76027.38061282854,미분류,,,
831,36.1107586,128.3125707,경상북도 구미시 남통동 403-1,남통동,선주원남동,2025-11-11 20:54,10,29.9,332341281,310396189,0,trunk,76003.07567649586,trunk,76003.07567649586,미분류,,,
832,36.3357137,127.4211417,대전광역시 중구 선화동 920,선화동,은행선화동,2025-11-11 18:56,8,22.6,390265198,390265195,0,residential,23.489355017076534,residential,23.489355017076534,소로,,,
833,36.3490657,127.4208791,대전광역시 대덕구 오정동 250-3,오정동,오정동,2025-11-11 18:48,8,11.0,534559193,534559194,0,residential,0.5977225686270287,residential,0.5977225686270287,소로,,,
834,36.3588118,127.416941,대전광역시 대덕구 오정동 707,오정동,오정동,2025-11-11 18:46,8,11.1,3987517364,3987517355,0,"['residential', 'tertiary']",4.6943394439689765,residential,4.6943394439689765,소로,,,
835,36.3717126,127.4172629,대전광역시 대덕구 대화동 1-29,대화동,대화동,2025-11-11 18:39,8,19.6,308477615,340760734,0,residential,4.193656350043945,residential,4.193656350043945,소로,,,
836,36.3739012,127.4157354,대전광역시 대덕구 대화동 63-36,대화동,대화동,2025-11-11 18:39,8,23.8,308477615,308477623,0,residential,1.4156399704087272,residential,1.4156399704087272,소로,,,
837,36.375176,127.4150417,대전광역시 대덕구 대화동 568-33,대화동,대화동,2025-11-11 18:38,8,24.9,308477641,308477623,0,residential,1.949874182178952,residential,1.949874182178952,소로,,,
838,36.3767398,127.4120662,대전광역시 대덕구 읍내동 509-9,읍내동,회덕동,2025-11-11 18:36,15,25.4,308477641,539314776,0,secondary,9.523036593109342,secondary,9.523036593109342,중로,,,
839,36.3742993,127.4156472,대전광역시 대덕구 대화동 63-25,대화동,대화동,2025-11-11 13:00,8,24.0,308477615,308477623,0,residential,5.585456058109298,residential,5.585456058109298,소로,,,
840,36.3718958,127.4171234,대전광역시 대덕구 대화동 1-29,대화동,대화동,2025-11-11 12:59,8,10.7,340760734,308477615,0,residential,0.7815493891158636,residential,0.7815493891158636,소로,,,
841,36.3718958,127.4171234,대전광역시 대덕구 대화동 1-29,대화동,대화동,2025-11-11 12:59,8,16.7,308477615,340760734,0,residential,0.7815493891158636,residential,0.7815493891158636,소로,,,
842,36.3696726,127.4194491,대전광역시 대덕구 대화동 1-29,대화동,회덕동,2025-11-11 12:58,8,17.1,308477615,340760734,0,residential,1.9059836472017084,residential,1.9059836472017084,소로,,,
843,36.3535104,127.4177633,대전광역시 대덕구 오정동 728,오정동,오정동,2025-11-11 12:55,8,23.0,534559061,534559057,0,residential,0.3143985317482011,residential,0.3143985317482011,소로,,,
844,36.3267719,127.4217732,대전광역시 중구 대흥동 630,대흥동,대흥동,2025-11-11 12:45,15,18.8,309314196,309314190,0,secondary,2.137264614575837,secondary,2.137264614575837,중로,,,
845,36.3267719,127.4217732,대전광역시 중구 대흥동 630,대흥동,대흥동,2025-11-11 12:45,15,24.3,309314190,309314196,0,secondary,2.137264614575837,secondary,2.137264614575837,중로,,,
846,36.3257443,127.4206598,대전광역시 중구 선화동 383,선화동,은행선화동,2025-11-11 12:38,15,22.5,10697690244,411277044,0,secondary,7.634113574250524,secondary,7.634113574250524,중로,,,
847,36.3344235,127.4191025,대전광역시 중구 선화동 260-1,선화동,은행선화동,2025-11-11 11:51,8,21.3,8947837230,390265191,0,residential,2.975275447560072,residential,2.975275447560072,소로,,,
848,36.3344235,127.4191025,대전광역시 중구 선화동 260-1,선화동,은행선화동,2025-11-11 11:51,8,19.6,390265191,8947837230,0,residential,2.975275447560072,residential,2.975275447560072,소로,,,
849,36.3778443,127.4108057,대전광역시 대덕구 읍내동 505-3,읍내동,회덕동,2025-11-11 8:35,15,26.0,5649679761,5649679764,0,secondary,4.339099596851562,secondary,4.339099596851562,중로,,,
850,36.3597618,127.4173442,대전광역시 대덕구 오정동 40-9,오정동,오정동,2025-11-11 8:23,15,18.7,3987517364,10272559190,0,tertiary,0.3643661817150079,tertiary,0.3643661817150079,중로,,,
851,36.3554388,127.4166569,대전광역시 대덕구 오정동 728,오정동,오정동,2025-11-11 8:22,8,13.4,331390883,331390884,0,residential,4.103676396948077,residential,4.103676396948077,소로,,,
852,36.3475714,127.4219522,대전광역시 동구 홍도동 826-3,홍도동,홍도동,2025-11-10 18:49,8,20.5,534559149,534559128,0,residential,6.021845893377085,residential,6.021845893377085,소로,,,
853,36.3716016,127.4173741,대전광역시 대덕구 대화동 1-9,대화동,대화동,2025-11-10 18:40,8,18.9,340760734,308477615,0,residential,4.536887463117182,residential,4.536887463117182,소로,,,
854,36.3716016,127.4173741,대전광역시 대덕구 대화동 1-9,대화동,대화동,2025-11-10 18:40,8,18.7,308477615,340760734,0,residential,4.536887463117182,residential,4.536887463117182,소로,,,
855,36.3722483,127.4167235,대전광역시 대덕구 대화동 568-6,대화동,대화동,2025-11-10 18:39,8,20.5,340760734,308477615,0,residential,4.196045852951364,residential,4.196045852951364,소로,,,
856,36.3732325,127.4160299,대전광역시 대덕구 읍내동 450-6,읍내동,대화동,2025-11-10 18:39,8,22.1,308477615,308477623,0,residential,1.9629976942204928,residential,1.9629976942204928,소로,,,
857,36.3732325,127.4160299,대전광역시 대덕구 읍내동 450-6,읍내동,대화동,2025-11-10 18:39,8,22.3,308477623,308477615,0,residential,1.9629976942204928,residential,1.9629976942204928,소로,,,
858,36.3743077,127.4154939,대전광역시 대덕구 대화동 63-36,대화동,대화동,2025-11-10 18:39,8,24.4,308477623,308477615,0,residential,7.3293305082896705,residential,7.3293305082896705,소로,,,
859,36.3754327,127.4148294,대전광역시 대덕구 대화동 568-33,대화동,대화동,2025-11-10 18:38,8,16.0,308477623,308477641,0,residential,3.993261476145455,residential,3.993261476145455,소로,,,
860,36.3789239,127.4091388,대전광역시 유성구 원촌동 266,원촌동,전민동,2025-11-10 18:32,15,16.1,5649679764,5649679761,0,secondary,2.916091381577674,secondary,2.916091381577674,중로,217.0,3010029_000_3010029_000_1,3.9433269483444104
861,36.3792879,127.4086323,대전광역시 유성구 원촌동 269-10,원촌동,전민동,2025-11-10 18:29,15,22.6,8230105350,5649679764,0,secondary,8.637687905406683,secondary,8.637687905406683,중로,217.0,3010029_000_3010029_000_1,4.983810159474475
862,36.3792879,127.4086323,대전광역시 유성구 원촌동 269-10,원촌동,전민동,2025-11-10 18:29,15,18.4,5649679764,8230105350,0,secondary,8.637687905406683,secondary,8.637687905406683,중로,217.0,3010029_000_3010029_000_1,4.983810159474475
863,36.3805107,127.4066234,대전광역시 유성구 원촌동 90,원촌동,전민동,2025-11-10 18:22,15,16.6,278191558,8230105353,0,secondary,2.212648639903253,secondary,2.212648639903253,중로,760.0,3167043_002_3167043_002_4,5.118569353447489
864,36.3745633,127.415359,대전광역시 대덕구 대화동 63-36,대화동,대화동,2025-11-10 8:38,8,10.4,308477623,340761270,0,residential,0.8959499758351284,residential,0.8959499758351284,소로,,,
865,36.3549396,127.416977,대전광역시 대덕구 오정동 728,오정동,오정동,2025-11-10 8:32,8,12.2,534559073,331390884,0,residential,0.9173388846112576,residential,0.9173388846112576,소로,,,
866,36.3508296,127.4192625,대전광역시 대덕구 오정동 735,오정동,오정동,2025-11-10 8:30,8,16.2,331390853,534559053,0,residential,7.190131210446948,residential,7.190131210446948,소로,,,
867,36.3495989,127.420431,대전광역시 대덕구 오정동 677-9,오정동,오정동,2025-11-10 8:29,8,16.0,534559194,331390853,0,residential,1.769500694966365,residential,1.769500694966365,소로,,,
868,36.3495989,127.420431,대전광역시 대덕구 오정동 677-9,오정동,오정동,2025-11-10 8:29,8,15.3,331390853,534559194,0,residential,1.769500694966365,residential,1.769500694966365,소로,,,
869,36.3453984,127.4217315,대전광역시 동구 홍도동 138-25,홍도동,홍도동,2025-11-10 8:27,8,14.0,3987517269,5370429882,0,residential,3.13522458859861,residential,3.13522458859861,소로,,,
870,36.3443209,127.4210778,대전광역시 동구 삼성동 458,삼성동,삼성동,2025-11-10 8:27,25,26.0,6806659116,5370429882,0,primary,1.833917334270405,primary,1.833917334270405,대로,,,
871,36.336305,127.4204598,대전광역시 중구 선화동 920,선화동,은행선화동,2025-11-09 21:35,10,27.8,390265205,390265203,0,residential,30.919368367191765,residential,30.919368367191765,미분류,,,
872,36.336305,127.4204598,대전광역시 중구 선화동 920,선화동,은행선화동,2025-11-09 21:35,10,12.2,390265203,390265205,0,residential,30.919368367191765,residential,30.919368367191765,미분류,,,
873,36.3366077,127.4203308,대전광역시 중구 선화동 260-1,선화동,은행선화동,2025-11-09 21:35,8,13.4,390265205,390265203,0,residential,0.8714479564637176,residential,0.8714479564637176,소로,,,
874,36.3366077,127.4203308,대전광역시 중구 선화동 260-1,선화동,은행선화동,2025-11-09 21:35,8,13.1,390265203,390265205,0,residential,0.8714479564637176,residential,0.8714479564637176,소로,,,
875,36.3389582,127.4122357,대전광역시 중구 중촌동 466,중촌동,중촌동,2025-11-09 21:33,8,11.5,936174992,936174847,0,residential,2.525119238991239,residential,2.525119238991239,소로,,,
876,36.3389582,127.4122357,대전광역시 중구 중촌동 466,중촌동,중촌동,2025-11-09 21:33,8,24.9,936174847,936174992,0,residential,2.525119238991239,residential,2.525119238991239,소로,,,
877,36.3363796,127.4203562,대전광역시 중구 선화동 920,선화동,은행선화동,2025-11-09 15:16,8,15.6,390265205,390265203,0,residential,18.48247235558277,residential,18.48247235558277,소로,,,
878,36.3363796,127.4203562,대전광역시 중구 선화동 920,선화동,은행선화동,2025-11-09 15:16,8,15.4,390265203,390265205,0,residential,18.48247235558277,residential,18.48247235558277,소로,,,
879,36.3142277,127.4407682,대전광역시 동구 효동 127-3,효동,효동,2025-11-09 15:00,25,28.5,11418267468,643037449,0,primary,3.727962324177307,primary,3.727962324177307,대로,,,
880,36.3142277,127.4407682,대전광역시 동구 효동 127-3,효동,효동,2025-11-09 15:00,25,35.0,643037449,11418267468,0,primary,3.727962324177307,primary,3.727962324177307,대로,,,
881,36.2963949,127.4586255,대전광역시 동구 대성동 167-9,대성동,산내동,2025-11-09 12:28,25,26.9,339130233,8963304295,0,primary,3.57615077630802,primary,3.57615077630802,대로,,,
882,36.3149843,127.4404402,대전광역시 동구 효동 295-1,효동,효동,2025-11-09 12:15,25,20.3,11418267468,643037449,0,primary,8.610977461405252,primary,8.610977461405252,대로,,,
883,36.3149843,127.4404402,대전광역시 동구 효동 295-1,효동,효동,2025-11-09 12:15,25,32.1,643037449,11418267468,0,primary,8.610977461405252,primary,8.610977461405252,대로,,,
884,36.3278166,127.4325978,대전광역시 동구 원동 60-5,원동,중앙동,2025-11-09 12:08,8,24.3,1133395796,774543236,0,residential,9.86389927761568,residential,9.86389927761568,소로,,,
885,36.3274715,127.432361,대전광역시 동구 원동 85-1,원동,중앙동,2025-11-09 11:30,8,11.6,774543236,1133397069,0,residential,15.773827919587918,residential,15.773827919587918,소로,,,
886,36.3357601,127.4210928,대전광역시 중구 선화동 920,선화동,은행선화동,2025-11-08 15:08,10,20.7,390265198,390265195,0,residential,30.2350899336596,residential,30.2350899336596,미분류,,,
887,36.3357601,127.4210928,대전광역시 중구 선화동 920,선화동,은행선화동,2025-11-08 15:08,10,18.6,390265195,390265198,0,residential,30.2350899336596,residential,30.2350899336596,미분류,,,
888,36.3227626,127.4146683,대전광역시 중구 문화동 1-18,문화동,문화1동,2025-11-08 15:02,15,29.0,626311560,454104640,0,secondary,7.422020520891773,secondary,7.422020520891773,중로,,,
889,36.3211434,127.4149509,대전광역시 중구 문화동 1-14,문화동,문화1동,2025-11-08 15:00,8,16.7,454104642,562808794,0,residential,4.839684798492616,residential,4.839684798492616,소로,,,
890,36.3211434,127.4149509,대전광역시 중구 문화동 1-14,문화동,문화1동,2025-11-08 15:00,8,24.7,562808794,454104642,0,residential,4.839684798492616,residential,4.839684798492616,소로,,,
891,36.3384979,127.4203774,대전광역시 동구 성남동 491-2,성남동,삼성동,2025-11-08 14:54,8,10.2,312217996,312218021,0,residential,0.1491594693880617,residential,0.1491594693880617,소로,,,
892,36.357706,127.4017326,대전광역시 서구 둔산동 1556,둔산동,둔산2동,2025-11-08 12:29,8,23.4,278085945,1037269177,0,secondary_link,7.1249188474433005,secondary_link,7.1249188474433005,소로,,,
893,36.3527458,127.4104689,대전광역시 대덕구 오정동 726,오정동,오정동,2025-11-08 12:26,15,28.9,5370429835,447603171,0,secondary,4.161704117099716,secondary,4.161704117099716,중로,,,
894,36.3332696,127.4194692,대전광역시 중구 선화동 260-1,선화동,은행선화동,2025-11-08 10:53,8,14.4,390265226,8947837225,0,secondary_link,3.239407815749776,secondary_link,3.239407815749776,소로,,,
895,36.322801,127.4155273,대전광역시 중구 문화동 1-18,문화동,문화1동,2025-11-08 10:48,15,26.0,12772066597,626311560,0,secondary,9.838927901483297,secondary,9.838927901483297,중로,,,
896,36.322801,127.4155273,대전광역시 중구 문화동 1-18,문화동,문화1동,2025-11-08 10:48,15,22.5,626311560,12772066597,0,secondary,9.838927901483297,secondary,9.838927901483297,중로,,,
897,36.3222974,127.4155885,대전광역시 중구 문화동 1-9,문화동,문화1동,2025-11-08 10:48,10,27.6,12772066597,626311560,0,secondary,65.98857131799875,secondary,65.98857131799875,미분류,,,
898,36.3222974,127.4155885,대전광역시 중구 문화동 1-9,문화동,문화1동,2025-11-08 10:48,10,11.9,626311560,12772066597,0,secondary,65.98857131799875,secondary,65.98857131799875,미분류,,,
899,36.3224081,127.415559,대전광역시 중구 문화동 1-9,문화동,문화1동,2025-11-08 10:15,10,23.9,12772066597,626311560,0,secondary,53.51934115837723,secondary,53.51934115837723,미분류,,,
900,36.3224081,127.415559,대전광역시 중구 문화동 1-9,문화동,문화1동,2025-11-08 10:15,10,17.7,626311560,12772066597,0,secondary,53.51934115837723,secondary,53.51934115837723,미분류,,,
901,36.3226214,127.4136711,대전광역시 중구 문화동 1-18,문화동,문화1동,2025-11-08 10:15,15,29.6,626311563,626311540,0,secondary,5.734339917157509,secondary,5.734339917157509,중로,,,
902,36.3226214,127.4136711,대전광역시 중구 문화동 1-18,문화동,문화1동,2025-11-08 10:15,15,27.3,626311540,626311563,0,secondary,5.734339917157509,secondary,5.734339917157509,중로,,,
903,36.3311843,127.3888612,대전광역시 서구 가장동 190,가장동,가장동,2025-11-08 10:07,8,22.0,473404001,473403985,0,residential,4.3241885767899735,residential,4.3241885767899735,소로,,,
904,36.3750882,127.415191,대전광역시 대덕구 읍내동 543-1,읍내동,회덕동,2025-11-07 8:43,8,15.0,308477623,308477641,0,residential,3.632404681501967,residential,3.632404681501967,소로,,,
905,36.3745744,127.415464,대전광역시 대덕구 대화동 90-1,대화동,회덕동,2025-11-07 8:42,8,15.2,308477623,340761270,0,residential,1.2143169610392597,residential,1.2143169610392597,소로,,,
906,36.3503058,127.4197359,대전광역시 대덕구 오정동 236-7,오정동,오정동,2025-11-07 8:34,8,23.8,534559194,331390853,0,residential,3.6938495102404887,residential,3.6938495102404887,소로,,,
907,36.3503058,127.4197359,대전광역시 대덕구 오정동 236-7,오정동,오정동,2025-11-07 8:34,8,20.9,331390853,534559194,0,residential,3.6938495102404887,residential,3.6938495102404887,소로,,,
908,36.3466743,127.4213711,대전광역시 동구 홍도동 862,홍도동,홍도동,2025-11-07 8:33,8,15.5,534559126,534559122,0,residential,2.371856935862985,residential,2.371856935862985,소로,,,
909,36.3466743,127.4213711,대전광역시 동구 홍도동 862,홍도동,홍도동,2025-11-07 8:33,8,19.8,534559122,534559126,0,residential,2.371856935862985,residential,2.371856935862985,소로,,,
910,36.3450895,127.4213258,대전광역시 동구 홍도동 138-8,홍도동,홍도동,2025-11-07 8:32,8,13.8,5370429882,3987517269,0,residential,2.0852864274234624,residential,2.0852864274234624,소로,,,
911,36.3450895,127.4213258,대전광역시 동구 홍도동 138-8,홍도동,홍도동,2025-11-07 8:32,8,24.7,3987517269,5370429882,0,residential,2.0852864274234624,residential,2.0852864274234624,소로,,,
912,36.3507156,127.3681034,대전광역시 서구 갈마동 690,갈마동,갈마1동,2025-11-06 19:48,15,25.8,579252568,579252599,0,secondary,9.44660730142958,secondary,9.44660730142958,중로,,,
913,36.3507156,127.3681034,대전광역시 서구 갈마동 690,갈마동,갈마1동,2025-11-06 19:48,15,29.3,579252599,579252568,0,secondary,9.44660730142958,secondary,9.44660730142958,중로,,,
914,36.3712935,127.4177931,대전광역시 대덕구 대화동 568-16,대화동,회덕동,2025-11-06 8:35,8,22.9,340760734,308477615,0,residential,2.068029491900055,residential,2.068029491900055,소로,,,
915,36.3712935,127.4177931,대전광역시 대덕구 대화동 568-16,대화동,회덕동,2025-11-06 8:35,8,17.5,308477615,340760734,0,residential,2.068029491900055,residential,2.068029491900055,소로,,,
916,36.3696215,127.4195437,대전광역시 대덕구 대화동 1-29,대화동,회덕동,2025-11-06 8:34,8,13.0,308477615,340760734,0,residential,4.840672741632139,residential,4.840672741632139,소로,,,
917,36.3686463,127.4201827,대전광역시 대덕구 대화동 561-4,대화동,대화동,2025-11-06 8:34,25,25.3,278191462,278191460,0,primary,7.174139163240172,primary,7.174139163240172,대로,,,
918,36.3429115,127.4229774,대전광역시 동구 삼성동 458,삼성동,삼성동,2025-11-06 8:26,25,39.0,5938432594,8222033165,0,primary,3.621184658869452,primary,3.621184658869452,대로,,,
919,36.3416442,127.4226485,대전광역시 동구 삼성동 480-1,삼성동,삼성동,2025-11-06 8:24,8,17.7,412126343,412126345,0,primary_link,6.412464292675267,primary_link,6.412464292675267,소로,,,
920,36.3356756,127.4208808,대전광역시 중구 선화동 920,선화동,은행선화동,2025-11-06 8:19,10,13.6,390265195,390265198,0,residential,33.82270131931173,residential,33.82270131931173,미분류,,,
921,36.3514335,127.4017051,대전광역시 서구 둔산동 2168,둔산동,둔산3동,2025-11-05 19:09,15,18.8,8948647514,278085814,0,secondary,1.736661022397871,secondary,1.736661022397871,중로,,,
922,36.3466278,127.418671,대전광역시 대덕구 오정동 735,오정동,오정동,2025-11-05 12:43,8,14.9,534559036,5370429872,0,residential,2.34064492505545,residential,2.34064492505545,소로,,,
923,36.3466278,127.418671,대전광역시 대덕구 오정동 735,오정동,오정동,2025-11-05 12:43,8,23.6,5370429872,534559036,0,residential,2.34064492505545,residential,2.34064492505545,소로,,,
924,36.3461958,127.4186087,대전광역시 대덕구 오정동 753,오정동,오정동,2025-11-05 12:43,25,37.2,534559034,5370429872,0,primary,3.107415448385717,primary,3.107415448385717,대로,,,
925,36.3370087,127.4206364,대전광역시 중구 선화동 260-1,선화동,은행선화동,2025-11-05 12:39,8,21.1,8614317368,390265203,0,residential,3.216442024206065,residential,3.216442024206065,소로,,,
926,36.3362592,127.4206504,대전광역시 중구 선화동 920,선화동,은행선화동,2025-11-05 11:45,10,15.1,390265205,390265203,0,residential,46.69387600037835,residential,46.69387600037835,미분류,,,
927,36.3362592,127.4206504,대전광역시 중구 선화동 920,선화동,은행선화동,2025-11-05 11:45,10,16.0,390265203,390265205,0,residential,46.69387600037835,residential,46.69387600037835,미분류,,,
928,36.3750144,127.4152757,대전광역시 대덕구 읍내동 543-1,읍내동,회덕동,2025-11-05 8:38,8,21.1,308477623,308477641,0,residential,4.489104729508125,residential,4.489104729508125,소로,,,
929,36.3692116,127.4199592,대전광역시 대덕구 읍내동 543-13,읍내동,회덕동,2025-11-05 8:34,8,18.0,340760734,278191462,0,residential,5.272516310081012,residential,5.272516310081012,소로,,,
930,36.3407658,127.4214702,대전광역시 동구 삼성동 363-6,삼성동,삼성동,2025-11-05 8:23,15,24.4,8954523258,8954523255,0,secondary,7.786676829365248,secondary,7.786676829365248,중로,,,
931,36.3351279,127.4178133,대전광역시 중구 선화동 260-1,선화동,은행선화동,2025-11-04 20:27,15,24.8,390265211,8947837221,0,secondary,1.6366338296320293,secondary,1.6366338296320293,중로,,,
932,36.3461296,127.4104474,대전광역시 중구 중촌동 166-3,중촌동,중촌동,2025-11-04 20:22,8,11.4,6241808286,725892713,0,residential,2.073296361227725,residential,2.073296361227725,소로,,,
933,36.3583592,127.4168059,대전광역시 대덕구 오정동 728,오정동,오정동,2025-11-04 7:52,15,27.4,3987517355,3987517364,0,"['tertiary', 'residential']",1.1676849917778525,tertiary,1.1676849917778525,중로,,,
934,36.3555067,127.4165931,대전광역시 대덕구 오정동 686-5,오정동,오정동,2025-11-04 7:51,8,11.3,331390883,331390884,0,residential,6.780012503214771,residential,6.780012503214771,소로,,,
935,36.3555067,127.4165931,대전광역시 대덕구 오정동 686-5,오정동,오정동,2025-11-04 7:51,8,15.9,331390884,331390883,0,residential,6.780012503214771,residential,6.780012503214771,소로,,,
936,36.3503587,127.4195061,대전광역시 대덕구 오정동 735,오정동,오정동,2025-11-04 7:50,8,17.4,331390894,331390853,0,residential,0.79174034999403,residential,0.79174034999403,소로,,,
937,36.3497625,127.4197337,대전광역시 대덕구 오정동 254-1,오정동,오정동,2025-11-04 7:49,8,13.0,331390853,331390894,0,residential,5.267203261782752,residential,5.267203261782752,소로,,,
938,36.3487274,127.4196831,대전광역시 대덕구 오정동 735,오정동,오정동,2025-11-04 7:49,8,11.0,412126271,412126269,0,residential,0.755734200951968,residential,0.755734200951968,소로,,,
939,36.3487274,127.4196831,대전광역시 대덕구 오정동 735,오정동,오정동,2025-11-04 7:49,8,19.0,412126269,412126271,0,residential,0.755734200951968,residential,0.755734200951968,소로,,,
940,36.3452078,127.4199482,대전광역시 대덕구 오정동 753,오정동,오정동,2025-11-04 7:48,8,13.9,534559117,5370429880,0,residential,1.896207754241072,residential,1.896207754241072,소로,,,
941,36.3452078,127.4199482,대전광역시 대덕구 오정동 753,오정동,오정동,2025-11-04 7:48,8,15.5,5370429880,534559117,0,residential,1.896207754241072,residential,1.896207754241072,소로,,,
942,36.3361112,127.4200096,대전광역시 중구 선화동 920,선화동,은행선화동,2025-11-04 7:41,8,14.7,390265203,390265205,0,residential,17.127069860212675,residential,17.127069860212675,소로,,,
943,36.3356631,127.4211188,대전광역시 중구 선화동 920,선화동,은행선화동,2025-11-03 19:04,8,12.8,390265198,390265195,0,residential,20.15188642874893,residential,20.15188642874893,소로,,,
944,36.3356631,127.4211188,대전광역시 중구 선화동 920,선화동,은행선화동,2025-11-03 19:04,8,14.9,390265195,390265198,0,residential,20.15188642874893,residential,20.15188642874893,소로,,,
945,36.3582915,127.4167405,대전광역시 대덕구 오정동 728,오정동,오정동,2025-11-03 18:52,15,29.8,3987517355,3987517364,0,"['tertiary', 'residential']",4.435060075887701,tertiary,4.435060075887701,중로,,,
946,36.3582915,127.4167405,대전광역시 대덕구 오정동 728,오정동,오정동,2025-11-03 18:52,8,23.8,3987517364,3987517355,0,"['residential', 'tertiary']",4.435060075887701,residential,4.435060075887701,소로,,,
947,36.3704213,127.4186986,대전광역시 대덕구 대화동 568-16,대화동,회덕동,2025-11-03 18:46,8,15.4,340760734,308477615,0,residential,2.884309735378316,residential,2.884309735378316,소로,,,
948,36.3724587,127.4165696,대전광역시 대덕구 대화동 568-6,대화동,회덕동,2025-11-03 18:45,8,23.8,308477615,340760734,0,residential,0.307708198557157,residential,0.307708198557157,소로,,,
949,36.37355,127.4158963,대전광역시 대덕구 대화동 63-36,대화동,대화동,2025-11-03 18:45,8,24.6,308477615,308477623,0,residential,0.7973235499342946,residential,0.7973235499342946,소로,,,
950,36.3759021,127.414396,대전광역시 대덕구 대화동 568-39,대화동,대화동,2025-11-03 18:44,15,27.0,308477641,539314776,0,secondary,5.176251715715152,secondary,5.176251715715152,중로,,,
951,36.3793692,127.4084746,대전광역시 유성구 원촌동 45-12,원촌동,전민동,2025-11-03 18:38,15,24.2,8230105350,5649679764,0,secondary,9.443738042359632,secondary,9.443738042359632,중로,217.0,3010029_000_3010029_000_1,5.209653676282394
952,36.3906276,127.4069502,대전광역시 유성구 문지동 668,문지동,전민동,2025-11-03 13:28,8,11.9,4189566900,4189566896,0,residential,5.8658014074695135,residential,5.8658014074695135,소로,503.0,3167022_003_3167022_003_2,5.467664813170621
953,36.3688186,127.4202103,대전광역시 대덕구 읍내동 463-2,읍내동,대화동,2025-11-03 13:20,25,30.4,278191462,278191460,0,primary,3.572370183336667,primary,3.572370183336667,대로,,,
954,36.3688186,127.4202103,대전광역시 대덕구 읍내동 463-2,읍내동,대화동,2025-11-03 13:20,25,37.1,278191460,278191462,0,primary,3.572370183336667,primary,3.572370183336667,대로,,,
955,36.358903,127.4155229,대전광역시 대덕구 오정동 707,오정동,오정동,2025-11-03 11:04,25,35.0,278191445,8616874048,0,primary,3.754127260563292,primary,3.754127260563292,대로,,,
956,36.358903,127.4155229,대전광역시 대덕구 오정동 707,오정동,오정동,2025-11-03 11:04,25,27.5,8616874048,278191445,0,primary,3.754127260563292,primary,3.754127260563292,대로,,,
957,36.3808954,127.4065132,대전광역시 유성구 원촌동 90,원촌동,전민동,2025-11-03 10:55,15,27.8,12786210658,8230105353,0,secondary,3.308804721974234,secondary,3.308804721974234,중로,760.0,3167043_002_3167043_002_4,3.5013508675937484
958,36.3899677,127.4051266,대전광역시 유성구 문지동 667,문지동,전민동,2025-11-03 10:53,15,22.5,4189566894,308477643,0,secondary,8.516363556948708,secondary,8.516363556948708,중로,503.0,3167022_003_3167022_003_2,6.6365563431038135
959,36.3777406,127.4109035,대전광역시 대덕구 읍내동 505-36,읍내동,회덕동,2025-11-03 8:41,8,16.2,602918771,5649679760,0,trunk_link,4.445104317066178,trunk_link,4.445104317066178,소로,,,
960,36.3499012,127.4201528,대전광역시 대덕구 오정동 748-1,오정동,오정동,2025-11-03 8:24,8,21.2,534559194,331390853,0,residential,6.097393361864242,residential,6.097393361864242,소로,,,
961,36.3493163,127.4207218,대전광역시 대덕구 오정동 249-1,오정동,오정동,2025-11-03 8:24,8,11.8,534559193,534559194,0,residential,3.978647369407408,residential,3.978647369407408,소로,,,
962,36.3409507,127.4217521,대전광역시 동구 삼성동 363-13,삼성동,삼성동,2025-11-03 8:17,15,27.9,8954523258,8954523255,0,secondary,11.06230484592535,secondary,11.06230484592535,중로,,,
963,36.3151919,127.4247272,대전광역시 중구 대사동 644-20,대사동,대사동,2025-11-02 16:40,15,25.2,388475427,388475449,0,secondary,3.955719603906652,secondary,3.955719603906652,중로,,,
964,36.3245678,127.4282075,대전광역시 중구 대흥동 630,대흥동,대흥동,2025-11-02 16:34,15,17.3,414675773,8230105368,0,secondary,4.12091491793568,secondary,4.12091491793568,중로,,,
965,36.3245678,127.4282075,대전광역시 중구 대흥동 630,대흥동,대흥동,2025-11-02 16:34,15,29.1,8230105368,414675773,0,secondary,4.12091491793568,secondary,4.12091491793568,중로,,,
966,36.3256987,127.4276414,대전광역시 중구 대흥동 630,대흥동,대흥동,2025-11-02 16:33,15,15.8,562808867,562808855,0,secondary,3.796918963819318,secondary,3.796918963819318,중로,,,
967,36.362788,127.3945704,대전광역시 서구 둔산동 1514,둔산동,둔산2동,2025-11-02 12:45,15,22.5,8941183533,8941183518,0,secondary,9.315002920131503,secondary,9.315002920131503,중로,,,
968,36.3647732,127.370039,대전광역시 서구 월평동 1501,월평동,월평2동,2025-11-02 12:41,8,10.7,368498340,4838045030,0,secondary_link,0.3625739592160353,secondary_link,0.3625739592160353,소로,,,
969,36.3644767,127.3376013,대전광역시 유성구 장대동 321,장대동,온천2동,2025-11-02 12:36,15,22.3,448138721,382917409,0,secondary,5.32963934834817,secondary,5.32963934834817,중로,74.0,2010004_005_2010004_005_6,5.8326004658664194
970,36.3667681,127.3300976,대전광역시 유성구 장대동 116-10,장대동,온천2동,2025-11-02 12:33,15,19.7,390265327,276557644,0,secondary,2.030324225810052,secondary,2.030324225810052,중로,63.0,2010004_002_2010004_002_1,7.726781446674727
971,36.3605615,127.3069709,대전광역시 유성구 구암동 661-1,구암동,온천1동,2025-11-02 12:26,8,19.7,1738173367,1738173384,0,residential,8.900627700678225,residential,8.900627700678225,소로,4180.0,4301576_003_4301576_003_1,10.737833138641365
972,36.3605615,127.3069709,대전광역시 유성구 구암동 661-1,구암동,온천1동,2025-11-02 12:26,8,13.4,1738173384,1738173367,0,residential,8.900627700678225,residential,8.900627700678225,소로,4180.0,4301576_003_4301576_003_1,10.737833138641365
973,36.3602316,127.3076301,대전광역시 유성구 구암동 686,구암동,온천1동,2025-11-02 11:36,8,15.4,1738173361,1738173367,0,residential,1.7847114989786634,residential,1.7847114989786634,소로,4185.0,4301576_007_4301576_007_1,12.110143614797915
974,36.3608903,127.3075027,대전광역시 유성구 구암동 686,구암동,온천1동,2025-11-02 11:35,8,19.6,1738173402,1738173418,0,residential,1.4206172883747246,residential,1.4206172883747246,소로,4175.0,4301576_000_4301576_000_1,0.2674305729190556
975,36.3564951,127.3106959,대전광역시 유성구 구암동 495-3,구암동,온천1동,2025-11-02 11:31,15,16.9,354820106,1738173007,0,secondary,6.22773700919646,secondary,6.22773700919646,중로,1198.0,3342038_001_3342038_001_6,14.242065211748516
976,36.3564951,127.3106959,대전광역시 유성구 구암동 495-3,구암동,온천1동,2025-11-02 11:31,15,17.1,1738173007,354820106,0,secondary,6.22773700919646,secondary,6.22773700919646,중로,1198.0,3342038_001_3342038_001_6,14.242065211748516
977,36.3486934,127.3369186,대전광역시 유성구 상대동 556,상대동,온천1동,2025-11-02 11:22,8,22.2,436785582,1233482018,0,secondary_link,1.18055422097796,secondary_link,1.18055422097796,소로,80.0,2166002_000_2166002_000_3,15.542677757922709
978,36.3488224,127.3359519,대전광역시 유성구 구암동 639,구암동,온천1동,2025-11-02 9:12,8,21.9,579252391,1233482306,0,residential,2.541898780095553,residential,2.541898780095553,소로,3086.0,4301320_000_4301320_000_1,2.036687512659099
979,36.3488224,127.3359519,대전광역시 유성구 구암동 639,구암동,온천1동,2025-11-02 9:12,8,23.6,1233482306,579252391,0,residential,2.541898780095553,residential,2.541898780095553,소로,3086.0,4301320_000_4301320_000_1,2.036687512659099
980,36.3616012,127.3631847,대전광역시 서구 월평동 1517,월평동,월평3동,2025-11-02 9:05,15,16.5,4713365990,4736100788,0,secondary,7.282037839586964,secondary,7.282037839586964,중로,,,
981,36.3460354,127.4108023,대전광역시 중구 중촌동 413-99,중촌동,중촌동,2025-11-02 8:59,8,10.9,277924627,318361290,0,residential,1.7352793937053723,residential,1.7352793937053723,소로,,,
982,36.345209,127.4114883,대전광역시 중구 중촌동 413-19,중촌동,중촌동,2025-11-02 8:59,8,23.7,277924627,318361290,0,residential,1.2572675000905429,residential,1.2572675000905429,소로,,,
983,36.3432865,127.4121352,대전광역시 중구 중촌동 127,중촌동,중촌동,2025-11-02 8:58,8,19.6,318917824,277924627,0,residential,0.8542553858749281,residential,0.8542553858749281,소로,,,
984,36.3485754,127.4211426,대전광역시 대덕구 오정동 748-1,오정동,오정동,2025-10-31 19:11,8,11.3,534559190,534559193,0,residential,6.973919136715486,residential,6.973919136715486,소로,,,
985,36.3591114,127.4170711,대전광역시 대덕구 오정동 39-2,오정동,오정동,2025-10-31 19:09,8,17.4,3987517364,3987517355,0,"['residential', 'tertiary']",3.336236963237224,residential,3.336236963237224,소로,,,
986,36.391109,127.4073666,대전광역시 유성구 문지동 676,문지동,전민동,2025-10-31 18:28,8,12.0,4189566900,4189566902,0,residential,2.2374617191262574,residential,2.2374617191262574,소로,513.0,3167022_011_3167022_011_1,1.092974279341586
987,36.391109,127.4073666,대전광역시 유성구 문지동 676,문지동,전민동,2025-10-31 18:28,8,15.9,4189566902,4189566900,0,residential,2.2374617191262574,residential,2.2374617191262574,소로,513.0,3167022_011_3167022_011_1,1.092974279341586
988,36.3559585,127.4164607,대전광역시 대덕구 오정동 728,오정동,오정동,2025-10-31 8:33,8,14.2,331390880,331390883,0,residential,1.265294240195902,residential,1.265294240195902,소로,,,
989,36.3507797,127.4193395,대전광역시 대덕구 오정동 735,오정동,오정동,2025-10-31 8:32,8,12.9,534559053,331390853,0,residential,2.8298724249067018,residential,2.8298724249067018,소로,,,
990,36.3364002,127.4199303,대전광역시 중구 선화동 903,선화동,은행선화동,2025-10-31 8:24,8,15.2,390265205,390265203,0,residential,10.413821752249923,residential,10.413821752249923,소로,,,
991,36.3364002,127.4199303,대전광역시 중구 선화동 903,선화동,은행선화동,2025-10-31 8:24,8,17.9,390265203,390265205,0,residential,10.413821752249923,residential,10.413821752249923,소로,,,
992,36.3356942,127.421067,대전광역시 중구 선화동 920,선화동,은행선화동,2025-10-30 20:06,8,19.3,390265198,390265195,0,residential,25.67629500638993,residential,25.67629500638993,소로,,,
993,36.3709049,127.4181151,대전광역시 대덕구 대화동 1-29,대화동,대화동,2025-10-30 19:55,8,20.7,308477615,340760734,0,residential,3.314847943487205,residential,3.314847943487205,소로,,,
994,36.3732084,127.4160932,대전광역시 대덕구 읍내동 450-6,읍내동,회덕동,2025-10-30 19:54,8,12.4,308477615,308477623,0,residential,2.293521918704395,residential,2.293521918704395,소로,,,
995,36.3759142,127.4142828,대전광역시 대덕구 대화동 568-39,대화동,대화동,2025-10-30 19:54,15,29.1,539314776,308477641,0,secondary,7.953691535527187,secondary,7.953691535527187,중로,,,
996,36.3774491,127.4110319,대전광역시 대덕구 읍내동 543-37,읍내동,대화동,2025-10-30 19:52,25,31.2,278174857,602918784,0,trunk,1.1809677972302188,trunk,1.1809677972302188,대로,,,
997,36.3790994,127.4089072,대전광역시 유성구 원촌동 269-10,원촌동,전민동,2025-10-30 19:51,15,18.4,5649679764,5649679761,0,secondary,3.0718022354007144,secondary,3.0718022354007144,중로,217.0,3010029_000_3010029_000_1,4.104834656686209
998,36.3756518,127.4147962,대전광역시 대덕구 읍내동 543-1,읍내동,회덕동,2025-10-30 8:56,8,19.3,308477623,308477641,0,residential,4.017375394525692,residential,4.017375394525692,소로,,,
999,36.3756518,127.4147962,대전광역시 대덕구 읍내동 543-1,읍내동,회덕동,2025-10-30 8:56,8,16.3,308477641,308477623,0,residential,4.017375394525692,residential,4.017375394525692,소로,,,
1000,36.3753531,127.4149498,대전광역시 ,읍내동,회덕동,2025-10-30 8:53,8,24.6,308477623,308477641,0,residential,0.8657408591872391,residential,0.8657408591872391,소로,,,
1001,36.3554831,127.4167441,대전광역시 대덕구 오정동 108-26,오정동,오정동,2025-10-30 8:46,8,21.0,331390883,331390884,0,residential,4.959120416752286,residential,4.959120416752286,소로,,,
1002,36.3554831,127.4167441,대전광역시 대덕구 오정동 108-26,오정동,오정동,2025-10-30 8:46,8,17.9,331390884,331390883,0,residential,4.959120416752286,residential,4.959120416752286,소로,,,
1003,36.3356762,127.4208805,대전광역시 중구 선화동 920,선화동,은행선화동,2025-10-29 23:47,10,15.7,390265198,390265195,0,residential,33.89240934347586,residential,33.89240934347586,미분류,,,
1004,36.3356762,127.4208805,대전광역시 중구 선화동 920,선화동,은행선화동,2025-10-29 23:47,10,29.3,390265195,390265198,0,residential,33.89240934347586,residential,33.89240934347586,미분류,,,
1005,36.3363323,127.4207102,대전광역시 중구 선화동 920,선화동,은행선화동,2025-10-29 23:46,10,10.9,390265205,390265203,0,residential,44.845617006112384,residential,44.845617006112384,미분류,,,
1006,36.3363644,127.4204777,대전광역시 중구 선화동 920,선화동,은행선화동,2025-10-29 23:46,8,11.3,390265203,390265205,0,residential,27.45046662312918,residential,27.45046662312918,소로,,,
1007,36.3915497,127.4077584,대전광역시 유성구 문지동 659-2,문지동,전민동,2025-10-29 23:33,8,19.5,4189566902,4189566907,0,residential,29.54154064938356,residential,29.54154064938356,소로,,,
1008,36.3900312,127.4059176,대전광역시 유성구 문지동 667,문지동,전민동,2025-10-29 8:52,8,19.0,4189566896,4189566894,0,residential,5.096381145124279,residential,5.096381145124279,소로,503.0,3167022_003_3167022_003_2,1.94975806676627
1009,36.3749149,127.4153833,대전광역시 대덕구 읍내동 543-1,읍내동,회덕동,2025-10-29 8:46,8,15.3,308477641,308477623,0,residential,5.180739772926822,residential,5.180739772926822,소로,,,
1010,36.3541996,127.4173074,대전광역시 대덕구 오정동 729,오정동,오정동,2025-10-29 8:35,8,13.1,534559072,534559071,0,residential,1.90435771943234,residential,1.90435771943234,소로,,,
1011,36.3292816,127.4431608,대전광역시 동구 대동 138-56,대동,대동,2025-10-28 16:49,15,17.6,452361857,452361863,0,secondary,1.4745693493340188,secondary,1.4745693493340188,중로,,,
1012,36.330872,127.4607762,대전광역시 동구 용운동 180-13,용운동,용운동,2025-10-28 16:45,8,12.0,1006362625,320423790,0,residential,11.33353751396226,residential,11.33353751396226,소로,,,
1013,36.330872,127.4607762,대전광역시 동구 용운동 180-13,용운동,용운동,2025-10-28 16:45,8,16.9,320423790,1006362625,0,residential,11.33353751396226,residential,11.33353751396226,소로,,,
1014,36.335027,127.4502945,대전광역시 동구 자양동 333,자양동,자양동,2025-10-28 9:04,15,26.2,308712440,309313928,0,secondary,2.5643888149865743,secondary,2.5643888149865743,중로,,,
1015,36.336046,127.4206062,대전광역시 중구 선화동 920,선화동,은행선화동,2025-10-27 19:36,10,28.2,390265701,390265201,0,residential,57.232295324956034,residential,57.232295324956034,미분류,,,
1016,36.336046,127.4206062,대전광역시 중구 선화동 920,선화동,은행선화동,2025-10-27 19:36,10,27.1,390265201,390265701,0,residential,57.232295324956034,residential,57.232295324956034,미분류,,,
1017,36.3351048,127.4223875,대전광역시 중구 선화동 260-1,선화동,은행선화동,2025-10-27 19:34,8,23.0,390265195,317411371,0,residential,7.610086612170941,residential,7.610086612170941,소로,,,
1018,36.3427847,127.427138,대전광역시 동구 성남동 226-3,성남동,성남동,2025-10-27 19:29,8,14.2,10221664572,312217178,0,residential,2.3449463299011986,residential,2.3449463299011986,소로,,,
1019,36.3449683,127.4244314,대전광역시 동구 홍도동 18-9,홍도동,홍도동,2025-10-27 19:29,8,10.5,534559149,3987517261,0,residential,0.4046471547420664,residential,0.4046471547420664,소로,,,
1020,36.3449683,127.4244314,대전광역시 동구 홍도동 18-9,홍도동,홍도동,2025-10-27 19:29,8,21.8,3987517261,534559149,0,residential,0.4046471547420664,residential,0.4046471547420664,소로,,,
1021,36.3504958,127.4194766,대전광역시 대덕구 오정동 735,오정동,오정동,2025-10-27 19:28,8,24.9,331390853,534559053,0,residential,0.1058309139167621,residential,0.1058309139167621,소로,,,
1022,36.3504958,127.4194766,대전광역시 대덕구 오정동 735,오정동,오정동,2025-10-27 19:28,8,21.4,534559053,331390853,0,residential,0.1058309139167621,residential,0.1058309139167621,소로,,,
1023,36.3522103,127.418508,대전광역시 대덕구 오정동 728,오정동,오정동,2025-10-27 19:27,8,18.0,534559056,534559053,0,residential,4.626732836649677,residential,4.626732836649677,소로,,,
1024,36.3522103,127.418508,대전광역시 대덕구 오정동 728,오정동,오정동,2025-10-27 19:27,8,17.1,534559053,534559056,0,residential,4.626732836649677,residential,4.626732836649677,소로,,,
1025,36.3779836,127.4105801,대전광역시 대덕구 읍내동 505-3,읍내동,회덕동,2025-10-27 8:38,15,27.1,5649679761,5649679764,0,secondary,1.4438813963352652,secondary,1.4438813963352652,중로,,,
1026,36.3552877,127.4167865,대전광역시 대덕구 오정동 728,오정동,오정동,2025-10-27 8:27,8,14.7,534559073,331390884,0,residential,0.5997427873352744,residential,0.5997427873352744,소로,,,
1027,36.3539246,127.4175106,대전광역시 대덕구 오정동 728,오정동,오정동,2025-10-27 8:26,8,12.6,534559071,534559061,0,residential,0.5284104754357651,residential,0.5284104754357651,소로,,,
1028,36.3397152,127.4208375,대전광역시 동구 삼성동 470,삼성동,삼성동,2025-10-27 8:16,8,12.2,412126339,412126408,0,residential,1.7871699995802564,residential,1.7871699995802564,소로,,,
1029,36.3356861,127.4245063,대전광역시 동구 삼성동 280-1,삼성동,삼성동,2025-10-26 11:46,8,24.0,519603345,519603380,0,residential,4.752745480892331,residential,4.752745480892331,소로,,,
1030,36.3341402,127.4191144,대전광역시 중구 선화동 260-1,선화동,은행선화동,2025-10-26 11:40,15,27.4,8947837222,8947837230,0,secondary,0.9734179859206044,secondary,0.9734179859206044,중로,,,
1031,36.3407266,127.3324674,대전광역시 유성구 상대동 490,상대동,상대동,2025-10-26 11:05,15,15.7,8948682869,8948660210,0,tertiary,3.0849200392719367,tertiary,3.0849200392719367,중로,1187.0,3342032_003_3342032_003_1,7.415426170830257
1032,36.348054,127.3309326,대전광역시 유성구 상대동 556,상대동,상대동,2025-10-26 11:04,15,17.8,8948682850,1233483061,0,secondary,2.000495611178417,secondary,2.000495611178417,중로,1188.0,3342032_003_3342032_003_2,7.381369752239728
1033,36.3518013,127.3485119,대전광역시 유성구 봉명동 1058,봉명동,온천1동,2025-10-26 9:28,25,30.5,8941183448,626311525,0,primary,9.760504550572511,primary,9.760504550572511,대로,207.0,3010024_004_3010024_004_6,4.375291591822162
1034,36.3179165,127.4230444,대전광역시 중구 대사동 227,대사동,대사동,2025-10-25 15:47,25,27.1,315808668,278184453,0,primary,3.870934915777312,primary,3.870934915777312,대로,,,
1035,36.3208279,127.4144762,대전광역시 중구 문화동 1-18,문화동,문화1동,2025-10-25 15:43,25,30.1,317411175,599910288,0,primary,4.097680984275247,primary,4.097680984275247,대로,,,
1036,36.322233,127.4120654,대전광역시 중구 오류동 195,오류동,문화1동,2025-10-25 15:42,8,13.9,7045329469,7045329475,0,primary_link,1.4297102088387657,primary_link,1.4297102088387657,소로,,,
1037,36.3272046,127.3720301,대전광역시 서구 도마동 487,도마동,도마1동,2025-10-25 15:28,15,16.4,663131471,324878514,0,secondary,5.629206511922399,secondary,5.629206511922399,중로,,,
1038,36.3272046,127.3720301,대전광역시 서구 도마동 487,도마동,도마1동,2025-10-25 15:28,15,19.9,324878514,663131471,0,secondary,5.629206511922399,secondary,5.629206511922399,중로,,,
1039,36.3306109,127.3707739,대전광역시 서구 변동 254-478,변동,변동,2025-10-25 15:26,15,25.0,547802914,307687704,0,secondary,7.755363304820858,secondary,7.755363304820858,중로,,,
1040,36.3306109,127.3707739,대전광역시 서구 변동 254-478,변동,변동,2025-10-25 15:26,15,22.6,307687704,547802914,0,secondary,7.755363304820858,secondary,7.755363304820858,중로,,,
1041,36.3435552,127.4072009,대전광역시 중구 중촌동 266-11,중촌동,중촌동,2025-10-25 12:07,15,16.1,951131662,951131578,0,secondary,2.480248113597863,secondary,2.480248113597863,중로,,,
1042,36.3373946,127.412706,대전광역시 중구 중촌동 18-6,중촌동,중촌동,2025-10-25 11:39,8,19.7,11392049517,431018534,0,residential,2.9193262177645947,residential,2.9193262177645947,소로,,,
1043,36.3373946,127.412706,대전광역시 중구 중촌동 18-6,중촌동,중촌동,2025-10-25 11:39,8,13.0,431018534,11392049517,0,residential,2.9193262177645947,residential,2.9193262177645947,소로,,,
1044,36.3722701,127.3192955,대전광역시 유성구 지족동 976,지족동,노은1동,2025-02-24 14:55,8,16.2,436785530,436867574,0,residential,4.90479977724127,residential,4.90479977724127,소로,3346.0,4301366_002_4301366_002_1,3.8788347668577012
1045,36.3722701,127.3192955,대전광역시 유성구 지족동 976,지족동,노은1동,2025-02-24 14:55,8,20.8,436867574,436785530,0,residential,4.90479977724127,residential,4.90479977724127,소로,3346.0,4301366_002_4301366_002_1,3.8788347668577012
1046,36.3722099,127.32074,대전광역시 유성구 지족동 976,지족동,노은1동,2025-02-24 14:47,15,21.4,9494746087,436867579,0,tertiary,0.4111029917679689,tertiary,0.4111029917679689,중로,908.0,3167057_000_3167057_000_3,2.699989215132734
1047,36.3722099,127.32074,대전광역시 유성구 지족동 976,지족동,노은1동,2025-02-24 14:47,15,15.7,436867579,9494746087,0,tertiary,0.4111029917679689,tertiary,0.4111029917679689,중로,908.0,3167057_000_3167057_000_3,2.699989215132734
1048,36.4013992,127.3624886,대전광역시 유성구 장동 241-5,장동,신성동,2025-02-24 14:35,25,21.9,8946214832,278713053,0,primary,2.418007084487313,primary,2.418007084487313,대로,93.0,2167001_001_2167001_001_8,9.95342462166809
1049,36.4057152,127.3680603,대전광역시 유성구 방현동 350,방현동,신성동,2025-02-24 14:34,25,20.8,3399377140,8946214832,0,primary,10.167783929868229,primary,10.167783929868229,대로,93.0,2167001_001_2167001_001_8,15.50546991502389
1050,36.4116995,127.3776491,대전광역시 유성구 화암동 156-8,화암동,신성동,2025-02-21 14:03,25,27.4,275898514,8234413994,0,primary,20.87017505274633,primary,20.87017505274633,대로,2135.0,4301123_001_4301123_001_1,6.149239783011337
1051,36.3688226,127.3073111,대전광역시 유성구 노은동 산 24-139,노은동,노은1동,2025-02-21 9:55,15,24.6,1621279042,1621278919,0,tertiary,10.4472824583155,tertiary,10.4472824583155,중로,950.0,3167064_001_3167064_001_1,8.46024455112666
1052,36.3108119,127.264629,대전광역시 유성구 세동 산 75-1,세동,진잠동,2025-02-19 16:04,25,33.5,411283223,411283197,0,trunk,1.1840860561111464,trunk,1.1840860561111464,대로,1134.0,3251050_002_3251050_002_3,9.46223909540031
1053,36.2877553,127.2650484,대전광역시 유성구 송정동 150-1,송정동,진잠동,2025-02-19 15:57,10,17.2,493897989,493897999,0,residential,44.54838412674596,residential,44.54838412674596,미분류,1674.0,4301037_002_4301037_002_2,0.5028714114203514
1054,36.2877553,127.2650484,대전광역시 유성구 송정동 150-1,송정동,진잠동,2025-02-19 15:57,10,22.2,493897999,493897989,0,residential,44.54838412674596,residential,44.54838412674596,미분류,1674.0,4301037_002_4301037_002_2,0.5028714114203514
1055,36.2858963,127.2607678,대전광역시 유성구 송정동 195-2,송정동,진잠동,2025-02-19 15:55,8,24.4,493898131,493898015,0,residential,4.878553060853314,residential,4.878553060853314,소로,2675.0,4301232_001_4301232_001_5,5.742521117537806
1056,36.2858963,127.2607678,대전광역시 유성구 송정동 195-2,송정동,진잠동,2025-02-19 15:55,8,14.9,493898015,493898131,0,residential,4.878553060853314,residential,4.878553060853314,소로,2675.0,4301232_001_4301232_001_5,5.742521117537806
1057,36.2798812,127.256012,대전광역시 유성구 송정동 334-1,송정동,진잠동,2025-02-19 15:53,8,11.2,493898082,376355427,0,residential,4.160110469629452,residential,4.160110469629452,소로,1446.0,4000015_000_4000015_000_1,8.38288313207794
1058,36.3660647,127.3650315,대전광역시 유성구 구성동 464,구성동,온천2동,2025-02-18 14:18,15,25.1,9065211919,4531188559,0,secondary,10.455971629477562,secondary,10.455971629477562,중로,1118.0,3167083_001_3167083_001_8,11.787908221433105
1059,36.3660647,127.3650315,대전광역시 유성구 구성동 464,구성동,온천2동,2025-02-18 14:18,15,22.1,4531188559,9065211919,0,secondary,10.455971629477562,secondary,10.455971629477562,중로,1118.0,3167083_001_3167083_001_8,11.787908221433105
1060,36.3674379,127.3672516,대전광역시 유성구 구성동 464,구성동,온천2동,2025-02-18 14:17,15,26.8,4497860968,9065211919,0,secondary,9.37785034868332,secondary,9.37785034868332,중로,1118.0,3167083_001_3167083_001_8,11.048161571798227
1061,36.3674379,127.3672516,대전광역시 유성구 구성동 464,구성동,온천2동,2025-02-18 14:17,15,23.0,9065211919,4497860968,0,secondary,9.37785034868332,secondary,9.37785034868332,중로,1118.0,3167083_001_3167083_001_8,11.048161571798227
1062,36.3103308,127.2906615,대전광역시 유성구 성북동 731-11,성북동,진잠동,2025-02-17 11:09,15,23.3,411277686,538799951,0,tertiary,0.1523466876604731,tertiary,0.1523466876604731,중로,644.0,3167034_016_3167034_016_5,1.0063633278890922
1063,36.3606775,127.3539206,대전광역시 유성구 어은동 311,어은동,온천2동,2025-02-14 10:39,15,21.6,276653810,352964392,0,secondary,4.816670961800567,secondary,4.816670961800567,중로,1116.0,3167083_001_3167083_001_6,7.110162830453756
1064,36.3606775,127.3539206,대전광역시 유성구 어은동 311,어은동,온천2동,2025-02-14 10:39,15,21.6,352964392,276653810,0,secondary,4.816670961800567,secondary,4.816670961800567,중로,1116.0,3167083_001_3167083_001_6,7.110162830453756
1065,36.3593899,127.3092959,대전광역시 유성구 구암동 692,구암동,온천1동,2025-02-11 14:18,25,34.8,280043780,6267461535,0,primary,8.516524981033124,primary,8.516524981033124,대로,4183.0,4301576_005_4301576_005_1,12.771289740714678
1066,36.3509417,127.3377304,대전광역시 유성구 구암동 638,구암동,온천1동,2025-02-05 14:32,15,18.1,579252407,436785592,0,secondary,5.894377712798068,secondary,5.894377712798068,중로,1567.0,4301024_000_4301024_000_6,6.367969530902385
1067,36.3509417,127.3377304,대전광역시 유성구 구암동 638,구암동,온천1동,2025-02-05 14:32,15,20.9,436785592,579252407,0,secondary,5.894377712798068,secondary,5.894377712798068,중로,1567.0,4301024_000_4301024_000_6,6.367969530902385
1068,36.3610177,127.3550136,대전광역시 유성구 어은동 311,어은동,온천2동,2025-01-31 14:14,15,15.9,276653810,352964392,0,secondary,5.327518905638756,secondary,5.327518905638756,중로,1116.0,3167083_001_3167083_001_6,7.382217210762381
1069,36.3610177,127.3550136,대전광역시 유성구 어은동 311,어은동,온천2동,2025-01-31 14:14,15,23.6,352964392,276653810,0,secondary,5.327518905638756,secondary,5.327518905638756,중로,1116.0,3167083_001_3167083_001_6,7.382217210762381
1070,36.3823481,127.3435827,대전광역시 유성구 신성동 367-4,신성동,신성동,2025-01-31 14:04,25,29.1,446009148,446009147,0,primary,3.951476132884861,primary,3.951476132884861,대로,113.0,2167001_010_2167001_010_1,8.203252064915036
1071,36.3935838,127.3498387,대전광역시 유성구 자운동 25-3,자운동,신성동,2025-01-31 14:02,8,10.1,382917477,5454084974,0,primary_link,2.954266345957865,primary_link,2.954266345957865,소로,92.0,2167001_001_2167001_001_7,15.215222123077188
1072,36.3911042,127.3355129,대전광역시 유성구 하기동 산 51-19,하기동,신성동,2025-01-31 13:58,8,19.5,279794974,279794833,0,residential,2.560662218125984,residential,2.560662218125984,소로,3657.0,4301437_003_4301437_003_1,3.1799336483394756
1073,36.3911042,127.3355129,대전광역시 유성구 하기동 산 51-19,하기동,신성동,2025-01-31 13:58,8,14.8,279794833,279794974,0,residential,2.560662218125984,residential,2.560662218125984,소로,3657.0,4301437_003_4301437_003_1,3.1799336483394756
1074,36.391666,127.3321587,대전광역시 유성구 하기동 470-1,하기동,신성동,2025-01-31 13:57,8,11.5,279794833,279794974,0,residential,1.3659014787244643,residential,1.3659014787244643,소로,3657.0,4301437_003_4301437_003_1,1.267713397677071
1075,36.39681,127.3098958,대전광역시 유성구 반석동 612,반석동,노은3동,2025-01-24 15:20,10,25.8,1097717876,390265536,0,residential,30.40701304431641,residential,30.40701304431641,미분류,2325.0,4301177_001_4301177_001_1,28.585022790515424
1076,36.3609282,127.3545996,대전광역시 유성구 어은동 311,어은동,온천2동,2025-01-24 11:18,15,23.4,276653810,352964392,0,secondary,9.328326533362874,secondary,9.328326533362874,중로,1116.0,3167083_001_3167083_001_6,11.467271123718872
1077,36.3617629,127.3565156,대전광역시 유성구 어은동 109,어은동,온천2동,2025-01-24 11:17,15,19.3,276653810,277881193,0,secondary,28.592131956310705,secondary,28.592131956310705,중로,,,
1078,36.3617629,127.3565156,대전광역시 유성구 어은동 109,어은동,온천2동,2025-01-24 11:17,15,19.1,277881193,276653810,0,secondary,28.592131956310705,secondary,28.592131956310705,중로,,,
1079,36.3322053,127.3334737,대전광역시 유성구 용계동 681,용계동,진잠동,2025-01-23 14:52,8,21.5,1844835550,1844835519,0,secondary_link,4.094486911548158,secondary_link,4.094486911548158,소로,55.0,2010003_000_2010003_000_2,0.6322679303219901
1080,36.3407582,127.3376271,대전광역시 유성구 상대동 498,상대동,상대동,2025-01-23 14:48,15,29.4,3162526193,837543024,0,secondary,3.232366749764263,secondary,3.232366749764263,중로,47.0,2010002_000_2010002_000_2,10.897898510836766
1081,36.3461284,127.3401774,대전광역시 유성구 상대동 498,상대동,상대동,2025-01-23 14:47,15,28.1,8261788651,8261788599,0,secondary,0.7489094452310407,secondary,0.7489094452310407,중로,48.0,2010002_000_2010002_000_3,11.407485595638912
1082,36.3484258,127.3352962,대전광역시 유성구 상대동 489,상대동,상대동,2025-01-23 10:53,15,18.4,1233483048,837543079,0,secondary,2.837658288634666,secondary,2.837658288634666,중로,80.0,2166002_000_2166002_000_3,13.069955936061838
1083,36.4087135,127.3755944,대전광역시 유성구 화암동 99-6,화암동,신성동,2025-01-22 15:26,25,28.4,8234414014,8234428164,0,primary,0.2496824954611576,primary,0.2496824954611576,대로,43.0,2010001_014_2010001_014_11,4.39348238461216
1084,36.4472911,127.3841781,대전광역시 유성구 봉산동 693-2,봉산동,구즉동,2025-01-22 15:19,15,23.0,277117885,277117886,0,secondary,2.266261044730296,secondary,2.266261044730296,중로,179.0,3000098_006_3000098_006_7,1.302001781151324
1085,36.4472911,127.3841781,대전광역시 유성구 봉산동 693-2,봉산동,구즉동,2025-01-22 15:19,15,20.3,277117886,277117885,0,secondary,2.266261044730296,secondary,2.266261044730296,중로,179.0,3000098_006_3000098_006_7,1.302001781151324
1086,36.3612899,127.3559658,대전광역시 유성구 어은동 311,어은동,온천2동,2025-01-22 13:56,15,27.7,276653810,277881193,0,secondary,2.174524604754829,secondary,2.174524604754829,중로,1117.0,3167083_001_3167083_001_7,4.4980281131150015
1087,36.3612899,127.3559658,대전광역시 유성구 어은동 311,어은동,온천2동,2025-01-22 13:56,15,29.9,277881193,276653810,0,secondary,2.174524604754829,secondary,2.174524604754829,중로,1117.0,3167083_001_3167083_001_7,4.4980281131150015
1088,36.3872696,127.3434526,대전광역시 유성구 하기동 산 2-7,하기동,신성동,2025-01-20 13:57,25,32.2,446009161,764841613,0,primary,2.092788467799908,primary,2.092788467799908,대로,91.0,2167001_001_2167001_001_6,8.977269283452548
1089,36.3622265,127.3455471,대전광역시 유성구 궁동 220,궁동,온천2동,2025-01-20 13:50,15,27.7,12167636509,566882361,0,secondary,13.608184240174204,secondary,13.608184240174204,중로,1115.0,3167083_001_3167083_001_5,13.768789992225628
1090,36.3979554,127.3120737,대전광역시 유성구 외삼동 282-3,외삼동,노은2동,2025-01-20 10:00,8,23.5,1677905128,1677905147,0,residential,3.366706335042744,residential,3.366706335042744,소로,11.0,1000015_000_1000015_000_2,10.537002619920369
1091,36.3979554,127.3120737,대전광역시 유성구 외삼동 282-3,외삼동,노은2동,2025-01-20 10:00,8,16.0,1677905147,1677905128,0,residential,3.366706335042744,residential,3.366706335042744,소로,11.0,1000015_000_1000015_000_2,10.537002619920369
1092,36.3974904,127.3128827,대전광역시 유성구 외삼동 281-12,외삼동,노은2동,2025-01-20 10:00,8,17.7,1677905128,1677905147,0,residential,1.519641310291397,residential,1.519641310291397,소로,11.0,1000015_000_1000015_000_2,11.70682983242531
1093,36.3637151,127.3401727,대전광역시 유성구 장대동 321,장대동,온천2동,2025-01-20 9:50,15,18.0,12167636492,764841664,0,secondary,3.8438038799654297,secondary,3.8438038799654297,중로,3343.0,4301365_000_4301365_000_2,7.638410784291711
1094,36.3748903,127.3298318,대전광역시 유성구 죽동 222-2,죽동,노은1동,2025-01-17 15:51,8,20.9,446046960,3329528862,0,residential,6.436720849363697,residential,6.436720849363697,소로,3360.0,4301368_000_4301368_000_2,7.075268039790683
1095,36.3866267,127.3186665,대전광역시 유성구 지족동 1005,지족동,노은2동,2025-01-17 15:47,15,16.7,5313632194,5313632624,0,tertiary,0.9694705412385218,tertiary,0.9694705412385218,중로,606.0,3167033_004_3167033_004_2,0.114818476880269
1096,36.4212318,127.3814122,대전광역시 유성구 관평동 산 8-5,관평동,구즉동,2025-01-17 14:06,25,30.5,277760893,11250966640,0,primary,3.931567465435499,primary,3.931567465435499,대로,45.0,2010001_014_2010001_014_13,7.882598983271925
1097,36.4403871,127.3166947,세종특별자치시 금남면 금천리 205-2,금남면,금남면,2025-01-17 10:05,10,19.4,1549832455,770080427,0,motorway_link,2634.1650997799024,motorway_link,2634.1650997799024,미분류,,,
1098,36.4406968,127.3151904,세종특별자치시 금남면 금천리 371-1,금남면,금남면,2025-01-17 10:05,10,17.5,1549832455,770080427,0,motorway_link,2587.228303613562,motorway_link,2587.228303613562,미분류,,,
1099,36.4436262,127.2874405,세종특별자치시 금남면 감성리 66-3,금남면,금남면,2025-01-17 10:00,10,11.8,2055472178,1549832460,0,trunk,2492.414593149925,trunk,2492.414593149925,미분류,,,
1100,36.4436262,127.2874405,세종특별자치시 금남면 감성리 66-3,금남면,금남면,2025-01-17 10:00,10,25.4,2055472178,770080427,0,motorway_link,2492.414593149925,motorway_link,2492.414593149925,미분류,,,
1101,36.3949089,127.3124904,대전광역시 유성구 반석동 685,반석동,노은3동,2025-01-13 16:45,15,19.0,5313590009,626355820,0,tertiary,0.8215573049678438,tertiary,0.8215573049678438,중로,608.0,3167033_004_3167033_004_4,9.721011629175765
1102,36.3784783,127.3292636,대전광역시 유성구 죽동 369,죽동,노은1동,2025-01-13 16:23,8,19.0,446046960,4646298555,0,residential,1.2804632915396257,residential,1.2804632915396257,소로,3359.0,4301368_000_4301368_000_1,1.3860633731966254
1103,36.3775279,127.3307317,대전광역시 유성구 죽동 381,죽동,노은1동,2025-01-13 16:23,8,17.9,4646298555,446046960,0,residential,1.3647101444629397,residential,1.3647101444629397,소로,3359.0,4301368_000_4301368_000_1,1.4028834475829266
1104,36.3767163,127.3308416,대전광역시 유성구 죽동 562-2,죽동,노은1동,2025-01-13 16:23,8,17.6,4646298555,446046960,0,residential,0.4426736460385514,residential,0.4426736460385514,소로,3359.0,4301368_000_4301368_000_1,0.491281210354193
1105,36.3767163,127.3308416,대전광역시 유성구 죽동 562-2,죽동,노은1동,2025-01-13 16:23,8,20.2,446046960,4646298555,0,residential,0.4426736460385514,residential,0.4426736460385514,소로,3359.0,4301368_000_4301368_000_1,0.491281210354193
1106,36.3750905,127.3297712,대전광역시 유성구 죽동 561-1,죽동,노은1동,2025-01-13 16:22,8,19.9,446046960,4646298555,0,residential,0.0802813253792041,residential,0.0802813253792041,소로,3360.0,4301368_000_4301368_000_2,1.2154404171839548
1107,36.3605156,127.3507753,대전광역시 유성구 궁동 27-2,궁동,온천2동,2025-01-13 14:03,15,18.9,5076769331,566882377,0,secondary,3.19060555247631,secondary,3.19060555247631,중로,1116.0,3167083_001_3167083_001_6,7.158694224057186
1108,36.3605156,127.3507753,대전광역시 유성구 궁동 27-2,궁동,온천2동,2025-01-13 14:03,15,18.3,566882377,5076769331,0,secondary,3.19060555247631,secondary,3.19060555247631,중로,1116.0,3167083_001_3167083_001_6,7.158694224057186
1109,36.3810703,127.4065609,대전광역시 유성구 원촌동 90,원촌동,전민동,2025-01-09 14:58,15,27.6,12786210658,8230105353,0,secondary,5.694624833781892,secondary,5.694624833781892,중로,760.0,3167043_002_3167043_002_4,6.735909366245703
1110,36.3809451,127.4065991,대전광역시 유성구 원촌동 90,원촌동,전민동,2025-01-09 14:58,15,27.5,12786210658,8230105353,0,secondary,5.534366972151317,secondary,5.534366972151317,중로,760.0,3167043_002_3167043_002_4,5.415962668302127
1111,36.3609685,127.3489032,대전광역시 유성구 궁동 367-2,궁동,온천2동,2024-12-30 10:42,15,19.3,566882388,566882377,0,secondary,5.1388040911797725,secondary,5.1388040911797725,중로,1115.0,3167083_001_3167083_001_5,7.754924595551317
1112,36.3598608,127.3347847,대전광역시 유성구 장대동 289,장대동,온천2동,2024-12-19 10:54,25,25.3,778834883,778834880,0,primary,2.517315167880844,primary,2.517315167880844,대로,90.0,2167001_001_2167001_001_5,8.553560045700626
1113,36.376836,127.3972063,대전광역시 유성구 도룡동 3-6,도룡동,신성동,2024-12-18 9:51,15,16.5,278159729,352962853,0,tertiary,0.8692933178619238,tertiary,0.8692933178619238,중로,2085.0,4301105_000_4301105_000_2,3.2778121317804723
1114,36.376836,127.3972063,대전광역시 유성구 도룡동 3-6,도룡동,신성동,2024-12-18 9:51,15,28.0,352962853,278159729,0,tertiary,0.8692933178619238,tertiary,0.8692933178619238,중로,2085.0,4301105_000_4301105_000_2,3.2778121317804723
1115,36.3613606,127.3562032,대전광역시 유성구 어은동 62-2,어은동,온천2동,2024-12-18 9:16,15,28.6,276653810,277881193,0,secondary,0.6109327295581024,secondary,0.6109327295581024,중로,1117.0,3167083_001_3167083_001_7,3.5278778225922176
1116,36.3613606,127.3562032,대전광역시 유성구 어은동 62-2,어은동,온천2동,2024-12-18 9:16,15,15.5,277881193,276653810,0,secondary,0.6109327295581024,secondary,0.6109327295581024,중로,1117.0,3167083_001_3167083_001_7,3.5278778225922176
1117,36.3840651,127.3068322,대전광역시 유성구 지족동 1062-1,지족동,노은3동,2024-12-17 14:15,8,18.2,2945367378,1738173927,0,residential,10.49720479910933,residential,10.49720479910933,소로,947.0,3167063_000_3167063_000_3,8.385157559415337
1118,36.3607183,127.353945,대전광역시 유성구 어은동 311,어은동,온천2동,2024-12-17 14:00,15,28.7,276653810,352964392,0,secondary,8.220532862233998,secondary,8.220532862233998,중로,1116.0,3167083_001_3167083_001_6,10.592441302212915
1119,36.3607183,127.353945,대전광역시 유성구 어은동 311,어은동,온천2동,2024-12-17 14:00,15,19.2,352964392,276653810,0,secondary,8.220532862233998,secondary,8.220532862233998,중로,1116.0,3167083_001_3167083_001_6,10.592441302212915
1120,36.3913696,127.3249799,대전광역시 유성구 하기동 603,하기동,노은2동,2024-12-17 10:12,15,24.5,8947618222,446046698,0,secondary,0.9502946774546368,secondary,0.9502946774546368,중로,372.0,3167015_003_3167015_003_11,9.752274649093115
1121,36.3938882,127.3504008,대전광역시 유성구 자운동 515-22,자운동,신성동,2024-12-16 10:58,25,27.7,5422290567,5454084973,0,primary,6.01758012934663,primary,6.01758012934663,대로,92.0,2167001_001_2167001_001_7,3.83699722496981
1122,36.2895888,127.3035583,대전광역시 유성구 방동 923,방동,진잠동,2024-12-13 14:16,15,17.6,538799706,473392051,0,tertiary,0.020533555501633,tertiary,0.020533555501633,중로,640.0,3167034_016_3167034_016_1,1.379139781857676
1123,36.2935971,127.2998492,대전광역시 유성구 성북동 731-6,성북동,진잠동,2024-12-13 14:14,15,22.3,538799706,473392051,0,tertiary,2.4129830830328287,tertiary,2.4129830830328287,중로,641.0,3167034_016_3167034_016_2,1.9273725921326865
1124,36.3114022,127.2896119,대전광역시 유성구 성북동 731-11,성북동,진잠동,2024-12-13 14:11,15,25.6,411277686,411277233,0,tertiary,1.6550412342378906,tertiary,1.6550412342378906,중로,644.0,3167034_016_3167034_016_5,1.545480795952219
1125,36.422838,127.4062961,대전광역시 유성구 용산동 605,용산동,관평동,2024-12-13 10:35,8,20.4,412126048,412126042,0,residential,4.588707834775472,residential,4.588707834775472,소로,1028.0,3167072_004_3167072_004_6,1.0471071652370032
1126,36.3632035,127.3409248,대전광역시 유성구 궁동 352,궁동,온천2동,2024-12-12 15:38,15,27.2,276653958,431031482,0,secondary,4.173429266328666,secondary,4.173429266328666,중로,2244.0,4301156_000_4301156_000_2,8.500851667825303
1127,36.3622149,127.3452893,대전광역시 유성구 궁동 220-9,궁동,온천2동,2024-12-12 13:38,15,17.8,566882361,12167636509,0,secondary,2.8768733371429467,secondary,2.8768733371429467,중로,1115.0,3167083_001_3167083_001_5,2.963675239136367
1128,36.3918194,127.3502968,대전광역시 유성구 신성동 466,신성동,신성동,2024-12-11 13:35,8,23.6,4667419969,534559406,0,residential,1.6324565048205666,residential,1.6324565048205666,소로,2758.0,4301249_000_4301249_000_2,1.0458970400321375
1129,36.3917997,127.3503174,대전광역시 유성구 신성동 466,신성동,신성동,2024-12-11 13:35,8,23.5,4667419969,534559406,0,residential,2.080370154104445,residential,2.080370154104445,소로,2758.0,4301249_000_4301249_000_2,1.1071745681361345
1130,36.3917997,127.3503174,대전광역시 유성구 신성동 466,신성동,신성동,2024-12-11 13:35,8,12.6,534559406,4667419969,0,residential,2.080370154104445,residential,2.080370154104445,소로,2758.0,4301249_000_4301249_000_2,1.1071745681361345
1131,36.360397,127.3518479,대전광역시 유성구 궁동 434,궁동,온천2동,2024-12-11 13:26,15,24.0,5076769331,496944183,0,secondary,3.265178416623157,secondary,3.265178416623157,중로,1116.0,3167083_001_3167083_001_6,8.511659872164113
1132,36.360397,127.3518479,대전광역시 유성구 궁동 434,궁동,온천2동,2024-12-11 13:26,15,20.4,496944183,5076769331,0,secondary,3.265178416623157,secondary,3.265178416623157,중로,1116.0,3167083_001_3167083_001_6,8.511659872164113
1133,36.3608519,127.3544088,대전광역시 유성구 어은동 311,어은동,온천2동,2024-12-11 13:25,15,21.6,276653810,352964392,0,secondary,7.414318341943662,secondary,7.414318341943662,중로,1116.0,3167083_001_3167083_001_6,9.719935836977957
1134,36.3608519,127.3544088,대전광역시 유성구 어은동 311,어은동,온천2동,2024-12-11 13:25,15,19.3,352964392,276653810,0,secondary,7.414318341943662,secondary,7.414318341943662,중로,1116.0,3167083_001_3167083_001_6,9.719935836977957
1135,36.3401016,127.3433003,대전광역시 유성구 원신흥동 586,원신흥동,원신흥동,2024-12-11 10:37,8,16.9,1278965561,1278965351,0,residential,6.479749328228294,residential,6.479749328228294,소로,3895.0,4301521_001_4301521_001_4,5.064213102240684
1136,36.3401016,127.3433003,대전광역시 유성구 원신흥동 586,원신흥동,원신흥동,2024-12-11 10:37,8,18.5,1278965351,1278965561,0,residential,6.479749328228294,residential,6.479749328228294,소로,3895.0,4301521_001_4301521_001_4,5.064213102240684
1137,36.314489,127.3214646,대전광역시 유성구 대정동 319,대정동,진잠동,2024-12-11 10:02,15,19.9,382917302,9055332663,0,tertiary,6.75072290402266,tertiary,6.75072290402266,중로,2146.0,4301126_001_4301126_001_2,5.103016913257417
1138,36.314489,127.3214646,대전광역시 유성구 대정동 319,대정동,진잠동,2024-12-11 10:02,15,17.0,9055332663,382917302,0,tertiary,6.75072290402266,tertiary,6.75072290402266,중로,2146.0,4301126_001_4301126_001_2,5.103016913257417
1139,36.3605842,127.3498916,대전광역시 유성구 궁동 29-4,궁동,온천2동,2024-12-10 12:23,15,21.2,566882377,566882388,0,secondary,8.97897179027891,secondary,8.97897179027891,중로,1115.0,3167083_001_3167083_001_5,4.943032582306511
1140,36.3620165,127.3563687,대전광역시 유성구 어은동 109,어은동,온천2동,2024-12-08 18:00,10,19.0,276653810,277881193,0,secondary,59.62401315176749,secondary,59.62401315176749,미분류,,,
1141,36.3620165,127.3563687,대전광역시 유성구 어은동 109,어은동,온천2동,2024-12-08 18:00,10,11.3,277881193,276653810,0,secondary,59.62401315176749,secondary,59.62401315176749,미분류,,,
1142,36.354413,127.3501158,대전광역시 유성구 봉명동 700,봉명동,온천1동,2024-12-08 17:55,15,28.9,8948647488,8948647482,0,secondary,2.9005834625519937,secondary,2.9005834625519937,중로,771.0,3167044_000_3167044_000_2,9.633093350386668
1143,36.3622186,127.344801,대전광역시 유성구 궁동 279-11,궁동,온천2동,2024-12-06 15:51,15,18.2,12167636519,12167636509,0,secondary,1.9452340064153288,secondary,1.9452340064153288,중로,1115.0,3167083_001_3167083_001_5,4.499160188985727
1144,36.3607916,127.3541535,대전광역시 유성구 어은동 311,어은동,온천2동,2024-12-06 13:56,15,23.1,276653810,352964392,0,secondary,9.19566205280026,secondary,9.19566205280026,중로,1116.0,3167083_001_3167083_001_6,11.704906828537444
1145,36.3607916,127.3541535,대전광역시 유성구 어은동 311,어은동,온천2동,2024-12-06 13:56,15,24.5,352964392,276653810,0,secondary,9.19566205280026,secondary,9.19566205280026,중로,1116.0,3167083_001_3167083_001_6,11.704906828537444
1146,36.3604127,127.3515997,대전광역시 유성구 궁동 434,궁동,온천2동,2024-12-06 9:47,15,22.3,5076769331,496944183,0,secondary,3.384448404268739,secondary,3.384448404268739,중로,1116.0,3167083_001_3167083_001_6,8.753227649125824
1147,36.3620263,127.3577154,대전광역시 유성구 어은동 59-1,어은동,온천2동,2024-12-05 14:04,15,24.4,277881193,566882635,0,secondary,0.8918547238111797,secondary,0.8918547238111797,중로,1117.0,3167083_001_3167083_001_7,0.36386716417718545
1148,36.360742,127.3442034,대전광역시 유성구 궁동 481,궁동,온천2동,2024-12-05 10:18,15,27.3,3630528501,12167636487,0,secondary,2.192357970008675,secondary,2.192357970008675,중로,1113.0,3167083_001_3167083_001_3,4.1031881960940595
1149,36.3361934,127.3327366,대전광역시 유성구 상대동 589,상대동,상대동,2024-12-05 9:47,8,10.2,9626364401,9626364403,0,residential,6.074030928358568,residential,6.074030928358568,소로,4411.0,4860038_000_4860038_000_1,9.05893819172861
1150,36.3361934,127.3327366,대전광역시 유성구 상대동 589,상대동,상대동,2024-12-05 9:47,8,15.5,9626364403,9626364401,0,residential,6.074030928358568,residential,6.074030928358568,소로,4411.0,4860038_000_4860038_000_1,9.05893819172861
1151,36.3361872,127.3334001,대전광역시 유성구 상대동 589,상대동,상대동,2024-12-05 9:47,8,24.9,9626364403,9412913722,0,residential,5.423810129064861,residential,5.423810129064861,소로,4411.0,4860038_000_4860038_000_1,11.407857137643513
1152,36.3609414,127.3548325,대전광역시 유성구 어은동 311,어은동,온천2동,2024-12-05 9:37,15,24.5,352964392,276653810,0,secondary,3.3306803739478887,secondary,3.3306803739478887,중로,1116.0,3167083_001_3167083_001_6,5.321864899976069
1153,36.3496406,127.3263028,대전광역시 유성구 구암동 240-4,구암동,온천1동,2024-12-04 14:23,8,21.5,12383985579,12383985589,0,residential,5.607401381485082,residential,5.607401381485082,소로,103.0,2167001_005_2167001_005_1,7.256948081437572
1154,36.3496406,127.3263028,대전광역시 유성구 구암동 240-4,구암동,온천1동,2024-12-04 14:23,8,12.9,12383985589,12383985579,0,residential,5.607401381485082,residential,5.607401381485082,소로,103.0,2167001_005_2167001_005_1,7.256948081437572
1155,36.3496309,127.32608,대전광역시 유성구 구암동 240,구암동,온천1동,2024-12-04 14:21,8,18.5,12383985579,12383985589,0,residential,4.568800237085519,residential,4.568800237085519,소로,103.0,2167001_005_2167001_005_1,6.084797197609523
1156,36.3496309,127.32608,대전광역시 유성구 구암동 240,구암동,온천1동,2024-12-04 14:21,8,11.4,12383985589,12383985579,0,residential,4.568800237085519,residential,4.568800237085519,소로,103.0,2167001_005_2167001_005_1,6.084797197609523
1157,36.3486059,127.3265601,대전광역시 유성구 상대동 556,상대동,온천1동,2024-12-03 10:29,15,26.8,6313710989,8946214750,0,secondary,3.5847723422303432,secondary,3.5847723422303432,중로,78.0,2166002_000_2166002_000_1,5.804037238891413
1158,36.3624738,127.3571108,대전광역시 유성구 어은동 316,어은동,온천2동,2024-12-02 18:56,8,18.2,566882622,277881193,0,residential,7.675316943379993,residential,7.675316943379993,소로,754.0,3167042_000_3167042_000_1,5.260018310649993
1159,36.4206472,127.3864573,대전광역시 유성구 관평동 673,관평동,관평동,2024-12-02 14:36,15,15.3,8239290388,8237640865,0,secondary,1.5965839794963883,secondary,1.5965839794963883,중로,1056.0,3167074_002_3167074_002_5,2.5058815997727377
1160,36.4206472,127.3864573,대전광역시 유성구 관평동 673,관평동,관평동,2024-12-02 14:36,15,16.0,8237640865,8239290388,0,secondary,1.5965839794963883,secondary,1.5965839794963883,중로,1056.0,3167074_002_3167074_002_5,2.5058815997727377
1161,36.4205666,127.3864053,대전광역시 유성구 관평동 673,관평동,관평동,2024-12-02 14:36,15,22.9,8239290388,8237640865,0,secondary,1.6225913938889245,secondary,1.6225913938889245,중로,1056.0,3167074_002_3167074_002_5,2.525742144920822
1162,36.4205666,127.3864053,대전광역시 유성구 관평동 673,관평동,관평동,2024-12-02 14:36,15,22.0,8237640865,8239290388,0,secondary,1.6225913938889245,secondary,1.6225913938889245,중로,1056.0,3167074_002_3167074_002_5,2.525742144920822
1163,36.4202204,127.3861794,대전광역시 유성구 관평동 673,관평동,관평동,2024-12-02 14:36,15,15.9,8239290388,8237640865,0,secondary,1.5320616873065245,secondary,1.5320616873065245,중로,1056.0,3167074_002_3167074_002_5,2.408599312167607
1164,36.4027555,127.4049664,대전광역시 유성구 전민동 464-3,전민동,전민동,2024-12-02 14:29,15,28.7,4639776992,3957267895,0,tertiary,4.382643916812804,tertiary,4.382643916812804,중로,764.0,3167043_002_3167043_002_8,8.449480787346113
1165,36.4027555,127.4049664,대전광역시 유성구 전민동 464-3,전민동,전민동,2024-12-02 14:29,15,29.7,3957267895,4639776992,0,tertiary,4.382643916812804,tertiary,4.382643916812804,중로,764.0,3167043_002_3167043_002_8,8.449480787346113
1166,36.3611846,127.3442745,대전광역시 유성구 궁동 481,궁동,온천2동,2024-11-28 14:07,15,22.7,12167636488,566882355,0,secondary,3.763748535084815,secondary,3.763748535084815,중로,1114.0,3167083_001_3167083_001_4,4.669601047622401
1167,36.3575604,127.3398734,대전광역시 유성구 장대동 373,장대동,온천2동,2024-11-27 14:36,8,12.8,1097718217,8950772502,0,residential,4.620085352043066,residential,4.620085352043066,소로,783.0,3167047_002_3167047_002_4,3.6127081251621203
1168,36.3580947,127.3396878,대전광역시 유성구 장대동 373,장대동,온천2동,2024-11-27 14:36,8,24.3,276653971,1097718217,0,residential,3.857435200844556,residential,3.857435200844556,소로,783.0,3167047_002_3167047_002_4,4.010269316260355
1169,36.3747697,127.341719,대전광역시 유성구 궁동 115,궁동,온천2동,2024-11-27 13:48,25,32.5,8946214804,8946214794,0,primary,5.821029093290393,primary,5.821029093290393,대로,91.0,2167001_001_2167001_001_6,3.539500919978708
1170,36.3575589,127.3410558,대전광역시 유성구 봉명동 603,봉명동,온천1동,2024-11-27 13:11,8,12.6,12167477671,667240799,0,residential,1.252096800853017,residential,1.252096800853017,소로,788.0,3167047_004_3167047_004_1,7.512512972678177
1171,36.3624363,127.3431994,대전광역시 유성구 궁동 254-3,궁동,온천2동,2024-11-06 15:43,8,14.1,431031482,276653994,0,secondary_link,1.4768900192724153,secondary_link,1.4768900192724153,소로,76.0,2010004_005_2010004_005_8,14.710120305729914
1172,36.3650676,127.3631632,대전광역시 유성구 구성동 445-1,구성동,온천2동,2024-11-05 9:42,15,23.0,9065211919,4531188559,0,secondary,6.880115091484099,secondary,6.880115091484099,중로,1118.0,3167083_001_3167083_001_8,5.205589584032772
1173,36.3650676,127.3631632,대전광역시 유성구 구성동 445-1,구성동,온천2동,2024-11-05 9:42,15,28.7,4531188559,9065211919,0,secondary,6.880115091484099,secondary,6.880115091484099,중로,1118.0,3167083_001_3167083_001_8,5.205589584032772
1174,36.374778,127.394908,대전광역시 유성구 도룡동 8-59,도룡동,신성동,2024-11-01 14:13,15,15.4,278085795,352962773,0,secondary,3.152616111667628,secondary,3.152616111667628,중로,757.0,3167043_002_3167043_002_1,0.8412139021842959
1175,36.3496234,127.326575,대전광역시 유성구 구암동 242-10,구암동,온천1동,2024-10-31 14:04,8,13.4,12383985579,12383985589,0,residential,3.65269173274062,residential,3.65269173274062,소로,103.0,2167001_005_2167001_005_1,8.110725632279904
1176,36.3496234,127.326575,대전광역시 유성구 구암동 242-10,구암동,온천1동,2024-10-31 14:04,8,18.8,12383985589,12383985579,0,residential,3.65269173274062,residential,3.65269173274062,소로,103.0,2167001_005_2167001_005_1,8.110725632279904
1177,36.3616374,127.3579044,대전광역시 유성구 어은동 262-1,어은동,온천2동,2024-10-31 10:08,8,18.4,277881193,764820238,0,residential,3.2461183049793565,residential,3.2461183049793565,소로,754.0,3167042_000_3167042_000_1,0.9991910299810569
1178,36.3761827,127.338944,대전광역시 유성구 죽동 799,죽동,온천2동,2024-10-30 15:03,15,18.3,571344911,3329529033,0,tertiary,14.965622289509543,tertiary,14.965622289509543,중로,4284.0,4851246_000_4851246_000_1,15.966117235987985
1179,36.3761827,127.338944,대전광역시 유성구 죽동 799,죽동,온천2동,2024-10-30 15:03,15,27.6,3329529033,571344911,0,tertiary,14.965622289509543,tertiary,14.965622289509543,중로,4284.0,4851246_000_4851246_000_1,15.966117235987985
1180,36.3243918,127.3123664,대전광역시 유성구 용계동 402-11,용계동,진잠동,2024-10-30 14:17,15,26.8,526753586,382917315,0,secondary,3.6667811658906713,secondary,3.6667811658906713,중로,86.0,2167001_001_2167001_001_1,3.238687981936351
1181,36.3933142,127.4069405,대전광역시 유성구 문지동 668,문지동,전민동,2024-10-30 14:11,8,13.1,4189566908,4189566914,0,residential,4.368658328549874,residential,4.368658328549874,소로,503.0,3167022_003_3167022_003_2,3.858288758124081
1182,36.3933142,127.4069405,대전광역시 유성구 문지동 668,문지동,전민동,2024-10-30 14:11,8,23.5,4189566914,4189566908,0,residential,4.368658328549874,residential,4.368658328549874,소로,503.0,3167022_003_3167022_003_2,3.858288758124081
1183,36.353581,127.3414063,대전광역시 유성구 봉명동 553-2,봉명동,온천1동,2024-10-30 14:05,15,15.7,8261788562,1233482537,0,secondary,1.7521426317937434,secondary,1.7521426317937434,중로,49.0,2010002_000_2010002_000_4,7.787944910946744
1184,36.3608378,127.3542696,대전광역시 유성구 어은동 106-2,어은동,온천2동,2024-10-30 13:59,15,24.2,276653810,352964392,0,secondary,10.336607722107868,secondary,10.336607722107868,중로,1116.0,3167083_001_3167083_001_6,12.749830455975552
1185,36.3608378,127.3542696,대전광역시 유성구 어은동 106-2,어은동,온천2동,2024-10-30 13:59,15,16.5,352964392,276653810,0,secondary,10.336607722107868,secondary,10.336607722107868,중로,1116.0,3167083_001_3167083_001_6,12.749830455975552
1186,36.3133259,127.3163753,대전광역시 유성구 교촌동 519-3,교촌동,진잠동,2024-10-30 10:02,15,22.3,8946186851,8946186860,0,secondary,1.4293015406039358,secondary,1.4293015406039358,중로,86.0,2167001_001_2167001_001_1,6.367526926857166
1187,36.348614,127.3325623,대전광역시 유성구 상대동 556,상대동,온천1동,2024-10-30 9:19,15,17.3,936174567,436824626,0,secondary,3.4695481274274527,secondary,3.4695481274274527,중로,79.0,2166002_000_2166002_000_2,8.672332335753577
1188,36.3595458,127.3231565,대전광역시 유성구 장대동 258-5,장대동,온천2동,2024-10-29 11:08,25,34.9,1097717728,1097717741,0,primary,1.8603673923623487,primary,1.8603673923623487,대로,244.0,3010030_015_3010030_015_5,11.44828144889477
1189,36.3638746,127.33984,대전광역시 유성구 장대동 321,장대동,온천2동,2024-10-29 9:34,15,23.9,12167636492,764841664,0,secondary,2.024662282792469,secondary,2.024662282792469,중로,3338.0,4301363_000_4301363_000_3,11.437332327449461
1190,36.3636689,127.3404366,대전광역시 유성구 장대동 377,장대동,온천2동,2024-10-29 9:34,15,16.3,12167636492,764841664,0,secondary,5.008739433625305,secondary,5.008739433625305,중로,76.0,2010004_005_2010004_005_8,12.654441130924397
1191,36.2999096,127.315775,대전광역시 유성구 원내동 197-23,원내동,진잠동,2024-10-28 12:35,8,14.3,562808077,562808083,0,residential,5.279709329649,residential,5.279709329649,소로,3617.0,4301430_001_4301430_001_1,6.544382544143912
1192,36.2999096,127.315775,대전광역시 유성구 원내동 197-23,원내동,진잠동,2024-10-28 12:35,8,14.4,562808083,562808077,0,residential,5.279709329649,residential,5.279709329649,소로,3617.0,4301430_001_4301430_001_1,6.544382544143912
1193,36.3234643,127.317443,대전광역시 유성구 용계동 400-4,용계동,진잠동,2024-10-28 10:37,8,19.6,382917327,1401757837,0,residential,17.368435034626206,residential,17.368435034626206,소로,3182.0,4301335_002_4301335_002_1,12.077383436589308
1194,36.3246945,127.3190443,대전광역시 유성구 용계동 623,용계동,진잠동,2024-10-28 10:36,10,20.6,382917327,1401757837,0,residential,183.01507840292857,residential,183.01507840292857,미분류,3182.0,4301335_002_4301335_002_1,0.9819217000005777
1195,36.3246945,127.3190443,대전광역시 유성구 용계동 623,용계동,진잠동,2024-10-28 10:36,10,18.4,1401757837,382917327,0,residential,183.01507840292857,residential,183.01507840292857,미분류,3182.0,4301335_002_4301335_002_1,0.9819217000005777
1196,36.3598444,127.3051123,대전광역시 유성구 덕명동 570,덕명동,학하동,2024-10-28 10:26,15,18.5,8947766385,1738173343,0,secondary,0.6408499751434769,secondary,0.6408499751434769,중로,54.0,2010003_000_2010003_000_1,7.623674025909556
1197,36.3507579,127.2975022,대전광역시 유성구 덕명동 154-15,덕명동,학하동,2024-10-28 10:24,15,25.3,8947766372,8947766385,0,secondary,0.3794993319446075,secondary,0.3794993319446075,중로,54.0,2010003_000_2010003_000_1,1.32088928879701
1198,36.3454301,127.3019064,대전광역시 유성구 덕명동 621,덕명동,학하동,2024-10-28 10:21,15,18.2,1313838373,1564782283,0,secondary,1.4567061219739494,secondary,1.4567061219739494,중로,1233.0,3342041_000_3342041_000_2,6.36981784827583
1199,36.3454301,127.3019064,대전광역시 유성구 덕명동 621,덕명동,학하동,2024-10-28 10:21,15,23.3,1564782283,1313838373,0,secondary,1.4567061219739494,secondary,1.4567061219739494,중로,1233.0,3342041_000_3342041_000_2,6.36981784827583
1200,36.3408826,127.3198701,대전광역시 유성구 복용동 175-3,복용동,상대동,2024-09-20 15:21,15,20.0,526753694,8946186914,0,secondary,1.538570069983747,secondary,1.538570069983747,중로,86.0,2167001_001_2167001_001_1,7.458431827291178
1201,36.3050871,127.2942619,대전광역시 유성구 성북동 761,성북동,진잠동,2024-09-20 15:00,8,18.4,411278048,411278037,0,residential,0.4990810383569953,residential,0.4990810383569953,소로,627.0,3167034_006_3167034_006_1,0.4765009316824849
1202,36.3050871,127.2942619,대전광역시 유성구 성북동 761,성북동,진잠동,2024-09-20 15:00,8,13.7,411278037,411278048,0,residential,0.4990810383569953,residential,0.4990810383569953,소로,627.0,3167034_006_3167034_006_1,0.4765009316824849
1203,36.3371305,127.3345333,대전광역시 유성구 상대동 498,상대동,상대동,2024-09-10 9:56,8,16.6,837543338,9412913722,0,residential,2.335749885923635,residential,2.335749885923635,소로,47.0,2010002_000_2010002_000_2,12.706978670577346
1204,36.3623567,127.3568282,대전광역시 유성구 어은동 109,어은동,온천2동,2024-09-08 16:40,10,12.2,566882622,277881193,0,residential,35.952268198062555,residential,35.952268198062555,미분류,,,
1205,36.3623567,127.3568282,대전광역시 유성구 어은동 109,어은동,온천2동,2024-09-08 16:40,10,27.4,277881193,566882622,0,residential,35.952268198062555,residential,35.952268198062555,미분류,,,
1206,36.3403616,127.3087813,대전광역시 유성구 학하동 792,학하동,학하동,2024-09-08 15:31,8,16.4,1401758294,1564781809,0,residential,4.215961607215374,residential,4.215961607215374,소로,4236.0,4301586_000_4301586_000_1,5.274238824572801
1207,36.3403616,127.3087813,대전광역시 유성구 학하동 792,학하동,학하동,2024-09-08 15:31,8,15.8,1564781809,1401758294,0,residential,4.215961607215374,residential,4.215961607215374,소로,4236.0,4301586_000_4301586_000_1,5.274238824572801
1208,36.3385493,127.316879,대전광역시 유성구 학하동 685-139,학하동,학하동,2024-09-08 15:29,8,19.1,431031788,526780473,0,residential,14.709962447507149,residential,14.709962447507149,소로,580.0,3167030_005_3167030_005_1,16.054725928103856
1209,36.3385493,127.316879,대전광역시 유성구 학하동 685-139,학하동,학하동,2024-09-08 15:29,8,17.8,526780473,431031788,0,residential,14.709962447507149,residential,14.709962447507149,소로,580.0,3167030_005_3167030_005_1,16.054725928103856
1210,36.3378753,127.325972,대전광역시 유성구 복용동 458,복용동,상대동,2024-09-08 15:26,8,23.4,526780636,526780686,0,residential,0.3524746224318072,residential,0.3524746224318072,소로,585.0,3167030_005_3167030_005_6,1.4325686329756349
1211,36.3378753,127.325972,대전광역시 유성구 복용동 458,복용동,상대동,2024-09-08 15:26,8,24.7,526780686,526780636,0,residential,0.3524746224318072,residential,0.3524746224318072,소로,585.0,3167030_005_3167030_005_6,1.4325686329756349
1212,36.3454733,127.3389475,대전광역시 유성구 상대동 495,상대동,상대동,2024-09-08 15:15,8,20.1,1233482844,1233483013,0,residential,1.0731629221045191,residential,1.0731629221045191,소로,1178.0,3342030_000_3342030_000_3,0.7105686186484361
1213,36.3454733,127.3389475,대전광역시 유성구 상대동 495,상대동,상대동,2024-09-08 15:15,8,19.6,1233483013,1233482844,0,residential,1.0731629221045191,residential,1.0731629221045191,소로,1178.0,3342030_000_3342030_000_3,0.7105686186484361
1214,36.4087304,127.3755045,대전광역시 유성구 화암동 99-6,화암동,신성동,2024-09-06 14:24,25,39.8,8234414014,8234428164,0,primary,7.582110189387278,primary,7.582110189387278,대로,43.0,2010001_014_2010001_014_11,11.920566695244736
1215,36.3624144,127.3561372,대전광역시 유성구 어은동 109,어은동,온천2동,2024-08-06 9:25,8,20.5,566882623,566882614,0,residential,20.126635833785866,residential,20.126635833785866,소로,2814.0,4301264_000_4301264_000_1,17.815395764134735
1216,36.364056,127.3558003,대전광역시 유성구 어은동 99,어은동,온천2동,2024-08-05 17:41,10,21.1,566882617,4531302795,0,residential,107.18464471188992,residential,107.18464471188992,미분류,,,
1217,36.369134,127.3504628,대전광역시 유성구 궁동 220,어은동,온천2동,2024-08-05 17:38,8,19.2,352964361,566882533,0,"['unclassified', 'residential']",0.4869889268017266,unclassified,0.4869889268017266,소로,,,
1218,36.369134,127.3504628,대전광역시 유성구 궁동 220,어은동,온천2동,2024-08-05 17:38,8,23.0,566882533,352964361,0,"['unclassified', 'residential']",0.4869889268017266,unclassified,0.4869889268017266,소로,,,
1219,36.3940462,127.3504939,대전광역시 유성구 자운동 17-15,자운동,신성동,2024-08-05 17:15,25,38.3,5422290567,5454084973,0,primary,0.07640133292861,primary,0.07640133292861,대로,92.0,2167001_001_2167001_001_7,10.71705464569082
1220,36.3971543,127.3548409,대전광역시 유성구 장동 362-2,장동,신성동,2024-08-05 17:13,25,26.8,278713053,5422087413,0,primary,1.907785457114814,primary,1.907785457114814,대로,92.0,2167001_001_2167001_001_7,5.389878048897769
1221,36.4119107,127.3779061,대전광역시 유성구 화암동 120-3,화암동,신성동,2024-08-05 17:09,25,36.1,275898514,8234413994,0,primary,5.648047299677109,primary,5.648047299677109,대로,43.0,2010001_014_2010001_014_11,10.04940692393037
1222,36.4182704,127.3788462,대전광역시 유성구 관평동 657-3,관평동,관평동,2024-08-05 16:51,25,38.9,8964537390,5632877268,0,primary,1.7197462776104833,primary,1.7197462776104833,대로,45.0,2010001_014_2010001_014_13,7.327799098810892
1223,36.3546954,127.3382101,대전광역시 유성구 봉명동 529,봉명동,온천1동,2024-08-05 10:40,25,39.2,579252436,579252434,0,primary,2.3395742826450765,primary,2.3395742826450765,대로,202.0,3010024_004_3010024_004_1,0.5891303240766043
1224,36.353136,127.3369673,대전광역시 유성구 봉명동 534,봉명동,온천1동,2024-08-05 10:39,8,17.5,579252398,579252435,0,residential,5.073381385575026,residential,5.073381385575026,소로,1556.0,4301022_001_4301022_001_2,3.3767535953850407
1225,36.353136,127.3369673,대전광역시 유성구 봉명동 534,봉명동,온천1동,2024-08-05 10:39,8,19.2,579252435,579252398,0,residential,5.073381385575026,residential,5.073381385575026,소로,1556.0,4301022_001_4301022_001_2,3.3767535953850407
1226,36.3848419,127.3785481,대전광역시 유성구 도룡동 409,도룡동,신성동,2024-08-01 16:29,25,21.4,8234428269,276402302,0,primary,6.23991111416672,primary,6.23991111416672,대로,40.0,2010001_014_2010001_014_8,6.9938917690019595
1227,36.3636454,127.3272178,대전광역시 유성구 장대동 231-2,장대동,온천2동,2024-08-01 10:11,15,15.0,1097717902,5314381773,0,tertiary,1.8997653412257427,tertiary,1.8997653412257427,중로,78.0,2166002_000_2166002_000_1,10.446881995496376
1228,36.3603685,127.3267128,대전광역시 유성구 장대동 223-20,장대동,온천2동,2024-08-01 10:10,15,15.1,281503450,1097717902,0,tertiary,5.4512568645985935,tertiary,5.4512568645985935,중로,78.0,2166002_000_2166002_000_1,15.267869584825077
1229,36.3604705,127.3031363,대전광역시 유성구 덕명동 555,덕명동,학하동,2024-08-01 9:43,25,29.7,4347033352,1621278598,0,primary,1.4218497665368377,primary,1.4218497665368377,대로,242.0,3010030_015_3010030_015_3,10.626416198775956
1230,36.3594928,127.3239981,대전광역시 유성구 장대동 295,장대동,온천2동,2024-08-01 9:41,25,27.7,1097717728,1097717741,0,primary,5.03968393890901,primary,5.03968393890901,대로,244.0,3010030_015_3010030_015_5,4.605762464585763
1231,36.358922,127.3287995,대전광역시 유성구 장대동 258,장대동,온천2동,2024-08-01 9:39,25,26.5,8946214766,1097717775,0,primary,2.391243759481127,primary,2.391243759481127,대로,246.0,3010030_015_3010030_015_7,2.2143666964074304
1232,36.3585989,127.3374559,대전광역시 유성구 장대동 290,장대동,온천2동,2024-08-01 9:31,8,18.0,1097718200,1097717897,0,residential,1.6167106282811838,residential,1.6167106282811838,소로,3319.0,4301354_000_4301354_000_4,1.4856333174673308
1233,36.3585989,127.3374559,대전광역시 유성구 장대동 290,장대동,온천2동,2024-08-01 9:31,8,16.2,1097717897,1097718200,0,residential,1.6167106282811838,residential,1.6167106282811838,소로,3319.0,4301354_000_4301354_000_4,1.4856333174673308
1234,36.3595454,127.3429622,대전광역시 유성구 봉명동 601,봉명동,온천1동,2024-08-01 9:28,15,29.0,431031504,281503424,0,secondary,0.1598998708458729,secondary,0.1598998708458729,중로,517.0,3167023_000_3167023_000_2,2.750866205126529
1235,36.3595454,127.3429622,대전광역시 유성구 봉명동 601,봉명동,온천1동,2024-08-01 9:28,15,25.1,281503424,431031504,0,secondary,0.1598998708458729,secondary,0.1598998708458729,중로,517.0,3167023_000_3167023_000_2,2.750866205126529
1236,36.3624294,127.3562708,대전광역시 유성구 어은동 109,어은동,온천2동,2024-07-31 15:00,8,25.0,566882614,566882623,0,residential,24.61830899676997,residential,24.61830899676997,소로,2814.0,4301264_000_4301264_000_1,22.251594527248496
1237,36.3624294,127.3562708,대전광역시 유성구 어은동 109,어은동,온천2동,2024-07-31 15:00,8,19.2,566882623,566882614,0,residential,24.61830899676997,residential,24.61830899676997,소로,2814.0,4301264_000_4301264_000_1,22.251594527248496
1238,36.3623864,127.3561796,대전광역시 유성구 어은동 109,어은동,온천2동,2024-07-31 15:00,8,20.6,566882614,566882623,0,residential,24.710444358277787,residential,24.710444358277787,소로,2814.0,4301264_000_4301264_000_1,22.39043627194184
1239,36.3623864,127.3561796,대전광역시 유성구 어은동 109,어은동,온천2동,2024-07-31 15:00,8,18.4,566882623,566882614,0,residential,24.710444358277787,residential,24.710444358277787,소로,2814.0,4301264_000_4301264_000_1,22.39043627194184
1240,36.3585841,127.3371612,대전광역시 유성구 장대동 290,장대동,온천2동,2024-07-30 9:42,8,21.2,1097718200,1097717897,0,residential,3.3939671165676604,residential,3.3939671165676604,소로,3319.0,4301354_000_4301354_000_4,0.4088745091282773
1241,36.3910014,127.4078363,대전광역시 유성구 문지동 661-3,문지동,전민동,2024-07-29 15:48,8,21.5,4189566900,4189566902,0,residential,14.151707210292612,residential,14.151707210292612,소로,513.0,3167022_011_3167022_011_1,12.986393691536849
1242,36.3910014,127.4078363,대전광역시 유성구 문지동 661-3,문지동,전민동,2024-07-29 15:48,8,20.6,4189566902,4189566900,0,residential,14.151707210292612,residential,14.151707210292612,소로,513.0,3167022_011_3167022_011_1,12.986393691536849
1243,36.4458044,127.3853474,대전광역시 유성구 봉산동 714,봉산동,구즉동,2024-07-29 15:47,10,19.3,277117885,277117886,0,secondary,117.42511650780186,secondary,117.42511650780186,미분류,186.0,3000098_008_3000098_008_2,22.0875105542041
1244,36.4458044,127.3853474,대전광역시 유성구 봉산동 714,봉산동,구즉동,2024-07-29 15:47,10,20.8,277117886,277117885,0,secondary,117.42511650780186,secondary,117.42511650780186,미분류,186.0,3000098_008_3000098_008_2,22.0875105542041
1245,36.4192753,127.37974,대전광역시 유성구 덕진동 산 14-3,덕진동,관평동,2024-07-29 15:38,25,26.7,5632877273,527742464,0,primary,5.398066074279381,primary,5.398066074279381,대로,45.0,2010001_014_2010001_014_13,4.052601645824336
1246,36.3666797,127.3272001,대전광역시 유성구 노은동 74,노은동,노은1동,2024-07-26 10:57,8,15.4,8947604523,10792404846,0,secondary_link,0.8218968357658235,secondary_link,0.8218968357658235,소로,78.0,2166002_000_2166002_000_1,16.60230927736446
1247,36.4069446,127.3732953,대전광역시 유성구 방현동 9-12,방현동,신성동,2024-07-26 10:24,25,38.3,3399377140,8946214832,0,primary,4.596414776219126,primary,4.596414776219126,대로,93.0,2167001_001_2167001_001_8,5.736327394324213
1248,36.3598648,127.2932792,대전광역시 유성구 갑동 392-11,갑동,노은1동,2024-07-25 10:20,25,22.9,354820422,936174653,0,primary,15.001211295803191,primary,15.001211295803191,대로,248.0,3010030_017_3010030_017_1,0.059007657198667025
1249,36.3042144,127.3203217,대전광역시 유성구 원내동 773,원내동,진잠동,2024-07-23 11:00,15,16.8,8946186849,382917260,0,tertiary,4.7400852441398325,tertiary,4.7400852441398325,중로,968.0,3167066_002_3167066_002_8,2.1607436556759385
1250,36.3042144,127.3203217,대전광역시 유성구 원내동 773,원내동,진잠동,2024-07-23 11:00,15,26.6,8946186849,382917260,0,tertiary,4.7400852441398325,tertiary,4.7400852441398325,중로,968.0,3167066_002_3167066_002_8,2.1607436556759385
1251,36.3034721,127.3176269,대전광역시 유성구 원내동 773,원내동,진잠동,2024-07-23 11:00,15,28.4,382917260,382917250,0,tertiary,4.149999753672152,tertiary,4.149999753672152,중로,967.0,3167066_002_3167066_002_7,0.8589505497899322
1252,36.3034721,127.3176269,대전광역시 유성구 원내동 773,원내동,진잠동,2024-07-23 11:00,15,19.5,382917250,382917260,0,tertiary,4.149999753672152,tertiary,4.149999753672152,중로,967.0,3167066_002_3167066_002_7,0.8589505497899322
1253,36.3025569,127.3156015,대전광역시 유성구 원내동 773,원내동,진잠동,2024-07-23 10:58,15,28.2,382917250,526753440,0,tertiary,2.7046334865562875,tertiary,2.7046334865562875,중로,965.0,3167066_002_3167066_002_5,4.306620177447907
1254,36.3025569,127.3156015,대전광역시 유성구 원내동 773,원내동,진잠동,2024-07-23 10:58,15,18.2,526753440,382917250,0,tertiary,2.7046334865562875,tertiary,2.7046334865562875,중로,965.0,3167066_002_3167066_002_5,4.306620177447907
1255,36.3010087,127.3153214,대전광역시 유성구 원내동 773,원내동,진잠동,2024-07-23 10:58,8,17.2,526753434,562808102,0,residential,2.348686431382097,residential,2.348686431382097,소로,3526.0,4301413_004_4301413_004_1,2.936635784212002
1256,36.3006165,127.3154704,대전광역시 유성구 원내동 735,원내동,진잠동,2024-07-23 10:58,15,15.2,526753434,562808095,0,tertiary,5.583485553585579,tertiary,5.583485553585579,중로,3517.0,4301412_002_4301412_002_1,6.965823970259233
1257,36.2997707,127.3157655,대전광역시 유성구 원내동 735,원내동,진잠동,2024-07-23 10:58,15,29.2,382917218,562808077,0,tertiary,5.391577603618859,tertiary,5.391577603618859,중로,963.0,3167066_002_3167066_002_3,6.476482652115516
1258,36.2997707,127.3157655,대전광역시 유성구 원내동 735,원내동,진잠동,2024-07-23 10:58,15,18.4,562808077,382917218,0,tertiary,5.391577603618859,tertiary,5.391577603618859,중로,963.0,3167066_002_3167066_002_3,6.476482652115516
1259,36.299355,127.3159116,대전광역시 유성구 원내동 735,원내동,진잠동,2024-07-23 10:57,15,18.9,382917218,382917272,0,tertiary,1.4941755626356676,tertiary,1.4941755626356676,중로,900.0,3167055_002_3167055_002_1,1.427467925591525
1260,36.2986844,127.3161518,대전광역시 유성구 원내동 736,원내동,진잠동,2024-07-23 10:56,8,22.0,382917263,12110481006,0,residential,4.934233389459104,residential,4.934233389459104,소로,963.0,3167066_002_3167066_002_3,6.248128262888091
1261,36.2986844,127.3161518,대전광역시 유성구 원내동 736,원내동,진잠동,2024-07-23 10:56,8,22.7,12110481006,382917263,0,residential,4.934233389459104,residential,4.934233389459104,소로,963.0,3167066_002_3167066_002_3,6.248128262888091
1262,36.2979338,127.3150333,대전광역시 유성구 원내동 280,원내동,진잠동,2024-07-23 10:43,8,12.1,812615844,812615966,0,residential,2.157233575910662,residential,2.157233575910662,소로,3599.0,4301424_003_4301424_003_2,4.3212623584600935
1263,36.2979338,127.3150333,대전광역시 유성구 원내동 280,원내동,진잠동,2024-07-23 10:43,8,13.3,812615966,812615844,0,residential,2.157233575910662,residential,2.157233575910662,소로,3599.0,4301424_003_4301424_003_2,4.3212623584600935
1264,36.2983857,127.3157099,대전광역시 유성구 원내동 708,원내동,진잠동,2024-07-23 10:42,8,21.5,382917264,812615844,0,residential,0.3440250495920166,residential,0.3440250495920166,소로,3595.0,4301424_001_4301424_001_1,0.3084102098249383
1265,36.2983857,127.3157099,대전광역시 유성구 원내동 708,원내동,진잠동,2024-07-23 10:42,8,20.6,812615844,382917264,0,residential,0.3440250495920166,residential,0.3440250495920166,소로,3595.0,4301424_001_4301424_001_1,0.3084102098249383
1266,36.2986134,127.316021,대전광역시 유성구 원내동 772,원내동,진잠동,2024-07-23 10:42,8,21.6,382917264,382917263,0,residential,0.5515308476738474,residential,0.5515308476738474,소로,963.0,3167066_002_3167066_002_3,7.2296180995056565
1267,36.2993358,127.3157872,대전광역시 유성구 원내동 772,원내동,진잠동,2024-07-23 10:41,8,23.2,382917218,382917264,0,residential,2.186327808865192,residential,2.186327808865192,소로,3596.0,4301424_001_4301424_001_2,2.6824955221633062
1268,36.2993358,127.3157872,대전광역시 유성구 원내동 772,원내동,진잠동,2024-07-23 10:41,8,13.4,382917264,382917218,0,residential,2.186327808865192,residential,2.186327808865192,소로,3596.0,4301424_001_4301424_001_2,2.6824955221633062
1269,36.3047175,127.320255,대전광역시 유성구 교촌동 652,교촌동,진잠동,2024-07-23 10:38,15,20.7,436880048,8946186849,0,secondary,6.713795771336814,secondary,6.713795771336814,중로,86.0,2167001_001_2167001_001_1,10.497257400325664
1270,36.3051794,127.3200677,대전광역시 유성구 교촌동 652,교촌동,진잠동,2024-07-23 10:38,15,29.2,436880048,8946186849,0,secondary,5.732685991016226,secondary,5.732685991016226,중로,86.0,2167001_001_2167001_001_1,10.342550993795136
1271,36.3110067,127.3174702,대전광역시 유성구 교촌동 123-4,교촌동,진잠동,2024-07-23 10:37,15,22.9,307688090,436880048,0,secondary,1.993581286368135,secondary,1.993581286368135,중로,86.0,2167001_001_2167001_001_1,7.049290275323983
1272,36.3144026,127.3157373,대전광역시 유성구 대정동 509-9,대정동,진잠동,2024-07-23 10:36,15,28.7,382917290,8946186867,0,secondary,1.4032106457501363,secondary,1.4032106457501363,중로,86.0,2167001_001_2167001_001_1,7.731757057701153
1273,36.3149986,127.3155018,대전광역시 유성구 대정동 507,대정동,진잠동,2024-07-23 10:36,15,15.5,538800936,382917290,0,secondary,0.161465546479113,secondary,0.161465546479113,중로,86.0,2167001_001_2167001_001_1,9.328810762218493
1274,36.3201457,127.3136482,대전광역시 유성구 대정동 산 38-1,대정동,진잠동,2024-07-23 10:36,15,15.9,382917315,307688084,0,secondary,2.2772437176997244,secondary,2.2772437176997244,중로,985.0,3167067_009_3167067_009_1,9.16392943246
1275,36.3244361,127.3123075,대전광역시 유성구 용계동 402-11,용계동,진잠동,2024-07-23 10:35,15,29.2,526753586,382917315,0,secondary,0.8486463857507065,secondary,0.8486463857507065,중로,86.0,2167001_001_2167001_001_1,7.792379108131712
1276,36.3273335,127.3122078,대전광역시 유성구 용계동 산 50-6,용계동,진잠동,2024-07-23 10:35,15,29.5,526753586,382917315,0,secondary,1.195896249787349,secondary,1.195896249787349,중로,86.0,2167001_001_2167001_001_1,7.725248616208175
1277,36.3297016,127.3129649,대전광역시 유성구 용계동 390-3,용계동,진잠동,2024-07-23 10:34,15,29.9,307688062,8946186894,0,secondary,0.0268722021106488,secondary,0.0268722021106488,중로,86.0,2167001_001_2167001_001_1,8.74543713358214
1278,36.3299821,127.3131031,대전광역시 유성구 용계동 390-3,용계동,진잠동,2024-07-23 10:34,15,23.9,307688062,8946186894,0,secondary,0.8566785215692017,secondary,0.8566785215692017,중로,86.0,2167001_001_2167001_001_1,7.975080515365618
1279,36.3361049,127.3167407,대전광역시 유성구 학하동 687,학하동,학하동,2024-07-23 10:34,15,27.8,526753679,307688062,0,secondary,0.803358688786941,secondary,0.803358688786941,중로,86.0,2167001_001_2167001_001_1,7.608676047039877
1280,36.3486282,127.3267053,대전광역시 유성구 상대동 556,상대동,온천1동,2024-07-23 10:30,15,21.6,6313710989,8946214750,0,secondary,1.1269203916527206,secondary,1.1269203916527206,중로,78.0,2166002_000_2166002_000_1,9.15854604944248
1281,36.3486235,127.3312673,대전광역시 유성구 상대동 556,상대동,온천1동,2024-07-23 10:29,15,22.3,436824626,1313838679,0,secondary,1.987734513022235,secondary,1.987734513022235,중로,79.0,2166002_000_2166002_000_2,9.501819067503616
1282,36.3486235,127.3313473,대전광역시 유성구 상대동 556,상대동,온천1동,2024-07-23 10:28,15,29.0,436824626,1313838679,0,secondary,2.0206919678123927,secondary,2.0206919678123927,중로,79.0,2166002_000_2166002_000_2,9.515551304738391
1283,36.3486556,127.3335618,대전광역시 유성구 상대동 556,상대동,온천1동,2024-07-23 10:28,15,22.2,936174228,936174567,0,secondary,1.2826045746229522,secondary,1.2826045746229522,중로,3067.0,4301316_001_4301316_001_1,8.117098104913884
1284,36.3486585,127.3358612,대전광역시 유성구 상대동 556,상대동,온천1동,2024-07-23 10:28,8,19.1,579252391,1233482306,0,residential,0.12836585816592,residential,0.12836585816592,소로,3086.0,4301320_000_4301320_000_1,0.7951287550070998
1285,36.3486706,127.3366655,대전광역시 유성구 상대동 556,상대동,온천1동,2024-07-23 10:27,8,13.6,436785582,1233482018,0,secondary_link,1.2447627097773712,secondary_link,1.2447627097773712,소로,80.0,2166002_000_2166002_000_3,13.180636459006188
1286,36.3486802,127.3371163,대전광역시 유성구 상대동 556,상대동,온천1동,2024-07-23 10:27,8,16.3,436785582,1233482018,0,secondary_link,0.365930417357697,secondary_link,0.365930417357697,소로,80.0,2166002_000_2166002_000_3,13.94611961652834
1287,36.3486954,127.3380289,대전광역시 유성구 상대동 556,상대동,온천1동,2024-07-23 10:27,8,19.9,436785582,1233482018,0,secondary_link,0.943900670710658,secondary_link,0.943900670710658,소로,80.0,2166002_000_2166002_000_3,15.025555225389777
1288,36.3488061,127.34008,대전광역시 유성구 봉명동 1058,봉명동,온천1동,2024-07-23 10:27,15,26.2,1233482378,8941183495,0,secondary,10.544148976773434,secondary,10.544148976773434,중로,48.0,2010002_000_2010002_000_3,18.842619848172166
1289,36.3493848,127.3400517,대전광역시 유성구 봉명동 1058,봉명동,온천1동,2024-07-23 10:27,8,21.9,579252399,1233482378,0,residential,4.0234132879477125,residential,4.0234132879477125,소로,2217.0,4301144_000_4301144_000_1,6.681584631221594
1290,36.3493848,127.3400517,대전광역시 유성구 봉명동 1058,봉명동,온천1동,2024-07-23 10:27,8,22.8,1233482378,579252399,0,residential,4.0234132879477125,residential,4.0234132879477125,소로,2217.0,4301144_000_4301144_000_1,6.681584631221594
1291,36.3575433,127.3427661,대전광역시 유성구 봉명동 608,봉명동,온천1동,2024-07-23 10:25,15,16.9,667240811,436863703,0,secondary,1.1756238425615757,secondary,1.1756238425615757,중로,1111.0,3167083_001_3167083_001_1,11.258638391423274
1292,36.3617499,127.3567053,대전광역시 유성구 어은동 109,어은동,온천2동,2024-07-23 10:20,15,28.2,276653810,277881193,0,secondary,19.284456666823186,secondary,19.284456666823186,중로,1117.0,3167083_001_3167083_001_7,21.993987435405277
1293,36.3617499,127.3567053,대전광역시 유성구 어은동 109,어은동,온천2동,2024-07-23 10:20,15,22.3,277881193,276653810,0,secondary,19.284456666823186,secondary,19.284456666823186,중로,1117.0,3167083_001_3167083_001_7,21.993987435405277
1294,36.3624017,127.3566568,대전광역시 유성구 어은동 109,어은동,온천2동,2024-07-22 15:05,10,16.0,566882614,566882623,0,residential,44.15055254744459,residential,44.15055254744459,미분류,,,
1295,36.3624017,127.3566568,대전광역시 유성구 어은동 109,어은동,온천2동,2024-07-22 15:05,10,17.4,566882623,566882614,0,residential,44.15055254744459,residential,44.15055254744459,미분류,,,
1296,36.3625815,127.3565681,대전광역시 유성구 어은동 109,어은동,온천2동,2024-07-22 14:48,8,10.0,566882614,566882623,0,residential,22.842223078869164,residential,22.842223078869164,소로,2814.0,4301264_000_4301264_000_1,20.673987593972168
1297,36.3625815,127.3565681,대전광역시 유성구 어은동 109,어은동,온천2동,2024-07-22 14:48,8,11.0,566882623,566882614,0,residential,22.842223078869164,residential,22.842223078869164,소로,2814.0,4301264_000_4301264_000_1,20.673987593972168
1298,36.3624276,127.3561928,대전광역시 유성구 어은동 109,어은동,온천2동,2024-07-22 14:48,8,21.1,566882614,566882623,0,residential,21.325183861088945,residential,21.325183861088945,소로,2814.0,4301264_000_4301264_000_1,18.98898353112926
1299,36.3624276,127.3561928,대전광역시 유성구 어은동 109,어은동,온천2동,2024-07-22 14:48,8,18.9,566882623,566882614,0,residential,21.325183861088945,residential,21.325183861088945,소로,2814.0,4301264_000_4301264_000_1,18.98898353112926
1300,36.3623562,127.3558128,대전광역시 유성구 어은동 109,어은동,온천2동,2024-07-22 14:48,8,22.1,566882614,566882623,0,residential,12.996400142675368,residential,12.996400142675368,소로,2814.0,4301264_000_4301264_000_1,10.529891593244155
1301,36.3623562,127.3558128,대전광역시 유성구 어은동 109,어은동,온천2동,2024-07-22 14:48,8,18.5,566882623,566882614,0,residential,12.996400142675368,residential,12.996400142675368,소로,2814.0,4301264_000_4301264_000_1,10.529891593244155
1302,36.3607481,127.3541642,대전광역시 유성구 어은동 311,어은동,온천2동,2024-07-22 13:29,15,28.6,276653810,352964392,0,secondary,4.338772311435919,secondary,4.338772311435919,중로,1116.0,3167083_001_3167083_001_6,6.84538816949069
1303,36.3664505,127.3388563,대전광역시 유성구 죽동 119-2,죽동,온천2동,2024-07-22 8:13,25,29.6,352964189,571344653,0,primary,0.8153756733455628,primary,0.8153756733455628,대로,91.0,2167001_001_2167001_001_6,6.261381056592909
1304,36.3666444,127.3389231,대전광역시 유성구 죽동 119-2,죽동,온천2동,2024-07-22 8:12,25,36.6,352964189,571344653,0,primary,0.5070702878609079,primary,0.5070702878609079,대로,91.0,2167001_001_2167001_001_6,6.241021399496544
1305,36.3717595,127.3322677,대전광역시 유성구 죽동 747,죽동,온천2동,2024-07-22 8:10,8,18.2,446046960,3329528862,0,residential,1.591387473113658,residential,1.591387473113658,소로,4283.0,4851245_001_4851245_001_1,2.9266425496602597
1306,36.3717463,127.3320898,대전광역시 유성구 죽동 747,죽동,온천2동,2024-07-22 7:12,8,18.8,3329528862,446046960,0,residential,3.807812259275201,residential,3.807812259275201,소로,4283.0,4851245_001_4851245_001_1,2.603747430472602
1307,36.371338,127.3343033,대전광역시 유성구 죽동 747,죽동,온천2동,2024-07-22 7:11,8,20.6,446046960,3329528862,0,residential,1.2198756182588462,residential,1.2198756182588462,소로,4283.0,4851245_001_4851245_001_1,4.906722102255648
1308,36.371338,127.3343033,대전광역시 유성구 죽동 747,죽동,온천2동,2024-07-22 7:11,8,18.2,3329528862,446046960,0,residential,1.2198756182588462,residential,1.2198756182588462,소로,4283.0,4851245_001_4851245_001_1,4.906722102255648
1309,36.3713166,127.3348578,대전광역시 유성구 죽동 799,죽동,온천2동,2024-07-22 7:11,15,24.3,3329528995,3329528862,0,tertiary,10.49727280741957,tertiary,10.49727280741957,중로,1362.0,3350374_000_3350374_000_1,11.579155623867685
1310,36.3713166,127.3348578,대전광역시 유성구 죽동 799,죽동,온천2동,2024-07-22 7:11,15,24.9,3329528862,3329528995,0,tertiary,10.49727280741957,tertiary,10.49727280741957,중로,1362.0,3350374_000_3350374_000_1,11.579155623867685
1311,36.3717194,127.3350072,대전광역시 유성구 죽동 799,죽동,온천2동,2024-07-22 7:11,15,18.9,3329528862,3329528995,0,tertiary,7.305084373478696,tertiary,7.305084373478696,중로,1362.0,3350374_000_3350374_000_1,8.31906542316165
1312,36.3724771,127.3351261,대전광역시 유성구 죽동 799,죽동,온천2동,2024-07-22 7:11,15,27.9,3329528995,4631968798,0,tertiary,7.603236417762101,tertiary,7.603236417762101,중로,1362.0,3350374_000_3350374_000_1,8.229741066930554
1313,36.3724771,127.3351261,대전광역시 유성구 죽동 799,죽동,온천2동,2024-07-22 7:11,15,25.8,4631968798,3329528995,0,tertiary,7.603236417762101,tertiary,7.603236417762101,중로,1362.0,3350374_000_3350374_000_1,8.229741066930554
1314,36.3762196,127.3386853,대전광역시 유성구 죽동 799,죽동,온천2동,2024-07-22 7:09,15,26.1,571344911,3329529033,0,tertiary,3.185667097608399,tertiary,3.185667097608399,중로,4284.0,4851246_000_4851246_000_1,5.326391507654416
1315,36.3762196,127.3386853,대전광역시 유성구 죽동 799,죽동,온천2동,2024-07-22 7:09,15,22.4,3329529033,571344911,0,tertiary,3.185667097608399,tertiary,3.185667097608399,중로,4284.0,4851246_000_4851246_000_1,5.326391507654416
1316,36.3761708,127.338887,대전광역시 유성구 죽동 799,죽동,온천2동,2024-07-22 7:08,15,24.4,571344911,3329529033,0,tertiary,10.667057644748011,tertiary,10.667057644748011,중로,4284.0,4851246_000_4851246_000_1,11.842841952851334
1317,36.3761708,127.338887,대전광역시 유성구 죽동 799,죽동,온천2동,2024-07-22 7:08,15,15.3,3329529033,571344911,0,tertiary,10.667057644748011,tertiary,10.667057644748011,중로,4284.0,4851246_000_4851246_000_1,11.842841952851334
1318,36.4260338,127.3861304,대전광역시 유성구 관평동 1292,관평동,관평동,2024-07-05 10:50,8,11.9,281221940,281221936,0,residential,2.8763962565967147,residential,2.8763962565967147,소로,313.0,3167007_001_3167007_001_1,9.919898019083055
1319,36.4260338,127.3861304,대전광역시 유성구 관평동 1292,관평동,관평동,2024-07-05 10:50,8,21.4,281221936,281221940,0,residential,2.8763962565967147,residential,2.8763962565967147,소로,313.0,3167007_001_3167007_001_1,9.919898019083055
1320,36.4247696,127.3893087,대전광역시 유성구 관평동 1291,관평동,관평동,2024-07-05 10:47,8,11.2,5481775916,5481775915,0,residential,7.790751082602235,residential,7.790751082602235,소로,314.0,3167007_001_3167007_001_2,13.165648813152131
1321,36.4173268,127.3925418,대전광역시 유성구 용산동 672,용산동,관평동,2024-07-05 10:41,15,18.6,387271829,8237640858,0,secondary,5.714577985128047,secondary,5.714577985128047,중로,566.0,3167028_001_3167028_001_1,5.175291525732524
1322,36.417348,127.3920276,대전광역시 유성구 용산동 672,용산동,관평동,2024-07-05 10:27,15,26.3,527742571,8964535461,0,secondary,3.128012595148115,secondary,3.128012595148115,중로,566.0,3167028_001_3167028_001_1,8.584221391978947
1323,36.419045,127.3816008,대전광역시 유성구 관평동 681,관평동,관평동,2024-07-05 10:26,15,24.6,527742464,527742521,0,secondary,3.2441932900413906,secondary,3.2441932900413906,중로,566.0,3167028_001_3167028_001_1,5.208632883032458
1324,36.4122634,127.3782527,대전광역시 유성구 화암동 25-13,화암동,신성동,2024-07-05 10:24,25,30.9,275898563,8234413971,0,primary,2.4874303003779183,primary,2.4874303003779183,대로,43.0,2010001_014_2010001_014_11,11.743150958409693
1325,36.3893202,127.344826,대전광역시 유성구 하기동 14-3,하기동,신성동,2024-07-05 10:18,25,39.0,446009161,764841613,0,primary,4.781435565868084,primary,4.781435565868084,대로,91.0,2167001_001_2167001_001_6,13.063318539287408
1326,36.3888104,127.3444614,대전광역시 유성구 하기동 산 2-6,하기동,신성동,2024-07-05 10:18,25,24.8,446009161,764841613,0,primary,3.4510987603073744,primary,3.4510987603073744,대로,91.0,2167001_001_2167001_001_6,12.047291072862087
1327,36.3690262,127.3399345,대전광역시 유성구 궁동 358,궁동,온천2동,2024-07-05 10:15,25,29.3,8946214788,8946214804,0,primary,3.4820924574418486,primary,3.4820924574418486,대로,91.0,2167001_001_2167001_001_6,11.01685036990176
1328,36.3667682,127.3178224,대전광역시 유성구 노은동 566,노은동,노은1동,2024-07-05 10:10,15,15.8,8947618252,8947618253,0,secondary,0.6680390977848735,secondary,0.6680390977848735,중로,363.0,3167015_003_3167015_003_2,3.646621775230687
1329,36.3702015,127.3075914,대전광역시 유성구 노은동 산 24-139,노은동,노은1동,2024-07-05 10:07,15,17.2,1621279042,1621278919,0,tertiary,0.1698954819980702,tertiary,0.1698954819980702,중로,950.0,3167064_001_3167064_001_1,0.3232248311628069
1330,36.3742684,127.3054428,대전광역시 유성구 지족동 1060-1,지족동,노은3동,2024-07-05 10:06,15,28.9,1738173850,1621279042,0,tertiary,5.596757658000839,tertiary,5.596757658000839,중로,950.0,3167064_001_3167064_001_1,2.223894316919195
1331,36.3609688,127.3443927,대전광역시 유성구 궁동 481,궁동,온천2동,2024-07-04 11:38,15,18.3,3630528501,12167636487,0,secondary,6.774281049365966,secondary,6.774281049365966,중로,1114.0,3167083_001_3167083_001_4,12.685110035907542
1332,36.3430638,127.3396858,대전광역시 유성구 봉명동 1058-2,봉명동,원신흥동,2024-07-04 11:03,15,19.5,8948682830,8261788548,0,secondary,0.9682251015608232,secondary,0.9682251015608232,중로,47.0,2010002_000_2010002_000_2,12.383649752281178
1333,36.3424997,127.3393408,대전광역시 유성구 상대동 498,상대동,상대동,2024-07-04 11:03,15,26.0,837542906,8261788540,0,secondary,0.8106153015569653,secondary,0.8106153015569653,중로,47.0,2010002_000_2010002_000_2,12.239724839635793
1334,36.333173,127.3330209,대전광역시 유성구 원신흥동 608,원신흥동,원신흥동,2024-07-04 11:02,15,22.6,837542785,837542943,0,secondary,2.4451918995775883,secondary,2.4451918995775883,중로,46.0,2010002_000_2010002_000_1,12.950155542499374
1335,36.3319019,127.3329873,대전광역시 유성구 용계동 688,용계동,진잠동,2024-07-04 11:00,15,20.4,3957154471,8948660208,0,secondary,1.078182652318504,secondary,1.078182652318504,중로,46.0,2010002_000_2010002_000_1,12.492229215597348
1336,36.3281217,127.3329672,대전광역시 유성구 용계동 688,용계동,진잠동,2024-07-04 10:59,15,20.0,1844835452,10948821042,0,secondary,2.221556140305163,secondary,2.221556140305163,중로,46.0,2010002_000_2010002_000_1,14.758289342722572
1337,36.3525198,127.3409494,대전광역시 유성구 봉명동 1058,봉명동,온천1동,2024-07-04 10:44,15,29.4,1233482537,1233482001,0,secondary,2.3848133355149024,secondary,2.3848133355149024,중로,49.0,2010002_000_2010002_000_4,7.0435424636013115
1338,36.3957444,127.3561093,대전광역시 유성구 장동 371-5,장동,신성동,2024-07-04 10:06,15,23.5,3399376536,462078787,0,secondary,7.116945281568293,secondary,7.116945281568293,중로,276.0,3167002_002_3167002_002_1,8.662080995507143
1339,36.3957444,127.3561093,대전광역시 유성구 장동 371-5,장동,신성동,2024-07-04 10:06,15,27.1,462078787,3399376536,0,secondary,7.116945281568293,secondary,7.116945281568293,중로,276.0,3167002_002_3167002_002_1,8.662080995507143
1340,36.3909688,127.4078729,대전광역시 유성구 문지동 661-3,문지동,전민동,2024-07-03 15:10,8,23.6,4189566900,4189566902,0,residential,17.767238145287976,residential,17.767238145287976,소로,513.0,3167022_011_3167022_011_1,16.600300664418324
1341,36.3909688,127.4078729,대전광역시 유성구 문지동 661-3,문지동,전민동,2024-07-03 15:10,8,22.3,4189566902,4189566900,0,residential,17.767238145287976,residential,17.767238145287976,소로,513.0,3167022_011_3167022_011_1,16.600300664418324
1342,36.3685649,127.3137784,대전광역시 유성구 노은동 570,노은동,노은1동,2024-07-01 15:33,15,23.2,390265404,390265414,0,secondary,2.405207142473872,secondary,2.405207142473872,중로,382.0,3167016_001_3167016_001_1,2.21865181142579
1343,36.369035,127.3142954,대전광역시 유성구 노은동 570,노은동,노은1동,2024-07-01 15:33,15,19.5,390265414,276658955,0,secondary,3.594340368707648,secondary,3.594340368707648,중로,382.0,3167016_001_3167016_001_1,2.539072234386764
1344,36.3702158,127.3150586,대전광역시 유성구 노은동 570,노은동,노은1동,2024-07-01 15:32,15,15.3,390265458,390265455,0,secondary,3.15082209775777,secondary,3.15082209775777,중로,382.0,3167016_001_3167016_001_1,3.018001236085976
1345,36.3804669,127.3165383,대전광역시 유성구 지족동 948,지족동,노은2동,2024-07-01 15:25,8,17.8,390265492,390265495,0,residential,0.3062168574666797,residential,0.3062168574666797,소로,387.0,3167016_001_3167016_001_6,1.4237523098934606
1346,36.3834115,127.3175792,대전광역시 유성구 지족동 926,지족동,노은3동,2024-07-01 15:18,8,14.1,390265505,304937531,0,residential,6.118290030315337,residential,6.118290030315337,소로,391.0,3167016_001_3167016_001_10,5.035990256817191
1347,36.3834115,127.3175792,대전광역시 유성구 지족동 926,지족동,노은3동,2024-07-01 15:18,8,13.6,304937531,390265505,0,residential,6.118290030315337,residential,6.118290030315337,소로,391.0,3167016_001_3167016_001_10,5.035990256817191
1348,36.3802982,127.3164768,대전광역시 유성구 지족동 948,지족동,노은2동,2024-07-01 15:16,8,22.9,390265492,390265495,0,residential,1.880973536782548,residential,1.880973536782548,소로,387.0,3167016_001_3167016_001_6,1.3927210463473492
1349,36.3614293,127.3564059,대전광역시 유성구 어은동 59-1,어은동,온천2동,2024-06-27 15:52,15,16.0,276653810,277881193,0,secondary,0.1197122061178531,secondary,0.1197122061178531,중로,1117.0,3167083_001_3167083_001_7,2.6365366780079866
1350,36.358084,127.3432458,대전광역시 유성구 봉명동 608,봉명동,온천1동,2024-06-27 15:48,15,26.9,4798143598,6261244516,0,secondary,1.4094345639680972,secondary,1.4094345639680972,중로,1111.0,3167083_001_3167083_001_1,12.048945009249547
1351,36.4248486,127.3936643,대전광역시 유성구 관평동 1288,관평동,관평동,2024-06-27 11:38,8,12.7,5436958584,599900011,0,secondary_link,0.2857340200954388,secondary_link,0.2857340200954388,소로,1080.0,3167080_005_3167080_005_3,0.15432096600992823
1352,36.3635934,127.3406701,대전광역시 유성구 궁동 335-27,궁동,온천2동,2024-06-26 9:34,15,22.5,12167636492,764841664,0,secondary,5.646018558468731,secondary,5.646018558468731,중로,76.0,2010004_005_2010004_005_8,13.262939344689643
1353,36.3636969,127.3603858,대전광역시 유성구 구성동 294-6,구성동,온천2동,2024-06-24 16:01,15,16.9,4531188559,9065211919,0,secondary,0.8451521446348699,secondary,0.8451521446348699,중로,1118.0,3167083_001_3167083_001_8,0.2739335162954969
1354,36.3972687,127.3550816,대전광역시 유성구 장동 363-7,장동,신성동,2024-06-24 10:46,25,30.1,278713053,5422087413,0,primary,4.530067293660682,primary,4.530067293660682,대로,92.0,2167001_001_2167001_001_7,2.259838860954814
1355,36.3558611,127.342136,대전광역시 유성구 봉명동 574,봉명동,온천1동,2024-06-21 10:14,8,22.6,667240795,667240793,0,residential,0.8735913408631096,residential,0.8735913408631096,소로,1111.0,3167083_001_3167083_001_1,5.709469473029167
1356,36.3607627,127.3542081,대전광역시 유성구 어은동 311,어은동,온천2동,2024-06-21 10:10,15,27.7,276653810,352964392,0,secondary,4.472072097857383,secondary,4.472072097857383,중로,1116.0,3167083_001_3167083_001_6,6.956586241654444
1357,36.3607627,127.3542081,대전광역시 유성구 어은동 311,어은동,온천2동,2024-06-21 10:10,15,27.0,352964392,276653810,0,secondary,4.472072097857383,secondary,4.472072097857383,중로,1116.0,3167083_001_3167083_001_6,6.956586241654444
1358,36.4079284,127.3762414,대전광역시 유성구 방현동 349-3,방현동,신성동,2024-06-20 10:15,15,28.5,8234428183,4641918890,0,secondary,7.35854038697875,secondary,7.35854038697875,중로,94.0,2167001_001_2167001_001_9,9.629617862711193
1359,36.4086694,127.3777816,대전광역시 유성구 화암동 109-11,화암동,신성동,2024-06-20 10:15,15,26.7,4641918890,8234428183,0,secondary,2.226609394238445,secondary,2.226609394238445,중로,94.0,2167001_001_2167001_001_9,7.474821773272271
1360,36.40644,127.3848902,대전광역시 유성구 화암동 57-3,화암동,신성동,2024-06-20 10:14,15,16.1,8234428183,4641918890,0,secondary,8.999998873863776,secondary,8.999998873863776,중로,95.0,2167001_001_2167001_001_10,9.635806128601816
1361,36.4127951,127.3880919,대전광역시 유성구 용산동 764,용산동,관평동,2024-06-20 10:06,8,22.6,527742533,10262481077,0,residential,0.6058198229742426,residential,0.6058198229742426,소로,300.0,3167006_000_3167006_000_7,0.7684178705291924
1362,36.4127951,127.3880919,대전광역시 유성구 용산동 764,용산동,관평동,2024-06-20 10:06,8,15.6,10262481077,527742533,0,residential,0.6058198229742426,residential,0.6058198229742426,소로,300.0,3167006_000_3167006_000_7,0.7684178705291924
1363,36.4160065,127.3779992,대전광역시 유성구 화암동 203-7,화암동,신성동,2024-06-20 10:00,25,28.7,275898563,8234413971,0,primary,4.454816511043264,primary,4.454816511043264,대로,44.0,2010001_014_2010001_014_12,13.966514448945986
1364,36.3982791,127.3571694,대전광역시 유성구 장동 364-4,장동,신성동,2024-06-20 9:51,25,31.3,462078787,3399376832,0,primary,4.861126999240134,primary,4.861126999240134,대로,93.0,2167001_001_2167001_001_8,8.931852145582456
1365,36.3907666,127.3318801,대전광역시 유성구 하기동 603,하기동,노은2동,2024-06-20 9:44,15,20.3,446046594,278474412,0,secondary,9.02801553045448,secondary,9.02801553045448,중로,374.0,3167015_003_3167015_003_13,13.04538300625475
1366,36.3900826,127.3237051,대전광역시 유성구 하기동 603,하기동,노은2동,2024-06-20 9:31,15,27.4,8947608316,446046665,0,secondary,4.095614428896019,secondary,4.095614428896019,중로,372.0,3167015_003_3167015_003_11,14.578888559897814
1367,36.387186,127.3220784,대전광역시 유성구 하기동 603,하기동,노은2동,2024-06-20 9:30,15,27.5,436783090,8947608316,0,secondary,3.899386780898556,secondary,3.899386780898556,중로,371.0,3167015_003_3167015_003_10,13.01800018002535
1368,36.3751776,127.3260698,대전광역시 유성구 노은동 138-39,노은동,노은1동,2024-06-20 9:25,15,27.6,276654048,446046822,0,tertiary,6.840601408475586,tertiary,6.840601408475586,중로,605.0,3167033_004_3167033_004_1,19.30891645480192
1369,36.3670016,127.3306055,대전광역시 유성구 장대동 116-10,장대동,노은1동,2024-06-20 9:22,8,14.9,390265311,277920941,0,tertiary_link,1.2896510627447182,tertiary_link,1.2896510627447182,소로,74.0,2010004_005_2010004_005_6,18.072970777889097
1370,36.363188,127.341817,대전광역시 유성구 궁동 351,궁동,온천2동,2024-06-20 9:19,8,17.5,276653999,448138712,0,secondary_link,1.9537875897668635,secondary_link,1.9537875897668635,소로,76.0,2010004_005_2010004_005_8,12.731132298518435
1371,36.361265,127.3477629,대전광역시 유성구 궁동 33-6,궁동,온천2동,2024-06-19 15:33,15,19.7,566882361,566882388,0,secondary,4.435720199391732,secondary,4.435720199391732,중로,1115.0,3167083_001_3167083_001_5,1.97561632250435
1372,36.3651443,127.3383789,대전광역시 유성구 장대동 311,장대동,온천2동,2024-06-19 15:29,8,11.0,8946214787,448138726,0,secondary_link,3.230391870256881,secondary_link,3.230391870256881,소로,3335.0,4301362_003_4301362_003_1,0.12160991560344159
1373,36.3719043,127.3406138,대전광역시 유성구 궁동 331-2,궁동,온천2동,2024-06-19 15:28,25,33.7,571344911,352964189,0,primary,3.4842575184170217,primary,3.4842575184170217,대로,91.0,2167001_001_2167001_001_6,12.241586038705735
1374,36.3738357,127.3412357,대전광역시 유성구 궁동 114-1,궁동,온천2동,2024-06-19 15:28,25,37.4,571344911,352964189,0,primary,4.994803054492759,primary,4.994803054492759,대로,91.0,2167001_001_2167001_001_6,11.644837380589511
1375,36.3667677,127.3176666,대전광역시 유성구 노은동 602,노은동,노은1동,2024-06-17 14:47,15,21.3,673919401,8947618252,0,secondary,0.8744196954528424,secondary,0.8744196954528424,중로,73.0,2010004_005_2010004_005_5,11.85950806628518
1376,36.364679,127.3380516,대전광역시 유성구 장대동 311,장대동,온천2동,2024-06-17 14:33,8,23.2,8946214787,448138726,0,secondary_link,3.081794091219212,secondary_link,3.081794091219212,소로,3331.0,4301361_000_4301361_000_1,3.1154941013415285
1377,36.3753099,127.3408985,대전광역시 유성구 죽동 799,죽동,온천2동,2024-06-17 14:30,15,21.5,571344911,3329529033,0,tertiary,5.490735017828231,tertiary,5.490735017828231,중로,4284.0,4851246_000_4851246_000_1,4.557294558030932
1378,36.3753099,127.3408985,대전광역시 유성구 죽동 799,죽동,온천2동,2024-06-17 14:30,15,22.4,3329529033,571344911,0,tertiary,5.490735017828231,tertiary,5.490735017828231,중로,4284.0,4851246_000_4851246_000_1,4.557294558030932
1379,36.4184857,127.3787951,대전광역시 유성구 덕진동 51-4,덕진동,신성동,2024-05-30 15:41,25,35.1,11250966650,275898514,0,primary,5.784618796709245,primary,5.784618796709245,대로,45.0,2010001_014_2010001_014_13,10.7325010637092
1380,36.4457878,127.3853832,대전광역시 유성구 봉산동 714,봉산동,구즉동,2024-05-29 15:52,10,20.9,277117885,277117886,0,secondary,120.7918783444753,secondary,120.7918783444753,미분류,186.0,3000098_008_3000098_008_2,23.328272577499348
1381,36.4457878,127.3853832,대전광역시 유성구 봉산동 714,봉산동,구즉동,2024-05-29 15:52,10,29.7,277117886,277117885,0,secondary,120.7918783444753,secondary,120.7918783444753,미분류,186.0,3000098_008_3000098_008_2,23.328272577499348
1382,36.4422107,127.3850539,대전광역시 유성구 봉산동 산 37-4,봉산동,구즉동,2024-05-29 15:49,15,15.9,277117871,4191601860,0,secondary,9.490152889534643,secondary,9.490152889534643,중로,180.0,3000098_006_3000098_006_8,7.750867488571551
1383,36.4428103,127.3855016,대전광역시 유성구 봉산동 973,봉산동,구즉동,2024-05-29 15:48,10,27.1,4191602089,4191601849,0,trunk_link,62.66914354313752,trunk_link,62.66914354313752,미분류,,,
1384,36.3602916,127.3443451,대전광역시 유성구 궁동 501,궁동,온천2동,2024-05-28 15:27,8,20.8,436804791,3630528501,0,residential,0.4153588188323899,residential,0.4153588188323899,소로,2204.0,4301140_000_4301140_000_1,1.8605190935728115
1385,36.3584422,127.3285623,대전광역시 유성구 장대동 245-2,장대동,온천1동,2024-05-27 15:42,8,23.9,323136111,354819964,0,residential,2.8411135463217105,residential,2.8411135463217105,소로,4410.0,4859864_000_4859864_000_1,3.781821205537818
1386,36.3584593,127.3284702,대전광역시 유성구 장대동 245-2,장대동,온천1동,2024-05-27 15:42,8,14.8,354819964,323136111,0,residential,2.644775008169104,residential,2.644775008169104,소로,3277.0,4301347_006_4301347_006_1,3.443785197086769
1387,36.3584593,127.3284702,대전광역시 유성구 장대동 245-2,장대동,온천1동,2024-05-27 15:42,8,13.4,323136111,354819964,0,residential,2.644775008169104,residential,2.644775008169104,소로,3277.0,4301347_006_4301347_006_1,3.443785197086769
1388,36.3502447,127.3479668,대전광역시 유성구 봉명동 1061,봉명동,원신흥동,2024-05-13 15:27,15,22.5,837543379,8262016969,0,secondary,1.4566433280980409,secondary,1.4566433280980409,중로,252.0,3166054_001_3166054_001_2,11.633124885077558
1389,36.3503694,127.3479733,대전광역시 유성구 봉명동 1061,봉명동,원신흥동,2024-05-13 15:27,15,29.0,837543379,8262016969,0,secondary,1.4467363820225516,secondary,1.4467363820225516,중로,252.0,3166054_001_3166054_001_2,11.060905163600966
1390,36.3403448,127.3126916,대전광역시 유성구 학하동 827,학하동,학하동,2024-05-09 15:57,15,19.8,1564781826,1564781753,0,tertiary,2.9065620827183283,tertiary,2.9065620827183283,중로,1342.0,3342049_000_3342049_000_4,1.717347605077587
1391,36.3395661,127.304557,대전광역시 유성구 학하동 793,학하동,학하동,2024-05-09 14:30,15,18.0,1313837390,1313837279,0,secondary,13.128996420193973,secondary,13.128996420193973,중로,1201.0,3342039_000_3342039_000_2,9.42294498490565
1392,36.3394969,127.3045186,대전광역시 유성구 학하동 793,학하동,학하동,2024-05-09 14:30,15,21.1,1313837279,1313837390,0,secondary,13.25820022326272,secondary,13.25820022326272,중로,1201.0,3342039_000_3342039_000_2,9.72735148228861
1393,36.3597807,127.3048398,대전광역시 유성구 덕명동 570,덕명동,학하동,2024-05-09 11:11,15,27.3,354820382,1412087901,0,secondary,3.0235326176093187,secondary,3.0235326176093187,중로,54.0,2010003_000_2010003_000_1,9.869853408377312
1394,36.3633949,127.3412869,대전광역시 유성구 궁동 352,궁동,온천2동,2024-05-09 10:35,8,15.0,276653999,448138712,0,secondary_link,2.7634041961810447,secondary_link,2.7634041961810447,소로,3682.0,4301443_002_4301443_002_2,11.850202201098709
1395,36.3554468,127.3353278,대전광역시 유성구 봉명동 570,봉명동,온천1동,2024-05-08 14:05,25,22.3,323136237,436816934,0,primary,1.1172990218831107,primary,1.1172990218831107,대로,202.0,3010024_004_3010024_004_1,1.2849484469537742
1396,36.3605154,127.3531771,대전광역시 유성구 궁동 434,궁동,온천2동,2024-05-08 9:50,15,24.4,496944183,352964392,0,secondary,7.811622039319993,secondary,7.811622039319993,중로,1116.0,3167083_001_3167083_001_6,11.419454532668519
1397,36.3605154,127.3531771,대전광역시 유성구 궁동 434,궁동,온천2동,2024-05-08 9:50,15,17.2,352964392,496944183,0,secondary,7.811622039319993,secondary,7.811622039319993,중로,1116.0,3167083_001_3167083_001_6,11.419454532668519
1398,36.3797173,127.3429689,대전광역시 유성구 신성동 산 40-28,신성동,신성동,2024-05-07 14:39,25,25.2,446009147,571344911,0,primary,3.678661350010492,primary,3.678661350010492,대로,91.0,2167001_001_2167001_001_6,7.568055678254403
1399,36.3633327,127.3414983,대전광역시 유성구 궁동 351,궁동,온천2동,2024-05-07 14:04,8,15.1,276653999,448138712,0,secondary_link,2.219104895924476,secondary_link,2.219104895924476,소로,3682.0,4301443_002_4301443_002_2,1.4919506975173868
1400,36.38559,127.3784667,대전광역시 유성구 도룡동 409,도룡동,신성동,2024-05-07 13:52,8,16.3,8578264037,8234428269,0,primary_link,1.966856438958004,primary_link,1.966856438958004,소로,270.0,3167001_001_3167001_001_8,9.602010998310638
1401,36.3845918,127.377755,대전광역시 유성구 도룡동 394-4,도룡동,신성동,2024-05-07 13:31,8,19.3,317557203,276402302,0,residential,1.2818624867225783,residential,1.2818624867225783,소로,2101.0,4301110_000_4301110_000_1,5.808175661714672
1402,36.3605806,127.3499523,대전광역시 유성구 궁동 29-4,궁동,온천2동,2024-05-07 10:34,15,18.3,566882388,566882377,0,secondary,7.944804071776998,secondary,7.944804071776998,중로,1115.0,3167083_001_3167083_001_5,3.7771068845449842
1403,36.3605806,127.3499523,대전광역시 유성구 궁동 29-4,궁동,온천2동,2024-05-07 10:34,15,18.1,566882377,566882388,0,secondary,7.944804071776998,secondary,7.944804071776998,중로,1115.0,3167083_001_3167083_001_5,3.7771068845449842
1404,36.3710325,127.3271376,대전광역시 유성구 노은동 107-18,노은동,노은1동,2024-05-03 11:02,15,16.1,8947604521,276654048,0,tertiary,4.526798666287469,tertiary,4.526798666287469,중로,605.0,3167033_004_3167033_004_1,14.615214009020656
1405,36.3700012,127.3271469,대전광역시 유성구 노은동 107-37,노은동,노은1동,2024-05-03 11:02,15,16.1,8947604521,276654048,0,tertiary,4.402784640408292,tertiary,4.402784640408292,중로,605.0,3167033_004_3167033_004_1,14.666142409624571
1406,36.3900401,127.4053208,대전광역시 유성구 문지동 667,문지동,전민동,2024-04-30 13:37,8,11.0,4189566894,4189566896,0,residential,1.6344478410365673,residential,1.6344478410365673,소로,503.0,3167022_003_3167022_003_2,1.3231531061230997
1407,36.3562525,127.3422689,대전광역시 유성구 봉명동 574,봉명동,온천1동,2024-04-30 10:37,15,23.5,436863703,667240795,0,secondary,2.4502797299957506,secondary,2.4502797299957506,중로,1111.0,3167083_001_3167083_001_1,8.167337210061053
1408,36.341757,127.3388074,대전광역시 유성구 상대동 498,상대동,상대동,2024-04-24 10:00,15,28.9,837542906,8261788540,0,secondary,2.902318837571203,secondary,2.902318837571203,중로,47.0,2010002_000_2010002_000_2,16.05333042645289
1409,36.360006,127.3280608,대전광역시 유성구 장대동 223-10,장대동,온천2동,2024-04-23 14:22,8,24.4,1097718199,1097717616,0,residential,3.609870699620196,residential,3.609870699620196,소로,3111.0,4301322_009_4301322_009_6,3.600237745794248
1410,36.3581111,127.331416,대전광역시 유성구 장대동 211-9,장대동,온천2동,2024-04-23 14:21,25,35.6,8946214766,1097717775,0,primary,8.330185204926932,primary,8.330185204926932,대로,246.0,3010030_015_3010030_015_7,12.202873484563566
1411,36.374867,127.3296204,대전광역시 유성구 죽동 552-39,죽동,노은1동,2024-04-22 14:37,8,15.6,446046960,446046866,0,residential,0.5277083757939204,residential,0.5277083757939204,소로,3360.0,4301368_000_4301368_000_2,2.9143755427998754
1412,36.3722565,127.3218832,대전광역시 유성구 지족동 976,지족동,노은1동,2024-04-22 14:31,15,17.0,9494746087,282178923,0,tertiary,5.9957610950829086,tertiary,5.9957610950829086,중로,908.0,3167057_000_3167057_000_3,8.319337349907016
1413,36.3755037,127.3227745,대전광역시 유성구 지족동 975,지족동,노은1동,2024-04-22 14:28,15,16.5,276658541,454697756,0,secondary,0.6673759420070629,secondary,0.6673759420070629,중로,352.0,3167014_001_3167014_001_2,3.9700807568977687
1414,36.3755037,127.3227745,대전광역시 유성구 지족동 975,지족동,노은1동,2024-04-22 14:28,15,27.7,454697756,276658541,0,secondary,0.6673759420070629,secondary,0.6673759420070629,중로,352.0,3167014_001_3167014_001_2,3.9700807568977687
1415,36.3714329,127.3235289,대전광역시 유성구 노은동 599,노은동,노은1동,2024-04-22 14:23,15,29.7,282178923,454697777,0,secondary,8.174578291744265,secondary,8.174578291744265,중로,352.0,3167014_001_3167014_001_2,6.130764013631959
1416,36.3714329,127.3235289,대전광역시 유성구 노은동 599,노은동,노은1동,2024-04-22 14:23,15,25.4,454697777,282178923,0,secondary,8.174578291744265,secondary,8.174578291744265,중로,352.0,3167014_001_3167014_001_2,6.130764013631959
1417,36.3584505,127.3562375,대전광역시 유성구 봉명동 698,봉명동,온천1동,2024-04-22 13:34,8,11.0,277883059,352963690,0,secondary_link,0.3465876822981006,secondary_link,0.3465876822981006,소로,4407.0,4859174_000_4859174_000_1,21.213477939137647
1418,36.3595886,127.32908,대전광역시 유성구 장대동 220-3,장대동,온천2동,2024-04-19 16:47,8,20.8,1097718095,1097717775,0,residential,0.6102578004833832,residential,0.6102578004833832,소로,5.0,1000013_001_1000013_001_5,25.107459735502378
1419,36.4070087,127.3732129,대전광역시 유성구 방현동 9-12,방현동,신성동,2024-04-19 14:08,25,36.1,3399377140,8946214832,0,primary,4.4248026629373545,primary,4.4248026629373545,대로,93.0,2167001_001_2167001_001_8,14.750612721860465
1420,36.3939595,127.3503828,대전광역시 유성구 자운동 17-15,자운동,신성동,2024-04-19 10:04,25,32.3,5422290567,5454084973,0,primary,0.6209829144307825,primary,0.6209829144307825,대로,92.0,2167001_001_2167001_001_7,10.71477893847449
1421,36.4023514,127.4049624,대전광역시 유성구 전민동 464-3,전민동,전민동,2024-04-09 14:27,15,23.2,3957267895,4639776992,0,tertiary,3.645216784437982,tertiary,3.645216784437982,중로,764.0,3167043_002_3167043_002_8,7.259219987123938
1422,36.3837508,127.4057375,대전광역시 유성구 원촌동 135-2,원촌동,전민동,2024-04-09 14:24,15,27.2,308477643,12786210658,0,secondary,8.646447934423668,secondary,8.646447934423668,중로,760.0,3167043_002_3167043_002_4,8.627667088571595
1423,36.3683385,127.3179907,대전광역시 유성구 노은동 583,노은동,노은1동,2024-04-06 8:47,15,15.5,1097718009,446046761,0,secondary,4.6772758741327785,secondary,4.6772758741327785,중로,364.0,3167015_003_3167015_003_3,11.170002449379295
1424,36.3674616,127.3179857,대전광역시 유성구 노은동 583,노은동,노은1동,2024-04-06 8:47,15,29.4,1097718009,446046761,0,secondary,4.296073073640763,secondary,4.296073073640763,중로,364.0,3167015_003_3167015_003_3,10.639074647595896
1425,36.3655765,127.3176949,대전광역시 유성구 노은동 611,노은동,노은1동,2024-04-06 8:31,8,14.0,1097718116,390265397,0,residential,4.873472617297075,residential,4.873472617297075,소로,2933.0,4301291_000_4301291_000_3,6.9446923039373
1426,36.3655765,127.3176949,대전광역시 유성구 노은동 611,노은동,노은1동,2024-04-06 8:31,8,10.5,390265397,1097718116,0,residential,4.873472617297075,residential,4.873472617297075,소로,2933.0,4301291_000_4301291_000_3,6.9446923039373
1427,36.3904063,127.3055335,대전광역시 유성구 반석동 716,반석동,노은3동,2024-04-05 15:29,8,20.1,2945367445,390265544,0,residential,11.055840828148472,residential,11.055840828148472,소로,556.0,3167026_000_3167026_000_3,11.119198692327124
1428,36.3904063,127.3055335,대전광역시 유성구 반석동 716,반석동,노은3동,2024-04-05 15:29,8,20.9,390265544,2945367445,0,residential,11.055840828148472,residential,11.055840828148472,소로,556.0,3167026_000_3167026_000_3,11.119198692327124
1429,36.392619,127.3114878,대전광역시 유성구 반석동 676,반석동,노은3동,2024-04-05 15:22,8,24.3,626355793,626355742,0,residential,6.2438051310693545,residential,6.2438051310693545,소로,552.0,3167025_003_3167025_003_5,8.039517549911865
1430,36.3675465,127.3179908,대전광역시 유성구 노은동 583,노은동,노은1동,2024-04-05 14:11,15,24.7,1097718009,446046761,0,secondary,4.747232823890122,secondary,4.747232823890122,중로,364.0,3167015_003_3167015_003_3,11.104707335339084
1431,36.367097,127.3197021,대전광역시 유성구 노은동 612,노은동,노은1동,2024-04-05 14:10,15,21.7,309314166,1412088038,0,secondary,18.36167166663922,secondary,18.36167166663922,중로,1879.0,4301070_000_4301070_000_1,21.92844623253569
1432,36.3918426,127.3109502,대전광역시 유성구 반석동 674,반석동,노은3동,2024-04-05 10:21,8,16.0,626355742,626355744,0,residential,1.0207351988804674,residential,1.0207351988804674,소로,546.0,3167025_002_3167025_002_1,0.854606200241628
1433,36.3918426,127.3109502,대전광역시 유성구 반석동 674,반석동,노은3동,2024-04-05 10:21,8,24.9,626355744,626355742,0,residential,1.0207351988804674,residential,1.0207351988804674,소로,546.0,3167025_002_3167025_002_1,0.854606200241628
1434,36.3549639,127.3449165,대전광역시 유성구 봉명동 574,봉명동,온천1동,2024-04-05 9:56,15,17.8,448138688,448138689,0,secondary,0.7843921649528093,secondary,0.7843921649528093,중로,773.0,3167045_001_3167045_001_1,4.338444338458786
1435,36.3572883,127.3407322,대전광역시 유성구 봉명동 531,봉명동,온천1동,2024-04-05 9:42,8,20.1,667240799,276653974,0,residential,1.844659711861411,residential,1.844659711861411,소로,788.0,3167047_004_3167047_004_1,3.666590955157579
1436,36.3572883,127.3407322,대전광역시 유성구 봉명동 531,봉명동,온천1동,2024-04-05 9:42,8,19.1,276653974,667240799,0,residential,1.844659711861411,residential,1.844659711861411,소로,788.0,3167047_004_3167047_004_1,3.666590955157579
1437,36.3561963,127.3328358,대전광역시 유성구 구암동 631,구암동,온천1동,2024-04-05 9:30,8,12.2,323136258,431031531,0,residential,4.241534035249005,residential,4.241534035249005,소로,209.0,3010024_006_3010024_006_1,4.4507936454387345
1438,36.3561963,127.3328358,대전광역시 유성구 구암동 631,구암동,온천1동,2024-04-05 9:30,8,23.8,431031531,323136258,0,residential,4.241534035249005,residential,4.241534035249005,소로,209.0,3010024_006_3010024_006_1,4.4507936454387345
1439,36.3731749,127.3193698,대전광역시 유성구 지족동 965,지족동,노은1동,2024-04-05 8:59,8,13.9,436785542,436785530,0,residential,2.4384336214793554,residential,2.4384336214793554,소로,3347.0,4301366_002_4301366_002_2,2.407328427416049
1440,36.3731749,127.3193698,대전광역시 유성구 지족동 965,지족동,노은1동,2024-04-05 8:59,8,20.3,436785530,436785542,0,residential,2.4384336214793554,residential,2.4384336214793554,소로,3347.0,4301366_002_4301366_002_2,2.407328427416049
1441,36.3729046,127.3193593,대전광역시 유성구 지족동 965,지족동,노은1동,2024-04-05 8:59,8,17.9,436785542,436785530,0,residential,1.5599433822846611,residential,1.5599433822846611,소로,3347.0,4301366_002_4301366_002_2,1.579638965178577
1442,36.3729046,127.3193593,대전광역시 유성구 지족동 965,지족동,노은1동,2024-04-05 8:59,8,22.1,436785530,436785542,0,residential,1.5599433822846611,residential,1.5599433822846611,소로,3347.0,4301366_002_4301366_002_2,1.579638965178577
1443,36.3558867,127.3403145,대전광역시 유성구 봉명동 442-10,봉명동,온천1동,2024-04-05 8:36,8,16.8,579252437,496944187,0,residential,6.630249964044644,residential,6.630249964044644,소로,,,
1444,36.3626549,127.3345486,대전광역시 유성구 장대동 144-3,장대동,온천2동,2024-04-05 8:30,8,21.8,390265298,390265297,0,residential,0.7457017060440977,residential,0.7457017060440977,소로,937.0,3167061_003_3167061_003_4,2.275686596925027
1445,36.3626549,127.3345486,대전광역시 유성구 장대동 144-3,장대동,온천2동,2024-04-05 8:30,8,22.9,390265297,390265298,0,residential,0.7457017060440977,residential,0.7457017060440977,소로,937.0,3167061_003_3167061_003_4,2.275686596925027
1446,36.3545695,127.3502054,대전광역시 유성구 봉명동 700,봉명동,온천1동,2024-04-05 8:27,15,16.2,8948647488,8948647482,0,secondary,2.720288041010467,secondary,2.720288041010467,중로,771.0,3167044_000_3167044_000_2,4.369768401954128
1447,36.3543671,127.3499997,대전광역시 유성구 봉명동 700,봉명동,온천1동,2024-04-05 8:27,15,21.2,8948647488,8948647482,0,secondary,1.6099457316478067,secondary,1.6099457316478067,중로,771.0,3167044_000_3167044_000_2,5.074846803924043
1448,36.381661,127.3434033,대전광역시 유성구 신성동 산 40-28,신성동,신성동,2024-04-05 8:20,8,23.0,8947618228,446009147,0,primary_link,0.9233023007517248,primary_link,0.9233023007517248,소로,91.0,2167001_001_2167001_001_6,15.526368989591735
1449,36.3578944,127.3361749,대전광역시 유성구 장대동 293,장대동,온천2동,2024-04-05 8:07,8,19.4,1097717948,1097717716,0,residential,0.5067290677521918,residential,0.5067290677521918,소로,3312.0,4301353_000_4301353_000_2,2.0023703471802508
1450,36.3549855,127.3450262,대전광역시 유성구 봉명동 574,봉명동,온천1동,2024-04-05 7:53,15,16.0,448138689,448138688,0,secondary,4.741875867025851,secondary,4.741875867025851,중로,1493.0,4301011_000_4301011_000_1,4.554349399250421
1451,36.3437096,127.3222882,대전광역시 유성구 복용동 산 14-18,복용동,상대동,2024-04-05 7:41,15,17.8,8946186914,8946214742,0,secondary,5.684816751111353,secondary,5.684816751111353,중로,86.0,2167001_001_2167001_001_1,7.597098709094051
1452,36.3449841,127.2959546,대전광역시 유성구 계산동 242,계산동,학하동,2024-04-05 7:30,8,23.3,8947766365,3189648318,0,residential,1.4094316514919818,residential,1.4094316514919818,소로,4113.0,4301559_000_4301559_000_1,8.84334508297169
1453,36.3815258,127.3247809,대전광역시 유성구 죽동 648,죽동,노은2동,2024-04-04 15:21,15,21.8,446047039,446047046,0,secondary,2.1908075199994124,secondary,2.1908075199994124,중로,910.0,3167058_000_3167058_000_2,7.108306082696194
1454,36.3815258,127.3247809,대전광역시 유성구 죽동 648,죽동,노은2동,2024-04-04 15:21,15,18.5,446047046,446047039,0,secondary,2.1908075199994124,secondary,2.1908075199994124,중로,910.0,3167058_000_3167058_000_2,7.108306082696194
1455,36.3814433,127.3244746,대전광역시 유성구 죽동 648,죽동,노은2동,2024-04-04 15:19,15,28.3,446047039,446047046,0,secondary,1.4114556898563384,secondary,1.4114556898563384,중로,3411.0,4301373_006_4301373_006_9,4.102116643267027
1456,36.3815636,127.3249248,대전광역시 유성구 죽동 648,죽동,노은2동,2024-04-04 15:19,15,24.9,446047046,446047039,0,secondary,3.4086010533364104,secondary,3.4086010533364104,중로,910.0,3167058_000_3167058_000_2,8.005312501323125
1457,36.3813227,127.3242128,대전광역시 유성구 죽동 636,죽동,노은2동,2024-04-04 15:17,15,21.9,446047046,446046726,0,secondary,2.0559765780920736,secondary,2.0559765780920736,중로,912.0,3167058_000_3167058_000_4,4.669928625595285
1458,36.3850582,127.3207258,대전광역시 유성구 하기동 585,하기동,노은2동,2024-04-04 15:15,15,26.8,956990632,446046721,0,secondary,5.980355766690766,secondary,5.980355766690766,중로,371.0,3167015_003_3167015_003_10,0.8047918458122545
1459,36.3432979,127.2990918,대전광역시 유성구 계산동 719,계산동,학하동,2024-04-04 13:57,8,24.5,1738172885,1313837783,0,residential,6.949589509437629,residential,6.949589509437629,소로,1251.0,3342042_003_3342042_003_6,8.013356383668135
1460,36.3431311,127.2993334,대전광역시 유성구 계산동 781,계산동,학하동,2024-04-04 13:57,8,11.2,1313837783,1738172885,0,residential,5.527036065641064,residential,5.527036065641064,소로,1251.0,3342042_003_3342042_003_6,6.711876399721151
1461,36.3564434,127.3366242,대전광역시 유성구 봉명동 496-16,봉명동,온천1동,2024-04-04 13:54,8,20.8,1097717931,382917415,0,residential,3.898119618250935,residential,3.898119618250935,소로,934.0,3167061_003_3167061_003_1,3.2106052997265526
1462,36.3908181,127.3317364,대전광역시 유성구 하기동 603,하기동,노은2동,2024-04-04 10:38,15,24.8,446046594,278474412,0,secondary,5.445101423332605,secondary,5.445101423332605,중로,374.0,3167015_003_3167015_003_13,9.604351486976961
1463,36.3813703,127.3243784,대전광역시 유성구 죽동 636,죽동,노은2동,2024-04-04 10:29,15,24.5,446047046,446046726,0,secondary,2.900075904081359,secondary,2.900075904081359,중로,912.0,3167058_000_3167058_000_4,3.778526175528139
1464,36.3815311,127.3248495,대전광역시 유성구 죽동 648,죽동,노은2동,2024-04-04 10:29,15,15.5,446047039,446047046,0,secondary,1.395199328049437,secondary,1.395199328049437,중로,910.0,3167058_000_3167058_000_2,6.165975572457179
1465,36.3815311,127.3248495,대전광역시 유성구 죽동 648,죽동,노은2동,2024-04-04 10:29,15,20.1,446047046,446047039,0,secondary,1.395199328049437,secondary,1.395199328049437,중로,910.0,3167058_000_3167058_000_2,6.165975572457179
1466,36.309786,127.3080341,대전광역시 유성구 교촌동 422-1,교촌동,진잠동,2024-04-04 10:13,8,19.9,562807977,307688118,0,residential,0.7318406655447933,residential,0.7318406655447933,소로,327.0,3167010_004_3167010_004_1,1.4741722182890056
1467,36.3505537,127.3371626,대전광역시 유성구 구암동 641,구암동,온천1동,2024-04-04 10:03,15,27.2,579252394,436785592,0,secondary,0.2788751909919383,secondary,0.2788751909919383,중로,3209.0,4301340_000_4301340_000_9,2.4416115347528122
1468,36.3523244,127.3382727,대전광역시 유성구 봉명동 528,봉명동,온천1동,2024-04-04 9:44,8,21.7,323136223,8941183440,0,residential,2.397707247858382,residential,2.397707247858382,소로,1563.0,4301024_000_4301024_000_2,4.072322944490075
1469,36.3292556,127.312099,대전광역시 유성구 용계동 412-6,용계동,진잠동,2024-04-04 7:07,8,17.8,526780236,436873591,0,residential,1.5824673655318218,residential,1.5824673655318218,소로,989.0,3167067_009_3167067_009_5,6.8514002163789485
1470,36.2999016,127.3199788,대전광역시 유성구 원내동 735,원내동,진잠동,2024-04-04 6:53,15,25.1,382917213,382917223,0,tertiary,2.2440855372265536,tertiary,2.2440855372265536,중로,3028.0,4301306_000_4301306_000_1,2.35409830223951
1471,36.2999016,127.3199788,대전광역시 유성구 원내동 735,원내동,진잠동,2024-04-04 6:53,15,20.4,382917223,382917213,0,tertiary,2.2440855372265536,tertiary,2.2440855372265536,중로,3028.0,4301306_000_4301306_000_1,2.35409830223951
1472,36.3618602,127.357509,대전광역시 유성구 어은동 59-12,어은동,온천2동,2024-04-04 6:40,15,26.1,276653810,277881193,0,secondary,4.544142141742116,secondary,4.544142141742116,중로,1117.0,3167083_001_3167083_001_7,5.569665298140544
1473,36.3002815,127.3201086,대전광역시 유성구 원내동 738,원내동,진잠동,2024-04-04 6:16,8,24.4,382917223,562808124,0,residential,3.3291284059780444,residential,3.3291284059780444,소로,3028.0,4301306_000_4301306_000_1,2.6476142791200923
1474,36.2998383,127.3201286,대전광역시 유성구 원내동 735,원내동,진잠동,2024-04-04 6:16,15,19.9,382917223,562808319,0,tertiary,4.587653826756116,tertiary,4.587653826756116,중로,902.0,3167055_002_3167055_002_3,1.5744367009892735
1475,36.2998383,127.3201286,대전광역시 유성구 원내동 735,원내동,진잠동,2024-04-04 6:16,15,20.9,562808319,382917223,0,tertiary,4.587653826756116,tertiary,4.587653826756116,중로,902.0,3167055_002_3167055_002_3,1.5744367009892735
1476,36.3578388,127.3398481,대전광역시 유성구 장대동 373,장대동,온천2동,2024-04-03 16:24,8,11.4,1097718217,8950772502,0,residential,1.9248628585472085,residential,1.9248628585472085,소로,783.0,3167047_002_3167047_002_4,2.3615038004848863
1477,36.4022822,127.4049634,대전광역시 유성구 전민동 464-3,전민동,전민동,2024-04-01 14:18,15,25.0,4639776992,3957267895,0,tertiary,3.652414635101638,tertiary,3.652414635101638,중로,764.0,3167043_002_3167043_002_8,7.206516459759442
1478,36.4022822,127.4049634,대전광역시 유성구 전민동 464-3,전민동,전민동,2024-04-01 14:18,15,18.9,3957267895,4639776992,0,tertiary,3.652414635101638,tertiary,3.652414635101638,중로,764.0,3167043_002_3167043_002_8,7.206516459759442
1479,36.402017,127.4049643,대전광역시 유성구 전민동 464-3,전민동,전민동,2024-04-01 14:18,15,26.1,4639776992,3957267895,0,tertiary,3.416966492351844,tertiary,3.416966492351844,중로,764.0,3167043_002_3167043_002_8,6.741536366839366
1480,36.402017,127.4049643,대전광역시 유성구 전민동 464-3,전민동,전민동,2024-04-01 14:18,15,25.7,3957267895,4639776992,0,tertiary,3.416966492351844,tertiary,3.416966492351844,중로,764.0,3167043_002_3167043_002_8,6.741536366839366
1481,36.4266291,127.3902812,대전광역시 유성구 관평동 1286,관평동,관평동,2024-03-29 15:29,15,24.8,436793097,599900022,0,secondary,3.1402991942071514,secondary,3.1402991942071514,중로,1054.0,3167074_002_3167074_002_3,2.2777044860331688
1482,36.4266291,127.3902812,대전광역시 유성구 관평동 1286,관평동,관평동,2024-03-29 15:29,15,22.5,599900022,436793097,0,secondary,3.1402991942071514,secondary,3.1402991942071514,중로,1054.0,3167074_002_3167074_002_3,2.2777044860331688
1483,36.4029268,127.4049911,대전광역시 유성구 전민동 464-3,전민동,전민동,2024-03-29 15:15,15,24.1,4639776992,3957267895,0,tertiary,6.74793838318917,tertiary,6.74793838318917,중로,764.0,3167043_002_3167043_002_8,11.01718592138251
1484,36.4029268,127.4049911,대전광역시 유성구 전민동 464-3,전민동,전민동,2024-03-29 15:15,15,17.2,3957267895,4639776992,0,tertiary,6.74793838318917,tertiary,6.74793838318917,중로,764.0,3167043_002_3167043_002_8,11.01718592138251
1485,36.4027533,127.4049766,대전광역시 유성구 전민동 464-3,전민동,전민동,2024-03-29 15:15,15,17.6,3957267895,4639776992,0,tertiary,5.295678867276213,tertiary,5.295678867276213,중로,764.0,3167043_002_3167043_002_8,9.359783363079071
1486,36.3568313,127.3466613,대전광역시 유성구 봉명동 637,봉명동,온천1동,2024-03-29 10:26,15,24.9,352963968,436843030,0,secondary,3.549476833586962,secondary,3.549476833586962,중로,775.0,3167046_001_3167046_001_1,6.422735684807562
1487,36.3875609,127.4126874,대전광역시 대덕구 신대동 535,신대동,회덕동,2024-03-28 10:58,25,37.7,278174527,602918785,0,trunk,5.5794890212820105,trunk,5.5794890212820105,대로,,,
1488,36.4242042,127.4195913,대전광역시 대덕구 상서동 349-92,상서동,덕암동,2024-03-28 10:54,25,29.8,5873038684,11390084366,0,primary,5.629085689814447,primary,5.629085689814447,대로,,,
1489,36.3782141,127.4117965,대전광역시 대덕구 읍내동 505-23,읍내동,회덕동,2024-03-28 9:58,8,12.7,13335281361,602918784,0,trunk_link,1.286428922511882,trunk_link,1.286428922511882,소로,,,
1490,36.3634859,127.3410776,대전광역시 유성구 궁동 352,궁동,온천2동,2024-03-28 9:46,15,24.0,448138712,12167636492,0,secondary,8.705323407642616,secondary,8.705323407642616,중로,3681.0,4301443_002_4301443_002_1,8.25809797543256
1491,36.360928,127.3547032,대전광역시 유성구 어은동 311,어은동,온천2동,2024-03-28 9:42,15,21.2,276653810,352964392,0,secondary,6.042332710176725,secondary,6.042332710176725,중로,1116.0,3167083_001_3167083_001_6,8.104872340575307
1492,36.4652806,127.3965343,대전광역시 유성구 금고동 산 21,금고동,구즉동,2024-03-27 16:03,8,16.4,11390084383,11390023248,0,residential,7.813071137222888,residential,7.813071137222888,소로,,,
1493,36.4586442,127.3903297,대전광역시 유성구 금고동 산 21,금고동,구즉동,2024-03-27 15:58,8,21.4,11390023265,277758863,0,residential,1.0672903305169104,residential,1.0672903305169104,소로,,,
1494,36.4586442,127.3903297,대전광역시 유성구 금고동 산 21,금고동,구즉동,2024-03-27 15:58,8,12.3,277758863,11390023265,0,residential,1.0672903305169104,residential,1.0672903305169104,소로,,,
1495,36.4586255,127.3902565,대전광역시 유성구 금고동 산 21,금고동,구즉동,2024-03-27 15:58,8,18.6,11390023265,277758863,0,residential,3.2239729833033994,residential,3.2239729833033994,소로,,,
1496,36.4586255,127.3902565,대전광역시 유성구 금고동 산 21,금고동,구즉동,2024-03-27 15:58,8,24.8,277758863,11390023265,0,residential,3.2239729833033994,residential,3.2239729833033994,소로,,,
1497,36.3792173,127.3914606,대전광역시 유성구 도룡동 3-6,도룡동,신성동,2024-03-27 14:45,15,21.7,278159730,278159703,0,tertiary,8.173780943443179,tertiary,8.173780943443179,중로,2085.0,4301105_000_4301105_000_2,3.1748766662455
1498,36.3792173,127.3914606,대전광역시 유성구 도룡동 3-6,도룡동,신성동,2024-03-27 14:45,15,24.8,278159703,278159730,0,tertiary,8.173780943443179,tertiary,8.173780943443179,중로,2085.0,4301105_000_4301105_000_2,3.1748766662455
1499,36.3792141,127.3915638,대전광역시 유성구 도룡동 3-6,도룡동,신성동,2024-03-27 14:45,15,25.4,278159730,278159703,0,tertiary,8.231373067185848,tertiary,8.231373067185848,중로,2085.0,4301105_000_4301105_000_2,3.4555402108557365
1500,36.3792141,127.3915638,대전광역시 유성구 도룡동 3-6,도룡동,신성동,2024-03-27 14:45,15,20.2,278159703,278159730,0,tertiary,8.231373067185848,tertiary,8.231373067185848,중로,2085.0,4301105_000_4301105_000_2,3.4555402108557365
1501,36.3792151,127.4059778,대전광역시 유성구 원촌동 69-1,원촌동,전민동,2024-03-27 14:43,15,26.9,8230105355,1442147575,0,secondary,5.940371275320022,secondary,5.940371275320022,중로,760.0,3167043_002_3167043_002_4,6.7825701464173465
1502,36.3792151,127.4059778,대전광역시 유성구 원촌동 69-1,원촌동,전민동,2024-03-27 14:43,15,24.2,1442147575,8230105355,0,secondary,5.940371275320022,secondary,5.940371275320022,중로,760.0,3167043_002_3167043_002_4,6.7825701464173465
1503,36.3793187,127.4060377,대전광역시 유성구 원촌동 69-1,원촌동,전민동,2024-03-27 14:43,15,29.2,8230105355,1442147575,0,secondary,6.072262884579457,secondary,6.072262884579457,중로,760.0,3167043_002_3167043_002_4,6.817441338578716
1504,36.3793187,127.4060377,대전광역시 유성구 원촌동 69-1,원촌동,전민동,2024-03-27 14:43,15,23.1,1442147575,8230105355,0,secondary,6.072262884579457,secondary,6.072262884579457,중로,760.0,3167043_002_3167043_002_4,6.817441338578716
1505,36.4196381,127.4062224,대전광역시 유성구 탑립동 709,탑립동,관평동,2024-03-27 14:32,15,19.6,280237000,412125991,0,secondary,1.8143183400258511,secondary,1.8143183400258511,중로,1081.0,3167080_005_3167080_005_4,3.220557102758519
1506,36.4197228,127.4061367,대전광역시 유성구 탑립동 709,탑립동,관평동,2024-03-27 14:32,15,22.6,280237000,412125991,0,secondary,2.64622318674291,secondary,2.64622318674291,중로,1081.0,3167080_005_3167080_005_4,4.000093813791498
1507,36.2955885,127.3215133,대전광역시 서구 관저동 978-5,관저동,관저2동,2024-03-27 13:50,25,24.4,9039349011,9039349010,0,primary,6.265095287165999,primary,6.265095287165999,대로,136.0,3000095_004_3000095_004_3,0.6544021387874904
1508,36.2944116,127.3210602,대전광역시 서구 관저동 978-7,관저동,관저2동,2024-03-27 13:50,25,23.6,9039349014,9039349012,0,primary,6.62069911997731,primary,6.62069911997731,대로,136.0,3000095_004_3000095_004_3,4.2632969227671635
1509,36.2856584,127.3077602,대전광역시 유성구 방동 19-20,방동,진잠동,2024-03-27 13:44,15,20.7,473392051,538799706,0,tertiary,2.1706296058516235,tertiary,2.1706296058516235,중로,640.0,3167034_016_3167034_016_1,3.1434889901685317
1510,36.2856584,127.3077602,대전광역시 유성구 방동 19-20,방동,진잠동,2024-03-27 13:44,15,24.5,538799706,473392051,0,tertiary,2.1706296058516235,tertiary,2.1706296058516235,중로,640.0,3167034_016_3167034_016_1,3.1434889901685317
1511,36.418896,127.4068522,대전광역시 유성구 탑립동 709,탑립동,관평동,2024-03-27 13:35,15,20.7,412126022,11109556657,0,secondary,0.7212447116594146,secondary,0.7212447116594146,중로,1081.0,3167080_005_3167080_005_4,9.546527349973779
1512,36.4154218,127.4069884,대전광역시 유성구 탑립동 945,탑립동,관평동,2024-03-27 13:35,15,28.9,8998251254,412126025,0,secondary,2.088946431661046,secondary,2.088946431661046,중로,1082.0,3167080_005_3167080_005_5,6.742074584052351
1513,36.4152964,127.4069839,대전광역시 유성구 탑립동 945,탑립동,관평동,2024-03-27 13:35,15,24.9,8998251254,412126025,0,secondary,2.134685659711377,secondary,2.134685659711377,중로,1082.0,3167080_005_3167080_005_5,6.784788889843838
1514,36.4151682,127.4069794,대전광역시 유성구 탑립동 945,탑립동,관평동,2024-03-27 13:35,15,24.1,8998251254,412126025,0,secondary,2.1724387516720083,secondary,2.1724387516720083,중로,1082.0,3167080_005_3167080_005_5,6.837462712926703
1515,36.3545161,127.3388108,대전광역시 유성구 봉명동 529,봉명동,온천1동,2024-03-27 10:38,25,23.6,276653987,579252436,0,primary,4.844816273690225,primary,4.844816273690225,대로,203.0,3010024_004_3010024_004_2,2.0048138411532115
1516,36.3545161,127.3388108,대전광역시 유성구 봉명동 529,봉명동,온천1동,2024-03-27 10:38,25,22.5,579252436,276653987,0,primary,4.844816273690225,primary,4.844816273690225,대로,203.0,3010024_004_3010024_004_2,2.0048138411532115
1517,36.3453794,127.3104462,대전광역시 유성구 복용동 629,복용동,학하동,2024-03-27 10:27,15,18.9,1313838356,1313838269,0,secondary,13.08623087781703,secondary,13.08623087781703,중로,1201.0,3342039_000_3342039_000_2,9.881149703296183
1518,36.3505336,127.3222749,대전광역시 유성구 구암동 337-1,구암동,온천1동,2024-03-27 10:27,8,14.2,354820346,354820326,0,residential,5.516846139652638,residential,5.516846139652638,소로,3932.0,4301525_007_4301525_007_1,1.7115997516057166
1519,36.3505336,127.3222749,대전광역시 유성구 구암동 337-1,구암동,온천1동,2024-03-27 10:27,8,14.3,354820326,354820346,0,residential,5.516846139652638,residential,5.516846139652638,소로,3932.0,4301525_007_4301525_007_1,1.7115997516057166
1520,36.3486033,127.3231306,대전광역시 유성구 구암동 289,구암동,온천1동,2024-03-27 10:25,8,16.6,1892799715,936174407,0,residential,1.6335646154593428,residential,1.6335646154593428,소로,3935.0,4301525_007_4301525_007_4,1.4664453347338209
1521,36.3486314,127.3232744,대전광역시 유성구 구암동 221-4,구암동,온천1동,2024-03-27 10:25,8,11.4,936174407,1892799715,0,residential,1.365048446095272,residential,1.365048446095272,소로,3935.0,4301525_007_4301525_007_4,1.0582824503433095
1522,36.3486314,127.3232744,대전광역시 유성구 구암동 221-4,구암동,온천1동,2024-03-27 10:25,8,18.5,1892799715,936174407,0,residential,1.365048446095272,residential,1.365048446095272,소로,3935.0,4301525_007_4301525_007_4,1.0582824503433095
1523,36.3483272,127.324071,대전광역시 유성구 구암동 222-1,구암동,온천1동,2024-03-27 10:25,8,13.9,936174407,1892799715,0,residential,2.238919764074676,residential,2.238919764074676,소로,3938.0,4301525_007_4301525_007_7,3.032591754798382
1524,36.3483272,127.324071,대전광역시 유성구 구암동 222-1,구암동,온천1동,2024-03-27 10:25,8,24.0,1892799715,936174407,0,residential,2.238919764074676,residential,2.238919764074676,소로,3938.0,4301525_007_4301525_007_7,3.032591754798382
1525,36.3857,127.3740912,대전광역시 유성구 도룡동 404,도룡동,신성동,2024-03-27 10:17,15,28.2,279564820,8578249213,0,secondary,1.6905362524809309,secondary,1.6905362524809309,중로,266.0,3167001_001_3167001_001_4,9.258042317073574
1526,36.3911208,127.3943992,대전광역시 유성구 문지동 103-15,문지동,전민동,2024-03-27 10:12,15,18.2,276653936,4189566894,0,secondary,3.174267158795146,secondary,3.174267158795146,중로,503.0,3167022_003_3167022_003_2,6.589984908731715
1527,36.3911208,127.3943992,대전광역시 유성구 문지동 103-15,문지동,전민동,2024-03-27 10:12,15,28.4,4189566894,276653936,0,secondary,3.174267158795146,secondary,3.174267158795146,중로,503.0,3167022_003_3167022_003_2,6.589984908731715
1528,36.3485201,127.3258578,대전광역시 유성구 구암동 522-6,구암동,온천1동,2024-03-27 9:54,8,19.1,936174407,1892799715,0,residential,4.276922174814144,residential,4.276922174814144,소로,3939.0,4301525_007_4301525_007_8,0.1889655586306234
1529,36.3485201,127.3258578,대전광역시 유성구 구암동 522-6,구암동,온천1동,2024-03-27 9:54,8,15.2,1892799715,936174407,0,residential,4.276922174814144,residential,4.276922174814144,소로,3939.0,4301525_007_4301525_007_8,0.1889655586306234
1530,36.3925597,127.3577184,대전광역시 유성구 장동 157-4,장동,신성동,2024-03-27 8:23,15,15.7,8684497341,3399376536,0,secondary,5.834643836606037,secondary,5.834643836606037,중로,276.0,3167002_002_3167002_002_1,9.936452436149585
1531,36.3925597,127.3577184,대전광역시 유성구 장동 157-4,장동,신성동,2024-03-27 8:23,15,27.7,3399376536,8684497341,0,secondary,5.834643836606037,secondary,5.834643836606037,중로,276.0,3167002_002_3167002_002_1,9.936452436149585
1532,36.3696129,127.3177991,대전광역시 유성구 노은동 583,노은동,노은1동,2024-03-26 16:33,8,21.4,309314170,390265708,0,residential,4.805140838352569,residential,4.805140838352569,소로,365.0,3167015_003_3167015_003_4,5.905819896441909
1533,36.3696129,127.3177991,대전광역시 유성구 노은동 583,노은동,노은1동,2024-03-26 16:33,8,22.5,390265708,309314170,0,residential,4.805140838352569,residential,4.805140838352569,소로,365.0,3167015_003_3167015_003_4,5.905819896441909
1534,36.3924971,127.311814,대전광역시 유성구 반석동 689,반석동,노은3동,2024-03-26 15:19,8,11.7,626355800,626355798,1,residential,1.1608489994224078,residential,1.1608489994224078,소로,2308.0,4301170_002_4301170_002_3,1.4764880789176258
1535,36.393572,127.3126234,대전광역시 유성구 반석동 625-3,반석동,노은3동,2024-03-26 15:17,8,15.5,626355797,5414416615,0,residential,5.730919019401581,residential,5.730919019401581,소로,2301.0,4301169_000_4301169_000_4,5.410902741599528
1536,36.3936933,127.3127063,대전광역시 유성구 반석동 687,반석동,노은3동,2024-03-26 15:17,8,18.9,626355818,5414416615,0,residential,4.686405245432756,residential,4.686405245432756,소로,2301.0,4301169_000_4301169_000_4,5.175901624144855
1537,36.3544711,127.349895,대전광역시 유성구 봉명동 700,봉명동,온천1동,2024-03-26 14:51,15,28.7,626311532,8948647494,0,secondary,3.3382242438978893,secondary,3.3382242438978893,중로,771.0,3167044_000_3167044_000_2,9.580674193122041
1538,36.3506871,127.3512544,대전광역시 서구 월평동 163-31,월평동,월평1동,2024-03-26 14:38,8,17.3,3262720625,319509867,0,secondary_link,1.10435217142299,secondary_link,1.10435217142299,소로,,,
1539,36.3670986,127.319076,대전광역시 유성구 노은동 612,노은동,노은1동,2024-03-26 14:34,15,28.8,309314166,1412088038,0,secondary,18.49759193809484,secondary,18.49759193809484,중로,1879.0,4301070_000_4301070_000_1,21.898379367228685
1540,36.3505692,127.3520311,대전광역시 서구 월평동 187-7,월평동,월평1동,2024-03-26 14:34,10,24.0,319509867,2974117918,0,primary,31.73376545773393,primary,31.73376545773393,미분류,,,
1541,36.3630034,127.3350653,대전광역시 유성구 장대동 328-1,장대동,온천2동,2024-03-26 14:26,8,11.6,390265300,390265296,0,residential,8.523655512263458,residential,8.523655512263458,소로,3449.0,4301383_000_4301383_000_2,7.877745795980766
1542,36.4073273,127.3744373,대전광역시 유성구 방현동 2-1,방현동,신성동,2024-03-26 12:05,8,15.3,8234428164,3399377140,0,primary_link,2.206942329241058,primary_link,2.206942329241058,소로,94.0,2167001_001_2167001_001_9,15.258894830406822
1543,36.4441744,127.4033977,대전광역시 대덕구 문평동 92,문평동,목상동,2024-03-26 11:57,25,35.6,559368572,559368566,0,primary,2.896024644124864,primary,2.896024644124864,대로,,,
1544,36.4497515,127.4212713,대전광역시 대덕구 석봉동 766,석봉동,석봉동,2024-03-26 11:53,25,33.1,761137588,3247362673,0,primary,2.385031551919157,primary,2.385031551919157,대로,,,
1545,36.4497782,127.4213387,대전광역시 대덕구 석봉동 766,석봉동,석봉동,2024-03-26 11:53,25,39.0,761137588,3247362673,0,primary,1.925805110890057,primary,1.925805110890057,대로,,,
1546,36.4498535,127.4215358,대전광역시 대덕구 석봉동 766,석봉동,석봉동,2024-03-26 11:53,25,37.3,761137588,3247362673,0,primary,1.7532184719915993,primary,1.7532184719915993,대로,,,
1547,36.4498803,127.4216046,대전광역시 대덕구 석봉동 766,석봉동,석봉동,2024-03-26 11:53,25,27.4,761137588,3247362673,0,primary,2.0574256800753505,primary,2.0574256800753505,대로,,,
1548,36.4509668,127.427948,대전광역시 대덕구 석봉동 388-1,석봉동,신탄진동,2024-03-26 11:52,25,20.2,761137538,928075263,0,primary,3.962891357375582,primary,3.962891357375582,대로,,,
1549,36.4459118,127.4296444,대전광역시 대덕구 신탄진동 733,신탄진동,신탄진동,2024-03-26 11:51,25,30.4,469601110,469611170,0,primary,2.3966598146299427,primary,2.3966598146299427,대로,,,
1550,36.4436518,127.4334659,대전광역시 대덕구 신탄진동 272-2,신탄진동,신탄진동,2024-03-26 11:49,8,19.3,3957373437,311266841,0,residential,28.532473233380458,residential,28.532473233380458,소로,,,
1551,36.4430664,127.4334039,대전광역시 대덕구 신탄진동 272-2,신탄진동,신탄진동,2024-03-26 11:36,10,10.1,539315179,469601197,0,residential,85.60962002835326,residential,85.60962002835326,미분류,,,
1552,36.4430664,127.4334039,대전광역시 대덕구 신탄진동 272-2,신탄진동,신탄진동,2024-03-26 11:36,10,25.9,469601197,539315179,0,residential,85.60962002835326,residential,85.60962002835326,미분류,,,
1553,36.443074,127.4333858,대전광역시 대덕구 신탄진동 272-2,신탄진동,신탄진동,2024-03-26 11:36,10,11.9,539315179,469601197,0,residential,83.83266244606025,residential,83.83266244606025,미분류,,,
1554,36.443074,127.4333858,대전광역시 대덕구 신탄진동 272-2,신탄진동,신탄진동,2024-03-26 11:36,10,19.5,469601197,539315179,0,residential,83.83266244606025,residential,83.83266244606025,미분류,,,
1555,36.4430078,127.4337313,대전광역시 대덕구 신탄진동 272-2,신탄진동,신탄진동,2024-03-26 11:36,10,16.1,11390084283,11846705063,0,residential,97.56393252270642,residential,97.56393252270642,미분류,,,
1556,36.4430078,127.4337313,대전광역시 대덕구 신탄진동 272-2,신탄진동,신탄진동,2024-03-26 11:36,10,28.4,11846705063,11390084283,0,residential,97.56393252270642,residential,97.56393252270642,미분류,,,
1557,36.4434515,127.4335004,대전광역시 대덕구 신탄진동 272-2,신탄진동,신탄진동,2024-03-26 11:27,10,25.2,3957373437,311266841,0,residential,50.09772240633501,residential,50.09772240633501,미분류,,,
1558,36.4434515,127.4335004,대전광역시 대덕구 신탄진동 272-2,신탄진동,신탄진동,2024-03-26 11:27,10,24.4,311266841,3957373437,0,residential,50.09772240633501,residential,50.09772240633501,미분류,,,
1559,36.4437076,127.4334665,대전광역시 대덕구 신탄진동 272-2,신탄진동,신탄진동,2024-03-26 10:46,8,21.7,3957373437,311266841,0,residential,22.889733879135107,residential,22.889733879135107,소로,,,
1560,36.4437076,127.4334665,대전광역시 대덕구 신탄진동 272-2,신탄진동,신탄진동,2024-03-26 10:46,8,18.2,311266841,3957373437,0,residential,22.889733879135107,residential,22.889733879135107,소로,,,
1561,36.4448579,127.4301487,대전광역시 대덕구 신탄진동 745,신탄진동,신탄진동,2024-03-26 10:44,8,16.5,311266841,3957373437,0,residential,1.1598055041633983,residential,1.1598055041633983,소로,,,
1562,36.4448868,127.4300601,대전광역시 대덕구 신탄진동 745,신탄진동,신탄진동,2024-03-26 10:44,15,27.3,469601109,311266841,0,secondary,1.150272794308628,secondary,1.150272794308628,중로,,,
1563,36.4448868,127.4300601,대전광역시 대덕구 신탄진동 745,신탄진동,신탄진동,2024-03-26 10:44,15,29.7,311266841,469601109,0,secondary,1.150272794308628,secondary,1.150272794308628,중로,,,
1564,36.4420519,127.4295768,대전광역시 대덕구 신탄진동 264-64,신탄진동,덕암동,2024-03-26 10:44,8,13.6,469601136,469601142,0,tertiary_link,1.0814496243482756,tertiary_link,1.0814496243482756,소로,,,
1565,36.4419786,127.4295673,대전광역시 대덕구 신탄진동 264-64,신탄진동,덕암동,2024-03-26 10:44,8,18.8,469601136,469601142,0,tertiary_link,1.3067647065872774,tertiary_link,1.3067647065872774,소로,,,
1566,36.4421481,127.4284869,대전광역시 대덕구 덕암동 31,덕암동,덕암동,2024-03-26 10:43,8,14.2,370797752,5725780339,0,tertiary_link,1.1102639752239023,tertiary_link,1.1102639752239023,소로,,,
1567,36.4441973,127.4255582,대전광역시 대덕구 덕암동 336,덕암동,덕암동,2024-03-26 10:42,15,15.9,370797745,370797575,0,tertiary,6.1454565723941945,tertiary,6.1454565723941945,중로,,,
1568,36.3615256,127.3367959,대전광역시 유성구 장대동 352-3,장대동,온천2동,2024-03-26 10:24,8,12.9,1097718090,1097717837,0,residential,3.809529426906973,residential,3.809529426906973,소로,2254.0,4301161_000_4301161_000_1,4.703354327637624
1569,36.3667207,127.3224166,대전광역시 유성구 노은동 612,노은동,노은1동,2024-03-26 9:12,15,17.7,8947618240,673919081,0,secondary,4.500388584214778,secondary,4.500388584214778,중로,74.0,2010004_005_2010004_005_6,15.843234264485043
1570,36.3638067,127.3142335,대전광역시 유성구 노은동 603,노은동,노은1동,2024-03-26 8:58,15,21.2,276658940,276658951,0,secondary,1.807877775849868,secondary,1.807877775849868,중로,382.0,3167016_001_3167016_001_1,0.7469573524792431
1571,36.3686205,127.3177944,대전광역시 유성구 노은동 583,노은동,노은1동,2024-03-26 8:49,15,23.8,446046744,390265407,0,secondary,0.6727539208506181,secondary,0.6727539208506181,중로,365.0,3167015_003_3167015_003_4,6.420567315774435
1572,36.3716754,127.3178069,대전광역시 유성구 노은동 583,노은동,노은1동,2024-03-26 8:48,15,23.2,309314170,282178917,0,secondary,5.693024154956505,secondary,5.693024154956505,중로,365.0,3167015_003_3167015_003_4,5.942761392428947
1573,36.3716754,127.3178069,대전광역시 유성구 노은동 583,노은동,노은1동,2024-03-26 8:48,15,25.9,282178917,309314170,0,secondary,5.693024154956505,secondary,5.693024154956505,중로,365.0,3167015_003_3167015_003_4,5.942761392428947
1574,36.3718373,127.3157645,대전광역시 유성구 노은동 570,노은동,노은1동,2024-03-26 8:47,15,23.2,276658957,276658958,0,secondary,3.8819450737172905,secondary,3.8819450737172905,중로,382.0,3167016_001_3167016_001_1,3.861132009762833
1575,36.3707474,127.3153722,대전광역시 유성구 노은동 570,노은동,노은1동,2024-03-26 8:46,15,18.1,390265455,390265458,0,secondary,2.5171629890853064,secondary,2.5171629890853064,중로,382.0,3167016_001_3167016_001_1,1.840648665889667
1576,36.3706973,127.3153428,대전광역시 유성구 노은동 570,노은동,노은1동,2024-03-26 8:46,15,18.8,390265455,390265458,0,secondary,2.5893818392629853,secondary,2.5893818392629853,중로,382.0,3167016_001_3167016_001_1,1.96421667902052
1577,36.3702105,127.3150465,대전광역시 유성구 노은동 570,노은동,노은1동,2024-03-26 8:46,15,17.5,390265455,390265458,0,secondary,2.433720489655913,secondary,2.433720489655913,중로,382.0,3167016_001_3167016_001_1,2.309317776826677
1578,36.3654503,127.3226331,대전광역시 유성구 노은동 613,노은동,노은1동,2024-03-26 8:29,15,28.7,673919081,454697802,0,secondary,6.605629693755752,secondary,6.605629693755752,중로,351.0,3167014_001_3167014_001_1,9.538491535576572
1579,36.3654503,127.3226331,대전광역시 유성구 노은동 613,노은동,노은1동,2024-03-26 8:29,15,28.6,454697802,673919081,0,secondary,6.605629693755752,secondary,6.605629693755752,중로,351.0,3167014_001_3167014_001_1,9.538491535576572
1580,36.3649255,127.3377002,대전광역시 유성구 장대동 302,장대동,온천2동,2024-03-26 8:25,8,21.8,571344652,571344578,0,residential,1.0226037275220987,residential,1.0226037275220987,소로,3331.0,4301361_000_4301361_000_1,1.3174687743216098
1581,36.361462,127.3435213,대전광역시 유성구 궁동 479-5,궁동,온천2동,2024-03-26 7:33,8,24.9,566882353,436793326,0,residential,5.761012874575721,residential,5.761012874575721,소로,2212.0,4301142_001_4301142_001_2,3.5399777807750876
1582,36.3899565,127.3234034,대전광역시 유성구 하기동 603,하기동,노은2동,2024-03-25 15:42,15,16.3,446046698,446009209,0,secondary,1.6207456160875189,secondary,1.6207456160875189,중로,372.0,3167015_003_3167015_003_11,4.373766026448889
1583,36.3929096,127.3114241,대전광역시 유성구 반석동 676,반석동,노은3동,2024-03-25 15:37,8,15.9,626355793,626355742,0,residential,8.574942788714385,residential,8.574942788714385,소로,552.0,3167025_003_3167025_003_5,10.619848968726542
1584,36.3928438,127.311452,대전광역시 유성구 반석동 676,반석동,노은3동,2024-03-25 15:37,8,12.3,626355742,626355793,0,residential,9.21956625007832,residential,9.21956625007832,소로,552.0,3167025_003_3167025_003_5,11.20574643364222
1585,36.3926193,127.3115274,대전광역시 유성구 반석동 676,반석동,노은3동,2024-03-25 15:36,8,16.3,626355742,626355793,0,residential,9.697154842746317,residential,9.697154842746317,소로,552.0,3167025_003_3167025_003_5,11.486396933115357
1586,36.395202,127.356339,대전광역시 유성구 장동 372-2,장동,신성동,2024-03-25 15:02,15,19.9,3399376536,8684497341,0,secondary,6.111208473115293,secondary,6.111208473115293,중로,276.0,3167002_002_3167002_002_1,6.799975354707216
1587,36.3911762,127.3619431,대전광역시 유성구 장동 23-9,장동,신성동,2024-03-25 15:00,15,28.9,8684497356,8684497341,0,secondary,4.427978287304733,secondary,4.427978287304733,중로,276.0,3167002_002_3167002_002_1,15.100770830969353
1588,36.3894721,127.3626184,대전광역시 유성구 장동 산 15-2,장동,신성동,2024-03-25 15:00,15,20.3,8684497356,278712998,0,secondary,2.720065400348614,secondary,2.720065400348614,중로,276.0,3167002_002_3167002_002_1,8.521556268680074
1589,36.3873068,127.3630088,대전광역시 유성구 장동 산 17-45,장동,신성동,2024-03-25 14:59,15,17.1,278712998,8684497356,0,secondary,5.732759416961615,secondary,5.732759416961615,중로,276.0,3167002_002_3167002_002_1,11.314606312291405
1590,36.3873068,127.3630088,대전광역시 유성구 장동 산 17-45,장동,신성동,2024-03-25 14:59,15,17.5,8684497356,278712998,0,secondary,5.732759416961615,secondary,5.732759416961615,중로,276.0,3167002_002_3167002_002_1,11.314606312291405
1591,36.3633894,127.3158492,대전광역시 유성구 노은동 603,노은동,노은1동,2024-03-25 14:32,15,18.5,390265378,276658940,0,secondary,6.335283970446494,secondary,6.335283970446494,중로,382.0,3167016_001_3167016_001_1,8.47649885359185
1592,36.3633894,127.3158492,대전광역시 유성구 노은동 603,노은동,노은1동,2024-03-25 14:32,15,25.0,276658940,390265378,0,secondary,6.335283970446494,secondary,6.335283970446494,중로,382.0,3167016_001_3167016_001_1,8.47649885359185
1593,36.3637051,127.3156038,대전광역시 유성구 노은동 557-6,노은동,노은1동,2024-03-25 14:32,8,14.9,390265384,390265390,0,residential,6.260051818141623,residential,6.260051818141623,소로,2936.0,4301292_000_4301292_000_1,5.321644500177792
1594,36.3637051,127.3156038,대전광역시 유성구 노은동 557-6,노은동,노은1동,2024-03-25 14:32,8,13.0,390265390,390265384,0,residential,6.260051818141623,residential,6.260051818141623,소로,2936.0,4301292_000_4301292_000_1,5.321644500177792
1595,36.3663302,127.3155315,대전광역시 유성구 노은동 553-2,노은동,노은1동,2024-03-25 14:23,8,18.9,390265380,390265397,0,residential,3.533594818826605,residential,3.533594818826605,소로,803.0,3167049_000_3167049_000_3,12.199836676093572
1596,36.3663302,127.3155315,대전광역시 유성구 노은동 553-2,노은동,노은1동,2024-03-25 14:23,8,14.5,390265397,390265380,0,residential,3.533594818826605,residential,3.533594818826605,소로,803.0,3167049_000_3167049_000_3,12.199836676093572
1597,36.3669699,127.3194037,대전광역시 유성구 노은동 612,노은동,노은1동,2024-03-25 14:19,15,16.2,309314166,1412088038,0,secondary,4.237892450052403,secondary,4.237892450052403,중로,74.0,2010004_005_2010004_005_6,11.025837683975752
1598,36.3602831,127.3475871,대전광역시 유성구 궁동 491,궁동,온천2동,2024-03-25 13:57,8,20.7,436793088,667240815,0,residential,5.46871507623527,residential,5.46871507623527,소로,2207.0,4301140_002_4301140_002_1,4.416526515753859
1599,36.3602831,127.3475871,대전광역시 유성구 궁동 491,궁동,온천2동,2024-03-25 13:57,8,21.2,667240815,436793088,0,residential,5.46871507623527,residential,5.46871507623527,소로,2207.0,4301140_002_4301140_002_1,4.416526515753859
1600,36.3609922,127.3458582,대전광역시 유성구 궁동 485,궁동,온천2동,2024-03-25 13:55,8,16.7,436793084,436804791,1,residential,4.924780506411407,residential,4.924780506411407,소로,2208.0,4301141_000_4301141_000_1,7.884632670056187
1601,36.3609922,127.3458582,대전광역시 유성구 궁동 485,궁동,온천2동,2024-03-25 13:55,8,13.5,436804791,436793084,1,residential,4.924780506411407,residential,4.924780506411407,소로,2208.0,4301141_000_4301141_000_1,7.884632670056187
1602,36.3610807,127.3456344,대전광역시 유성구 궁동 486-4,궁동,온천2동,2024-03-25 13:55,8,17.4,436793084,436804791,1,residential,5.641393013581023,residential,5.641393013581023,소로,2208.0,4301141_000_4301141_000_1,8.729590713610673
1603,36.3610807,127.3456344,대전광역시 유성구 궁동 486-4,궁동,온천2동,2024-03-25 13:55,8,18.3,436804791,436793084,1,residential,5.641393013581023,residential,5.641393013581023,소로,2208.0,4301141_000_4301141_000_1,8.729590713610673
1604,36.3569944,127.3427585,대전광역시 유성구 봉명동 574,봉명동,온천1동,2024-03-25 13:52,15,29.9,4798143596,4798143598,0,secondary,3.7959213949077695,secondary,3.7959213949077695,중로,1111.0,3167083_001_3167083_001_1,7.407336258969258
1605,36.4102501,127.3002342,대전광역시 유성구 안산동 227-2,안산동,노은2동,2024-03-25 10:33,15,22.9,436860389,436804550,0,tertiary,5.757497586793416,tertiary,5.757497586793416,중로,191.0,3000100_002_3000100_002_1,4.688637134740445
1606,36.4034926,127.3104053,대전광역시 유성구 외삼동 407-2,외삼동,노은2동,2024-03-25 10:22,8,24.6,496944721,496944663,0,residential,7.401560693928969,residential,7.401560693928969,소로,809.0,3167050_000_3167050_000_1,8.699608220926711
1607,36.4034698,127.3102407,대전광역시 유성구 외삼동 408-1,외삼동,노은2동,2024-03-25 10:18,8,12.4,496944721,496944663,0,residential,4.431500500716331,residential,4.431500500716331,소로,809.0,3167050_000_3167050_000_1,5.123362391431807
1608,36.4034698,127.3102407,대전광역시 유성구 외삼동 408-1,외삼동,노은2동,2024-03-25 10:18,8,23.1,496944663,496944721,0,residential,4.431500500716331,residential,4.431500500716331,소로,809.0,3167050_000_3167050_000_1,5.123362391431807
1609,36.3988263,127.3146315,대전광역시 유성구 외삼동 574-5,외삼동,노은2동,2024-03-25 10:16,8,13.8,496944495,496944468,0,residential,10.262059688617658,residential,10.262059688617658,소로,826.0,3167050_009_3167050_009_2,9.347272596189343
1610,36.3988263,127.3146315,대전광역시 유성구 외삼동 574-5,외삼동,노은2동,2024-03-25 10:16,8,18.9,496944468,496944495,0,residential,10.262059688617658,residential,10.262059688617658,소로,826.0,3167050_009_3167050_009_2,9.347272596189343
1611,36.3986833,127.3149461,대전광역시 유성구 외삼동 574-5,외삼동,노은2동,2024-03-25 10:16,8,24.2,496944495,496944468,0,residential,10.536206031840562,residential,10.536206031840562,소로,826.0,3167050_009_3167050_009_2,10.74403026013903
1612,36.3967094,127.312959,대전광역시 유성구 외삼동 587,외삼동,노은2동,2024-03-25 10:08,8,24.6,1677905128,436781246,0,residential,2.033953810334726,residential,2.033953810334726,소로,817.0,3167050_006_3167050_006_2,0.16867309799176305
1613,36.396436,127.3142371,대전광역시 유성구 외삼동 274-17,외삼동,노은2동,2024-03-25 10:06,8,13.3,436781250,436781246,0,residential,6.364748726299517,residential,6.364748726299517,소로,2960.0,4301295_000_4301295_000_1,4.822057572369326
1614,36.3662209,127.3325207,대전광역시 유성구 장대동 17-4,장대동,온천2동,2024-03-25 10:03,15,17.5,448138718,276558244,0,secondary,1.4045060893644936,secondary,1.4045060893644936,중로,938.0,3167061_003_3167061_003_5,11.152853042049312
1615,36.368572,127.3178383,대전광역시 유성구 노은동 583,노은동,노은1동,2024-03-25 9:59,15,15.1,446046744,390265407,0,secondary,4.530393632551199,secondary,4.530393632551199,중로,365.0,3167015_003_3167015_003_4,2.485429016193514
1616,36.3797111,127.3160106,대전광역시 유성구 지족동 948,지족동,노은2동,2024-03-25 9:54,8,24.0,390265495,390265492,0,residential,2.835646342996586,residential,2.835646342996586,소로,386.0,3167016_001_3167016_001_5,3.423899130501636
1617,36.3808791,127.3259708,대전광역시 유성구 죽동 650,죽동,노은2동,2024-03-25 9:25,8,17.7,446047106,446047107,0,residential,5.485336596741107,residential,5.485336596741107,소로,3394.0,4301372_001_4301372_001_1,2.4270315071155455
1618,36.3631213,127.3402254,대전광역시 유성구 장대동 350,장대동,온천2동,2024-03-25 8:28,8,11.8,431031510,276653958,0,residential,4.992300199812511,residential,4.992300199812511,소로,786.0,3167047_002_3167047_002_7,3.0313952329007816
1619,36.3631213,127.3402254,대전광역시 유성구 장대동 350,장대동,온천2동,2024-03-25 8:28,8,10.1,276653958,431031510,0,residential,4.992300199812511,residential,4.992300199812511,소로,786.0,3167047_002_3167047_002_7,3.0313952329007816
1620,36.3893356,127.3470274,대전광역시 유성구 하기동 18-15,하기동,신성동,2024-03-25 8:11,15,26.0,278712941,278712943,0,tertiary,2.306969451606657,tertiary,2.306969451606657,중로,753.0,3167041_000_3167041_000_1,6.338797258983626
1621,36.3893356,127.3470274,대전광역시 유성구 하기동 18-15,하기동,신성동,2024-03-25 8:11,15,24.9,278712943,278712941,0,tertiary,2.306969451606657,tertiary,2.306969451606657,중로,753.0,3167041_000_3167041_000_1,6.338797258983626
1622,36.3578843,127.3360467,대전광역시 유성구 장대동 293,장대동,온천2동,2024-03-25 8:08,8,11.3,1097717948,1097717716,0,residential,0.8184771488003378,residential,0.8184771488003378,소로,3312.0,4301353_000_4301353_000_2,0.8072570306349106
1623,36.3578843,127.3360467,대전광역시 유성구 장대동 293,장대동,온천2동,2024-03-25 8:08,8,24.9,1097717716,1097717948,0,residential,0.8184771488003378,residential,0.8184771488003378,소로,3312.0,4301353_000_4301353_000_2,0.8072570306349106
1624,36.3578187,127.3335684,대전광역시 유성구 장대동 191-7,장대동,온천2동,2024-03-25 8:07,8,15.2,436870737,1097718040,0,residential,1.785576407701172,residential,1.785576407701172,소로,3302.0,4301351_005_4301351_005_2,1.1548124271252942
1625,36.3578187,127.3335684,대전광역시 유성구 장대동 191-7,장대동,온천2동,2024-03-25 8:07,8,10.0,1097718040,436870737,0,residential,1.785576407701172,residential,1.785576407701172,소로,3302.0,4301351_005_4301351_005_2,1.1548124271252942
1626,36.357705,127.3335513,대전광역시 유성구 장대동 251-3,장대동,온천2동,2024-03-25 8:06,8,20.1,436870737,1097718040,0,residential,1.3178240990821608,residential,1.3178240990821608,소로,3302.0,4301351_005_4301351_005_2,0.5683195421141848
1627,36.3576372,127.3335392,대전광역시 유성구 장대동 251-3,장대동,온천2동,2024-03-25 8:06,8,18.9,1097718040,436870737,0,residential,0.8686838984718146,residential,0.8686838984718146,소로,3301.0,4301351_005_4301351_005_1,0.04842345115836829
1628,36.3576372,127.3335392,대전광역시 유성구 장대동 251-3,장대동,온천2동,2024-03-25 8:06,8,22.4,436870737,1097718040,0,residential,0.8686838984718146,residential,0.8686838984718146,소로,3301.0,4301351_005_4301351_005_1,0.04842345115836829
1629,36.3579331,127.3363765,대전광역시 유성구 장대동 290,장대동,온천2동,2024-03-25 8:05,15,17.6,1097717948,1097717897,0,tertiary,4.152875425853682,tertiary,4.152875425853682,중로,936.0,3167061_003_3167061_003_3,0.5945533554556236
1630,36.3579331,127.3363765,대전광역시 유성구 장대동 290,장대동,온천2동,2024-03-25 8:05,15,23.0,1097717897,1097717948,0,tertiary,4.152875425853682,tertiary,4.152875425853682,중로,936.0,3167061_003_3167061_003_3,0.5945533554556236
1631,36.358644,127.3351284,대전광역시 유성구 장대동 291,장대동,온천2동,2024-03-25 8:04,8,19.8,778834885,1097718102,0,residential,2.091916995794071,residential,2.091916995794071,소로,3326.0,4301358_000_4301358_000_1,1.1486371559867465
1632,36.3587926,127.3336676,대전광역시 유성구 장대동 291,장대동,온천2동,2024-03-25 8:00,8,14.9,431031516,1097717752,0,residential,1.7711897801588792,residential,1.7711897801588792,소로,3321.0,4301355_000_4301355_000_2,0.5890243360850642
1633,36.3587926,127.3336676,대전광역시 유성구 장대동 291,장대동,온천2동,2024-03-25 8:00,8,10.7,1097717752,431031516,0,residential,1.7711897801588792,residential,1.7711897801588792,소로,3321.0,4301355_000_4301355_000_2,0.5890243360850642
1634,36.3594135,127.3353638,대전광역시 유성구 장대동 291,장대동,온천2동,2024-03-25 7:59,8,13.9,778834885,778834882,0,residential,0.4470392022058719,residential,0.4470392022058719,소로,3321.0,4301355_000_4301355_000_2,1.567602313275463
1635,36.3901065,127.3990975,대전광역시 유성구 문지동 103-15,문지동,전민동,2024-03-25 7:54,15,15.2,276653936,4189566894,0,secondary,3.8562325454386026,secondary,3.8562325454386026,중로,503.0,3167022_003_3167022_003_2,7.911914720880074
1636,36.3901065,127.3990975,대전광역시 유성구 문지동 103-15,문지동,전민동,2024-03-25 7:54,15,23.0,4189566894,276653936,0,secondary,3.8562325454386026,secondary,3.8562325454386026,중로,503.0,3167022_003_3167022_003_2,7.911914720880074
1637,36.3645854,127.3378221,대전광역시 유성구 장대동 321,장대동,온천2동,2024-03-25 7:30,15,24.8,8941183499,448138726,0,secondary,3.493085993028377,secondary,3.493085993028377,중로,74.0,2010004_005_2010004_005_6,13.09192151331802
1638,36.3660409,127.3519414,대전광역시 유성구 궁동 220,어은동,온천2동,2024-03-25 7:04,8,11.6,352964361,566882533,0,"['unclassified', 'residential']",6.436339995357526,unclassified,6.436339995357526,소로,414.0,3167017_000_3167017_000_6,26.58300610882161
1639,36.3660409,127.3519414,대전광역시 유성구 궁동 220,어은동,온천2동,2024-03-25 7:04,8,20.8,566882533,352964361,0,"['unclassified', 'residential']",6.436339995357526,unclassified,6.436339995357526,소로,414.0,3167017_000_3167017_000_6,26.58300610882161
1640,36.3663175,127.332103,대전광역시 유성구 장대동 17-4,장대동,온천2동,2024-03-25 6:41,15,18.1,276557644,448138718,0,secondary,7.640626944237931,secondary,7.640626944237931,중로,74.0,2010004_005_2010004_005_6,17.074952569254627
1641,36.3665114,127.3316635,대전광역시 유성구 장대동 17-4,장대동,온천2동,2024-03-25 6:41,15,17.2,276557644,448138718,0,secondary,5.302930982566216,secondary,5.302930982566216,중로,74.0,2010004_005_2010004_005_6,13.44013028289425
1642,36.3721043,127.3216957,대전광역시 유성구 노은동 569,노은동,노은1동,2024-03-25 6:39,15,16.5,436867579,9494746087,0,tertiary,10.961664266108944,tertiary,10.961664266108944,중로,908.0,3167057_000_3167057_000_3,8.643302431237007
1643,36.3721043,127.3216957,대전광역시 유성구 노은동 569,노은동,노은1동,2024-03-25 6:39,15,18.8,9494746087,436867579,0,tertiary,10.961664266108944,tertiary,10.961664266108944,중로,908.0,3167057_000_3167057_000_3,8.643302431237007
1644,36.3668323,127.3150418,대전광역시 유성구 노은동 602,노은동,노은1동,2024-03-24 8:37,15,23.8,8947766405,390265377,0,secondary,6.01694963664611,secondary,6.01694963664611,중로,72.0,2010004_005_2010004_005_4,5.362633684767686
1645,36.3638725,127.3169661,대전광역시 유성구 노은동 609,노은동,노은1동,2024-03-24 8:27,8,20.6,390265388,390265386,0,residential,1.3748273828940611,residential,1.3748273828940611,소로,2945.0,4301292_004_4301292_004_1,0.81254972266148
1646,36.3638725,127.3169661,대전광역시 유성구 노은동 609,노은동,노은1동,2024-03-24 8:27,8,11.0,390265386,390265388,0,residential,1.3748273828940611,residential,1.3748273828940611,소로,2945.0,4301292_004_4301292_004_1,0.81254972266148
1647,36.3597827,127.3435896,대전광역시 유성구 궁동 473,궁동,온천1동,2024-03-24 7:07,15,17.9,431031508,281503424,0,secondary,7.113756855321298,secondary,7.113756855321298,중로,4410.0,4859864_000_4859864_000_1,15.165522870533202
1648,36.3598142,127.3436026,대전광역시 유성구 궁동 473,궁동,온천1동,2024-03-24 7:07,15,27.5,431031508,281503424,0,secondary,7.031901862944666,secondary,7.031901862944666,중로,1113.0,3167083_001_3167083_001_3,15.627730540910708
1649,36.3746277,127.356279,대전광역시 유성구 어은동 52-10,어은동,온천2동,2024-03-24 6:54,8,23.4,277875274,446009134,0,residential,7.142056853395311,residential,7.142056853395311,소로,293.0,3167005_002_3167005_002_1,7.89950976699182
1650,36.3746277,127.356279,대전광역시 유성구 어은동 52-10,어은동,온천2동,2024-03-24 6:54,8,18.9,446009134,277875274,0,residential,7.142056853395311,residential,7.142056853395311,소로,293.0,3167005_002_3167005_002_1,7.89950976699182
1651,36.3744368,127.3561441,대전광역시 유성구 어은동 52-7,어은동,온천2동,2024-03-24 6:52,8,15.6,277875274,446009134,0,residential,5.017802920328493,residential,5.017802920328493,소로,293.0,3167005_002_3167005_002_1,4.130827879579537
1652,36.3751087,127.3260844,대전광역시 유성구 노은동 138-45,노은동,노은1동,2024-03-23 8:52,15,28.7,276654048,446046822,0,tertiary,5.09785539832986,tertiary,5.09785539832986,중로,605.0,3167033_004_3167033_004_1,17.417516332731797
1653,36.3706302,127.3271548,대전광역시 유성구 노은동 107-34,노은동,노은1동,2024-03-23 8:51,15,27.6,8947604521,276654048,0,tertiary,5.69100425308161,tertiary,5.69100425308161,중로,605.0,3167033_004_3167033_004_1,15.85284736120098
1654,36.370444,127.3271596,대전광역시 유성구 노은동 107-39,노은동,노은1동,2024-03-23 8:51,15,20.0,8947604521,276654048,0,tertiary,5.946202908622178,tertiary,5.946202908622178,중로,605.0,3167033_004_3167033_004_1,16.142403751245357
1655,36.3695583,127.3271559,대전광역시 유성구 노은동 112-16,노은동,노은1동,2024-03-23 8:51,15,16.2,8947604521,276654048,0,tertiary,5.494784876031113,tertiary,5.494784876031113,중로,605.0,3167033_004_3167033_004_1,15.137161516668158
1656,36.3692296,127.3271627,대전광역시 유성구 노은동 62-1,노은동,노은1동,2024-03-23 8:51,15,17.1,8947604521,276654048,0,tertiary,6.316046009956029,tertiary,6.316046009956029,중로,605.0,3167033_004_3167033_004_1,15.497301416628217
1657,36.3560259,127.3424678,대전광역시 유성구 봉명동 574,봉명동,온천1동,2024-03-23 8:13,15,23.9,4798143596,4798143598,0,secondary,4.797148670798324,secondary,4.797148670798324,중로,1111.0,3167083_001_3167083_001_1,16.73731506172929
1658,36.3778468,127.3787293,대전광역시 유성구 가정동 20-13,가정동,신성동,2024-03-23 8:10,25,33.7,8234428273,276653885,0,primary,4.919865407058346,primary,4.919865407058346,대로,33.0,2010001_014_2010001_014_1,8.784256968020346
1659,36.3930189,127.3573133,대전광역시 유성구 장동 산 29-3,장동,신성동,2024-03-23 7:58,15,27.8,8684497341,3399376536,0,secondary,3.32239656304354,secondary,3.32239656304354,중로,276.0,3167002_002_3167002_002_1,3.489600927461747
1660,36.3858781,127.3635219,대전광역시 유성구 장동 62-2,장동,신성동,2024-03-23 7:56,15,27.3,8578264057,278712998,0,secondary,1.7669116948586676,secondary,1.7669116948586676,중로,276.0,3167002_002_3167002_002_1,10.138254506012405
1661,36.3858781,127.3635219,대전광역시 유성구 장동 62-2,장동,신성동,2024-03-23 7:56,15,22.9,278712998,8578264057,0,secondary,1.7669116948586676,secondary,1.7669116948586676,중로,276.0,3167002_002_3167002_002_1,10.138254506012405
1662,36.3910911,127.3947548,대전광역시 유성구 문지동 103-15,문지동,전민동,2024-03-23 7:44,15,27.5,276653936,4189566894,0,secondary,1.810586551491364,secondary,1.810586551491364,중로,503.0,3167022_003_3167022_003_2,5.480066639701588
1663,36.3910911,127.3947548,대전광역시 유성구 문지동 103-15,문지동,전민동,2024-03-23 7:44,15,28.8,4189566894,276653936,0,secondary,1.810586551491364,secondary,1.810586551491364,중로,503.0,3167022_003_3167022_003_2,5.480066639701588
1664,36.391057,127.3950194,대전광역시 유성구 문지동 103-15,문지동,전민동,2024-03-23 7:44,15,17.9,276653936,4189566894,0,secondary,1.6265596494885728,secondary,1.6265596494885728,중로,503.0,3167022_003_3167022_003_2,6.143706998849077
1665,36.391057,127.3950194,대전광역시 유성구 문지동 103-15,문지동,전민동,2024-03-23 7:44,15,22.5,4189566894,276653936,0,secondary,1.6265596494885728,secondary,1.6265596494885728,중로,503.0,3167022_003_3167022_003_2,6.143706998849077
1666,36.3900728,127.3987461,대전광역시 유성구 문지동 103-15,문지동,전민동,2024-03-23 7:44,15,29.1,276653936,4189566894,0,secondary,0.3317437443994718,secondary,0.3317437443994718,중로,503.0,3167022_003_3167022_003_2,3.9867649348357883
1667,36.3900728,127.3987461,대전광역시 유성구 문지동 103-15,문지동,전민동,2024-03-23 7:44,15,18.0,4189566894,276653936,0,secondary,0.3317437443994718,secondary,0.3317437443994718,중로,503.0,3167022_003_3167022_003_2,3.9867649348357883
1668,36.3995845,127.4045237,대전광역시 유성구 전민동 394-16,전민동,전민동,2024-03-23 7:38,8,11.3,3957267888,8710107716,0,secondary_link,2.166753547371544,secondary_link,2.166753547371544,소로,98.0,2167001_001_2167001_001_13,6.8067513275407325
1669,36.399643,127.4015971,대전광역시 유성구 전민동 533-11,전민동,전민동,2024-03-23 7:38,15,25.9,462070675,462070664,0,secondary,4.528414726275467,secondary,4.528414726275467,중로,98.0,2167001_001_2167001_001_13,1.5301583330586492
1670,36.3996525,127.3987856,대전광역시 유성구 전민동 491-3,전민동,전민동,2024-03-23 7:37,15,27.9,4634092415,318264975,0,secondary,4.65764843358123,secondary,4.65764843358123,중로,97.0,2167001_001_2167001_001_12,1.634514078111284
1671,36.3996525,127.3987856,대전광역시 유성구 전민동 491-3,전민동,전민동,2024-03-23 7:37,15,18.4,318264975,4634092415,0,secondary,4.65764843358123,secondary,4.65764843358123,중로,97.0,2167001_001_2167001_001_12,1.634514078111284
1672,36.3997696,127.3979761,대전광역시 유성구 전민동 898,전민동,전민동,2024-03-23 7:37,15,22.9,318264975,4634092415,0,secondary,7.995104770002778,secondary,7.995104770002778,중로,97.0,2167001_001_2167001_001_12,11.02711747838499
1673,36.3523203,127.3337203,대전광역시 유성구 구암동 636,구암동,온천1동,2024-03-23 7:31,8,23.1,448900274,436873748,0,residential,3.417051441158636,residential,3.417051441158636,소로,3222.0,4301341_001_4301341_001_6,3.318970339694254
1674,36.369989,127.3234588,대전광역시 유성구 노은동 599,노은동,노은1동,2024-03-23 6:54,15,15.9,282178923,454697777,0,secondary,2.1613635551576333,secondary,2.1613635551576333,중로,351.0,3167014_001_3167014_001_1,0.7310459792690341
1675,36.369989,127.3234588,대전광역시 유성구 노은동 599,노은동,노은1동,2024-03-23 6:54,15,19.5,454697777,282178923,0,secondary,2.1613635551576333,secondary,2.1613635551576333,중로,351.0,3167014_001_3167014_001_1,0.7310459792690341
1676,36.3704256,127.3234617,대전광역시 유성구 노은동 599,노은동,노은1동,2024-03-23 6:54,15,26.3,282178923,454697777,0,secondary,2.499778866629001,secondary,2.499778866629001,중로,351.0,3167014_001_3167014_001_1,0.7208171956332207
1677,36.3704256,127.3234617,대전광역시 유성구 노은동 599,노은동,노은1동,2024-03-23 6:54,15,21.8,454697777,282178923,0,secondary,2.499778866629001,secondary,2.499778866629001,중로,351.0,3167014_001_3167014_001_1,0.7208171956332207
1678,36.3721127,127.3217454,대전광역시 유성구 노은동 569,노은동,노은1동,2024-03-23 6:53,15,26.4,436867579,9494746087,0,tertiary,10.011570667105364,tertiary,10.011570667105364,중로,908.0,3167057_000_3167057_000_3,7.691678211883447
1679,36.3721127,127.3217454,대전광역시 유성구 노은동 569,노은동,노은1동,2024-03-23 6:53,15,22.5,9494746087,436867579,0,tertiary,10.011570667105364,tertiary,10.011570667105364,중로,908.0,3167057_000_3167057_000_3,7.691678211883447
1680,36.3414286,127.3054769,대전광역시 유성구 학하동 793,학하동,학하동,2024-03-23 6:45,15,20.3,1313837557,1313837390,0,secondary,3.7056396647534338,secondary,3.7056396647534338,중로,1201.0,3342039_000_3342039_000_2,7.921159246322178
1681,36.350817,127.3350351,대전광역시 유성구 구암동 641,구암동,온천1동,2024-03-23 6:16,15,19.9,436873779,579252395,0,secondary,3.028686279992414,secondary,3.028686279992414,중로,3208.0,4301340_000_4301340_000_8,0.6851265344850895
1682,36.3814009,127.3243568,대전광역시 유성구 죽동 636,죽동,노은2동,2024-03-22 16:48,15,16.7,446047046,446046726,0,secondary,0.9814854147147024,secondary,0.9814854147147024,중로,912.0,3167058_000_3167058_000_4,7.659937846450592
1683,36.3815173,127.3247269,대전광역시 유성구 죽동 648,죽동,노은2동,2024-03-22 16:48,15,29.1,446047046,446047039,0,secondary,2.3488551953661325,secondary,2.3488551953661325,중로,910.0,3167058_000_3167058_000_2,7.384478393944835
1684,36.3935438,127.3127071,대전광역시 유성구 반석동 689,반석동,노은3동,2024-03-22 16:27,8,24.2,626355818,5414416615,0,residential,0.6182882768057474,residential,0.6182882768057474,소로,2301.0,4301169_000_4301169_000_4,1.0678174408312213
1685,36.3925814,127.3115061,대전광역시 유성구 반석동 676,반석동,노은3동,2024-03-22 16:19,8,21.2,626355742,626355793,0,residential,6.817241723629906,residential,6.817241723629906,소로,552.0,3167025_003_3167025_003_5,8.579017904865333
1686,36.3925814,127.3115061,대전광역시 유성구 반석동 676,반석동,노은3동,2024-03-22 16:19,8,11.6,626355793,626355742,0,residential,6.817241723629906,residential,6.817241723629906,소로,552.0,3167025_003_3167025_003_5,8.579017904865333
1687,36.3712802,127.323494,대전광역시 유성구 노은동 599,노은동,노은1동,2024-03-22 16:00,15,23.6,282178923,454697777,0,secondary,5.204067463889833,secondary,5.204067463889833,중로,352.0,3167014_001_3167014_001_2,3.0926470615817405
1688,36.3712802,127.323494,대전광역시 유성구 노은동 599,노은동,노은1동,2024-03-22 16:00,15,19.3,454697777,282178923,0,secondary,5.204067463889833,secondary,5.204067463889833,중로,352.0,3167014_001_3167014_001_2,3.0926470615817405
1689,36.3698752,127.3234894,대전광역시 유성구 노은동 599,노은동,노은1동,2024-03-22 16:00,15,19.4,454697777,282178923,0,secondary,4.887081817844292,secondary,4.887081817844292,중로,351.0,3167014_001_3167014_001_1,3.547598363071565
1690,36.3554654,127.3417732,대전광역시 유성구 봉명동 574,봉명동,온천1동,2024-03-22 15:42,15,27.9,8262017070,436804782,0,secondary,11.773218412286724,secondary,11.773218412286724,중로,773.0,3167045_001_3167045_001_1,14.66341293703535
1691,36.3554654,127.3417732,대전광역시 유성구 봉명동 574,봉명동,온천1동,2024-03-22 15:42,15,23.2,436804782,8262017070,0,secondary,11.773218412286724,secondary,11.773218412286724,중로,773.0,3167045_001_3167045_001_1,14.66341293703535
1692,36.355049,127.3450638,대전광역시 유성구 봉명동 574,봉명동,온천1동,2024-03-22 15:39,8,22.1,448138689,496944196,0,residential,4.014899596848776,residential,4.014899596848776,소로,1493.0,4301011_000_4301011_000_1,3.586824326984162
1693,36.387108,127.3505024,대전광역시 유성구 신성동 475,신성동,신성동,2024-03-22 15:29,8,15.9,5421596894,382917636,0,residential,0.4728102203034548,residential,0.4728102203034548,소로,743.0,3167039_006_3167039_006_1,5.833931073799813
1694,36.3857303,127.3558174,대전광역시 유성구 신성동 산 5-7,신성동,신성동,2024-03-22 15:27,15,25.3,8578264060,277875231,0,secondary,5.604285611123878,secondary,5.604285611123878,중로,264.0,3167001_001_3167001_001_2,16.75539910738972
1695,36.3619318,127.3371929,대전광역시 유성구 장대동 344,장대동,온천2동,2024-03-22 14:42,15,28.1,281503320,431031518,0,secondary,10.228102030247449,secondary,10.228102030247449,중로,3750.0,4301478_000_4301478_000_1,4.762663338271951
1696,36.3507567,127.335642,대전광역시 유성구 구암동 641,구암동,온천1동,2024-03-22 14:08,15,26.4,436873779,579252395,0,secondary,0.346107159019498,secondary,0.346107159019498,중로,3208.0,4301340_000_4301340_000_8,2.9355834000823413
1697,36.3486765,127.3455379,대전광역시 유성구 봉명동 1062,봉명동,원신흥동,2024-03-22 14:03,8,16.1,837543096,837543018,0,secondary_link,5.403911144466128,secondary_link,5.403911144466128,소로,80.0,2166002_000_2166002_000_3,18.544529464283467
1698,36.3647811,127.3170002,대전광역시 유성구 노은동 609,노은동,노은1동,2024-03-22 13:58,8,19.5,390265385,390265388,0,residential,0.4151594311424331,residential,0.4151594311424331,소로,2946.0,4301292_004_4301292_004_2,1.9811589149916575
1699,36.3647811,127.3170002,대전광역시 유성구 노은동 609,노은동,노은1동,2024-03-22 13:58,8,23.5,390265388,390265385,0,residential,0.4151594311424331,residential,0.4151594311424331,소로,2946.0,4301292_004_4301292_004_2,1.9811589149916575
1700,36.37332,127.3308548,대전광역시 유성구 죽동 564,죽동,노은1동,2024-03-22 12:49,8,10.2,446046960,3329528862,0,residential,1.3184496063793094,residential,1.3184496063793094,소로,3360.0,4301368_000_4301368_000_2,1.9950655804269486
1701,36.3878495,127.3099575,대전광역시 유성구 지족동 1060-1,지족동,노은3동,2024-03-22 10:31,15,15.3,2945367422,390265526,0,tertiary,3.415120789325353,tertiary,3.415120789325353,중로,954.0,3167064_001_3167064_001_5,2.5661324324826964
1702,36.3484218,127.3353832,대전광역시 유성구 상대동 489,상대동,상대동,2024-03-22 10:05,15,20.5,1233483048,837543079,0,secondary,3.269315521171794,secondary,3.269315521171794,중로,80.0,2166002_000_2166002_000_3,13.571958130971352
1703,36.3721896,127.3174811,대전광역시 유성구 노은동 569,노은동,노은1동,2024-03-22 9:41,15,24.7,282178917,390265436,0,secondary,2.5868088994787146,secondary,2.5868088994787146,중로,907.0,3167057_000_3167057_000_2,0.8208462203809601
1704,36.3721896,127.3174811,대전광역시 유성구 노은동 569,노은동,노은1동,2024-03-22 9:41,15,15.1,390265436,282178917,0,secondary,2.5868088994787146,secondary,2.5868088994787146,중로,907.0,3167057_000_3167057_000_2,0.8208462203809601
1705,36.4208759,127.4039766,대전광역시 유성구 용산동 604,용산동,관평동,2024-03-22 9:31,15,17.0,280236998,280237000,0,secondary,0.3547056243184519,secondary,0.3547056243184519,중로,1080.0,3167080_005_3167080_005_3,3.85819088928062
1706,36.4214704,127.4026629,대전광역시 유성구 용산동 604,용산동,관평동,2024-03-22 9:31,15,15.6,280236979,280236998,0,secondary,0.4122606469205595,secondary,0.4122606469205595,중로,1080.0,3167080_005_3167080_005_3,2.016154717522155
1707,36.4249112,127.3926129,대전광역시 유성구 관평동 1290,관평동,관평동,2024-03-22 9:29,8,17.5,599900024,599900000,0,residential,0.9668469214672732,residential,0.9668469214672732,소로,1072.0,3167080_000_3167080_000_1,1.8675215488822159
1708,36.3588135,127.3395885,대전광역시 유성구 장대동 374,장대동,온천2동,2024-03-22 8:21,8,16.4,276653971,8950772503,0,residential,0.36873219359032,residential,0.36873219359032,소로,3319.0,4301354_000_4301354_000_4,3.3656266089438667
1709,36.3700646,127.3234103,대전광역시 유성구 노은동 599,노은동,노은1동,2024-03-22 6:31,15,25.6,282178923,454697777,0,secondary,2.1775579030456,secondary,2.1775579030456,중로,351.0,3167014_001_3167014_001_1,3.6681826408820246
1710,36.3700646,127.3234103,대전광역시 유성구 노은동 599,노은동,노은1동,2024-03-22 6:31,15,20.2,454697777,282178923,0,secondary,2.1775579030456,secondary,2.1775579030456,중로,351.0,3167014_001_3167014_001_1,3.6681826408820246
1711,36.4101675,127.300512,대전광역시 유성구 안산동 227-9,안산동,노은2동,2024-03-21 14:54,15,27.4,436804550,436860389,0,tertiary,7.539437744086708,tertiary,7.539437744086708,중로,191.0,3000100_002_3000100_002_1,7.209793466602109
1712,36.4101675,127.300512,대전광역시 유성구 안산동 227-9,안산동,노은2동,2024-03-21 14:54,15,17.2,436860389,436804550,0,tertiary,7.539437744086708,tertiary,7.539437744086708,중로,191.0,3000100_002_3000100_002_1,7.209793466602109
1713,36.410186,127.30046,대전광역시 유성구 안산동 227-9,안산동,노은2동,2024-03-21 14:54,15,24.4,436804550,436860389,0,tertiary,7.51379806138714,tertiary,7.51379806138714,중로,191.0,3000100_002_3000100_002_1,7.041885089297049
1714,36.410186,127.30046,대전광역시 유성구 안산동 227-9,안산동,노은2동,2024-03-21 14:54,15,21.5,436860389,436804550,0,tertiary,7.51379806138714,tertiary,7.51379806138714,중로,191.0,3000100_002_3000100_002_1,7.041885089297049
1715,36.3923987,127.3088371,대전광역시 유성구 반석동 616,반석동,노은3동,2024-03-21 14:20,8,13.7,1097717925,390265535,0,residential,13.76016163569715,residential,13.76016163569715,소로,562.0,3167027_000_3167027_000_1,18.08993419234525
1716,36.3923987,127.3088371,대전광역시 유성구 반석동 616,반석동,노은3동,2024-03-21 14:20,8,19.2,390265535,1097717925,0,residential,13.76016163569715,residential,13.76016163569715,소로,562.0,3167027_000_3167027_000_1,18.08993419234525
1717,36.3520733,127.3301716,대전광역시 유성구 구암동 641,구암동,온천1동,2024-03-21 14:16,8,14.9,436824657,436873762,0,residential,3.250970711436308,residential,3.250970711436308,소로,3046.0,4301311_000_4301311_000_4,2.85511601113548
1718,36.3520733,127.3301716,대전광역시 유성구 구암동 641,구암동,온천1동,2024-03-21 14:16,8,24.8,436873762,436824657,0,residential,3.250970711436308,residential,3.250970711436308,소로,3046.0,4301311_000_4301311_000_4,2.85511601113548
1719,36.3917836,127.3118112,대전광역시 유성구 반석동 676,반석동,노은3동,2024-03-21 14:15,8,24.0,626355742,390265709,0,residential,11.748429183913588,residential,11.748429183913588,소로,551.0,3167025_003_3167025_003_4,12.321970332157472
1720,36.3917836,127.3118112,대전광역시 유성구 반석동 676,반석동,노은3동,2024-03-21 14:15,8,10.7,390265709,626355742,0,residential,11.748429183913588,residential,11.748429183913588,소로,551.0,3167025_003_3167025_003_4,12.321970332157472
1721,36.3863873,127.3380045,대전광역시 유성구 하기동 145-1,하기동,신성동,2024-03-21 10:36,8,19.2,446009274,446009264,0,residential,1.167198268060733,residential,1.167198268060733,소로,3673.0,4301439_001_4301439_001_2,1.3861644331791134
1722,36.374705,127.3211138,대전광역시 유성구 지족동 973,지족동,노은1동,2024-03-21 9:57,8,24.0,499979937,499979935,0,residential,3.2853968102999582,residential,3.2853968102999582,소로,3420.0,4301375_000_4301375_000_2,0.37019685705739563
1723,36.374705,127.3211138,대전광역시 유성구 지족동 973,지족동,노은1동,2024-03-21 9:57,8,17.4,499979935,499979937,0,residential,3.2853968102999582,residential,3.2853968102999582,소로,3420.0,4301375_000_4301375_000_2,0.37019685705739563
1724,36.3747057,127.3210463,대전광역시 유성구 지족동 973,지족동,노은1동,2024-03-21 9:57,8,21.4,499979937,499979935,0,residential,3.176736705654392,residential,3.176736705654392,소로,3420.0,4301375_000_4301375_000_2,0.3101677685803018
1725,36.3226052,127.3187533,대전광역시 유성구 용계동 332-8,용계동,진잠동,2024-03-21 6:50,8,16.6,382917327,1401757837,0,residential,0.4202985608328682,residential,0.4202985608328682,소로,3185.0,4301335_003_4301335_003_3,1.66037436517997
1726,36.3691698,127.3286026,대전광역시 유성구 노은동 97,노은동,노은1동,2024-03-20 14:43,8,22.6,571344574,277920941,0,residential,6.5645889900108365,residential,6.5645889900108365,소로,3675.0,4301441_000_4301441_000_1,8.028236671620634
1727,36.3691698,127.3286026,대전광역시 유성구 노은동 97,노은동,노은1동,2024-03-20 14:43,8,16.5,277920941,571344574,0,residential,6.5645889900108365,residential,6.5645889900108365,소로,3675.0,4301441_000_4301441_000_1,8.028236671620634
1728,36.3690079,127.3286739,대전광역시 유성구 노은동 97,노은동,노은1동,2024-03-20 14:43,8,24.1,571344574,277920941,0,residential,6.783095367767359,residential,6.783095367767359,소로,3675.0,4301441_000_4301441_000_1,8.18334638502391
1729,36.3690079,127.3286739,대전광역시 유성구 노은동 97,노은동,노은1동,2024-03-20 14:43,8,15.1,277920941,571344574,0,residential,6.783095367767359,residential,6.783095367767359,소로,3675.0,4301441_000_4301441_000_1,8.18334638502391
1730,36.3673105,127.3294025,대전광역시 유성구 노은동 97,노은동,노은1동,2024-03-20 14:41,8,17.6,571344574,277920941,0,residential,7.46900183847544,residential,7.46900183847544,소로,3675.0,4301441_000_4301441_000_1,8.206086443296863
1731,36.3672892,127.3294121,대전광역시 유성구 노은동 97,노은동,노은1동,2024-03-20 14:41,8,23.7,277920941,571344574,0,residential,7.516425636875116,residential,7.516425636875116,소로,3675.0,4301441_000_4301441_000_1,8.24513846555008
1732,36.3586328,127.3352517,대전광역시 유성구 장대동 290,장대동,온천2동,2024-03-20 10:44,8,20.0,1097718102,1097717540,0,residential,1.1427124516628857,residential,1.1427124516628857,소로,3316.0,4301354_000_4301354_000_1,4.437954686599362
1733,36.3586328,127.3352517,대전광역시 유성구 장대동 290,장대동,온천2동,2024-03-20 10:44,8,22.6,1097717540,1097718102,0,residential,1.1427124516628857,residential,1.1427124516628857,소로,3316.0,4301354_000_4301354_000_1,4.437954686599362
1734,36.3658437,127.3325814,대전광역시 유성구 장대동 121-2,장대동,온천2동,2024-03-20 10:41,8,17.4,448138718,390265294,0,residential,3.5091651214757533,residential,3.5091651214757533,소로,938.0,3167061_003_3167061_003_5,0.23244193644588232
1735,36.365939,127.3325248,대전광역시 유성구 장대동 121-2,장대동,온천2동,2024-03-20 10:41,8,12.5,448138718,390265294,0,residential,3.67170566943347,residential,3.67170566943347,소로,938.0,3167061_003_3167061_003_5,0.14026329169292387
1736,36.3666807,127.33117,대전광역시 유성구 장대동 116-5,장대동,온천2동,2024-03-20 10:40,8,14.2,276654129,276557644,0,secondary_link,0.893540949911378,secondary_link,0.893540949911378,소로,7.0,1000013_001_1000013_001_7,3.9409556760735005
1737,36.3632938,127.3172028,대전광역시 유성구 노은동 603,노은동,노은1동,2024-03-20 10:35,15,23.5,390265378,1097718178,0,secondary,2.9015824900703646,secondary,2.9015824900703646,중로,382.0,3167016_001_3167016_001_1,0.018680724760329576
1738,36.3632938,127.3172028,대전광역시 유성구 노은동 603,노은동,노은1동,2024-03-20 10:35,15,28.8,1097718178,390265378,0,secondary,2.9015824900703646,secondary,2.9015824900703646,중로,382.0,3167016_001_3167016_001_1,0.018680724760329576
1739,36.364075,127.3138529,대전광역시 유성구 노은동 603,노은동,노은1동,2024-03-20 10:34,15,28.8,276658940,276658951,0,secondary,1.736625753138996,secondary,1.736625753138996,중로,382.0,3167016_001_3167016_001_1,0.13231586026690537
1740,36.364075,127.3138529,대전광역시 유성구 노은동 603,노은동,노은1동,2024-03-20 10:34,15,26.9,276658940,276658951,0,secondary,1.736625753138996,secondary,1.736625753138996,중로,382.0,3167016_001_3167016_001_1,0.13231586026690537
1741,36.3664283,127.3127698,대전광역시 유성구 노은동 603,노은동,노은1동,2024-03-20 10:34,8,19.7,276658951,8947766404,0,secondary_link,1.949902765563696,secondary_link,1.949902765563696,소로,382.0,3167016_001_3167016_001_1,0.9663612194011094
1742,36.3418338,127.3046393,대전광역시 유성구 계산동 807,계산동,학하동,2024-03-20 10:33,8,12.3,1564781987,1564781944,0,residential,1.519398781930114,residential,1.519398781930114,소로,4133.0,4301565_000_4301565_000_2,2.8359608091929065
1743,36.3983185,127.3155252,대전광역시 유성구 외삼동 574-5,외삼동,노은2동,2024-03-20 10:16,8,11.8,496944495,496944468,0,residential,2.699797105449329,residential,2.699797105449329,소로,825.0,3167050_009_3167050_009_1,3.366440188235947
1744,36.3984152,127.3153139,대전광역시 유성구 외삼동 574-5,외삼동,노은2동,2024-03-20 10:14,8,24.6,496944468,496944495,0,residential,2.8008165155270293,residential,2.8008165155270293,소로,825.0,3167050_009_3167050_009_1,3.2589235652030486
1745,36.3986666,127.3148267,대전광역시 유성구 외삼동 577,외삼동,노은2동,2024-03-20 10:13,8,16.3,496944495,496944468,0,residential,3.092635046135805,residential,3.092635046135805,소로,826.0,3167050_009_3167050_009_2,3.3415863530177816
1746,36.3988011,127.3145384,대전광역시 유성구 외삼동 574-5,외삼동,노은2동,2024-03-20 10:13,8,24.0,496944495,496944468,0,residential,3.826106685735995,residential,3.826106685735995,소로,826.0,3167050_009_3167050_009_2,2.7568629000689424
1747,36.3988011,127.3145384,대전광역시 유성구 외삼동 574-5,외삼동,노은2동,2024-03-20 10:13,8,14.0,496944468,496944495,0,residential,3.826106685735995,residential,3.826106685735995,소로,826.0,3167050_009_3167050_009_2,2.7568629000689424
1748,36.4155237,127.2979896,대전광역시 유성구 안산동 284-1,안산동,노은2동,2024-03-20 10:01,10,20.3,496944999,436860405,0,"['unclassified', 'residential']",90.92901783523904,unclassified,90.92901783523904,미분류,193.0,3000100_002_3000100_002_3,1.1532225482881
1749,36.4155237,127.2979896,대전광역시 유성구 안산동 284-1,안산동,노은2동,2024-03-20 10:01,10,13.2,436860405,496944999,0,"['unclassified', 'residential']",90.92901783523904,unclassified,90.92901783523904,미분류,193.0,3000100_002_3000100_002_3,1.1532225482881
1750,36.4180813,127.2957847,대전광역시 유성구 안산동 산 22-6,안산동,노은2동,2024-03-20 10:00,10,17.9,770080428,1549832460,0,motorway_link,290.2119878959393,motorway_link,290.2119878959393,미분류,196.0,3000100_002_3000100_002_6,2.2387477383381227
1751,36.3987553,127.3145941,대전광역시 유성구 외삼동 577,외삼동,노은2동,2024-03-20 9:38,8,18.4,496944468,496944495,0,residential,1.73194719516311,residential,1.73194719516311,소로,826.0,3167050_009_3167050_009_2,0.8453077233364253
1752,36.3987361,127.314639,대전광역시 유성구 외삼동 577,외삼동,노은2동,2024-03-20 9:38,8,13.0,496944495,496944468,0,residential,1.7508150260842703,residential,1.7508150260842703,소로,826.0,3167050_009_3167050_009_2,1.0089916696695385
1753,36.3985853,127.3149502,대전광역시 유성구 외삼동 220,외삼동,노은2동,2024-03-20 9:38,8,10.1,496944495,496944468,0,residential,1.659987384240828,residential,1.659987384240828,소로,826.0,3167050_009_3167050_009_2,1.8353364287181477
1754,36.3922475,127.3587365,대전광역시 유성구 장동 130-3,장동,신성동,2024-03-20 9:38,15,21.7,3399376536,8684497341,0,secondary,3.988483815685891,secondary,3.988483815685891,중로,276.0,3167002_002_3167002_002_1,3.790568992648246
1755,36.3922296,127.3588506,대전광역시 유성구 장동 130-3,장동,신성동,2024-03-20 9:38,15,26.3,8684497341,3399376536,0,secondary,3.850003289877979,secondary,3.850003289877979,중로,276.0,3167002_002_3167002_002_1,3.7531011782603056
1756,36.3922296,127.3588506,대전광역시 유성구 장동 130-3,장동,신성동,2024-03-20 9:38,15,25.3,3399376536,8684497341,0,secondary,3.850003289877979,secondary,3.850003289877979,중로,276.0,3167002_002_3167002_002_1,3.7531011782603056
1757,36.3910881,127.3948549,대전광역시 유성구 문지동 103-15,문지동,전민동,2024-03-20 9:27,15,24.9,276653936,4189566894,0,secondary,2.278839322457263,secondary,2.278839322457263,중로,503.0,3167022_003_3167022_003_2,6.436415846687277
1758,36.3910881,127.3948549,대전광역시 유성구 문지동 103-15,문지동,전민동,2024-03-20 9:27,15,25.9,4189566894,276653936,0,secondary,2.278839322457263,secondary,2.278839322457263,중로,503.0,3167022_003_3167022_003_2,6.436415846687277
1759,36.361201,127.338621,대전광역시 유성구 장대동 351,장대동,온천2동,2024-03-20 8:00,15,23.8,431031512,281503329,0,secondary,1.7681214877172644,secondary,1.7681214877172644,중로,516.0,3167023_000_3167023_000_1,4.801042435569676
1760,36.3848429,127.3510374,대전광역시 유성구 신성동 281-5,신성동,신성동,2024-03-20 5:58,15,18.8,5422290598,956989378,0,secondary,5.072980830910207,secondary,5.072980830910207,중로,263.0,3167001_001_3167001_001_1,11.61297616032549
1761,36.3848228,127.3509067,대전광역시 유성구 신성동 281-5,신성동,신성동,2024-03-20 5:58,15,17.1,5422290598,956989378,0,secondary,5.123050039998986,secondary,5.123050039998986,중로,263.0,3167001_001_3167001_001_1,11.770932179815215
1762,36.3909886,127.3306357,대전광역시 유성구 하기동 603,하기동,노은2동,2024-03-20 5:53,15,16.6,446046665,446046594,0,secondary,2.532210683108526,secondary,2.532210683108526,중로,373.0,3167015_003_3167015_003_12,7.743126923344348
1763,36.3910012,127.3305439,대전광역시 유성구 하기동 603,하기동,노은2동,2024-03-20 5:53,15,29.6,446046665,446046594,0,secondary,2.4665160759412528,secondary,2.4665160759412528,중로,373.0,3167015_003_3167015_003_12,7.765051104451692
1764,36.3936771,127.3526641,대전광역시 유성구 신성동 549,신성동,신성동,2024-03-19 15:54,8,17.0,382917638,5422087398,0,residential,3.625759897458564,residential,3.625759897458564,소로,752.0,3167040_002_3167040_002_3,4.479069728465624
1765,36.3781416,127.3766398,대전광역시 유성구 가정동 37,가정동,신성동,2024-03-19 15:52,10,22.4,8234428273,317557303,0,residential,35.5095528439851,residential,35.5095528439851,미분류,,,
1766,36.3781416,127.3766398,대전광역시 유성구 가정동 37,가정동,신성동,2024-03-19 15:52,10,12.4,317557303,8234428273,0,residential,35.5095528439851,residential,35.5095528439851,미분류,,,
1767,36.3855468,127.3785166,대전광역시 유성구 도룡동 409,도룡동,신성동,2024-03-19 15:50,8,18.2,8578264037,8234428269,0,primary_link,0.7435708860926429,primary_link,0.7435708860926429,소로,40.0,2010001_014_2010001_014_8,10.106995313966491
1768,36.3855657,127.3784788,대전광역시 유성구 도룡동 409,도룡동,신성동,2024-03-19 15:50,8,18.5,8578264037,8234428269,0,primary_link,0.4323971095107534,primary_link,0.4323971095107534,소로,270.0,3167001_001_3167001_001_8,12.29583690638114
1769,36.3921808,127.3594782,대전광역시 유성구 장동 132-4,장동,신성동,2024-03-19 15:49,15,29.1,8684497341,3399376536,0,secondary,8.130323592485794,secondary,8.130323592485794,중로,276.0,3167002_002_3167002_002_1,8.038451548281266
1770,36.3855478,127.3561245,대전광역시 유성구 신성동 산 5-7,신성동,신성동,2024-03-19 15:46,15,21.6,5422290584,8578264052,0,secondary,0.3497466412806489,secondary,0.3497466412806489,중로,264.0,3167001_001_3167001_001_2,3.7450348350840272
1771,36.3855304,127.3726614,대전광역시 유성구 도룡동 451-3,도룡동,신성동,2024-03-19 15:45,15,20.6,8578249213,534558914,0,secondary,1.222195473829966,secondary,1.222195473829966,중로,265.0,3167001_001_3167001_001_3,11.36701171108596
1772,36.3856633,127.3736714,대전광역시 유성구 도룡동 404-2,도룡동,신성동,2024-03-19 15:45,15,22.1,8578249213,534558914,0,secondary,2.6168661448321795,secondary,2.6168661448321795,중로,265.0,3167001_001_3167001_001_3,11.310838296480307
1773,36.3858314,127.3784389,대전광역시 유성구 도룡동 404,도룡동,신성동,2024-03-19 15:44,8,16.0,8234428259,8234428264,0,secondary_link,2.041685913867392,secondary_link,2.041685913867392,소로,270.0,3167001_001_3167001_001_8,17.179390173851033
1774,36.3911186,127.3948176,대전광역시 유성구 문지동 103-15,문지동,전민동,2024-03-19 15:38,15,21.2,276653936,4189566894,0,secondary,5.351872180145755,secondary,5.351872180145755,중로,503.0,3167022_003_3167022_003_2,9.306935792983328
1775,36.3911186,127.3948176,대전광역시 유성구 문지동 103-15,문지동,전민동,2024-03-19 15:38,15,15.5,4189566894,276653936,0,secondary,5.351872180145755,secondary,5.351872180145755,중로,503.0,3167022_003_3167022_003_2,9.306935792983328
1776,36.3911023,127.3949389,대전광역시 유성구 문지동 103-15,문지동,전민동,2024-03-19 15:38,15,25.0,276653936,4189566894,0,secondary,5.037231520078692,secondary,5.037231520078692,중로,503.0,3167022_003_3167022_003_2,9.449983780426372
1777,36.3911023,127.3949389,대전광역시 유성구 문지동 103-15,문지동,전민동,2024-03-19 15:38,15,18.1,4189566894,276653936,0,secondary,5.037231520078692,secondary,5.037231520078692,중로,503.0,3167022_003_3167022_003_2,9.449983780426372
1778,36.3964324,127.3993717,대전광역시 유성구 전민동 460-3,전민동,전민동,2024-03-19 15:14,8,19.1,4634463574,462070697,0,residential,1.7284014436297808,residential,1.7284014436297808,소로,939.0,3167062_000_3167062_000_1,3.1535253074952316
1779,36.3964324,127.3993717,대전광역시 유성구 전민동 460-3,전민동,전민동,2024-03-19 15:14,8,13.4,462070697,4634463574,0,residential,1.7284014436297808,residential,1.7284014436297808,소로,939.0,3167062_000_3167062_000_1,3.1535253074952316
1780,36.3964326,127.3994382,대전광역시 유성구 전민동 460-3,전민동,전민동,2024-03-19 15:14,8,13.1,4634463574,462070697,0,residential,1.6702333987983804,residential,1.6702333987983804,소로,939.0,3167062_000_3167062_000_1,3.070180655826502
1781,36.3964326,127.3994382,대전광역시 유성구 전민동 460-3,전민동,전민동,2024-03-19 15:14,8,18.7,462070697,4634463574,0,residential,1.6702333987983804,residential,1.6702333987983804,소로,939.0,3167062_000_3167062_000_1,3.070180655826502
1782,36.3964315,127.4001718,대전광역시 유성구 전민동 899,전민동,전민동,2024-03-19 15:14,8,19.8,4634463574,462070697,0,residential,0.661958261909739,residential,0.661958261909739,소로,939.0,3167062_000_3167062_000_1,1.7838280850927766
1783,36.3996514,127.3967203,대전광역시 유성구 전민동 592-2,전민동,전민동,2024-03-19 15:11,15,26.3,276924921,318264975,0,secondary,5.513817641907821,secondary,5.513817641907821,중로,96.0,2167001_001_2167001_001_11,2.603606355954096
1784,36.3996514,127.3967203,대전광역시 유성구 전민동 592-2,전민동,전민동,2024-03-19 15:11,15,24.5,318264975,276924921,0,secondary,5.513817641907821,secondary,5.513817641907821,중로,96.0,2167001_001_2167001_001_11,2.603606355954096
1785,36.399652,127.3966426,대전광역시 유성구 전민동 592-2,전민동,전민동,2024-03-19 15:11,15,18.3,276924921,318264975,0,secondary,5.446268316315683,secondary,5.446268316315683,중로,96.0,2167001_001_2167001_001_11,2.568898120188552
1786,36.399652,127.3966426,대전광역시 유성구 전민동 592-2,전민동,전민동,2024-03-19 15:11,15,18.6,318264975,276924921,0,secondary,5.446268316315683,secondary,5.446268316315683,중로,96.0,2167001_001_2167001_001_11,2.568898120188552
1787,36.3996712,127.3952989,대전광역시 유성구 전민동 816-1,전민동,전민동,2024-03-19 15:11,15,17.6,276924921,276924925,0,secondary,6.836154691247347,secondary,6.836154691247347,중로,95.0,2167001_001_2167001_001_10,2.9883280551207196
1788,36.3996712,127.3952989,대전광역시 유성구 전민동 816-1,전민동,전민동,2024-03-19 15:11,15,20.0,276924925,276924921,0,secondary,6.836154691247347,secondary,6.836154691247347,중로,95.0,2167001_001_2167001_001_10,2.9883280551207196
1789,36.4022654,127.3893074,대전광역시 유성구 전민동 891-2,전민동,전민동,2024-03-19 15:10,8,14.4,4641918619,4641918620,0,residential,3.253051517918228,residential,3.253051517918228,소로,95.0,2167001_001_2167001_001_10,6.881443434978195
1790,36.4026827,127.3889824,대전광역시 유성구 전민동 652,전민동,전민동,2024-03-19 15:10,15,28.7,4641918890,4641918619,0,secondary,10.001378584922517,secondary,10.001378584922517,중로,95.0,2167001_001_2167001_001_10,5.231793154504026
1791,36.4047305,127.4032464,대전광역시 유성구 전민동 791-19,전민동,전민동,2024-03-19 14:57,8,21.8,280237207,280237119,0,residential,1.8006079192415507,residential,1.8006079192415507,소로,2880.0,4301277_004_4301277_004_1,1.9107609994486756
1792,36.4047305,127.4032464,대전광역시 유성구 전민동 791-19,전민동,전민동,2024-03-19 14:57,8,11.5,280237119,280237207,0,residential,1.8006079192415507,residential,1.8006079192415507,소로,2880.0,4301277_004_4301277_004_1,1.9107609994486756
1793,36.4060332,127.4022221,대전광역시 유성구 전민동 산 5-15,전민동,전민동,2024-03-19 14:57,15,20.6,280237098,280237119,0,tertiary,0.3199083266253387,tertiary,0.3199083266253387,중로,764.0,3167043_002_3167043_002_8,1.9710136963854021
1794,36.3569953,127.3533698,대전광역시 유성구 봉명동 697,봉명동,온천1동,2024-03-19 14:53,15,28.2,352963785,8948647491,0,secondary,2.820954889973977,secondary,2.820954889973977,중로,771.0,3167044_000_3167044_000_2,11.46225766872753
1795,36.4304734,127.3813687,대전광역시 유성구 송강동 168-2,송강동,구즉동,2024-03-19 14:39,15,24.8,277760813,8242671572,0,secondary,5.410815467591613,secondary,5.410815467591613,중로,797.0,3167048_002_3167048_002_1,0.034390319547759195
1796,36.4305222,127.3813201,대전광역시 유성구 송강동 168-2,송강동,구즉동,2024-03-19 14:39,15,25.8,8242671572,277760813,0,secondary,5.352298512709644,secondary,5.352298512709644,중로,797.0,3167048_002_3167048_002_1,0.1694903790203281
1797,36.4305222,127.3813201,대전광역시 유성구 송강동 168-2,송강동,구즉동,2024-03-19 14:39,15,28.1,277760813,8242671572,0,secondary,5.352298512709644,secondary,5.352298512709644,중로,797.0,3167048_002_3167048_002_1,0.1694903790203281
1798,36.4309749,127.3808247,대전광역시 유성구 송강동 168-2,송강동,구즉동,2024-03-19 14:39,15,23.2,8242671572,277760813,0,secondary,7.900565537714999,secondary,7.900565537714999,중로,797.0,3167048_002_3167048_002_1,0.28357191859397973
1799,36.4310294,127.3807634,대전광역시 유성구 송강동 168-2,송강동,구즉동,2024-03-19 14:39,15,26.8,8242671572,277760813,0,secondary,8.322445305564667,secondary,8.322445305564667,중로,797.0,3167048_002_3167048_002_1,0.3002310957448467
1800,36.4311989,127.3806103,대전광역시 유성구 송강동 산 4-43,송강동,구즉동,2024-03-19 14:39,15,23.9,277760813,8242671572,0,secondary,7.418053113598729,secondary,7.418053113598729,중로,797.0,3167048_002_3167048_002_1,0.27362737033836476
1801,36.4312574,127.3805746,대전광역시 유성구 송강동 산 4-43,송강동,구즉동,2024-03-19 14:39,15,29.6,8242671572,277760813,0,secondary,8.072344382538528,secondary,8.072344382538528,중로,797.0,3167048_002_3167048_002_1,1.257553767019214
1802,36.4313738,127.3805199,대전광역시 유성구 송강동 산 4-43,송강동,구즉동,2024-03-19 14:39,15,27.0,8242671572,277760813,0,secondary,8.422022645578044,secondary,8.422022645578044,중로,797.0,3167048_002_3167048_002_1,1.8257738357832958
1803,36.4313738,127.3805199,대전광역시 유성구 송강동 산 4-43,송강동,구즉동,2024-03-19 14:39,15,26.4,277760813,8242671572,0,secondary,8.422022645578044,secondary,8.422022645578044,중로,797.0,3167048_002_3167048_002_1,1.8257738357832958
1804,36.4314311,127.3804994,대전광역시 유성구 송강동 557,송강동,구즉동,2024-03-19 14:39,15,21.3,277760813,8242671572,0,secondary,9.043766402945678,secondary,9.043766402945678,중로,797.0,3167048_002_3167048_002_1,2.4516926729574444
1805,36.4315894,127.3804762,대전광역시 유성구 송강동 557,송강동,구즉동,2024-03-19 14:39,15,22.7,8242671572,277760813,0,secondary,7.815782522250407,secondary,7.815782522250407,중로,797.0,3167048_002_3167048_002_1,2.205832661093347
1806,36.4315894,127.3804762,대전광역시 유성구 송강동 557,송강동,구즉동,2024-03-19 14:39,15,26.3,277760813,8242671572,0,secondary,7.815782522250407,secondary,7.815782522250407,중로,797.0,3167048_002_3167048_002_1,2.205832661093347
1807,36.3656542,127.3326867,대전광역시 유성구 장대동 121-2,장대동,온천2동,2024-03-19 10:48,8,10.1,390265294,448138718,0,residential,3.776011604920901,residential,3.776011604920901,소로,938.0,3167061_003_3167061_003_5,0.9997073319811542
1808,36.3657853,127.3326057,대전광역시 유성구 장대동 121-2,장대동,온천2동,2024-03-19 10:48,8,13.5,390265294,448138718,0,residential,4.255153952458966,residential,4.255153952458966,소로,938.0,3167061_003_3167061_003_5,1.125823519727403
1809,36.3684685,127.3176704,대전광역시 유성구 노은동 583,노은동,노은1동,2024-03-19 10:43,8,21.4,390265435,390265407,0,residential,0.9468848301968544,residential,0.9468848301968544,소로,2008.0,4301091_001_4301091_001_6,0.3279500436707436
1810,36.3684685,127.3176704,대전광역시 유성구 노은동 583,노은동,노은1동,2024-03-19 10:43,8,22.2,390265407,390265435,0,residential,0.9468848301968544,residential,0.9468848301968544,소로,2008.0,4301091_001_4301091_001_6,0.3279500436707436
1811,36.3655623,127.3176768,대전광역시 유성구 노은동 611,노은동,노은1동,2024-03-19 10:27,8,14.3,1097718116,390265397,0,residential,3.2912745966419696,residential,3.2912745966419696,소로,2933.0,4301291_000_4301291_000_3,5.362351606382139
1812,36.3655623,127.3176768,대전광역시 유성구 노은동 611,노은동,노은1동,2024-03-19 10:27,8,12.2,390265397,1097718116,0,residential,3.2912745966419696,residential,3.2912745966419696,소로,2933.0,4301291_000_4301291_000_3,5.362351606382139
1813,36.3611757,127.3284398,대전광역시 유성구 장대동 228-8,장대동,온천2동,2024-03-19 10:23,8,21.3,1097717902,1097717554,0,residential,0.6595147297470088,residential,0.6595147297470088,소로,3106.0,4301322_009_4301322_009_1,1.9891395360577142
1814,36.3611757,127.3284398,대전광역시 유성구 장대동 228-8,장대동,온천2동,2024-03-19 10:23,8,14.2,1097717554,1097717902,0,residential,0.6595147297470088,residential,0.6595147297470088,소로,3106.0,4301322_009_4301322_009_1,1.9891395360577142
1815,36.3910241,127.393457,대전광역시 유성구 문지동 103-15,문지동,전민동,2024-03-19 8:40,15,19.8,276653936,4189566894,0,secondary,3.995152969995744,secondary,3.995152969995744,중로,503.0,3167022_003_3167022_003_2,6.0012236987602945
1816,36.3554982,127.3411926,대전광역시 유성구 봉명동 574-1,봉명동,온천1동,2024-03-19 8:36,15,17.9,8262017070,436804782,0,secondary,6.803022094124936,secondary,6.803022094124936,중로,773.0,3167045_001_3167045_001_1,8.509426950123993
1817,36.3552217,127.3431073,대전광역시 유성구 봉명동 574,봉명동,온천1동,2024-03-19 8:34,15,25.7,276654012,436843035,0,secondary,3.016073496108334,secondary,3.016073496108334,중로,773.0,3167045_001_3167045_001_1,6.901189683236267
1818,36.3610381,127.3419231,대전광역시 유성구 궁동 472,궁동,온천2동,2024-03-19 7:48,8,12.4,1311412306,566882325,0,residential,1.1479429611645164,residential,1.1479429611645164,소로,2251.0,4301159_000_4301159_000_2,0.8085968554012982
1819,36.3610381,127.3419231,대전광역시 유성구 궁동 472,궁동,온천2동,2024-03-19 7:48,8,22.2,566882325,1311412306,0,residential,1.1479429611645164,residential,1.1479429611645164,소로,2251.0,4301159_000_4301159_000_2,0.8085968554012982
1820,36.3418344,127.3026135,대전광역시 유성구 계산동 781,계산동,학하동,2024-03-19 7:06,8,24.0,1313837670,1313837542,0,residential,1.752534704838652,residential,1.752534704838652,소로,1249.0,3342042_003_3342042_003_4,2.937150489332495
1821,36.3697593,127.3234051,대전광역시 유성구 노은동 599,노은동,노은1동,2024-03-19 6:36,15,25.0,282178923,454697777,0,secondary,2.6988919454375058,secondary,2.6988919454375058,중로,351.0,3167014_001_3167014_001_1,3.94571719526043
1822,36.3697593,127.3234051,대전광역시 유성구 노은동 599,노은동,노은1동,2024-03-19 6:36,15,16.4,454697777,282178923,0,secondary,2.6988919454375058,secondary,2.6988919454375058,중로,351.0,3167014_001_3167014_001_1,3.94571719526043
1823,36.3814008,127.3244028,대전광역시 유성구 죽동 636,죽동,노은2동,2024-03-18 15:50,15,20.5,446047046,446046726,0,secondary,0.6300562085850122,secondary,0.6300562085850122,중로,911.0,3167058_000_3167058_000_3,6.049542833813653
1824,36.3549347,127.3449815,대전광역시 유성구 봉명동 574,봉명동,온천1동,2024-03-18 15:34,15,20.1,448138689,448138688,0,secondary,1.4698209065017176,secondary,1.4698209065017176,중로,773.0,3167045_001_3167045_001_1,2.061758331898179
1825,36.3868764,127.3248244,대전광역시 유성구 하기동 596,하기동,노은2동,2024-03-18 15:23,8,12.0,496944372,436783096,0,residential,0.1022390037384795,residential,0.1022390037384795,소로,2633.0,4301227_002_4301227_002_6,1.2482896332517492
1826,36.3868764,127.3248244,대전광역시 유성구 하기동 596,하기동,노은2동,2024-03-18 15:23,8,15.5,436783096,496944372,0,residential,0.1022390037384795,residential,0.1022390037384795,소로,2633.0,4301227_002_4301227_002_6,1.2482896332517492
1827,36.3578995,127.3361589,대전광역시 유성구 장대동 293,장대동,온천2동,2024-03-18 13:52,8,12.0,1097717948,1097717716,0,residential,1.047032573176352,residential,1.047032573176352,소로,3312.0,4301353_000_4301353_000_2,2.559014654188101
1828,36.3578995,127.3361589,대전광역시 유성구 장대동 293,장대동,온천2동,2024-03-18 13:52,8,24.5,1097717716,1097717948,0,residential,1.047032573176352,residential,1.047032573176352,소로,3312.0,4301353_000_4301353_000_2,2.559014654188101
1829,36.3560019,127.3327262,대전광역시 유성구 구암동 631,구암동,온천1동,2024-03-17 7:45,8,19.1,436785487,323136258,0,residential,3.8669993305967054,residential,3.8669993305967054,소로,1510.0,4301014_002_4301014_002_1,3.4238444633783796
1830,36.3560019,127.3327262,대전광역시 유성구 구암동 631,구암동,온천1동,2024-03-17 7:45,8,17.0,323136258,436785487,0,residential,3.8669993305967054,residential,3.8669993305967054,소로,1510.0,4301014_002_4301014_002_1,3.4238444633783796
1831,36.3443497,127.3229261,대전광역시 유성구 복용동 152-8,복용동,상대동,2024-03-17 7:42,15,16.3,8946186914,8946214742,0,secondary,0.0479731370604576,secondary,0.0479731370604576,중로,86.0,2167001_001_2167001_001_1,9.603458703570443
1832,36.3597735,127.3048581,대전광역시 유성구 덕명동 570,덕명동,학하동,2024-03-17 7:21,15,29.4,354820382,1412087901,0,secondary,1.2019927630389162,secondary,1.2019927630389162,중로,54.0,2010003_000_2010003_000_1,8.049080659609938
1833,36.3152067,127.3163994,대전광역시 유성구 대정동 507-13,대정동,진잠동,2024-03-17 6:57,15,26.8,382917291,8946186860,0,tertiary,4.573884338548663,tertiary,4.573884338548663,중로,498.0,3167021_001_3167021_001_1,3.8810273432431504
1834,36.3152067,127.3163994,대전광역시 유성구 대정동 507-13,대정동,진잠동,2024-03-17 6:57,15,18.3,8946186860,382917291,0,tertiary,4.573884338548663,tertiary,4.573884338548663,중로,498.0,3167021_001_3167021_001_1,3.8810273432431504
1835,36.3119104,127.319966,대전광역시 유성구 대정동 274,대정동,진잠동,2024-03-17 6:56,15,17.4,8946186851,562808475,0,tertiary,6.8810140058190825,tertiary,6.8810140058190825,중로,492.0,3167020_000_3167020_000_1,4.4650910985352095
1836,36.311828,127.3199157,대전광역시 유성구 대정동 274,대정동,진잠동,2024-03-17 6:56,15,20.6,562808475,8946186851,0,tertiary,7.604769751359088,tertiary,7.604769751359088,중로,491.0,3167019_000_3167019_000_1,1.6057340151599382
1837,36.311828,127.3199157,대전광역시 유성구 대정동 274,대정동,진잠동,2024-03-17 6:56,15,16.6,8946186851,562808475,0,tertiary,7.604769751359088,tertiary,7.604769751359088,중로,491.0,3167019_000_3167019_000_1,1.6057340151599382
1838,36.3118023,127.3198672,대전광역시 유성구 대정동 274,대정동,진잠동,2024-03-17 6:56,15,25.9,562808475,8946186851,0,tertiary,7.494893211111255,tertiary,7.494893211111255,중로,491.0,3167019_000_3167019_000_1,4.481344847199218
1839,36.3118023,127.3198672,대전광역시 유성구 대정동 274,대정동,진잠동,2024-03-17 6:56,15,21.0,8946186851,562808475,0,tertiary,7.494893211111255,tertiary,7.494893211111255,중로,491.0,3167019_000_3167019_000_1,4.481344847199218
1840,36.3117916,127.3198028,대전광역시 유성구 대정동 274,대정동,진잠동,2024-03-17 6:56,15,18.5,562808475,8946186851,0,tertiary,5.460277242583056,tertiary,5.460277242583056,중로,491.0,3167019_000_3167019_000_1,5.700300526939851
1841,36.3117916,127.3198028,대전광역시 유성구 대정동 274,대정동,진잠동,2024-03-17 6:56,15,24.4,8946186851,562808475,0,tertiary,5.460277242583056,tertiary,5.460277242583056,중로,491.0,3167019_000_3167019_000_1,5.700300526939851
1842,36.3709835,127.3271067,대전광역시 유성구 노은동 107-18,노은동,노은1동,2024-03-16 8:51,15,21.3,8947604521,276654048,0,tertiary,1.7077223809126096,tertiary,1.7077223809126096,중로,605.0,3167033_004_3167033_004_1,11.805081780083574
1843,36.3708263,127.3271085,대전광역시 유성구 노은동 107-18,노은동,노은1동,2024-03-16 8:51,15,20.6,8947604521,276654048,0,tertiary,1.721038758477757,tertiary,1.721038758477757,중로,605.0,3167033_004_3167033_004_1,11.846602714012826
1844,36.3694598,127.3271185,대전광역시 유성구 노은동 112-17,노은동,노은1동,2024-03-16 8:51,15,18.8,8947604521,276654048,0,tertiary,2.201718785626422,tertiary,2.201718785626422,중로,605.0,3167033_004_3167033_004_1,11.705698924541274
1845,36.3678407,127.3271244,대전광역시 유성구 노은동 63-29,노은동,노은1동,2024-03-16 8:51,15,17.8,8947604521,276654048,0,tertiary,3.937746081124684,tertiary,3.937746081124684,중로,605.0,3167033_004_3167033_004_1,11.004552021768188
1846,36.3618632,127.3575563,대전광역시 유성구 어은동 59-12,어은동,온천2동,2024-03-16 8:00,15,25.0,276653810,277881193,0,secondary,6.487825838674,secondary,6.487825838674,중로,1117.0,3167083_001_3167083_001_7,7.626366416491476
1847,36.3618632,127.3575563,대전광역시 유성구 어은동 59-12,어은동,온천2동,2024-03-16 8:00,15,18.1,277881193,276653810,0,secondary,6.487825838674,secondary,6.487825838674,중로,1117.0,3167083_001_3167083_001_7,7.626366416491476
1848,36.354661,127.3467751,대전광역시 유성구 봉명동 574,봉명동,온천1동,2024-03-16 7:44,15,22.1,436843025,436843019,0,secondary,5.468979227099035,secondary,5.468979227099035,중로,773.0,3167045_001_3167045_001_1,2.461526732700596
1849,36.3548934,127.3450196,대전광역시 유성구 봉명동 574,봉명동,온천1동,2024-03-16 7:43,8,18.8,448138689,436843041,0,residential,2.153637534619803,residential,2.153637534619803,소로,1493.0,4301011_000_4301011_000_1,1.8204137697017517
1850,36.3548995,127.3449595,대전광역시 유성구 봉명동 574,봉명동,온천1동,2024-03-16 7:43,15,20.2,448138688,448138689,0,secondary,5.643754470118094,secondary,5.643754470118094,중로,773.0,3167045_001_3167045_001_1,2.107426756901952
1851,36.3548995,127.3449595,대전광역시 유성구 봉명동 574,봉명동,온천1동,2024-03-16 7:43,15,17.4,448138689,448138688,0,secondary,5.643754470118094,secondary,5.643754470118094,중로,773.0,3167045_001_3167045_001_1,2.107426756901952
1852,36.350304,127.3386231,대전광역시 유성구 봉명동 576-1,봉명동,온천1동,2024-03-16 7:35,15,25.2,5501565378,579252400,0,secondary,6.908239608661439,secondary,6.908239608661439,중로,3211.0,4301340_000_4301340_000_11,4.025687609935865
1853,36.350304,127.3386231,대전광역시 유성구 봉명동 576-1,봉명동,온천1동,2024-03-16 7:35,15,17.3,579252400,5501565378,0,secondary,6.908239608661439,secondary,6.908239608661439,중로,3211.0,4301340_000_4301340_000_11,4.025687609935865
1854,36.3545529,127.3348949,대전광역시 유성구 봉명동 571,봉명동,온천1동,2024-03-16 7:35,8,19.8,323136237,436785479,0,residential,1.1292181683476268,residential,1.1292181683476268,소로,1535.0,4301018_000_4301018_000_1,0.6640327310271534
1855,36.3545529,127.3348949,대전광역시 유성구 봉명동 571,봉명동,온천1동,2024-03-16 7:35,8,24.4,436785479,323136237,0,residential,1.1292181683476268,residential,1.1292181683476268,소로,1535.0,4301018_000_4301018_000_1,0.6640327310271534
1856,36.3542035,127.3362397,대전광역시 유성구 봉명동 567-16,봉명동,온천1동,2024-03-16 7:34,8,14.3,436816933,436785476,0,residential,5.181013251202096,residential,5.181013251202096,소로,3253.0,4301344_000_4301344_000_7,6.146596205447025
1857,36.3542035,127.3362397,대전광역시 유성구 봉명동 567-16,봉명동,온천1동,2024-03-16 7:34,8,12.2,436785476,436816933,0,residential,5.181013251202096,residential,5.181013251202096,소로,3253.0,4301344_000_4301344_000_7,6.146596205447025
1858,36.3575365,127.3399083,대전광역시 유성구 장대동 373,장대동,온천2동,2024-03-16 7:26,8,16.1,323136051,8950772502,0,residential,2.365093746668966,residential,2.365093746668966,소로,783.0,3167047_002_3167047_002_4,1.2924826032704928
1859,36.3575365,127.3399083,대전광역시 유성구 장대동 373,장대동,온천2동,2024-03-16 7:26,8,12.2,8950772502,323136051,0,residential,2.365093746668966,residential,2.365093746668966,소로,783.0,3167047_002_3167047_002_4,1.2924826032704928
1860,36.3582065,127.3396608,대전광역시 유성구 장대동 373,장대동,온천2동,2024-03-16 7:25,8,15.7,1097718217,276653971,0,residential,2.6783973184429635,residential,2.6783973184429635,소로,783.0,3167047_002_3167047_002_4,3.0688241986669054
1861,36.3582065,127.3396608,대전광역시 유성구 장대동 373,장대동,온천2동,2024-03-16 7:25,8,19.0,276653971,1097718217,0,residential,2.6783973184429635,residential,2.6783973184429635,소로,783.0,3167047_002_3167047_002_4,3.0688241986669054
1862,36.3593666,127.3392583,대전광역시 유성구 장대동 373,장대동,온천2동,2024-03-16 7:24,8,17.9,431031525,276653971,0,residential,1.934687449394247,residential,1.934687449394247,소로,783.0,3167047_002_3167047_002_4,4.468424771596834
1863,36.3596018,127.3361984,대전광역시 유성구 장대동 290,장대동,온천2동,2024-03-16 7:21,15,20.6,1097717897,431031514,0,tertiary,2.6754524669077755,tertiary,2.6754524669077755,중로,937.0,3167061_003_3167061_003_4,3.6141586170387487
1864,36.3587096,127.3362763,대전광역시 유성구 장대동 290,장대동,온천2동,2024-03-16 7:20,15,22.1,1097717897,431031514,0,tertiary,6.158230977470065,tertiary,6.158230977470065,중로,937.0,3167061_003_3167061_003_4,1.42148225815738
1865,36.3587096,127.3362763,대전광역시 유성구 장대동 290,장대동,온천2동,2024-03-16 7:20,15,29.9,431031514,1097717897,0,tertiary,6.158230977470065,tertiary,6.158230977470065,중로,937.0,3167061_003_3167061_003_4,1.42148225815738
1866,36.3587096,127.3362763,대전광역시 유성구 장대동 290,장대동,온천2동,2024-03-16 7:20,15,27.3,1097717897,431031514,0,tertiary,6.158230977470065,tertiary,6.158230977470065,중로,937.0,3167061_003_3167061_003_4,1.42148225815738
1867,36.3587096,127.3362763,대전광역시 유성구 장대동 290,장대동,온천2동,2024-03-16 7:20,15,17.8,431031514,1097717897,0,tertiary,6.158230977470065,tertiary,6.158230977470065,중로,937.0,3167061_003_3167061_003_4,1.42148225815738
1868,36.3586145,127.3371732,대전광역시 유성구 장대동 290,장대동,온천2동,2024-03-16 7:20,8,20.7,1097718200,1097717897,0,residential,0.015122618654452,residential,0.015122618654452,소로,3319.0,4301354_000_4301354_000_4,2.9746815164431073
1869,36.3586145,127.3371732,대전광역시 유성구 장대동 290,장대동,온천2동,2024-03-16 7:20,8,19.5,1097717897,1097718200,0,residential,0.015122618654452,residential,0.015122618654452,소로,3319.0,4301354_000_4301354_000_4,2.9746815164431073
1870,36.3586141,127.3372929,대전광역시 유성구 장대동 290,장대동,온천2동,2024-03-16 7:20,8,17.9,1097717897,1097718200,0,residential,0.0046966533532709,residential,0.0046966533532709,소로,3319.0,4301354_000_4301354_000_4,3.0331331908840595
1871,36.3544591,127.3388065,대전광역시 유성구 봉명동 448-10,봉명동,온천1동,2024-03-16 7:05,25,36.7,579252436,276653987,0,primary,10.9841699108595,primary,10.9841699108595,대로,203.0,3010024_004_3010024_004_2,8.117848301869765
1872,36.3821455,127.3242538,대전광역시 유성구 죽동 641,죽동,노은2동,2024-03-15 16:03,8,11.3,446047048,446047049,0,residential,7.62389251702177,residential,7.62389251702177,소로,3409.0,4301373_006_4301373_006_7,2.3796007396314156
1873,36.3821455,127.3242538,대전광역시 유성구 죽동 641,죽동,노은2동,2024-03-15 16:03,8,15.3,446047049,446047048,0,residential,7.62389251702177,residential,7.62389251702177,소로,3409.0,4301373_006_4301373_006_7,2.3796007396314156
1874,36.3823345,127.3233784,대전광역시 유성구 죽동 630,죽동,노은2동,2024-03-15 16:00,8,14.1,446046723,446046726,0,residential,0.5029674516574385,residential,0.5029674516574385,소로,918.0,3167058_004_3167058_004_1,2.2274749533730644
1875,36.3823345,127.3233784,대전광역시 유성구 죽동 630,죽동,노은2동,2024-03-15 16:00,8,21.7,446046726,446046723,0,residential,0.5029674516574385,residential,0.5029674516574385,소로,918.0,3167058_004_3167058_004_1,2.2274749533730644
1876,36.3934307,127.3127439,대전광역시 유성구 반석동 689,반석동,노은3동,2024-03-15 15:12,8,12.6,5414416615,626355811,0,residential,0.6839941811316687,residential,0.6839941811316687,소로,2300.0,4301169_000_4301169_000_3,1.1025349597838299
1877,36.3953794,127.3104892,대전광역시 유성구 반석동 676,반석동,노은3동,2024-03-15 15:10,8,12.4,626355793,390265537,0,residential,5.846483309207515,residential,5.846483309207515,소로,553.0,3167025_003_3167025_003_6,1.6129182567547387
1878,36.4154359,127.2979932,대전광역시 유성구 안산동 284-1,안산동,노은2동,2024-03-15 15:02,10,28.6,496944999,436860405,0,"['unclassified', 'residential']",81.28500059557797,unclassified,81.28500059557797,미분류,193.0,3000100_002_3000100_002_3,1.8159644814344211
1879,36.4154359,127.2979932,대전광역시 유성구 안산동 284-1,안산동,노은2동,2024-03-15 15:02,10,28.8,436860405,496944999,0,"['unclassified', 'residential']",81.28500059557797,unclassified,81.28500059557797,미분류,193.0,3000100_002_3000100_002_3,1.8159644814344211
1880,36.4180909,127.2958353,대전광역시 유성구 안산동 351-2,안산동,노은2동,2024-03-15 15:01,10,17.8,770080428,1549832460,0,motorway_link,285.5514192392734,motorway_link,285.5514192392734,미분류,196.0,3000100_002_3000100_002_6,0.6078351020414506
1881,36.4118586,127.2980415,대전광역시 유성구 안산동 257-2,안산동,노은2동,2024-03-15 14:50,15,18.3,496945139,496945114,0,tertiary,3.9592564637369456,tertiary,3.9592564637369456,중로,192.0,3000100_002_3000100_002_2,2.937988457701685
1882,36.4118586,127.2980415,대전광역시 유성구 안산동 257-2,안산동,노은2동,2024-03-15 14:50,15,29.3,496945114,496945139,0,tertiary,3.9592564637369456,tertiary,3.9592564637369456,중로,192.0,3000100_002_3000100_002_2,2.937988457701685
1883,36.4230935,127.2959228,세종특별자치시 금남면 두만리 42-11,금남면,금남면,2024-03-15 14:45,10,28.2,2055472178,1549832460,0,trunk,102.3003011258248,trunk,102.3003011258248,미분류,610.0,3167033_004_3167033_004_6,21.940654178944506
1884,36.4230935,127.2959228,세종특별자치시 금남면 두만리 42-11,금남면,금남면,2024-03-15 14:45,10,14.9,2055472178,770080427,0,motorway_link,102.3003011258248,motorway_link,102.3003011258248,미분류,610.0,3167033_004_3167033_004_6,21.940654178944506
1885,36.4232494,127.2957205,세종특별자치시 금남면 두만리 42-11,금남면,금남면,2024-03-15 14:45,10,13.6,2055472178,1549832460,0,trunk,127.3675463950558,trunk,127.3675463950558,미분류,,,
1886,36.4232494,127.2957205,세종특별자치시 금남면 두만리 42-11,금남면,금남면,2024-03-15 14:45,10,21.9,2055472178,770080427,0,motorway_link,127.3675463950558,motorway_link,127.3675463950558,미분류,,,
1887,36.4237778,127.2950156,세종특별자치시 금남면 두만리 42-3,금남면,금남면,2024-03-15 14:45,10,14.9,2055472178,1549832460,0,trunk,213.5892978296407,trunk,213.5892978296407,미분류,,,
1888,36.4237778,127.2950156,세종특별자치시 금남면 두만리 42-3,금남면,금남면,2024-03-15 14:45,10,19.6,2055472178,770080427,0,motorway_link,213.5892978296407,motorway_link,213.5892978296407,미분류,,,
1889,36.4240066,127.2947117,세종특별자치시 금남면 두만리 39-1,금남면,금남면,2024-03-15 14:45,10,22.5,2055472178,1549832460,0,trunk,250.8368663712763,trunk,250.8368663712763,미분류,,,
1890,36.4240066,127.2947117,세종특별자치시 금남면 두만리 39-1,금남면,금남면,2024-03-15 14:45,10,16.3,2055472178,770080427,0,motorway_link,250.8368663712763,motorway_link,250.8368663712763,미분류,,,
1891,36.424298,127.2943179,세종특별자치시 금남면 두만리 52-8,금남면,금남면,2024-03-15 14:45,10,20.9,2055472178,1549832460,0,trunk,298.7185040490672,trunk,298.7185040490672,미분류,,,
1892,36.424298,127.2943179,세종특별자치시 금남면 두만리 52-8,금남면,금남면,2024-03-15 14:45,10,20.7,2055472178,770080427,0,motorway_link,298.7185040490672,motorway_link,298.7185040490672,미분류,,,
1893,36.424371,127.2942183,세종특별자치시 금남면 두만리 52-8,금남면,금남면,2024-03-15 14:44,10,14.5,2055472178,1549832460,0,trunk,310.7758606845931,trunk,310.7758606845931,미분류,,,
1894,36.424371,127.2942183,세종특별자치시 금남면 두만리 52-8,금남면,금남면,2024-03-15 14:44,10,15.9,2055472178,770080427,0,motorway_link,310.7758606845931,motorway_link,310.7758606845931,미분류,,,
1895,36.4244401,127.2941234,세종특별자치시 금남면 두만리 52-8,금남면,금남면,2024-03-15 14:44,10,19.7,2055472178,1549832460,0,trunk,322.2299389376301,trunk,322.2299389376301,미분류,,,
1896,36.4244401,127.2941234,세종특별자치시 금남면 두만리 52-8,금남면,금남면,2024-03-15 14:44,10,24.0,2055472178,770080427,0,motorway_link,322.2299389376301,motorway_link,322.2299389376301,미분류,,,
1897,36.424851,127.2935734,세종특별자치시 금남면 두만리 581-10,금남면,금남면,2024-03-15 14:44,10,26.6,2055472178,1549832460,0,trunk,389.4000589941557,trunk,389.4000589941557,미분류,,,
1898,36.424851,127.2935734,세종특별자치시 금남면 두만리 581-10,금남면,금남면,2024-03-15 14:44,10,24.7,2055472178,770080427,0,motorway_link,389.4000589941557,motorway_link,389.4000589941557,미분류,,,
1899,36.42513,127.2930793,세종특별자치시 금남면 두만리 581-10,금남면,금남면,2024-03-15 14:44,10,10.8,2055472178,1549832460,0,trunk,443.0039646585146,trunk,443.0039646585146,미분류,,,
1900,36.42513,127.2930793,세종특별자치시 금남면 두만리 581-10,금남면,금남면,2024-03-15 14:44,10,23.0,2055472178,770080427,0,motorway_link,443.0039646585146,motorway_link,443.0039646585146,미분류,,,
1901,36.4046401,127.3058309,대전광역시 유성구 외삼동 441-1,외삼동,노은2동,2024-03-15 14:38,8,23.6,496944781,2055472003,0,residential,2.9127439245584905,residential,2.9127439245584905,소로,602.0,3167033_002_3167033_002_2,10.675658145525512
1902,36.4045878,127.305871,대전광역시 유성구 외삼동 441-4,외삼동,노은2동,2024-03-15 14:38,8,24.9,2055472003,496944781,0,residential,2.460272378588233,residential,2.460272378588233,소로,602.0,3167033_002_3167033_002_2,6.639771869952369
1903,36.3439915,127.3062637,대전광역시 유성구 복용동 557-2,복용동,학하동,2024-03-15 14:19,8,12.6,1564782195,1564782155,0,residential,1.9061531791848985,residential,1.9061531791848985,소로,4146.0,4301568_000_4301568_000_1,4.323191768052272
1904,36.3867309,127.3316777,대전광역시 유성구 하기동 618,하기동,노은2동,2024-03-15 14:05,8,17.7,446046651,446046648,0,residential,3.287015924762077,residential,3.287015924762077,소로,1950.0,4301078_004_4301078_004_4,1.40554697408244
1905,36.3867309,127.3316777,대전광역시 유성구 하기동 618,하기동,노은2동,2024-03-15 14:05,8,13.2,446046648,446046651,0,residential,3.287015924762077,residential,3.287015924762077,소로,1950.0,4301078_004_4301078_004_4,1.40554697408244
1906,36.359924,127.3328281,대전광역시 유성구 장대동 288,장대동,온천2동,2024-03-15 10:25,8,13.4,1097717853,1097717893,0,residential,0.8417538259907784,residential,0.8417538259907784,소로,3324.0,4301356_000_4301356_000_2,2.0303230670119956
1907,36.3894705,127.3015819,대전광역시 유성구 지족동 1104,지족동,노은3동,2024-03-15 9:58,8,12.7,390265556,390265552,0,residential,5.805700847374361,residential,5.805700847374361,소로,557.0,3167026_000_3167026_000_4,2.8988073461687613
1908,36.3441886,127.3075019,대전광역시 유성구 복용동 629,복용동,학하동,2024-03-15 9:58,15,23.3,1313837999,1313837950,0,secondary,9.910184023245687,secondary,9.910184023245687,중로,1201.0,3342039_000_3342039_000_2,8.329415142417993
1909,36.3441886,127.3075019,대전광역시 유성구 복용동 629,복용동,학하동,2024-03-15 9:58,15,19.8,1313837950,1313837999,0,secondary,9.910184023245687,secondary,9.910184023245687,중로,1201.0,3342039_000_3342039_000_2,8.329415142417993
1910,36.3607926,127.3406595,대전광역시 유성구 궁동 455,궁동,온천2동,2024-03-15 7:32,8,13.3,1311412375,1311412004,0,residential,1.942936458265068,residential,1.942936458265068,소로,2202.0,4301139_001_4301139_001_5,1.0026268846791122
1911,36.383192,127.3207279,대전광역시 유성구 지족동 862-10,지족동,노은2동,2024-03-08 16:01,8,12.1,279795760,279795669,0,residential,8.499284425543507,residential,8.499284425543507,소로,1878.0,4301069_000_4301069_000_4,7.083690658417275
1912,36.383192,127.3207279,대전광역시 유성구 지족동 862-10,지족동,노은2동,2024-03-08 16:01,8,12.4,279795669,279795760,0,residential,8.499284425543507,residential,8.499284425543507,소로,1878.0,4301069_000_4301069_000_4,7.083690658417275
1913,36.3664857,127.3232562,대전광역시 유성구 노은동 613,노은동,노은1동,2024-03-08 15:46,15,23.4,673919081,454697802,0,secondary,11.859157900575646,secondary,11.859157900575646,중로,351.0,3167014_001_3167014_001_1,16.61385912254938
1914,36.3664857,127.3232562,대전광역시 유성구 노은동 613,노은동,노은1동,2024-03-08 15:46,15,22.4,454697802,673919081,0,secondary,11.859157900575646,secondary,11.859157900575646,중로,351.0,3167014_001_3167014_001_1,16.61385912254938
1915,36.2669382,127.284043,대전광역시 유성구 방동 623-4,방동,진잠동,2024-03-08 15:10,25,30.2,679640527,746404778,0,primary,4.390591896216355,primary,4.390591896216355,대로,135.0,3000095_004_3000095_004_2,10.740346178528169
1916,36.3136688,127.3304695,대전광역시 유성구 대정동 679-1,대정동,진잠동,2024-03-08 14:47,8,24.8,562861638,11637367803,0,"['unclassified', 'residential']",2.2376842942176505,unclassified,2.2376842942176505,소로,3705.0,4301448_001_4301448_001_1,3.656107232254587
1917,36.3137196,127.3305908,대전광역시 유성구 대정동 679-1,대정동,진잠동,2024-03-08 14:47,8,20.9,562861638,11637367803,0,"['unclassified', 'residential']",2.2898693295324386,unclassified,2.2898693295324386,소로,3705.0,4301448_001_4301448_001_1,3.3219442963735304
1918,36.3137196,127.3305908,대전광역시 유성구 대정동 679-1,대정동,진잠동,2024-03-08 14:47,8,24.3,11637367803,562861638,0,"['unclassified', 'residential']",2.2898693295324386,unclassified,2.2898693295324386,소로,3705.0,4301448_001_4301448_001_1,3.3219442963735304
1919,36.358436,127.3348513,대전광역시 유성구 장대동 277-6,장대동,온천2동,2024-03-08 11:14,8,10.7,1097718102,1097717752,0,residential,20.398892600122245,residential,20.398892600122245,소로,3316.0,4301354_000_4301354_000_1,17.376962047250753
1920,36.358436,127.3348513,대전광역시 유성구 장대동 277-6,장대동,온천2동,2024-03-08 11:14,8,19.3,1097717752,1097718102,0,residential,20.398892600122245,residential,20.398892600122245,소로,3316.0,4301354_000_4301354_000_1,17.376962047250753
1921,36.3440671,127.2982349,대전광역시 유성구 계산동 775,계산동,학하동,2024-03-08 10:28,8,18.3,1738172948,1738172903,0,residential,0.2531299152466138,residential,0.2531299152466138,소로,4117.0,4301560_002_4301560_002_1,2.007893218344744
1922,36.3440671,127.2982349,대전광역시 유성구 계산동 775,계산동,학하동,2024-03-08 10:28,8,14.2,1738172903,1738172948,0,residential,0.2531299152466138,residential,0.2531299152466138,소로,4117.0,4301560_002_4301560_002_1,2.007893218344744
1923,36.4142147,127.2981386,대전광역시 유성구 안산동 275-1,안산동,노은2동,2024-03-08 10:24,15,22.9,436860401,436860405,0,tertiary,0.7657095163994307,tertiary,0.7657095163994307,중로,193.0,3000100_002_3000100_002_3,1.8477291601876038
1924,36.4142147,127.2981386,대전광역시 유성구 안산동 275-1,안산동,노은2동,2024-03-08 10:24,15,22.1,436860405,436860401,0,tertiary,0.7657095163994307,tertiary,0.7657095163994307,중로,193.0,3000100_002_3000100_002_3,1.8477291601876038
1925,36.3986968,127.3147334,대전광역시 유성구 외삼동 577,외삼동,노은2동,2024-03-08 10:12,8,18.9,496944495,496944468,0,residential,1.894928019640443,residential,1.894928019640443,소로,826.0,3167050_009_3167050_009_2,1.5775276711564876
1926,36.3602462,127.3485352,대전광역시 유성구 궁동 496,궁동,온천2동,2024-03-08 7:20,8,14.5,667240822,667240815,0,residential,1.6445375941287732,residential,1.6445375941287732,소로,2206.0,4301140_001_4301140_001_1,0.9929175080735436
1927,36.3617674,127.3475369,대전광역시 유성구 궁동 438,궁동,온천2동,2024-03-08 7:16,8,11.2,566882360,566882365,0,residential,5.070177056780885,residential,5.070177056780885,소로,342.0,3167013_000_3167013_000_1,0.011648545752074385
1928,36.3617674,127.3475369,대전광역시 유성구 궁동 438,궁동,온천2동,2024-03-08 7:16,8,14.7,566882365,566882360,0,residential,5.070177056780885,residential,5.070177056780885,소로,342.0,3167013_000_3167013_000_1,0.011648545752074385
1929,36.3012434,127.3202818,대전광역시 유성구 원내동 781,원내동,진잠동,2024-03-08 6:51,8,22.5,562808127,562808129,0,residential,0.2692327690412231,residential,0.2692327690412231,소로,3028.0,4301306_000_4301306_000_1,0.0817830939725934
1930,36.3559006,127.3404032,대전광역시 유성구 봉명동 442-10,봉명동,온천1동,2024-03-07 15:42,8,18.6,579252437,496944187,0,residential,9.327865327046846,residential,9.327865327046846,소로,,,
1931,36.3559006,127.3404032,대전광역시 유성구 봉명동 442-10,봉명동,온천1동,2024-03-07 15:42,8,19.5,496944187,579252437,0,residential,9.327865327046846,residential,9.327865327046846,소로,,,
1932,36.3933696,127.3496206,대전광역시 유성구 자운동 24-7,자운동,신성동,2024-03-07 15:40,25,33.7,5454084974,5454084976,0,primary,5.451147793270329,primary,5.451147793270329,대로,3114.0,4301323_002_4301323_002_1,2.473975831796352
1933,36.3558762,127.3406803,대전광역시 유성구 봉명동 442-15,봉명동,온천1동,2024-03-07 15:36,8,18.0,579252437,496944187,0,residential,10.311095927842686,residential,10.311095927842686,소로,,,
1934,36.3553716,127.341559,대전광역시 유성구 봉명동 574,봉명동,온천1동,2024-03-07 15:15,15,18.9,8262017070,436804782,0,secondary,1.652323998250303,secondary,1.652323998250303,중로,773.0,3167045_001_3167045_001_1,0.8483060839610602
1935,36.3744059,127.3052699,대전광역시 유성구 지족동 1060-1,지족동,노은3동,2024-03-07 14:55,15,16.3,1738173850,1621279042,0,tertiary,5.219906821755402,tertiary,5.219906821755402,중로,950.0,3167064_001_3167064_001_1,0.9415114044166899
1936,36.3745453,127.3050501,대전광역시 유성구 지족동 1060-1,지족동,노은3동,2024-03-07 14:54,15,17.6,1621279042,1738173850,0,tertiary,6.700269139079958,tertiary,6.700269139079958,중로,950.0,3167064_001_3167064_001_1,3.8931348843239175
1937,36.374596,127.3049595,대전광역시 유성구 지족동 1060-1,지족동,노은3동,2024-03-07 14:53,15,15.8,1621279042,1738173850,0,tertiary,7.79987145557549,tertiary,7.79987145557549,중로,950.0,3167064_001_3167064_001_1,5.102274348468137
1938,36.374596,127.3049595,대전광역시 유성구 지족동 1060-1,지족동,노은3동,2024-03-07 14:53,15,28.5,1738173850,1621279042,0,tertiary,7.79987145557549,tertiary,7.79987145557549,중로,950.0,3167064_001_3167064_001_1,5.102274348468137
1939,36.3866109,127.3032463,대전광역시 유성구 지족동 1057,지족동,노은3동,2024-03-07 14:48,8,14.2,2945367381,2945367384,0,residential,2.590828317348877,residential,2.590828317348877,소로,1129.0,3167104_001_3167104_001_1,0.03661943983897725
1940,36.3903367,127.2967964,대전광역시 유성구 반석동 499-2,반석동,노은3동,2024-03-07 14:25,8,18.2,390265643,390265646,0,residential,7.7459934128001136,residential,7.7459934128001136,소로,2312.0,4301171_000_4301171_000_2,6.477316012638528
1941,36.3903367,127.2967964,대전광역시 유성구 반석동 499-2,반석동,노은3동,2024-03-07 14:25,8,14.0,390265646,390265643,0,residential,7.7459934128001136,residential,7.7459934128001136,소로,2312.0,4301171_000_4301171_000_2,6.477316012638528
1942,36.3542852,127.3416156,대전광역시 유성구 봉명동 576,봉명동,온천1동,2024-03-07 10:48,15,26.9,8262017070,8262017069,0,secondary,5.771619326471137,secondary,5.771619326471137,중로,1111.0,3167083_001_3167083_001_1,10.215751385405074
1943,36.3554147,127.3414465,대전광역시 유성구 봉명동 574,봉명동,온천1동,2024-03-07 10:08,15,17.2,8262017070,436804782,0,secondary,1.406658033986448,secondary,1.406658033986448,중로,773.0,3167045_001_3167045_001_1,3.661645131618558
1944,36.3554147,127.3414465,대전광역시 유성구 봉명동 574,봉명동,온천1동,2024-03-07 10:08,15,21.7,436804782,8262017070,0,secondary,1.406658033986448,secondary,1.406658033986448,중로,773.0,3167045_001_3167045_001_1,3.661645131618558
1945,36.3559003,127.3402426,대전광역시 유성구 봉명동 442-11,봉명동,온천1동,2024-03-07 9:49,8,23.9,579252437,496944187,0,residential,7.172961035116462,residential,7.172961035116462,소로,,,
1946,36.3559003,127.3402426,대전광역시 유성구 봉명동 442-11,봉명동,온천1동,2024-03-07 9:49,8,15.6,496944187,579252437,0,residential,7.172961035116462,residential,7.172961035116462,소로,,,
1947,36.3684586,127.3192012,대전광역시 유성구 노은동 591,노은동,노은1동,2024-03-07 9:43,8,15.2,446046760,446046778,0,residential,1.5304978204359792,residential,1.5304978204359792,소로,1891.0,4301072_000_4301072_000_3,0.34581919896621155
1948,36.3551934,127.3451278,대전광역시 유성구 봉명동 574,봉명동,온천1동,2024-03-07 9:43,8,11.0,448138689,496944196,0,residential,3.9479424596415047,residential,3.9479424596415047,소로,1493.0,4301011_000_4301011_000_1,3.195889668691949
1949,36.3552479,127.3451532,대전광역시 유성구 봉명동 574,봉명동,온천1동,2024-03-07 9:43,8,16.5,496944196,496944194,0,residential,1.1110086835790085,residential,1.1110086835790085,소로,1493.0,4301011_000_4301011_000_1,2.942411609960802
1950,36.3552479,127.3451532,대전광역시 유성구 봉명동 574,봉명동,온천1동,2024-03-07 9:43,8,14.3,496944194,496944196,0,residential,1.1110086835790085,residential,1.1110086835790085,소로,1493.0,4301011_000_4301011_000_1,2.942411609960802
1951,36.3570904,127.3380879,대전광역시 유성구 장대동 293,장대동,온천2동,2024-03-07 9:29,8,21.7,1097718131,1097717684,0,residential,4.06808098653162,residential,4.06808098653162,소로,787.0,3167047_003_3167047_003_1,3.5715341433730767
1952,36.3570904,127.3380879,대전광역시 유성구 장대동 293,장대동,온천2동,2024-03-07 9:29,8,23.2,1097717684,1097718131,0,residential,4.06808098653162,residential,4.06808098653162,소로,787.0,3167047_003_3167047_003_1,3.5715341433730767
1953,36.3571893,127.3385575,대전광역시 유성구 장대동 286-10,장대동,온천2동,2024-03-07 9:28,8,14.1,323136051,1097718131,0,residential,8.063630415795487,residential,8.063630415795487,소로,787.0,3167047_003_3167047_003_1,2.9954631650111243
1954,36.4292721,127.3837399,대전광역시 유성구 송강동 556,송강동,구즉동,2024-03-07 6:11,15,22.2,277760893,436863933,0,secondary,0.6747310417886614,secondary,0.6747310417886614,중로,797.0,3167048_002_3167048_002_1,6.854462289360302
1955,36.4292721,127.3837399,대전광역시 유성구 송강동 556,송강동,구즉동,2024-03-07 6:11,15,18.6,436863933,277760893,0,secondary,0.6747310417886614,secondary,0.6747310417886614,중로,797.0,3167048_002_3167048_002_1,6.854462289360302
1956,36.3876842,127.3254523,대전광역시 유성구 하기동 597-1,하기동,노은2동,2024-03-06 15:54,8,16.0,496944375,496944402,1,residential,2.023881825409257,residential,2.023881825409257,소로,2626.0,4301227_000_4301227_000_1,5.435573759616898
1957,36.3876842,127.3254523,대전광역시 유성구 하기동 597-1,하기동,노은2동,2024-03-06 15:54,8,14.6,496944402,496944375,1,residential,2.023881825409257,residential,2.023881825409257,소로,2626.0,4301227_000_4301227_000_1,5.435573759616898
1958,36.3872732,127.3257704,대전광역시 유성구 하기동 599,하기동,노은2동,2024-03-06 15:54,8,17.1,496944375,496944402,1,residential,3.2485707277062934,residential,3.2485707277062934,소로,2626.0,4301227_000_4301227_000_1,3.3349740870588094
1959,36.3872732,127.3257704,대전광역시 유성구 하기동 599,하기동,노은2동,2024-03-06 15:54,8,11.7,496944402,496944375,1,residential,3.2485707277062934,residential,3.2485707277062934,소로,2626.0,4301227_000_4301227_000_1,3.3349740870588094
1960,36.387226,127.3257301,대전광역시 유성구 하기동 597-3,하기동,노은2동,2024-03-06 15:50,8,16.2,496944375,496944402,1,residential,4.489692759524804,residential,4.489692759524804,소로,2626.0,4301227_000_4301227_000_1,4.1757041281148854
1961,36.387226,127.3257301,대전광역시 유성구 하기동 597-3,하기동,노은2동,2024-03-06 15:50,8,15.3,496944402,496944375,1,residential,4.489692759524804,residential,4.489692759524804,소로,2626.0,4301227_000_4301227_000_1,4.1757041281148854
1962,36.313541,127.3199752,대전광역시 유성구 대정동 318,대정동,진잠동,2024-03-06 15:04,15,18.8,382917293,382917309,0,tertiary,5.267401684346635,tertiary,5.267401684346635,중로,493.0,3167020_000_3167020_000_2,4.628550821372857
1963,36.313541,127.3199752,대전광역시 유성구 대정동 318,대정동,진잠동,2024-03-06 15:04,15,20.4,382917309,382917293,0,tertiary,5.267401684346635,tertiary,5.267401684346635,중로,493.0,3167020_000_3167020_000_2,4.628550821372857
1964,36.3598201,127.3392838,대전광역시 유성구 장대동 373,장대동,온천2동,2024-03-06 14:55,8,21.1,431031525,276653971,0,residential,2.946196417590871,residential,2.946196417590871,소로,783.0,3167047_002_3167047_002_4,0.9301773089282684
1965,36.3598201,127.3392838,대전광역시 유성구 장대동 373,장대동,온천2동,2024-03-06 14:55,8,10.6,276653971,431031525,0,residential,2.946196417590871,residential,2.946196417590871,소로,783.0,3167047_002_3167047_002_4,0.9301773089282684
1966,36.3594103,127.3393021,대전광역시 유성구 장대동 373,장대동,온천2동,2024-03-06 14:55,8,22.0,431031525,276653971,0,residential,2.368669980315304,residential,2.368669980315304,소로,783.0,3167047_002_3167047_002_4,0.3447373469539686
1967,36.3594103,127.3393021,대전광역시 유성구 장대동 373,장대동,온천2동,2024-03-06 14:55,8,24.0,276653971,431031525,0,residential,2.368669980315304,residential,2.368669980315304,소로,783.0,3167047_002_3167047_002_4,0.3447373469539686
1968,36.4024763,127.3639047,대전광역시 유성구 장동 12-16,장동,신성동,2024-03-06 12:50,25,20.3,3399376832,8946214833,0,primary,2.64486197629478,primary,2.64486197629478,대로,93.0,2167001_001_2167001_001_8,3.9289075804185796
1969,36.4022745,127.3636913,대전광역시 유성구 장동 12-16,장동,신성동,2024-03-06 12:50,25,39.3,3399376832,8946214833,0,primary,1.798133949128343,primary,1.798133949128343,대로,93.0,2167001_001_2167001_001_8,4.7522041243436055
1970,36.361,127.3585,대전광역시 유성구 봉명동 1012-1,봉명동,온천1동,2024-03-06 10:54,8,23.1,764820238,277883046,0,residential,1.1365120934825632,residential,1.1365120934825632,소로,754.0,3167042_000_3167042_000_1,1.0682954349388782
1971,36.361,127.3585,대전광역시 유성구 봉명동 1012-1,봉명동,온천1동,2024-03-06 10:54,8,12.6,277883046,764820238,0,residential,1.1365120934825632,residential,1.1365120934825632,소로,754.0,3167042_000_3167042_000_1,1.0682954349388782
1972,36.4137939,127.2981846,대전광역시 유성구 안산동 273-2,안산동,노은2동,2024-03-06 10:02,15,22.5,436860401,436860405,0,tertiary,0.1241706343804092,tertiary,0.1241706343804092,중로,193.0,3000100_002_3000100_002_3,1.907388562760491
1973,36.4034867,127.3115641,대전광역시 유성구 외삼동 582,외삼동,노은2동,2024-03-06 9:53,8,14.9,496944633,496944663,0,residential,4.062289651525196,residential,4.062289651525196,소로,820.0,3167050_006_3167050_006_5,5.1415045916827555
1974,36.4034867,127.3115641,대전광역시 유성구 외삼동 582,외삼동,노은2동,2024-03-06 9:53,8,22.7,496944663,496944633,0,residential,4.062289651525196,residential,4.062289651525196,소로,820.0,3167050_006_3167050_006_5,5.1415045916827555
1975,36.3999679,127.3122242,대전광역시 유성구 외삼동 574-5,외삼동,노은2동,2024-03-06 9:49,8,23.1,496944495,496944468,0,residential,3.3803431437215483,residential,3.3803431437215483,소로,827.0,3167050_009_3167050_009_3,1.984952728282497
1976,36.3999679,127.3122242,대전광역시 유성구 외삼동 574-5,외삼동,노은2동,2024-03-06 9:49,8,15.1,496944468,496944495,0,residential,3.3803431437215483,residential,3.3803431437215483,소로,827.0,3167050_009_3167050_009_3,1.984952728282497
1977,36.3999396,127.3122468,대전광역시 유성구 외삼동 574-5,외삼동,노은2동,2024-03-06 9:49,8,13.7,496944495,496944468,0,residential,3.3398177645421114,residential,3.3398177645421114,소로,827.0,3167050_009_3167050_009_3,2.1985126849386725
1978,36.3999396,127.3122468,대전광역시 유성구 외삼동 574-5,외삼동,노은2동,2024-03-06 9:49,8,24.2,496944468,496944495,0,residential,3.3398177645421114,residential,3.3398177645421114,소로,827.0,3167050_009_3167050_009_3,2.1985126849386725
1979,36.3991151,127.3140179,대전광역시 유성구 외삼동 577,외삼동,노은2동,2024-03-06 9:49,8,18.7,496944495,496944468,0,residential,3.348077825226674,residential,3.348077825226674,소로,826.0,3167050_009_3167050_009_2,2.3357014689948135
1980,36.3989653,127.3142435,대전광역시 유성구 외삼동 574-5,외삼동,노은2동,2024-03-06 9:49,8,22.1,496944495,496944468,0,residential,3.2944213498586827,residential,3.2944213498586827,소로,826.0,3167050_009_3167050_009_2,2.573202667670509
1981,36.387443,127.3184973,대전광역시 유성구 하기동 575,하기동,노은2동,2024-03-06 9:38,8,12.6,5313632196,333653495,0,residential,6.023310153972426,residential,6.023310153972426,소로,727.0,3167037_000_3167037_000_1,9.546041888478666
1982,36.387443,127.3184973,대전광역시 유성구 하기동 575,하기동,노은2동,2024-03-06 9:38,8,22.5,333653495,5313632196,0,residential,6.023310153972426,residential,6.023310153972426,소로,727.0,3167037_000_3167037_000_1,9.546041888478666
1983,36.3874912,127.3186007,대전광역시 유성구 하기동 576,하기동,노은2동,2024-03-06 9:38,8,20.9,333653495,446046591,0,residential,6.492795212759365,residential,6.492795212759365,소로,727.0,3167037_000_3167037_000_1,9.46792310671557
1984,36.3906541,127.3241497,대전광역시 유성구 하기동 603,하기동,노은2동,2024-03-06 6:02,15,24.4,8947608316,446046665,0,secondary,0.3783515284573784,secondary,0.3783515284573784,중로,372.0,3167015_003_3167015_003_11,8.169506450477979
1985,36.3621484,127.3354577,대전광역시 유성구 장대동 333,장대동,온천2동,2024-03-05 16:33,8,11.2,390265297,390265296,0,residential,0.0138255439221418,residential,0.0138255439221418,소로,3449.0,4301383_000_4301383_000_2,0.6819364602116658
1986,36.3552856,127.3428943,대전광역시 유성구 봉명동 574-2,봉명동,온천1동,2024-03-05 16:12,15,28.3,276654012,436843035,0,secondary,7.20915725213284,secondary,7.20915725213284,중로,773.0,3167045_001_3167045_001_1,10.878648743511137
1987,36.3615682,127.3351341,대전광역시 유성구 장대동 63-2,장대동,온천2동,2024-03-05 16:09,8,17.3,390265297,390265288,0,residential,0.6640228827295954,residential,0.6640228827295954,소로,937.0,3167061_003_3167061_003_4,1.412285370069244
1988,36.3615682,127.3351341,대전광역시 유성구 장대동 63-2,장대동,온천2동,2024-03-05 16:09,8,24.6,390265288,390265297,0,residential,0.6640228827295954,residential,0.6640228827295954,소로,937.0,3167061_003_3167061_003_4,1.412285370069244
1989,36.3611856,127.3534735,대전광역시 유성구 궁동 434,궁동,온천2동,2024-03-05 7:42,8,11.9,352964388,352964382,0,residential,1.0204024716075355,residential,1.0204024716075355,소로,410.0,3167017_000_3167017_000_2,0.0731029242817134
1990,36.3626943,127.3474261,대전광역시 유성구 궁동 438,궁동,온천2동,2024-03-05 6:51,8,21.6,566882366,566882364,0,residential,2.1771599267309174,residential,2.1771599267309174,소로,342.0,3167013_000_3167013_000_1,2.286288475367427
1991,36.3626943,127.3474261,대전광역시 유성구 궁동 438,궁동,온천2동,2024-03-05 6:51,8,12.3,566882364,566882366,0,residential,2.1771599267309174,residential,2.1771599267309174,소로,342.0,3167013_000_3167013_000_1,2.286288475367427
1992,36.3626943,127.3474261,대전광역시 유성구 궁동 438,궁동,온천2동,2024-03-05 6:51,8,12.2,566882366,566882364,0,residential,2.1771599267309174,residential,2.1771599267309174,소로,342.0,3167013_000_3167013_000_1,2.286288475367427
1993,36.3626943,127.3474261,대전광역시 유성구 궁동 438,궁동,온천2동,2024-03-05 6:51,8,19.9,566882364,566882366,0,residential,2.1771599267309174,residential,2.1771599267309174,소로,342.0,3167013_000_3167013_000_1,2.286288475367427
1994,36.3666778,127.3312545,대전광역시 유성구 장대동 116-5,장대동,온천2동,2024-03-05 6:30,8,18.0,276654129,276557644,0,secondary_link,0.5998216754283205,secondary_link,0.5998216754283205,소로,7.0,1000013_001_1000013_001_7,3.6480421363702726
1995,36.3736319,127.3193243,대전광역시 유성구 지족동 965,지족동,노은1동,2024-03-05 6:26,8,11.8,436785542,436785530,0,residential,1.7524067806002783,residential,1.7524067806002783,소로,3347.0,4301366_002_4301366_002_2,1.8679843475005447
1996,36.3736319,127.3193243,대전광역시 유성구 지족동 965,지족동,노은1동,2024-03-05 6:26,8,11.7,436785530,436785542,0,residential,1.7524067806002783,residential,1.7524067806002783,소로,3347.0,4301366_002_4301366_002_2,1.8679843475005447
1997,36.3849263,127.3215201,대전광역시 유성구 하기동 585,하기동,노은2동,2024-03-04 15:27,8,12.6,446046723,436783090,0,residential,2.328014990327848,residential,2.328014990327848,소로,358.0,3167015_001_3167015_001_1,0.8544592377489779
1998,36.4060767,127.4021958,대전광역시 유성구 전민동 산 5-15,전민동,전민동,2024-03-04 14:43,15,26.7,280237119,280237098,0,tertiary,2.0759548112501847,tertiary,2.0759548112501847,중로,764.0,3167043_002_3167043_002_8,4.256082805142589
1999,36.4060767,127.4021958,대전광역시 유성구 전민동 산 5-15,전민동,전민동,2024-03-04 14:43,15,24.6,280237098,280237119,0,tertiary,2.0759548112501847,tertiary,2.0759548112501847,중로,764.0,3167043_002_3167043_002_8,4.256082805142589
2000,36.3609309,127.3530891,대전광역시 유성구 궁동 445,궁동,온천2동,2024-03-04 14:12,8,19.1,566882403,566882407,0,residential,4.113853798383736,residential,4.113853798383736,소로,2192.0,4301137_002_4301137_002_1,1.231452894156085
2001,36.3521,127.3302716,대전광역시 유성구 구암동 641,구암동,온천1동,2024-03-04 13:59,15,15.2,436873764,436873762,0,secondary,0.0464164973839298,secondary,0.0464164973839298,중로,3202.0,4301340_000_4301340_000_2,2.106319727856539
2002,36.4059062,127.4025676,대전광역시 유성구 전민동 산 5-15,전민동,전민동,2024-03-04 13:29,15,20.5,280237119,280237098,0,tertiary,6.649191387567238,tertiary,6.649191387567238,중로,764.0,3167043_002_3167043_002_8,9.131253868664553
2003,36.4059062,127.4025676,대전광역시 유성구 전민동 산 5-15,전민동,전민동,2024-03-04 13:29,15,20.0,280237098,280237119,0,tertiary,6.649191387567238,tertiary,6.649191387567238,중로,764.0,3167043_002_3167043_002_8,9.131253868664553
2004,36.4057614,127.4028411,대전광역시 유성구 전민동 841-6,전민동,전민동,2024-03-04 13:29,15,25.6,280237098,280237119,0,tertiary,6.572196065900673,tertiary,6.572196065900673,중로,764.0,3167043_002_3167043_002_8,8.644460629294265
2005,36.3535651,127.3308599,대전광역시 유성구 구암동 633,구암동,온천1동,2024-03-04 11:48,8,14.6,436873763,436873751,0,residential,1.7279561170735924,residential,1.7279561170735924,소로,1512.0,4301014_002_4301014_002_3,0.05720838216328266
2006,36.3535651,127.3308599,대전광역시 유성구 구암동 633,구암동,온천1동,2024-03-04 11:48,8,12.3,436873751,436873763,0,residential,1.7279561170735924,residential,1.7279561170735924,소로,1512.0,4301014_002_4301014_002_3,0.05720838216328266
2007,36.3570842,127.3400607,대전광역시 유성구 봉명동 528,봉명동,온천1동,2024-03-04 11:37,8,14.5,1097717931,276653974,0,residential,2.781390149839669,residential,2.781390149839669,소로,782.0,3167047_002_3167047_002_3,1.3639740399329783
2008,36.3570842,127.3400607,대전광역시 유성구 봉명동 528,봉명동,온천1동,2024-03-04 11:37,8,23.8,276653974,1097717931,0,residential,2.781390149839669,residential,2.781390149839669,소로,782.0,3167047_002_3167047_002_3,1.3639740399329783
2009,36.4046051,127.4029076,대전광역시 유성구 전민동 462-8,전민동,전민동,2024-03-01 7:30,8,14.1,280237207,308477721,0,residential,3.315443252139146,residential,3.315443252139146,소로,2875.0,4301277_000_4301277_000_1,2.5815929480623097
2010,36.4046051,127.4029076,대전광역시 유성구 전민동 462-8,전민동,전민동,2024-03-01 7:30,8,17.0,280237207,308477721,0,residential,3.315443252139146,residential,3.315443252139146,소로,2875.0,4301277_000_4301277_000_1,2.5815929480623097
2011,36.3415461,127.3050923,대전광역시 유성구 계산동 803-11,계산동,학하동,2024-03-01 6:21,8,12.7,1564781852,1564781944,1,residential,11.572489874558324,residential,11.572489874558324,소로,4130.0,4301564_000_4301564_000_1,11.735067304848485
2012,36.3747976,127.3193131,대전광역시 유성구 지족동 965,지족동,노은1동,2024-03-01 6:10,8,24.9,436785521,436785512,0,residential,3.5602536211407414,residential,3.5602536211407414,소로,3348.0,4301366_002_4301366_002_3,3.364199481010889
2013,36.3747976,127.3193131,대전광역시 유성구 지족동 965,지족동,노은1동,2024-03-01 6:10,8,23.2,436785512,436785521,0,residential,3.5602536211407414,residential,3.5602536211407414,소로,3348.0,4301366_002_4301366_002_3,3.364199481010889
2014,36.3896765,127.3486262,대전광역시 유성구 신성동 468,신성동,신성동,2024-03-01 5:58,8,18.3,436857826,4667419964,0,residential,1.818525851874988,residential,1.818525851874988,소로,751.0,3167040_002_3167040_002_2,1.9391889333998789
2015,36.3896765,127.3486262,대전광역시 유성구 신성동 468,신성동,신성동,2024-03-01 5:58,8,12.1,4667419964,436857826,0,residential,1.818525851874988,residential,1.818525851874988,소로,751.0,3167040_002_3167040_002_2,1.9391889333998789
2016,36.3879552,127.3224777,대전광역시 유성구 하기동 603,하기동,노은2동,2024-03-01 5:52,15,26.2,8947608316,446046665,0,secondary,0.1478147534760765,secondary,0.1478147534760765,중로,372.0,3167015_003_3167015_003_11,10.729327967607727
2017,36.3938585,127.3501996,대전광역시 유성구 자운동 515-22,자운동,신성동,2024-02-29 14:41,15,27.9,5454084973,5422290569,0,secondary,1.1689825436311427,secondary,1.1689825436311427,중로,927.0,3167060_001_3167060_001_1,7.382920699854646
2018,36.3938585,127.3501996,대전광역시 유성구 자운동 515-22,자운동,신성동,2024-02-29 14:41,15,24.8,5454084973,5422290569,0,secondary,1.1689825436311427,secondary,1.1689825436311427,중로,927.0,3167060_001_3167060_001_1,7.382920699854646
2019,36.3939076,127.350262,대전광역시 유성구 자운동 515-22,자운동,신성동,2024-02-29 14:41,25,28.4,5422290567,5454084973,0,primary,4.338501457124081,primary,4.338501457124081,대로,92.0,2167001_001_2167001_001_7,13.922198580791191
2020,36.3939076,127.350262,대전광역시 유성구 자운동 515-22,자운동,신성동,2024-02-29 14:41,25,23.0,5422290567,5454084973,0,primary,4.338501457124081,primary,4.338501457124081,대로,92.0,2167001_001_2167001_001_7,13.922198580791191
2021,36.3939076,127.350262,대전광역시 유성구 자운동 515-22,자운동,신성동,2024-02-29 14:41,25,29.5,5422290567,5454084973,0,primary,4.338501457124081,primary,4.338501457124081,대로,92.0,2167001_001_2167001_001_7,13.922198580791191
2022,36.382227,127.4060594,대전광역시 유성구 원촌동 90,원촌동,전민동,2024-02-29 13:44,15,26.3,8230105353,12786210658,0,secondary,5.731111685180729,secondary,5.731111685180729,중로,760.0,3167043_002_3167043_002_4,7.305228714996831
2023,36.382227,127.4060594,대전광역시 유성구 원촌동 90,원촌동,전민동,2024-02-29 13:44,15,17.2,8230105353,12786210658,0,secondary,5.731111685180729,secondary,5.731111685180729,중로,760.0,3167043_002_3167043_002_4,7.305228714996831
2024,36.3823178,127.4060305,대전광역시 유성구 원촌동 90,원촌동,전민동,2024-02-29 13:43,15,23.0,8230105353,12786210658,0,secondary,5.718673340103975,secondary,5.718673340103975,중로,760.0,3167043_002_3167043_002_4,7.198016168960371
2025,36.3824092,127.4060002,대전광역시 유성구 원촌동 90,원촌동,전민동,2024-02-29 13:43,15,18.2,8230105353,12786210658,0,secondary,5.811174559315799,secondary,5.811174559315799,중로,760.0,3167043_002_3167043_002_4,7.194899540662778
2026,36.383857,127.4055374,대전광역시 유성구 원촌동 135-2,원촌동,전민동,2024-02-29 13:43,15,18.9,308477643,12786210658,0,secondary,5.784864735830098,secondary,5.784864735830098,중로,760.0,3167043_002_3167043_002_4,5.775461918070948
2027,36.3839528,127.405507,대전광역시 유성구 원촌동 135-2,원촌동,전민동,2024-02-29 13:43,15,27.2,308477643,12786210658,0,secondary,5.7636818742226925,secondary,5.7636818742226925,중로,760.0,3167043_002_3167043_002_4,5.8143937200981455
2028,36.3956141,127.4048789,대전광역시 유성구 문지동 258-3,문지동,전민동,2024-02-29 13:29,15,19.3,8710107727,8710107731,0,secondary,3.749173788247015,secondary,3.749173788247015,중로,761.0,3167043_002_3167043_002_5,4.741040222088634
2029,36.3961831,127.4048776,대전광역시 유성구 전민동 271-5,전민동,전민동,2024-02-29 13:29,15,19.1,8710107727,8710107731,0,secondary,1.5514823916497444,secondary,1.5514823916497444,중로,761.0,3167043_002_3167043_002_5,4.288976892622853
2030,36.3964208,127.4048812,대전광역시 유성구 전민동 271-5,전민동,전민동,2024-02-29 13:29,15,19.5,8710107727,8710107731,0,secondary,0.1170791364376446,secondary,0.1170791364376446,중로,940.0,3167062_001_3167062_001_1,1.1839241318129072
2031,36.3964208,127.4048812,대전광역시 유성구 전민동 271-5,전민동,전민동,2024-02-29 13:29,15,22.5,8710107727,8710107731,0,secondary,0.1170791364376446,secondary,0.1170791364376446,중로,940.0,3167062_001_3167062_001_1,1.1839241318129072
2032,36.3964995,127.4048804,대전광역시 유성구 전민동 271-5,전민동,전민동,2024-02-29 13:29,15,21.1,8710107724,8710107727,0,secondary,0.0636362599329828,secondary,0.0636362599329828,중로,762.0,3167043_002_3167043_002_6,3.7218294153873597
2033,36.399125,127.4048522,대전광역시 유성구 전민동 394-16,전민동,전민동,2024-02-29 13:29,15,25.7,8710107716,8710107724,0,secondary,0.7570861825992103,secondary,0.7570861825992103,중로,764.0,3167043_002_3167043_002_8,4.352961846950106
2034,36.399235,127.4048517,대전광역시 유성구 전민동 394-16,전민동,전민동,2024-02-29 13:28,8,22.0,3957267888,8710107716,0,secondary_link,0.1392128266057582,secondary_link,0.1392128266057582,소로,764.0,3167043_002_3167043_002_8,4.195960734198
2035,36.3775002,127.3059954,대전광역시 유성구 지족동 1062-1,지족동,노은3동,2024-02-29 13:22,8,21.4,5411789493,1738173891,0,residential,2.3976493259464977,residential,2.3976493259464977,소로,945.0,3167063_000_3167063_000_1,4.558396867384491
2036,36.3775002,127.3059954,대전광역시 유성구 지족동 1062-1,지족동,노은3동,2024-02-29 13:22,8,19.2,1738173891,5411789493,0,residential,2.3976493259464977,residential,2.3976493259464977,소로,945.0,3167063_000_3167063_000_1,4.558396867384491
2037,36.4206394,127.4046069,대전광역시 유성구 용산동 604,용산동,관평동,2024-02-29 13:21,15,26.7,280236998,280237000,0,secondary,4.15992457275064,secondary,4.15992457275064,중로,1080.0,3167080_005_3167080_005_3,0.013037416374745363
2038,36.4238262,127.3940134,대전광역시 유성구 관평동 1288,관평동,관평동,2024-02-29 13:18,15,20.8,5449531647,5481779911,0,secondary,2.125091440758815,secondary,2.125091440758815,중로,1080.0,3167080_005_3167080_005_3,1.9206316108268484
2039,36.4262357,127.3915245,대전광역시 유성구 관평동 1286,관평동,관평동,2024-02-29 13:18,15,26.0,412126097,412126136,0,secondary,4.966955148810167,secondary,4.966955148810167,중로,1079.0,3167080_005_3167080_005_2,2.627027426712273
2040,36.3644295,127.3084739,대전광역시 유성구 구암동 514,구암동,온천1동,2024-02-29 13:14,8,14.1,431031541,1621278913,0,"['tertiary_link', 'tertiary']",4.627570373279072,tertiary_link,4.627570373279072,소로,,,
2041,36.3644295,127.3084739,대전광역시 유성구 구암동 514,구암동,온천1동,2024-02-29 13:14,8,14.4,431031541,1621278913,0,"['tertiary_link', 'tertiary']",4.627570373279072,tertiary_link,4.627570373279072,소로,,,
2042,36.4299492,127.3829869,대전광역시 유성구 송강동 556,송강동,구즉동,2024-02-29 13:13,15,17.3,436863933,448900281,0,secondary,5.710196630973888,secondary,5.710196630973888,중로,339.0,3167012_000_3167012_000_1,1.0549363300304044
2043,36.4299492,127.3829869,대전광역시 유성구 송강동 556,송강동,구즉동,2024-02-29 13:13,15,25.1,436863933,448900281,0,secondary,5.710196630973888,secondary,5.710196630973888,중로,339.0,3167012_000_3167012_000_1,1.0549363300304044
2044,36.4299492,127.3829869,대전광역시 유성구 송강동 556,송강동,구즉동,2024-02-29 13:13,15,21.7,436863933,448900281,0,secondary,5.710196630973888,secondary,5.710196630973888,중로,339.0,3167012_000_3167012_000_1,1.0549363300304044
2045,36.366928,127.3109622,대전광역시 유성구 노은동 413-3,노은동,노은1동,2024-02-29 13:10,15,23.7,1738173477,431031559,0,"['secondary', 'tertiary']",2.279297932474595,secondary,2.279297932474595,중로,72.0,2010004_005_2010004_005_4,5.320782565979272
2046,36.3521803,127.3339143,대전광역시 유성구 구암동 635,구암동,온천1동,2024-02-29 12:51,8,21.8,436873748,323136231,0,residential,4.285728034996078,residential,4.285728034996078,소로,1538.0,4301018_000_4301018_000_4,2.863468458818085
2047,36.3509413,127.3349733,대전광역시 유성구 구암동 638,구암동,온천1동,2024-02-29 12:48,8,20.1,436873746,436873779,0,residential,4.80837008007764,residential,4.80837008007764,소로,1551.0,4301020_001_4301020_001_4,2.013297873615844
2048,36.4266841,127.3852828,대전광역시 유성구 송강동 513,송강동,관평동,2024-02-29 12:32,8,22.1,281221940,599899941,0,secondary_link,0.1280652413260924,secondary_link,0.1280652413260924,소로,45.0,2010001_014_2010001_014_13,11.847878563424102
2049,36.4196966,127.3802026,대전광역시 유성구 덕진동 산 14-3,덕진동,관평동,2024-02-29 12:31,25,36.0,5632877273,527742464,0,primary,0.6270558149626123,primary,0.6270558149626123,대로,45.0,2010001_014_2010001_014_13,8.966686914349578
2050,36.417917,127.3785369,대전광역시 유성구 관평동 657-1,관평동,관평동,2024-02-29 12:30,25,37.0,8964537390,5632877268,0,primary,0.1682588740528436,primary,0.1682588740528436,대로,301.0,3167006_001_3167006_001_1,4.85997030206095
2051,36.3989113,127.3583179,대전광역시 유성구 장동 202-10,장동,신성동,2024-02-29 12:25,25,27.4,462078787,3399376832,0,primary,0.2379388874409773,primary,0.2379388874409773,대로,93.0,2167001_001_2167001_001_8,3.8411810150074315
2052,36.3984571,127.3574104,대전광역시 유성구 장동 364-4,장동,신성동,2024-02-29 12:25,25,28.1,462078787,3399376832,0,primary,0.7887604615774987,primary,0.7887604615774987,대로,93.0,2167001_001_2167001_001_8,3.867833498127494
2053,36.3980075,127.3565902,대전광역시 유성구 장동 419-1,장동,신성동,2024-02-29 12:25,25,22.4,462078787,3399376832,0,primary,0.3506883220970439,primary,0.3506883220970439,대로,93.0,2167001_001_2167001_001_8,6.033338283804996
2054,36.3946284,127.3494326,대전광역시 유성구 자운동 515-21,자운동,신성동,2024-02-29 10:35,15,29.4,5422290569,382917432,0,"['secondary', 'tertiary']",2.303811779185727,secondary,2.303811779185727,중로,927.0,3167060_001_3167060_001_1,5.760285182903651
2055,36.3832251,127.3228831,대전광역시 유성구 죽동 630,죽동,노은2동,2024-02-28 15:51,8,12.0,446046726,446046723,0,residential,2.530633887278778,residential,2.530633887278778,소로,918.0,3167058_004_3167058_004_1,1.0902409456319786
2056,36.3832251,127.3228831,대전광역시 유성구 죽동 630,죽동,노은2동,2024-02-28 15:51,8,11.2,446046726,446046723,0,residential,2.530633887278778,residential,2.530633887278778,소로,918.0,3167058_004_3167058_004_1,1.0902409456319786
2057,36.3832674,127.3228578,대전광역시 유성구 죽동 630,죽동,노은2동,2024-02-28 15:51,8,11.1,446046726,446046723,0,residential,2.5501560093960807,residential,2.5501560093960807,소로,918.0,3167058_004_3167058_004_1,1.1014132089077726
2058,36.3832674,127.3228578,대전광역시 유성구 죽동 630,죽동,노은2동,2024-02-28 15:51,8,16.4,446046726,446046723,0,residential,2.5501560093960807,residential,2.5501560093960807,소로,918.0,3167058_004_3167058_004_1,1.1014132089077726
2059,36.3840117,127.3223719,대전광역시 유성구 하기동 585,하기동,노은2동,2024-02-28 15:51,8,16.9,446046723,436783090,0,residential,3.338959022078955,residential,3.338959022078955,소로,358.0,3167015_001_3167015_001_1,0.5503479646518923
2060,36.3846796,127.3217723,대전광역시 유성구 하기동 585,하기동,노은2동,2024-02-28 15:50,8,11.5,446046723,436783090,0,residential,2.0306742854009703,residential,2.0306742854009703,소로,358.0,3167015_001_3167015_001_1,0.48964769385213597
2061,36.3847894,127.3216508,대전광역시 유성구 하기동 585,하기동,노은2동,2024-02-28 15:50,8,20.1,436783090,446046723,0,residential,1.5275986045323515,residential,1.5275986045323515,소로,358.0,3167015_001_3167015_001_1,0.5108295697312913
2062,36.3848241,127.3216116,대전광역시 유성구 하기동 585,하기동,노은2동,2024-02-28 15:50,8,22.9,446046723,436783090,0,residential,1.3135091101581764,residential,1.3135091101581764,소로,358.0,3167015_001_3167015_001_1,0.5712378746803611
2063,36.3848241,127.3216116,대전광역시 유성구 하기동 585,하기동,노은2동,2024-02-28 15:50,8,15.1,446046723,436783090,0,residential,1.3135091101581764,residential,1.3135091101581764,소로,358.0,3167015_001_3167015_001_1,0.5712378746803611
2064,36.3855952,127.3210021,대전광역시 유성구 하기동 576,하기동,노은2동,2024-02-28 15:49,15,25.5,446009209,956990632,0,secondary,4.321697574843978,secondary,4.321697574843978,중로,371.0,3167015_003_3167015_003_10,4.174294058446614
2065,36.3856895,127.3210416,대전광역시 유성구 하기동 576,하기동,노은2동,2024-02-28 15:49,15,21.8,446009209,956990632,0,secondary,3.5235108260871204,secondary,3.5235108260871204,중로,371.0,3167015_003_3167015_003_10,5.202093216602276
2066,36.3871151,127.3253464,대전광역시 유성구 하기동 598,하기동,노은2동,2024-02-28 15:44,8,12.9,496944372,496944375,0,residential,1.1026380991369245,residential,1.1026380991369245,소로,2632.0,4301227_002_4301227_002_5,3.159519745498069
2067,36.3871151,127.3253464,대전광역시 유성구 하기동 598,하기동,노은2동,2024-02-28 15:44,8,21.4,496944375,496944372,0,residential,1.1026380991369245,residential,1.1026380991369245,소로,2632.0,4301227_002_4301227_002_5,3.159519745498069
2068,36.3871202,127.3254328,대전광역시 유성구 하기동 598,하기동,노은2동,2024-02-28 15:44,8,18.1,496944375,496944372,0,residential,0.4262573826779172,residential,0.4262573826779172,소로,2632.0,4301227_002_4301227_002_5,2.287060640614055
2069,36.3871202,127.3254328,대전광역시 유성구 하기동 598,하기동,노은2동,2024-02-28 15:44,8,14.8,496944375,496944372,0,residential,0.4262573826779172,residential,0.4262573826779172,소로,2632.0,4301227_002_4301227_002_5,2.287060640614055
2070,36.3915143,127.327846,대전광역시 유성구 하기동 603,하기동,노은2동,2024-02-28 15:38,15,23.8,8947618222,446046698,0,secondary,0.8457015125164117,secondary,0.8457015125164117,중로,372.0,3167015_003_3167015_003_11,7.8481892336503405
2071,36.3854999,127.3579175,대전광역시 유성구 신성동 421,신성동,신성동,2024-02-28 15:31,15,16.2,8578264060,277875231,0,secondary,3.045914505699154,secondary,3.045914505699154,중로,264.0,3167001_001_3167001_001_2,11.172329620778738
2072,36.3854789,127.3580382,대전광역시 유성구 신성동 421,신성동,신성동,2024-02-28 15:31,15,17.2,8578264060,277875231,0,secondary,2.990375712447432,secondary,2.990375712447432,중로,264.0,3167001_001_3167001_001_2,10.817351526236207
2073,36.3854381,127.3582719,대전광역시 유성구 신성동 420-26,신성동,신성동,2024-02-28 15:31,15,18.7,8578264060,277875231,0,secondary,2.897937221020166,secondary,2.897937221020166,중로,264.0,3167001_001_3167001_001_2,10.23259551074604
2074,36.4005483,127.3614934,대전광역시 유성구 장동 393-10,장동,신성동,2024-02-28 14:55,25,29.9,8946214832,278713053,0,primary,4.38206422213293,primary,4.38206422213293,대로,93.0,2167001_001_2167001_001_8,6.099417865876274
2075,36.4018474,127.3630709,대전광역시 유성구 장동 242-7,장동,신성동,2024-02-28 14:55,25,39.2,3399377140,8946214832,0,primary,2.256311493711173,primary,2.256311493711173,대로,93.0,2167001_001_2167001_001_8,4.484812850021793
2076,36.402108,127.3633649,대전광역시 유성구 장동 12-16,장동,신성동,2024-02-28 14:55,25,30.4,3399377140,8946214832,0,primary,2.034004499532641,primary,2.034004499532641,대로,93.0,2167001_001_2167001_001_8,4.570421537950424
2077,36.402108,127.3633649,대전광역시 유성구 장동 12-16,장동,신성동,2024-02-28 14:55,25,39.7,3399377140,8946214832,0,primary,2.034004499532641,primary,2.034004499532641,대로,93.0,2167001_001_2167001_001_8,4.570421537950424
2078,36.402108,127.3633649,대전광역시 유성구 장동 12-16,장동,신성동,2024-02-28 14:55,25,29.5,3399377140,8946214832,0,primary,2.034004499532641,primary,2.034004499532641,대로,93.0,2167001_001_2167001_001_8,4.570421537950424
2079,36.4031048,127.3644805,대전광역시 유성구 장동 산 1-17,장동,신성동,2024-02-28 14:55,25,32.7,3399377140,8946214832,0,primary,0.8860395446183668,primary,0.8860395446183668,대로,93.0,2167001_001_2167001_001_8,4.545073946401065
2080,36.4050936,127.3667867,대전광역시 유성구 방현동 46-3,방현동,신성동,2024-02-28 14:54,25,39.3,3399377140,8946214832,0,primary,3.210660796331842,primary,3.210660796331842,대로,93.0,2167001_001_2167001_001_8,7.382785599497978
2081,36.405175,127.3669247,대전광역시 유성구 방현동 52-2,방현동,신성동,2024-02-28 14:54,25,25.1,3399377140,8946214832,0,primary,2.2969150900016824,primary,2.2969150900016824,대로,93.0,2167001_001_2167001_001_8,7.698220817243742
2082,36.4061274,127.3699225,대전광역시 유성구 방현동 386,방현동,신성동,2024-02-28 14:54,25,22.0,3399377140,8946214832,0,primary,0.8523408622039735,primary,0.8523408622039735,대로,93.0,2167001_001_2167001_001_8,8.678537014522517
2083,36.4069627,127.3732369,대전광역시 유성구 방현동 9-12,방현동,신성동,2024-02-28 14:54,25,36.4,3399377140,8946214832,0,primary,1.092371537874973,primary,1.092371537874973,대로,93.0,2167001_001_2167001_001_8,9.234155117597417
2084,36.4070017,127.3733759,대전광역시 유성구 방현동 9-12,방현동,신성동,2024-02-28 14:54,25,29.6,3399377140,8946214832,0,primary,0.7540263069422194,primary,0.7540263069422194,대로,93.0,2167001_001_2167001_001_8,9.591164253818933
2085,36.40712,127.3737935,대전광역시 유성구 방현동 349,방현동,신성동,2024-02-28 14:54,25,32.2,3399377140,8946214832,0,primary,0.3756663978453837,primary,0.3756663978453837,대로,93.0,2167001_001_2167001_001_8,10.783882977340776
2086,36.4128809,127.3781164,대전광역시 유성구 화암동 120-3,화암동,신성동,2024-02-28 14:52,25,22.4,275898514,8234413994,0,primary,6.809846127866985,primary,6.809846127866985,대로,43.0,2010001_014_2010001_014_11,9.92175640904459
2087,36.3842919,127.3641628,대전광역시 유성구 가정동 산 16-5,가정동,신성동,2024-02-28 12:34,15,20.6,8578264052,8578264042,0,secondary,2.320013912149057,secondary,2.320013912149057,중로,264.0,3167001_001_3167001_001_2,2.7085642051448953
2088,36.3843426,127.3640941,대전광역시 유성구 가정동 산 16-5,가정동,신성동,2024-02-28 12:34,15,17.9,8578264052,8578264042,0,secondary,6.600766824613306,secondary,6.600766824613306,중로,264.0,3167001_001_3167001_001_2,1.2275419160872503
2089,36.3868535,127.3630185,대전광역시 유성구 장동 산 17-45,장동,신성동,2024-02-28 12:33,15,21.0,8684497356,278712998,0,secondary,6.515140928045144,secondary,6.515140928045144,중로,276.0,3167002_002_3167002_002_1,0.10634685200287657
2090,36.384061,127.4056165,대전광역시 유성구 원촌동 135-2,원촌동,전민동,2024-02-28 10:16,15,25.0,308477643,12786210658,0,secondary,6.754818814557747,secondary,6.754818814557747,중로,760.0,3167043_002_3167043_002_4,6.653651660726632
2091,36.3798687,127.4064632,대전광역시 유성구 원촌동 69-1,원촌동,전민동,2024-02-28 10:14,15,28.2,278191558,8230105355,0,secondary,1.9234057461289065,secondary,1.9234057461289065,중로,760.0,3167043_002_3167043_002_4,0.1467563302036327
2092,36.379809,127.4064281,대전광역시 유성구 원촌동 69-1,원촌동,전민동,2024-02-28 10:14,15,19.8,278191558,8230105355,0,secondary,1.9521503792389927,secondary,1.9521503792389927,중로,760.0,3167043_002_3167043_002_4,0.24143976267774567
2093,36.379809,127.4064281,대전광역시 유성구 원촌동 69-1,원촌동,전민동,2024-02-28 10:14,15,24.9,8230105355,278191558,0,secondary,1.9521503792389927,secondary,1.9521503792389927,중로,760.0,3167043_002_3167043_002_4,0.24143976267774567
2094,36.3784085,127.4056056,대전광역시 유성구 원촌동 64-2,원촌동,전민동,2024-02-28 10:14,15,28.5,352962827,1442147575,0,secondary,2.5802739228928555,secondary,2.5802739228928555,중로,760.0,3167043_002_3167043_002_4,1.1933916290531745
2095,36.3784085,127.4056056,대전광역시 유성구 원촌동 64-2,원촌동,전민동,2024-02-28 10:14,15,17.9,352962827,1442147575,0,secondary,2.5802739228928555,secondary,2.5802739228928555,중로,760.0,3167043_002_3167043_002_4,1.1933916290531745
2096,36.3745471,127.3941237,대전광역시 유성구 도룡동 8-59,도룡동,신성동,2024-02-28 10:13,15,23.6,352962773,278085795,0,secondary,6.395748861958677,secondary,6.395748861958677,중로,757.0,3167043_002_3167043_002_1,3.707817376438924
2097,36.3893236,127.3448486,대전광역시 유성구 하기동 20-7,하기동,신성동,2024-02-28 10:06,25,21.9,446009161,764841613,0,primary,6.320633585354939,primary,6.320633585354939,대로,91.0,2167001_001_2167001_001_6,14.530228763448685
2098,36.3891955,127.3447508,대전광역시 유성구 하기동 26-3,하기동,신성동,2024-02-28 10:06,25,29.3,446009161,764841613,0,primary,6.175781400821613,primary,6.175781400821613,대로,91.0,2167001_001_2167001_001_6,14.938081306826763
2099,36.3849861,127.3433102,대전광역시 유성구 신성동 산 26-8,신성동,신성동,2024-02-28 10:05,8,12.4,278709691,446009161,0,primary_link,0.5950038978015704,primary_link,0.5950038978015704,소로,91.0,2167001_001_2167001_001_6,18.533889168971964
2100,36.3863707,127.3388738,대전광역시 유성구 하기동 148-12,하기동,신성동,2024-02-28 10:03,15,29.1,6297124485,8947618228,0,secondary,5.265641027259427,secondary,5.265641027259427,중로,376.0,3167015_003_3167015_003_15,2.1230752859209914
2101,36.3891324,127.3230918,대전광역시 유성구 하기동 603,하기동,노은2동,2024-02-28 10:00,15,24.8,8947608316,446046665,0,secondary,2.4940952840675057,secondary,2.4940952840675057,중로,372.0,3167015_003_3167015_003_11,8.322588048407884
2102,36.3633423,127.3563738,대전광역시 유성구 어은동 99,어은동,온천2동,2024-02-28 9:57,8,16.3,566882617,4531302795,0,residential,13.84163446180454,residential,13.84163446180454,소로,2820.0,4301266_000_4301266_000_1,12.29090072193661
2103,36.3633553,127.3563531,대전광역시 유성구 어은동 99,어은동,온천2동,2024-02-28 9:57,8,16.1,566882617,4531302795,0,residential,15.919481608279645,residential,15.919481608279645,소로,2820.0,4301266_000_4301266_000_1,14.532200065053352
2104,36.3772019,127.3179964,대전광역시 유성구 지족동 946,지족동,노은2동,2024-02-28 9:56,15,22.9,278078925,390265493,0,secondary,8.57333789732662,secondary,8.57333789732662,중로,367.0,3167015_003_3167015_003_6,8.929792075738613
2105,36.3772019,127.3179964,대전광역시 유성구 지족동 946,지족동,노은2동,2024-02-28 9:56,15,25.2,390265493,278078925,0,secondary,8.57333789732662,secondary,8.57333789732662,중로,367.0,3167015_003_3167015_003_6,8.929792075738613
2106,36.3634022,127.3564505,대전광역시 유성구 어은동 99,어은동,온천2동,2024-02-28 9:55,8,19.7,566882628,566882617,0,residential,16.913971432688687,residential,16.913971432688687,소로,2823.0,4301267_000_4301267_000_1,13.87641585529181
2107,36.3634022,127.3564505,대전광역시 유성구 어은동 99,어은동,온천2동,2024-02-28 9:55,8,21.0,566882628,566882617,0,residential,16.913971432688687,residential,16.913971432688687,소로,2823.0,4301267_000_4301267_000_1,13.87641585529181
2108,36.3633393,127.3563843,대전광역시 유성구 어은동 99,어은동,온천2동,2024-02-28 9:55,8,16.0,566882617,4531302795,0,residential,13.15137040770384,residential,13.15137040770384,소로,2820.0,4301266_000_4301266_000_1,11.48265217162752
2109,36.3633393,127.3563843,대전광역시 유성구 어은동 99,어은동,온천2동,2024-02-28 9:55,8,13.3,566882617,4531302795,0,residential,13.15137040770384,residential,13.15137040770384,소로,2820.0,4301266_000_4301266_000_1,11.48265217162752
2110,36.3633393,127.3563843,대전광역시 유성구 어은동 99,어은동,온천2동,2024-02-28 9:55,8,21.1,566882617,4531302795,0,residential,13.15137040770384,residential,13.15137040770384,소로,2820.0,4301266_000_4301266_000_1,11.48265217162752
2111,36.3633758,127.3563374,대전광역시 유성구 어은동 99,어은동,온천2동,2024-02-28 9:55,8,22.9,566882617,4531302795,0,residential,18.57216062178025,residential,18.57216062178025,소로,2820.0,4301266_000_4301266_000_1,17.2050188579344
2112,36.3708335,127.3179467,대전광역시 유성구 노은동 583,노은동,노은1동,2024-02-28 9:53,15,24.2,282178917,309314170,0,secondary,6.455417167999734,secondary,6.455417167999734,중로,365.0,3167015_003_3167015_003_4,6.939485736118517
2113,36.3707234,127.3179481,대전광역시 유성구 노은동 583,노은동,노은1동,2024-02-28 9:53,15,17.6,309314170,282178917,0,secondary,6.529129075562536,secondary,6.529129075562536,중로,365.0,3167015_003_3167015_003_4,7.109419368488244
2114,36.3707234,127.3179481,대전광역시 유성구 노은동 583,노은동,노은1동,2024-02-28 9:53,15,21.7,282178917,309314170,0,secondary,6.529129075562536,secondary,6.529129075562536,중로,365.0,3167015_003_3167015_003_4,7.109419368488244
2115,36.3707234,127.3179481,대전광역시 유성구 노은동 583,노은동,노은1동,2024-02-28 9:53,15,29.9,309314170,282178917,0,secondary,6.529129075562536,secondary,6.529129075562536,중로,365.0,3167015_003_3167015_003_4,7.109419368488244
2116,36.3707234,127.3179481,대전광역시 유성구 노은동 583,노은동,노은1동,2024-02-28 9:53,15,21.5,282178917,309314170,0,secondary,6.529129075562536,secondary,6.529129075562536,중로,365.0,3167015_003_3167015_003_4,7.109419368488244
2117,36.3706104,127.3179487,대전광역시 유성구 노은동 583,노은동,노은1동,2024-02-28 9:53,15,23.6,282178917,309314170,0,secondary,6.52968156232598,secondary,6.52968156232598,중로,365.0,3167015_003_3167015_003_4,7.208727859299441
2118,36.3704938,127.3179494,대전광역시 유성구 노은동 583,노은동,노은1동,2024-02-28 9:53,15,28.4,309314170,282178917,0,secondary,6.537510327200488,secondary,6.537510327200488,중로,365.0,3167015_003_3167015_003_4,7.318026395359396
2119,36.3704938,127.3179494,대전광역시 유성구 노은동 583,노은동,노은1동,2024-02-28 9:53,15,25.7,282178917,309314170,0,secondary,6.537510327200488,secondary,6.537510327200488,중로,365.0,3167015_003_3167015_003_4,7.318026395359396
2120,36.3704938,127.3179494,대전광역시 유성구 노은동 583,노은동,노은1동,2024-02-28 9:53,15,28.7,309314170,282178917,0,secondary,6.537510327200488,secondary,6.537510327200488,중로,365.0,3167015_003_3167015_003_4,7.318026395359396
2121,36.3704938,127.3179494,대전광역시 유성구 노은동 583,노은동,노은1동,2024-02-28 9:53,15,25.8,282178917,309314170,0,secondary,6.537510327200488,secondary,6.537510327200488,중로,365.0,3167015_003_3167015_003_4,7.318026395359396
2122,36.3698051,127.3179408,대전광역시 유성구 노은동 583,노은동,노은1동,2024-02-28 9:53,15,28.2,282178917,309314170,0,secondary,5.440940808979076,secondary,5.440940808979076,중로,365.0,3167015_003_3167015_003_4,6.821444431245191
2123,36.3698051,127.3179408,대전광역시 유성구 노은동 583,노은동,노은1동,2024-02-28 9:53,15,28.4,282178917,309314170,0,secondary,5.440940808979076,secondary,5.440940808979076,중로,365.0,3167015_003_3167015_003_4,6.821444431245191
2124,36.3680735,127.317937,대전광역시 유성구 노은동 583,노은동,노은1동,2024-02-28 9:53,15,26.3,1097718009,446046761,0,secondary,0.1215569908647261,secondary,0.1215569908647261,중로,364.0,3167015_003_3167015_003_3,6.325608533355204
2125,36.3679095,127.3179348,대전광역시 유성구 노은동 583,노은동,노은1동,2024-02-28 9:53,15,18.2,1097718009,446046761,0,secondary,0.3063759499466715,secondary,0.3063759499466715,중로,364.0,3167015_003_3167015_003_3,6.113028654380309
2126,36.3524464,127.3408463,대전광역시 유성구 봉명동 1058,봉명동,온천1동,2024-02-27 9:59,15,22.8,1233482537,1233482001,0,secondary,3.7360058359679673,secondary,3.7360058359679673,중로,49.0,2010002_000_2010002_000_4,13.040215339997047
2127,36.3620423,127.3457862,대전광역시 유성구 궁동 220-9,궁동,온천2동,2024-02-27 9:55,15,24.8,566882361,12167636509,0,secondary,3.6962927294494703,secondary,3.6962927294494703,중로,1115.0,3167083_001_3167083_001_5,4.121835489174847
2128,36.3613952,127.358222,대전광역시 유성구 어은동 262-1,어은동,온천1동,2024-02-26 10:29,8,10.3,277881193,764820238,0,residential,5.061583814140393,residential,5.061583814140393,소로,754.0,3167042_000_3167042_000_1,7.0383409114760545
2129,36.361094,127.358478,대전광역시 유성구 봉명동 1012,봉명동,온천1동,2024-02-26 10:29,8,10.7,277883046,764820238,0,residential,3.9132461914163583,residential,3.9132461914163583,소로,754.0,3167042_000_3167042_000_1,4.881635108116609
2130,36.361094,127.358478,대전광역시 유성구 봉명동 1012,봉명동,온천1동,2024-02-26 10:29,8,16.3,764820238,277883046,0,residential,3.9132461914163583,residential,3.9132461914163583,소로,754.0,3167042_000_3167042_000_1,4.881635108116609
2131,36.361094,127.358478,대전광역시 유성구 봉명동 1012,봉명동,온천1동,2024-02-26 10:29,8,23.4,277883046,764820238,0,residential,3.9132461914163583,residential,3.9132461914163583,소로,754.0,3167042_000_3167042_000_1,4.881635108116609
2132,36.361094,127.358478,대전광역시 유성구 봉명동 1012,봉명동,온천1동,2024-02-26 10:29,8,11.9,764820238,277883046,0,residential,3.9132461914163583,residential,3.9132461914163583,소로,754.0,3167042_000_3167042_000_1,4.881635108116609
2133,36.3604848,127.3588611,대전광역시 유성구 봉명동 1012-1,봉명동,온천1동,2024-02-26 10:29,8,24.8,764820238,277883046,0,residential,2.367878231865808,residential,2.367878231865808,소로,754.0,3167042_000_3167042_000_1,2.3027746314410287
2134,36.3604848,127.3588611,대전광역시 유성구 봉명동 1012-1,봉명동,온천1동,2024-02-26 10:29,8,18.3,277883046,764820238,0,residential,2.367878231865808,residential,2.367878231865808,소로,754.0,3167042_000_3167042_000_1,2.3027746314410287
2135,36.3518596,127.3311146,대전광역시 유성구 구암동 641,구암동,온천1동,2024-02-26 10:08,15,21.8,436873762,436873764,0,secondary,3.874622406923741,secondary,3.874622406923741,중로,3203.0,4301340_000_4301340_000_3,0.6171653333803874
2136,36.3547853,127.3459129,대전광역시 유성구 봉명동 574,봉명동,온천1동,2024-02-26 9:48,15,20.2,448138689,436843025,0,secondary,4.331050865302595,secondary,4.331050865302595,중로,773.0,3167045_001_3167045_001_1,1.0840511085671547
2137,36.3547853,127.3459129,대전광역시 유성구 봉명동 574,봉명동,온천1동,2024-02-26 9:48,15,29.2,436843025,448138689,0,secondary,4.331050865302595,secondary,4.331050865302595,중로,773.0,3167045_001_3167045_001_1,1.0840511085671547
2138,36.356549,127.3488122,대전광역시 유성구 봉명동 693,봉명동,온천1동,2024-02-26 9:44,8,20.5,390265285,390265283,0,residential,3.526723142075309,residential,3.526723142075309,소로,2921.0,4301287_003_4301287_003_1,2.2354964182061092
2139,36.3696516,127.3269237,대전광역시 유성구 노은동 62-1,노은동,노은1동,2024-02-23 10:13,15,25.8,1097717481,6337386473,0,tertiary,4.488109877261064,tertiary,4.488109877261064,중로,605.0,3167033_004_3167033_004_1,5.629736824650724
2140,36.387027,127.3163845,대전광역시 유성구 지족동 1001,지족동,노은3동,2024-02-23 9:56,8,18.7,390265520,1097718061,0,residential,0.2412349158065896,residential,0.2412349158065896,소로,3505.0,4301407_004_4301407_004_4,1.2516078405198912
2141,36.3667043,127.3319021,대전광역시 유성구 장대동 17-4,장대동,온천2동,2024-02-23 9:49,15,18.4,8947769153,390265311,0,secondary,6.555377289953955,secondary,6.555377289953955,중로,74.0,2010004_005_2010004_005_6,14.818960646198775
2142,36.3606478,127.3539029,대전광역시 유성구 봉명동 496-1,어은동,온천2동,2024-02-23 9:33,15,28.1,276653810,352964392,0,secondary,2.336820615677168,secondary,2.336820615677168,중로,1116.0,3167083_001_3167083_001_6,4.573340532985073
2143,36.3606478,127.3539029,대전광역시 유성구 봉명동 496-1,어은동,온천2동,2024-02-23 9:33,15,18.2,352964392,276653810,0,secondary,2.336820615677168,secondary,2.336820615677168,중로,1116.0,3167083_001_3167083_001_6,4.573340532985073
2144,36.3606478,127.3539029,대전광역시 유성구 봉명동 496-1,어은동,온천2동,2024-02-23 9:33,15,29.6,276653810,352964392,0,secondary,2.336820615677168,secondary,2.336820615677168,중로,1116.0,3167083_001_3167083_001_6,4.573340532985073
2145,36.3606478,127.3539029,대전광역시 유성구 봉명동 496-1,어은동,온천2동,2024-02-23 9:33,15,23.9,352964392,276653810,0,secondary,2.336820615677168,secondary,2.336820615677168,중로,1116.0,3167083_001_3167083_001_6,4.573340532985073
2146,36.3742856,127.3911391,대전광역시 유성구 도룡동 465-1,도룡동,신성동,2024-02-22 14:09,15,29.3,278085795,278159732,0,secondary,4.668735002261509,secondary,4.668735002261509,중로,757.0,3167043_002_3167043_002_1,0.5440129238461235
2147,36.3742856,127.3911391,대전광역시 유성구 도룡동 465-1,도룡동,신성동,2024-02-22 14:09,15,24.8,278159732,278085795,0,secondary,4.668735002261509,secondary,4.668735002261509,중로,757.0,3167043_002_3167043_002_1,0.5440129238461235
2148,36.3742856,127.3911391,대전광역시 유성구 도룡동 465-1,도룡동,신성동,2024-02-22 14:09,15,27.0,278085795,278159732,0,secondary,4.668735002261509,secondary,4.668735002261509,중로,757.0,3167043_002_3167043_002_1,0.5440129238461235
2149,36.3742856,127.3911391,대전광역시 유성구 도룡동 465-1,도룡동,신성동,2024-02-22 14:09,15,24.1,278159732,278085795,0,secondary,4.668735002261509,secondary,4.668735002261509,중로,757.0,3167043_002_3167043_002_1,0.5440129238461235
2150,36.314643,127.2845264,대전광역시 유성구 성북동 663-3,성북동,진잠동,2024-02-19 10:53,15,24.4,411277256,8219669015,0,tertiary,1.3170214758507388,tertiary,1.3170214758507388,중로,645.0,3167034_016_3167034_016_6,0.018863409979881812
2151,36.3064217,127.2916407,대전광역시 유성구 성북동 731,성북동,진잠동,2024-02-19 10:51,15,29.6,538799951,411278302,0,tertiary,1.0956177253537722,tertiary,1.0956177253537722,중로,644.0,3167034_016_3167034_016_5,2.3984050794464005
2152,36.2892073,127.3042381,대전광역시 유성구 방동 산 5-6,방동,진잠동,2024-02-19 10:47,15,18.3,473392051,538799706,0,tertiary,1.06950716912783,tertiary,1.06950716912783,중로,640.0,3167034_016_3167034_016_1,1.8983774309448833
2153,36.2892073,127.3042381,대전광역시 유성구 방동 산 5-6,방동,진잠동,2024-02-19 10:47,15,23.0,538799706,473392051,0,tertiary,1.06950716912783,tertiary,1.06950716912783,중로,640.0,3167034_016_3167034_016_1,1.8983774309448833
2154,36.2853379,127.310041,대전광역시 유성구 방동 19-25,방동,진잠동,2024-02-19 10:41,15,22.8,473392051,538799706,0,tertiary,3.423478048132734,tertiary,3.423478048132734,중로,640.0,3167034_016_3167034_016_1,4.033590755004387
2155,36.2853379,127.310041,대전광역시 유성구 방동 19-25,방동,진잠동,2024-02-19 10:41,15,20.7,538799706,473392051,0,tertiary,3.423478048132734,tertiary,3.423478048132734,중로,640.0,3167034_016_3167034_016_1,4.033590755004387
2156,36.2853379,127.310041,대전광역시 유성구 방동 19-25,방동,진잠동,2024-02-19 10:41,15,22.3,473392051,538799706,0,tertiary,3.423478048132734,tertiary,3.423478048132734,중로,640.0,3167034_016_3167034_016_1,4.033590755004387
2157,36.2853379,127.310041,대전광역시 유성구 방동 19-25,방동,진잠동,2024-02-19 10:41,15,17.5,538799706,473392051,0,tertiary,3.423478048132734,tertiary,3.423478048132734,중로,640.0,3167034_016_3167034_016_1,4.033590755004387
2158,36.3242027,127.312385,대전광역시 유성구 용계동 402-11,용계동,진잠동,2024-02-19 10:33,15,19.9,526753586,382917315,0,secondary,2.2589822959662222,secondary,2.2589822959662222,중로,86.0,2167001_001_2167001_001_1,4.735853527909476
2159,36.3310185,127.31368,대전광역시 유성구 용계동 384-3,용계동,진잠동,2024-02-19 10:32,15,22.8,307688062,8946186894,0,secondary,2.4755652345400545,secondary,2.4755652345400545,중로,86.0,2167001_001_2167001_001_1,5.7799562487063865
2160,36.3475661,127.3253124,대전광역시 유성구 구암동 225-4,구암동,온천1동,2024-02-19 10:30,15,21.5,936174407,1313838469,0,secondary,1.1964237858983104,secondary,1.1964237858983104,중로,86.0,2167001_001_2167001_001_1,6.095753081304391
2161,36.3570298,127.3314584,대전광역시 유성구 구암동 527-66,구암동,온천1동,2024-02-19 10:27,25,38.2,323136079,1243070235,0,primary,1.597777968321985,primary,1.597777968321985,대로,3258.0,4301345_001_4301345_001_1,3.0121880819949802
2162,36.358133,127.3308762,대전광역시 유성구 장대동 214-1,장대동,온천2동,2024-02-19 10:26,25,24.2,390265368,8947580588,0,primary,0.7129179799331964,primary,0.7129179799331964,대로,246.0,3010030_015_3010030_015_7,7.923412080989787
2163,36.3881894,127.3332669,대전광역시 유성구 하기동 615,하기동,노은2동,2024-02-14 14:05,8,21.2,278712950,446009304,0,residential,3.162899961107404,residential,3.162899961107404,소로,1929.0,4301077_000_4301077_000_8,0.2810426019650118
2164,36.3927643,127.3259789,대전광역시 유성구 하기동 327-1,하기동,노은2동,2024-02-14 13:57,10,25.0,446046560,446046525,0,residential,81.13421772503547,residential,81.13421772503547,미분류,1919.0,4301076_002_4301076_002_2,0.8763799726726318
2165,36.3927643,127.3259789,대전광역시 유성구 하기동 327-1,하기동,노은2동,2024-02-14 13:57,10,27.4,446046525,446046560,0,residential,81.13421772503547,residential,81.13421772503547,미분류,1919.0,4301076_002_4301076_002_2,0.8763799726726318
2166,36.3910328,127.3369848,대전광역시 유성구 하기동 산 51-9,하기동,신성동,2024-02-14 13:55,8,15.1,279794824,279794676,0,residential,3.649893364245463,residential,3.649893364245463,소로,3657.0,4301437_003_4301437_003_1,3.912264195416939
2167,36.3941172,127.3446528,대전광역시 유성구 자운동 290-7,자운동,신성동,2024-02-14 13:53,25,30.0,3345073178,1566976295,0,motorway,11.7226615222147,motorway,11.7226615222147,대로,13.0,1000015_001_1000015_001_1,17.298969420663177
2168,36.3955778,127.3485208,대전광역시 유성구 자운동 515-21,자운동,신성동,2024-02-14 13:50,15,15.5,5422290569,382917432,0,"['secondary', 'tertiary']",1.3080596257726722,secondary,1.3080596257726722,중로,927.0,3167060_001_3167060_001_1,5.499327325347389
2169,36.3955099,127.3485887,대전광역시 유성구 자운동 515-21,자운동,신성동,2024-02-14 13:50,15,24.3,5422290569,382917432,0,"['secondary', 'tertiary']",1.1903629557376507,secondary,1.1903629557376507,중로,927.0,3167060_001_3167060_001_1,5.769981803284017
2170,36.3954492,127.3486499,대전광역시 유성구 자운동 515-21,자운동,신성동,2024-02-14 13:50,15,19.0,5422290569,382917432,0,"['secondary', 'tertiary']",1.0499148215623002,secondary,1.0499148215623002,중로,927.0,3167060_001_3167060_001_1,6.047552433836992
2171,36.3953998,127.3486909,대전광역시 유성구 자운동 515-21,자운동,신성동,2024-02-14 13:50,15,22.8,5422290569,382917432,0,"['secondary', 'tertiary']",1.5556612997478745,secondary,1.5556612997478745,중로,927.0,3167060_001_3167060_001_1,5.645312921073626
2172,36.3578351,127.3393027,대전광역시 유성구 장대동 371,장대동,온천2동,2024-02-13 15:40,8,17.1,1097717505,1097718029,0,residential,1.1018628608268903,residential,1.1018628608268903,소로,3313.0,4301353_000_4301353_000_3,1.9189938985355064
2173,36.3578351,127.3393027,대전광역시 유성구 장대동 371,장대동,온천2동,2024-02-13 15:40,8,22.8,1097718029,1097717505,0,residential,1.1018628608268903,residential,1.1018628608268903,소로,3313.0,4301353_000_4301353_000_3,1.9189938985355064
2174,36.3578354,127.3393284,대전광역시 유성구 장대동 371,장대동,온천2동,2024-02-13 15:40,8,23.8,1097717505,1097718029,0,residential,1.0265434100388744,residential,1.0265434100388744,소로,3313.0,4301353_000_4301353_000_3,1.9977453022832226
2175,36.3578354,127.3393284,대전광역시 유성구 장대동 371,장대동,온천2동,2024-02-13 15:40,8,19.6,1097718029,1097717505,0,residential,1.0265434100388744,residential,1.0265434100388744,소로,3313.0,4301353_000_4301353_000_3,1.9977453022832226
2176,36.3585467,127.3395623,대전광역시 유성구 장대동 373,장대동,온천2동,2024-02-13 15:39,8,15.4,276653971,1097718217,0,residential,0.4975770658401629,residential,0.4975770658401629,소로,783.0,3167047_002_3167047_002_4,1.6187243025278624
2177,36.384627,127.3434593,대전광역시 유성구 신성동 산 26-12,신성동,신성동,2024-02-06 10:48,8,15.8,278709691,446009161,0,primary_link,4.911379476775077,primary_link,4.911379476775077,소로,91.0,2167001_001_2167001_001_6,23.118883384134055
2178,36.3947283,127.4064311,대전광역시 유성구 문지동 668,문지동,전민동,2024-01-31 17:13,8,10.8,4189566925,4189566926,0,residential,5.662390660708644,residential,5.662390660708644,소로,511.0,3167022_009_3167022_009_1,6.045291294448506
2179,36.3947283,127.4064311,대전광역시 유성구 문지동 668,문지동,전민동,2024-01-31 17:13,8,18.7,4189566926,4189566925,0,residential,5.662390660708644,residential,5.662390660708644,소로,511.0,3167022_009_3167022_009_1,6.045291294448506
2180,36.3947396,127.4063573,대전광역시 유성구 문지동 636-5,문지동,전민동,2024-01-23 13:14,8,19.1,4189566925,4189566926,0,residential,6.819728312055735,residential,6.819728312055735,소로,511.0,3167022_009_3167022_009_1,7.205140608033477
2181,36.3947396,127.4063573,대전광역시 유성구 문지동 636-5,문지동,전민동,2024-01-23 13:14,8,11.8,4189566926,4189566925,0,residential,6.819728312055735,residential,6.819728312055735,소로,511.0,3167022_009_3167022_009_1,7.205140608033477
2182,36.3947369,127.4064668,대전광역시 유성구 문지동 636-5,문지동,전민동,2024-01-23 13:14,8,20.5,4189566926,4189566925,0,residential,6.6632833295976015,residential,6.6632833295976015,소로,511.0,3167022_009_3167022_009_1,7.044977465924109
2183,36.3947088,127.4063607,대전광역시 유성구 문지동 668,문지동,전민동,2024-01-19 16:49,8,21.9,4189566925,4189566926,0,residential,3.406716349020544,residential,3.406716349020544,소로,511.0,3167022_009_3167022_009_1,3.7919946487260874
2184,36.3947088,127.4063607,대전광역시 유성구 문지동 668,문지동,전민동,2024-01-19 16:49,8,24.5,4189566926,4189566925,0,residential,3.406716349020544,residential,3.406716349020544,소로,511.0,3167022_009_3167022_009_1,3.7919946487260874
2185,36.3947088,127.4063607,대전광역시 유성구 문지동 668,문지동,전민동,2024-01-19 16:49,8,19.6,4189566925,4189566926,0,residential,3.406716349020544,residential,3.406716349020544,소로,511.0,3167022_009_3167022_009_1,3.7919946487260874
2186,36.3947088,127.4063607,대전광역시 유성구 문지동 668,문지동,전민동,2024-01-19 16:49,8,18.2,4189566926,4189566925,0,residential,3.406716349020544,residential,3.406716349020544,소로,511.0,3167022_009_3167022_009_1,3.7919946487260874
2187,36.4277407,127.3877235,대전광역시 유성구 관평동 1286,관평동,관평동,2024-01-19 16:36,15,19.1,277760900,8242148843,0,secondary,10.982705130132343,secondary,10.982705130132343,중로,1078.0,3167080_005_3167080_005_1,4.702843140444317
2188,36.4278992,127.387323,대전광역시 유성구 관평동 1286,관평동,관평동,2024-01-19 16:36,15,26.4,8242148843,277760900,0,secondary,10.868036497026026,secondary,10.868036497026026,중로,1078.0,3167080_005_3167080_005_1,4.660578108728977
2189,36.4278992,127.387323,대전광역시 유성구 관평동 1286,관평동,관평동,2024-01-19 16:36,15,25.3,277760900,8242148843,0,secondary,10.868036497026026,secondary,10.868036497026026,중로,1078.0,3167080_005_3167080_005_1,4.660578108728977
2190,36.3987826,127.3580054,대전광역시 유성구 장동 202-11,장동,신성동,2024-01-19 16:26,25,26.7,462078787,3399376832,0,primary,2.3028819703664136,primary,2.3028819703664136,대로,93.0,2167001_001_2167001_001_8,1.425107392776528
2191,36.398713,127.3578639,대전광역시 유성구 장동 202-11,장동,신성동,2024-01-19 16:26,25,25.4,462078787,3399376832,0,primary,2.1580440361281497,primary,2.1580440361281497,대로,93.0,2167001_001_2167001_001_8,1.3784462935604436
