DTCT_UID,PLC_LTTD,PLC_LGTD,ROAD_INFO,YEAR,MONTH,DAY,HOUR,WEEKDAY,SEASON,COMMUTE,COUNT_7D,COUNT_30D,COUNT_90D,crack_rate,DATE,type_pothole,type_crack,complex_damage,TA_AVG,TA_MAX,TA_MIN,RN_DAY,RN_DUR,RN_D99,SD_DAY,SD_NEW,SD_MAX,HM_AVG,SI_DAY,SS_DAY,traffic_volume,occupancy,is_weekend,REPAIR_TYPE,REPAIR_DATE,REPAIR_LAT,REPAIR_LON,HAS_REPAIR,DAYS_TO_REPAIR
gnsoft1_250714084125_11277,36.3466608,127.3538384,대전광역시 서구 월평동 114-4,2025,7,14,8,0,summer,1,1,1,1,0.0,2025-07-14,1,0,0,1544,23.4,1436,3.02,20.9,1200,22.9,2.33,18.3,29.4,4.0,3,365,19.45,0,,,,,0,
gnsoft1_251106093349_24,36.3909767,127.4079064,대전광역시 유성구 문지동 661-3,2025,11,6,9,3,autumn,1,1,1,1,0.0,2025-11-06,1,0,0,1337,11.3,1438,2.13,-9.0,1200,-9.0,-9.0,-9.0,10.8,6.4,838,1032,24.48,0,,,,,0,
gnsoft1_251106093431_32,36.3908773,127.4079252,대전광역시 유성구 문지동 661-3,2025,11,6,9,3,autumn,1,2,2,2,0.0,2025-11-06,1,0,0,1337,11.3,1438,2.13,-9.0,1200,-9.0,-9.0,-9.0,10.8,6.4,838,668,11.49,0,,,,,0,
gnsoft1_251106194824_90,36.3507156,127.3681034,대전광역시 서구 갈마동 690,2025,11,6,19,3,autumn,1,1,1,1,0.0,2025-11-06,1,0,0,1337,11.3,1438,2.13,-9.0,1200,-9.0,-9.0,-9.0,10.8,6.4,838,964,34.88,0,,,,,0,
gnsoft2_250712155250_39377,36.348692,127.3357675,대전광역시 유성구 상대동 556,2025,7,12,15,5,summer,0,1,1,1,0.0,2025-07-12,1,0,0,726,28.6,1550,3.54,-9.0,1200,-9.0,-9.0,-9.0,37.8,13.9,1,237,31.46,1,,,,,0,
gnsoft2_251025113907_2278,36.3373946,127.412706,대전광역시 중구 중촌동 18-6,2025,10,25,11,5,autumn,0,1,1,1,0.0,2025-10-25,1,0,0,1704,14.3,1408,1.57,-9.0,1200,0.0,-9.0,-9.0,15.4,2.4,1,636,25.78,1,Patch,2025-12-22,36.3373946,127.412706,1,58.0
gnsoft2_251025120737_5711,36.3435552,127.4072009,대전광역시 중구 중촌동 266-11,2025,10,25,12,5,autumn,0,1,1,1,4.404957643,2025-10-25,1,1,1,1704,14.3,1408,1.57,-9.0,1200,0.0,-9.0,-9.0,15.4,2.4,1,672,32.22,1,,,,,0,
gnsoft2_251025152634_29407,36.3306109,127.3707739,대전광역시 서구 변동 254-478,2025,10,25,15,5,autumn,0,1,1,1,0.0,2025-10-25,1,0,0,1704,14.3,1408,1.57,-9.0,1200,0.0,-9.0,-9.0,15.4,2.4,1,588,21.83,1,,,,,0,
gnsoft2_251025152854_31405,36.3272046,127.3720301,대전광역시 서구 도마동 487,2025,10,25,15,5,autumn,0,1,1,1,0.0,2025-10-25,1,0,0,1704,14.3,1408,1.57,-9.0,1200,0.0,-9.0,-9.0,15.4,2.4,1,303,16.59,1,,,,,0,
gnsoft2_251025154231_41760,36.322233,127.4120654,대전광역시 중구 오류동 195,2025,10,25,15,5,autumn,0,1,1,1,14.46720065,2025-10-25,1,1,1,1704,14.3,1408,1.57,-9.0,1200,0.0,-9.0,-9.0,15.4,2.4,1,363,18.01,1,Full_Depth,2025-11-15,36.322233,127.4120654,1,21.0
gnsoft2_251025154307_42498,36.3208279,127.4144762,대전광역시 중구 문화동 1-18,2025,10,25,15,5,autumn,0,1,1,1,0.0,2025-10-25,1,0,0,1704,14.3,1408,1.57,-9.0,1200,0.0,-9.0,-9.0,15.4,2.4,1,275,8.45,1,,,,,0,
gnsoft2_251025154714_44822,36.3179165,127.4230444,대전광역시 중구 대사동 227,2025,10,25,15,5,autumn,0,1,1,1,0.0,2025-10-25,1,0,0,1704,14.3,1408,1.57,-9.0,1200,0.0,-9.0,-9.0,15.4,2.4,1,210,15.84,1,,,,,0,
gnsoft2_251026092802_60084,36.3518013,127.3485119,대전광역시 유성구 봉명동 1058,2025,10,26,9,6,autumn,1,1,1,1,0.0,2025-10-26,1,0,0,1342,13.2,1226,2.13,0.0,1200,0.0,1.15,0.0,14.1,1.3,151,364,15.99,1,Patch,2025-12-13,36.3518013,127.3485119,1,48.0
gnsoft2_251026110443_66797,36.348054,127.3309326,대전광역시 유성구 상대동 556,2025,10,26,11,6,autumn,0,1,1,1,11.35499571,2025-10-26,1,1,1,1342,13.2,1226,2.13,0.0,1200,0.0,1.15,0.0,14.1,1.3,151,395,16.34,1,Full_Depth,2025-11-28,36.348054,127.3309326,1,33.0
gnsoft2_251026110557_67708,36.3407266,127.3324674,대전광역시 유성구 상대동 490,2025,10,26,11,6,autumn,0,1,1,1,0.0,2025-10-26,1,0,0,1342,13.2,1226,2.13,0.0,1200,0.0,1.15,0.0,14.1,1.3,151,591,20.79,1,Patch,2025-12-22,36.3407266,127.3324674,1,57.0
gnsoft2_251026114020_94435,36.3341402,127.4191144,대전광역시 중구 선화동 260-1,2025,10,26,11,6,autumn,0,1,1,1,0.0,2025-10-26,1,0,0,1342,13.2,1226,2.13,0.0,1200,0.0,1.15,0.0,14.1,1.3,151,507,5.08,1,Patch,2025-11-30,36.3341402,127.4191144,1,35.0
gnsoft2_251026114614_96386,36.3356861,127.4245063,대전광역시 동구 삼성동 280-1,2025,10,26,11,6,autumn,0,1,1,1,0.0,2025-10-26,1,0,0,1342,13.2,1226,2.13,0.0,1200,0.0,1.15,0.0,14.1,1.3,151,277,16.54,1,,,,,0,
gnsoft2_251027081628_113225,36.3397152,127.4208375,대전광역시 동구 삼성동 470,2025,10,27,8,0,autumn,1,1,1,1,0.0,2025-10-27,1,0,0,1514,9.5,1327,2.55,-9.0,1200,-9.0,-9.0,-9.0,10.5,9.9,2341,409,33.4,0,,,,,0,
gnsoft2_251027082643_118420,36.3539246,127.4175106,대전광역시 대덕구 오정동 728,2025,10,27,8,0,autumn,1,1,1,1,3.273561883,2025-10-27,1,1,1,1514,9.5,1327,2.55,-9.0,1200,-9.0,-9.0,-9.0,10.5,9.9,2341,1203,29.76,0,Crack_Seal,2026-01-03,36.3539246,127.4175106,1,68.0
gnsoft2_251027082710_118674,36.3552877,127.4167865,대전광역시 대덕구 오정동 728,2025,10,27,8,0,autumn,1,2,2,2,5.10698314,2025-10-27,1,1,1,1514,9.5,1327,2.55,-9.0,1200,-9.0,-9.0,-9.0,10.5,9.9,2341,977,10.67,0,,,,,0,
gnsoft2_251027083635_3214,36.3764068,127.4130906,대전광역시 대덕구 읍내동 509-9,2025,10,27,8,0,autumn,1,1,1,1,0.0,2025-10-27,1,0,0,1514,9.5,1327,2.55,-9.0,1200,-9.0,-9.0,-9.0,10.5,9.9,2341,1059,36.36,0,,,,,0,
gnsoft2_251027083850_4087,36.3779836,127.4105801,대전광역시 대덕구 읍내동 505-3,2025,10,27,8,0,autumn,1,1,1,1,0.0,2025-10-27,1,0,0,1514,9.5,1327,2.55,-9.0,1200,-9.0,-9.0,-9.0,10.5,9.9,2341,290,17.04,0,,,,,0,
gnsoft2_251027192113_7673,36.3738537,127.4157698,대전광역시 대덕구 대화동 63-36,2025,10,27,19,0,autumn,1,1,1,1,2.896911892,2025-10-27,1,1,1,1514,9.5,1327,2.55,-9.0,1200,-9.0,-9.0,-9.0,10.5,9.9,2341,818,7.96,0,,,,,0,
gnsoft2_251027192735_9208,36.3522103,127.418508,대전광역시 대덕구 오정동 728,2025,10,27,19,0,autumn,1,3,3,3,9.68851447,2025-10-27,1,1,1,1514,9.5,1327,2.55,-9.0,1200,-9.0,-9.0,-9.0,10.5,9.9,2341,718,28.04,0,Mill_Overlay,2026-01-17,36.3522103,127.418508,1,82.0
gnsoft2_251027192816_9432,36.3504958,127.4194766,대전광역시 대덕구 오정동 735,2025,10,27,19,0,autumn,1,1,1,1,4.882792983,2025-10-27,1,1,1,1514,9.5,1327,2.55,-9.0,1200,-9.0,-9.0,-9.0,10.5,9.9,2341,855,9.54,0,Crack_Seal,2025-11-18,36.3504958,127.4194766,1,22.0
gnsoft2_251027192923_9820,36.3449683,127.4244314,대전광역시 동구 홍도동 18-9,2025,10,27,19,0,autumn,1,1,1,1,0.0,2025-10-27,1,0,0,1514,9.5,1327,2.55,-9.0,1200,-9.0,-9.0,-9.0,10.5,9.9,2341,886,33.18,0,,,,,0,
gnsoft2_251027192952_9990,36.3427847,127.427138,대전광역시 동구 성남동 226-3,2025,10,27,19,0,autumn,1,1,1,1,9.932436268,2025-10-27,1,1,1,1514,9.5,1327,2.55,-9.0,1200,-9.0,-9.0,-9.0,10.5,9.9,2341,1087,34.73,0,Mill_Overlay,2025-12-29,36.3427847,127.427138,1,63.0
gnsoft2_251027193439_11348,36.3351048,127.4223875,대전광역시 중구 선화동 260-1,2025,10,27,19,0,autumn,1,2,2,2,0.0,2025-10-27,1,0,0,1514,9.5,1327,2.55,-9.0,1200,-9.0,-9.0,-9.0,10.5,9.9,2341,546,35.92,0,,,,,0,
gnsoft2_251027193632_11961,36.336046,127.4206062,대전광역시 중구 선화동 920,2025,10,27,19,0,autumn,1,1,1,1,6.721393819,2025-10-27,1,1,1,1514,9.5,1327,2.55,-9.0,1200,-9.0,-9.0,-9.0,10.5,9.9,2341,885,26.29,0,,,,,0,
gnsoft2_251028090443_18020,36.335027,127.4502945,대전광역시 동구 자양동 333,2025,10,28,9,1,autumn,1,1,1,1,9.459782718,2025-10-28,1,1,1,1513,8.5,1434,2.49,-9.0,1200,-9.0,-9.0,-9.0,9.6,10.0,2353,343,19.92,0,,,,,0,
gnsoft2_251028164501_1132,36.330872,127.4607762,대전광역시 동구 용운동 180-13,2025,10,28,16,1,autumn,0,1,1,1,8.558166936,2025-10-28,1,1,1,1513,8.5,1434,2.49,-9.0,1200,-9.0,-9.0,-9.0,9.6,10.0,2353,485,17.64,0,,,,,0,
gnsoft2_251028164957_4161,36.3292816,127.4431608,대전광역시 동구 대동 138-56,2025,10,28,16,1,autumn,0,1,1,1,0.0,2025-10-28,1,0,0,1513,8.5,1434,2.49,-9.0,1200,-9.0,-9.0,-9.0,9.6,10.0,2353,541,28.34,0,,,,,0,
gnsoft2_251029083559_14514,36.3541996,127.4173074,대전광역시 대덕구 오정동 729,2025,10,29,8,2,autumn,1,1,1,1,0.0,2025-10-29,1,0,0,1533,9.6,1506,2.4,-9.0,1200,-9.0,-9.0,-9.0,9.7,9.7,849,512,21.86,0,,,,,0,
gnsoft2_251029084604_19962,36.3749149,127.4153833,대전광역시 대덕구 읍내동 543-1,2025,10,29,8,2,autumn,1,1,1,1,0.0,2025-10-29,1,0,0,1533,9.6,1506,2.4,-9.0,1200,-9.0,-9.0,-9.0,9.7,9.7,849,1151,10.9,0,Patch,2025-12-07,36.3749149,127.4153833,1,39.0
gnsoft2_251029085242_24023,36.3900312,127.4059176,대전광역시 유성구 문지동 667,2025,10,29,8,2,autumn,1,1,1,1,0.0,2025-10-29,1,0,0,1533,9.6,1506,2.4,-9.0,1200,-9.0,-9.0,-9.0,9.7,9.7,849,709,29.89,0,Patch,2025-11-19,36.3900312,127.4059176,1,21.0
gnsoft2_251029233317_344,36.3915497,127.4077584,대전광역시 유성구 문지동 659-2,2025,10,29,23,2,autumn,0,1,1,1,8.750794792,2025-10-29,1,1,1,1533,9.6,1506,2.4,-9.0,1200,-9.0,-9.0,-9.0,9.7,9.7,849,728,37.16,0,,,,,0,
gnsoft2_251029234638_3065,36.3363644,127.4204777,대전광역시 중구 선화동 920,2025,10,29,23,2,autumn,0,2,2,2,0.0,2025-10-29,1,0,0,1533,9.6,1506,2.4,-9.0,1200,-9.0,-9.0,-9.0,9.7,9.7,849,430,30.44,0,Mill_Overlay,2025-12-29,36.3363644,127.4204777,1,61.0
gnsoft2_251029234639_3061,36.3363323,127.4207102,대전광역시 중구 선화동 920,2025,10,29,23,2,autumn,0,3,3,3,0.0,2025-10-29,1,0,0,1533,9.6,1506,2.4,-9.0,1200,-9.0,-9.0,-9.0,9.7,9.7,849,1064,11.8,0,,,,,0,
gnsoft2_251029234748_3665,36.3356762,127.4208805,대전광역시 중구 선화동 920,2025,10,29,23,2,autumn,0,4,4,4,10.84225654,2025-10-29,1,1,1,1533,9.6,1506,2.4,-9.0,1200,-9.0,-9.0,-9.0,9.7,9.7,849,802,40.25,0,Full_Depth,2025-12-09,36.3356762,127.4208805,1,41.0
gnsoft2_251030084638_11975,36.3554831,127.4167441,대전광역시 대덕구 오정동 108-26,2025,10,30,8,3,autumn,1,1,1,1,0.0,2025-10-30,1,0,0,438,10.2,1356,1.69,-9.0,1200,-9.0,-9.0,-9.0,10.6,6.6,852,680,11.17,0,Patch,2025-12-04,36.3554831,127.4167441,1,35.0
gnsoft2_251030085336_15628,36.3753531,127.4149498,대전광역시 ,2025,10,30,8,3,autumn,1,1,1,1,4.489012139,2025-10-30,1,1,1,438,10.2,1356,1.69,-9.0,1200,-9.0,-9.0,-9.0,10.6,6.6,852,707,17.93,0,Crack_Seal,2026-01-05,36.3753531,127.4149498,1,67.0
gnsoft2_251030085615_17160,36.3756518,127.4147962,대전광역시 대덕구 읍내동 543-1,2025,10,30,8,3,autumn,1,2,2,2,0.0,2025-10-30,1,0,0,438,10.2,1356,1.69,-9.0,1200,-9.0,-9.0,-9.0,10.6,6.6,852,1004,39.28,0,,,,,0,
gnsoft2_251030195105_23320,36.3790994,127.4089072,대전광역시 유성구 원촌동 269-10,2025,10,30,19,3,autumn,1,1,1,1,0.0,2025-10-30,1,0,0,438,10.2,1356,1.69,-9.0,1200,-9.0,-9.0,-9.0,10.6,6.6,852,346,35.6,0,,,,,0,
gnsoft2_251030195227_23479,36.3774491,127.4110319,대전광역시 대덕구 읍내동 543-37,2025,10,30,19,3,autumn,1,1,1,1,0.0,2025-10-30,1,0,0,438,10.2,1356,1.69,-9.0,1200,-9.0,-9.0,-9.0,10.6,6.6,852,598,19.25,0,,,,,0,
gnsoft2_251030195405_23661,36.3759142,127.4142828,대전광역시 대덕구 대화동 568-39,2025,10,30,19,3,autumn,1,1,1,1,7.583990417,2025-10-30,1,1,1,438,10.2,1356,1.69,-9.0,1200,-9.0,-9.0,-9.0,10.6,6.6,852,570,23.37,0,Mill_Overlay,2026-01-24,36.3759142,127.4142828,1,86.0
gnsoft2_251030195432_23769,36.3732084,127.4160932,대전광역시 대덕구 읍내동 450-6,2025,10,30,19,3,autumn,1,1,1,1,0.0,2025-10-30,1,0,0,438,10.2,1356,1.69,-9.0,1200,-9.0,-9.0,-9.0,10.6,6.6,852,1124,20.54,0,Patch,2025-11-09,36.3732084,127.4160932,1,10.0
gnsoft2_251030195515_23905,36.3709049,127.4181151,대전광역시 대덕구 대화동 1-29,2025,10,30,19,3,autumn,1,1,1,1,3.786898529,2025-10-30,1,1,1,438,10.2,1356,1.69,-9.0,1200,-9.0,-9.0,-9.0,10.6,6.6,852,630,28.5,0,,,,,0,
gnsoft2_251030200617_27453,36.3356942,127.421067,대전광역시 중구 선화동 920,2025,10,30,20,3,autumn,0,5,5,5,13.8155073,2025-10-30,1,1,1,438,10.2,1356,1.69,-9.0,1200,-9.0,-9.0,-9.0,10.6,6.6,852,354,19.85,0,,,,,0,
gnsoft2_251031082432_30831,36.3364002,127.4199303,대전광역시 중구 선화동 903,2025,10,31,8,4,autumn,1,1,1,1,0.0,2025-10-31,1,0,0,1240,12.6,1451,2.31,0.0,1200,0.2,0.17,0.0,12.7,7.5,1,851,42.26,0,Patch,2025-12-20,36.3364002,127.4199303,1,50.0
gnsoft2_251031083223_35872,36.3507797,127.4193395,대전광역시 대덕구 오정동 735,2025,10,31,8,4,autumn,1,2,2,2,0.0,2025-10-31,1,0,0,1240,12.6,1451,2.31,0.0,1200,0.2,0.17,0.0,12.7,7.5,1,277,25.03,0,,,,,0,
gnsoft2_251031083345_36955,36.3559585,127.4164607,대전광역시 대덕구 오정동 728,2025,10,31,8,4,autumn,1,4,4,4,0.0,2025-10-31,1,0,0,1240,12.6,1451,2.31,0.0,1200,0.2,0.17,0.0,12.7,7.5,1,935,9.6,0,Mill_Overlay,2026-02-19,36.3559585,127.4164607,1,111.0
gnsoft2_251031182858_0,36.391109,127.4073666,대전광역시 유성구 문지동 676,2025,10,31,18,4,autumn,1,1,1,1,13.05207907,2025-10-31,1,1,1,1240,12.6,1451,2.31,0.0,1200,0.2,0.17,0.0,12.7,7.5,1,629,25.61,0,Full_Depth,2025-12-27,36.391109,127.4073666,1,57.0
gnsoft2_251031190953_0,36.3591114,127.4170711,대전광역시 대덕구 오정동 39-2,2025,10,31,19,4,autumn,1,1,1,1,0.0,2025-10-31,1,0,0,1240,12.6,1451,2.31,0.0,1200,0.2,0.17,0.0,12.7,7.5,1,281,33.84,0,Patch,2025-11-09,36.3591114,127.4170711,1,9.0
gnsoft2_251031191155_0,36.3485754,127.4211426,대전광역시 대덕구 오정동 748-1,2025,10,31,19,4,autumn,1,1,1,1,0.0,2025-10-31,1,0,0,1240,12.6,1451,2.31,0.0,1200,0.2,0.17,0.0,12.7,7.5,1,669,24.24,0,Patch,2025-11-27,36.3485754,127.4211426,1,27.0
gnsoft2_251102085849_59026,36.3432865,127.4121352,대전광역시 중구 중촌동 127,2025,11,2,8,6,autumn,1,1,1,1,0.0,2025-11-02,1,0,0,1336,9.4,1106,2.11,2.1,1100,-9.0,1.25,-9.0,9.9,6.7,2344,629,16.71,1,,,,,0,
gnsoft2_251102085900_59140,36.345209,127.4114883,대전광역시 중구 중촌동 413-19,2025,11,2,8,6,autumn,1,1,1,1,12.66794477,2025-11-02,1,1,1,1336,9.4,1106,2.11,2.1,1100,-9.0,1.25,-9.0,9.9,6.7,2344,681,29.27,1,Full_Depth,2025-12-08,36.345209,127.4114883,1,36.0
gnsoft2_251102085924_59398,36.3460354,127.4108023,대전광역시 중구 중촌동 413-99,2025,11,2,8,6,autumn,1,1,1,1,0.0,2025-11-02,1,0,0,1336,9.4,1106,2.11,2.1,1100,-9.0,1.25,-9.0,9.9,6.7,2344,406,20.31,1,,,,,0,
gnsoft2_251102090550_0,36.3616012,127.3631847,대전광역시 서구 월평동 1517,2025,11,2,9,6,autumn,1,1,1,1,13.65080177,2025-11-02,1,1,1,1336,9.4,1106,2.11,2.1,1100,-9.0,1.25,-9.0,9.9,6.7,2344,614,26.51,1,,,,,0,
gnsoft2_251102091207_69250,36.3488224,127.3359519,대전광역시 유성구 구암동 639,2025,11,2,9,6,autumn,1,1,1,1,0.0,2025-11-02,1,0,0,1336,9.4,1106,2.11,2.1,1100,-9.0,1.25,-9.0,9.9,6.7,2344,470,9.93,1,Patch,2025-11-19,36.3488224,127.3359519,1,17.0
gnsoft2_251102112229_73101,36.3486934,127.3369186,대전광역시 유성구 상대동 556,2025,11,2,11,6,autumn,0,1,2,2,0.0,2025-11-02,1,0,0,1336,9.4,1106,2.11,2.1,1100,-9.0,1.25,-9.0,9.9,6.7,2344,585,20.8,1,Mill_Overlay,2026-01-04,36.3486934,127.3369186,1,63.0
gnsoft2_251102113127_79568,36.3564951,127.3106959,대전광역시 유성구 구암동 495-3,2025,11,2,11,6,autumn,0,1,1,1,0.0,2025-11-02,1,0,0,1336,9.4,1106,2.11,2.1,1100,-9.0,1.25,-9.0,9.9,6.7,2344,585,13.29,1,,,,,0,
gnsoft2_251102113507_83690,36.3608903,127.3075027,대전광역시 유성구 구암동 686,2025,11,2,11,6,autumn,0,1,1,1,0.0,2025-11-02,1,0,0,1336,9.4,1106,2.11,2.1,1100,-9.0,1.25,-9.0,9.9,6.7,2344,516,13.76,1,Patch,2025-11-23,36.3608903,127.3075027,1,21.0
gnsoft2_251102113624_84273,36.3602316,127.3076301,대전광역시 유성구 구암동 686,2025,11,2,11,6,autumn,0,2,2,2,0.0,2025-11-02,1,0,0,1336,9.4,1106,2.11,2.1,1100,-9.0,1.25,-9.0,9.9,6.7,2344,662,15.39,1,Mill_Overlay,2025-12-29,36.3602316,127.3076301,1,57.0
gnsoft2_251102122635_84519,36.3605615,127.3069709,대전광역시 유성구 구암동 661-1,2025,11,2,12,6,autumn,0,1,1,1,10.05648142,2025-11-02,1,1,1,1336,9.4,1106,2.11,2.1,1100,-9.0,1.25,-9.0,9.9,6.7,2344,221,18.86,1,Full_Depth,2025-12-03,36.3605615,127.3069709,1,31.0
gnsoft2_251102123306_88426,36.3667681,127.3300976,대전광역시 유성구 장대동 116-10,2025,11,2,12,6,autumn,0,1,1,1,0.0,2025-11-02,1,0,0,1336,9.4,1106,2.11,2.1,1100,-9.0,1.25,-9.0,9.9,6.7,2344,452,5.24,1,,,,,0,
gnsoft2_251102123621_89956,36.3644767,127.3376013,대전광역시 유성구 장대동 321,2025,11,2,12,6,autumn,0,1,1,1,5.533786919,2025-11-02,1,1,1,1336,9.4,1106,2.11,2.1,1100,-9.0,1.25,-9.0,9.9,6.7,2344,302,7.8,1,Mill_Overlay,2025-12-26,36.3644767,127.3376013,1,54.0
gnsoft2_251102124115_92785,36.3647732,127.370039,대전광역시 서구 월평동 1501,2025,11,2,12,6,autumn,0,1,1,1,5.651191871,2025-11-02,1,1,1,1336,9.4,1106,2.11,2.1,1100,-9.0,1.25,-9.0,9.9,6.7,2344,684,29.87,1,Mill_Overlay,2026-01-27,36.3647732,127.370039,1,86.0
gnsoft2_251102124543_95176,36.362788,127.3945704,대전광역시 서구 둔산동 1514,2025,11,2,12,6,autumn,0,1,1,1,0.0,2025-11-02,1,0,0,1336,9.4,1106,2.11,2.1,1100,-9.0,1.25,-9.0,9.9,6.7,2344,294,27.85,1,Patch,2025-12-26,36.362788,127.3945704,1,54.0
gnsoft2_251102124546_95219,36.3615,127.3958399,대전광역시 서구 둔산동 1514,2025,11,2,12,6,autumn,0,2,2,2,0.0,2025-11-02,1,0,0,1336,9.4,1106,2.11,2.1,1100,-9.0,1.25,-9.0,9.9,6.7,2344,358,16.03,1,,,,,0,
gnsoft2_251102163121_107053,36.3273649,127.426615,대전광역시 중구 대흥동 630,2025,11,2,16,6,autumn,0,1,1,1,0.0,2025-11-02,1,0,0,1336,9.4,1106,2.11,2.1,1100,-9.0,1.25,-9.0,9.9,6.7,2344,663,19.23,1,Patch,2025-11-19,36.3273649,127.426615,1,17.0
gnsoft2_251102163314_108167,36.3256987,127.4276414,대전광역시 중구 대흥동 630,2025,11,2,16,6,autumn,0,2,2,2,0.0,2025-11-02,1,0,0,1336,9.4,1106,2.11,2.1,1100,-9.0,1.25,-9.0,9.9,6.7,2344,659,8.62,1,,,,,0,
gnsoft2_251102163422_108655,36.3245678,127.4282075,대전광역시 중구 대흥동 630,2025,11,2,16,6,autumn,0,3,3,3,0.0,2025-11-02,1,0,0,1336,9.4,1106,2.11,2.1,1100,-9.0,1.25,-9.0,9.9,6.7,2344,769,19.13,1,Mill_Overlay,2026-01-14,36.3245678,127.4282075,1,73.0
gnsoft2_251102164038_112517,36.3151919,127.4247272,대전광역시 중구 대사동 644-20,2025,11,2,16,6,autumn,0,1,1,1,0.0,2025-11-02,1,0,0,1336,9.4,1106,2.11,2.1,1100,-9.0,1.25,-9.0,9.9,6.7,2344,475,8.28,1,,,,,0,
gnsoft2_251103081758_125788,36.3409507,127.4217521,대전광역시 동구 삼성동 363-13,2025,11,3,8,0,autumn,1,1,1,1,12.96469479,2025-11-03,1,1,1,54,7.0,1519,2.35,-9.0,1200,-9.0,-9.0,-9.0,7.3,9.7,856,394,12.94,0,Full_Depth,2025-12-16,36.3409507,127.4217521,1,43.0
gnsoft2_251103082132_127573,36.3433953,127.422416,대전광역시 동구 삼성동 458,2025,11,3,8,0,autumn,1,1,1,1,0.0,2025-11-03,1,0,0,54,7.0,1519,2.35,-9.0,1200,-9.0,-9.0,-9.0,7.3,9.7,856,430,36.58,0,Patch,2025-12-20,36.3433953,127.422416,1,47.0
gnsoft2_251103082220_128038,36.3454451,127.4217945,대전광역시 동구 홍도동 138-24,2025,11,3,8,0,autumn,1,1,1,1,0.0,2025-11-03,1,0,0,54,7.0,1519,2.35,-9.0,1200,-9.0,-9.0,-9.0,7.3,9.7,856,301,35.55,0,,,,,0,
gnsoft2_251103082427_129056,36.3493163,127.4207218,대전광역시 대덕구 오정동 249-1,2025,11,3,8,0,autumn,1,1,1,1,0.0,2025-11-03,1,0,0,54,7.0,1519,2.35,-9.0,1200,-9.0,-9.0,-9.0,7.3,9.7,856,547,31.79,0,Patch,2025-12-04,36.3493163,127.4207218,1,31.0
gnsoft2_251103082438_129105,36.3499012,127.4201528,대전광역시 대덕구 오정동 748-1,2025,11,3,8,0,autumn,1,2,2,2,0.0,2025-11-03,1,0,0,54,7.0,1519,2.35,-9.0,1200,-9.0,-9.0,-9.0,7.3,9.7,856,609,18.89,0,,,,,0,
gnsoft2_251103084145_136647,36.3777406,127.4109035,대전광역시 대덕구 읍내동 505-36,2025,11,3,8,0,autumn,1,1,1,1,0.0,2025-11-03,1,0,0,54,7.0,1519,2.35,-9.0,1200,-9.0,-9.0,-9.0,7.3,9.7,856,518,31.74,0,,,,,0,
gnsoft2_251103105354_140598,36.3899677,127.4051266,대전광역시 유성구 문지동 667,2025,11,3,10,0,autumn,0,2,2,2,1.568281594,2025-11-03,1,1,1,54,7.0,1519,2.35,-9.0,1200,-9.0,-9.0,-9.0,7.3,9.7,856,576,19.78,0,,,,,0,
gnsoft2_251103105545_141410,36.3808954,127.4065132,대전광역시 유성구 원촌동 90,2025,11,3,10,0,autumn,0,1,1,1,0.0,2025-11-03,1,0,0,54,7.0,1519,2.35,-9.0,1200,-9.0,-9.0,-9.0,7.3,9.7,856,959,17.36,0,,,,,0,
gnsoft2_251103110435_0,36.358903,127.4155229,대전광역시 대덕구 오정동 707,2025,11,3,11,0,autumn,0,1,1,1,14.34941017,2025-11-03,1,1,1,54,7.0,1519,2.35,-9.0,1200,-9.0,-9.0,-9.0,7.3,9.7,856,1087,21.65,0,Full_Depth,2025-12-07,36.358903,127.4155229,1,34.0
gnsoft2_251103132001_175664,36.3688186,127.4202103,대전광역시 대덕구 읍내동 463-2,2025,11,3,13,0,autumn,0,1,1,1,0.0,2025-11-03,1,0,0,54,7.0,1519,2.35,-9.0,1200,-9.0,-9.0,-9.0,7.3,9.7,856,474,31.64,0,,,,,0,
gnsoft2_251103132802_180317,36.3906276,127.4069502,대전광역시 유성구 문지동 668,2025,11,3,13,0,autumn,0,1,1,1,0.0,2025-11-03,1,0,0,54,7.0,1519,2.35,-9.0,1200,-9.0,-9.0,-9.0,7.3,9.7,856,992,30.53,0,Patch,2025-12-19,36.3906276,127.4069502,1,46.0
gnsoft2_251103182553_511,36.3910584,127.4069291,대전광역시 유성구 문지동 668,2025,11,3,18,0,autumn,1,2,2,2,8.313534172,2025-11-03,1,1,1,54,7.0,1519,2.35,-9.0,1200,-9.0,-9.0,-9.0,7.3,9.7,856,893,24.71,0,,,,,0,
gnsoft2_251103183815_2519,36.3793692,127.4084746,대전광역시 유성구 원촌동 45-12,2025,11,3,18,0,autumn,1,1,1,1,0.0,2025-11-03,1,0,0,54,7.0,1519,2.35,-9.0,1200,-9.0,-9.0,-9.0,7.3,9.7,856,802,9.02,0,,,,,0,
gnsoft2_251103184447_3689,36.3759021,127.414396,대전광역시 대덕구 대화동 568-39,2025,11,3,18,0,autumn,1,2,2,2,10.37719822,2025-11-03,1,1,1,54,7.0,1519,2.35,-9.0,1200,-9.0,-9.0,-9.0,7.3,9.7,856,887,11.99,0,Full_Depth,2025-12-03,36.3759021,127.414396,1,30.0
gnsoft2_251103184518_3880,36.37355,127.4158963,대전광역시 대덕구 대화동 63-36,2025,11,3,18,0,autumn,1,2,2,2,0.0,2025-11-03,1,0,0,54,7.0,1519,2.35,-9.0,1200,-9.0,-9.0,-9.0,7.3,9.7,856,946,10.87,0,Mill_Overlay,2026-02-25,36.37355,127.4158963,1,114.0
gnsoft2_251103184547_3993,36.3724587,127.4165696,대전광역시 대덕구 대화동 568-6,2025,11,3,18,0,autumn,1,1,1,1,0.0,2025-11-03,1,0,0,54,7.0,1519,2.35,-9.0,1200,-9.0,-9.0,-9.0,7.3,9.7,856,695,35.5,0,,,,,0,
gnsoft2_251103184605_4031,36.3704213,127.4186986,대전광역시 대덕구 대화동 568-16,2025,11,3,18,0,autumn,1,1,1,1,14.78003291,2025-11-03,1,1,1,54,7.0,1519,2.35,-9.0,1200,-9.0,-9.0,-9.0,7.3,9.7,856,891,38.89,0,Full_Depth,2025-11-24,36.3704213,127.4186986,1,21.0
gnsoft2_251103185203_5685,36.3582915,127.4167405,대전광역시 대덕구 오정동 728,2025,11,3,18,0,autumn,1,3,5,5,6.186768687,2025-11-03,1,1,1,54,7.0,1519,2.35,-9.0,1200,-9.0,-9.0,-9.0,7.3,9.7,856,435,17.72,0,,,,,0,
gnsoft2_251103190415_9477,36.3356631,127.4211188,대전광역시 중구 선화동 920,2025,11,3,19,0,autumn,1,6,6,6,0.0,2025-11-03,1,0,0,54,7.0,1519,2.35,-9.0,1200,-9.0,-9.0,-9.0,7.3,9.7,856,354,31.3,0,,,,,0,
gnsoft2_251104074151_11708,36.3361112,127.4200096,대전광역시 중구 선화동 920,2025,11,4,7,1,autumn,0,6,7,7,0.0,2025-11-04,1,0,0,1627,10.5,1504,2.27,-9.0,1200,-9.0,-9.0,-9.0,9.7,8.0,1,759,19.12,0,,,,,0,
gnsoft2_251104074806_16060,36.3452078,127.4199482,대전광역시 대덕구 오정동 753,2025,11,4,7,1,autumn,0,1,1,1,10.44345109,2025-11-04,1,1,1,1627,10.5,1504,2.27,-9.0,1200,-9.0,-9.0,-9.0,9.7,8.0,1,970,39.05,0,,,,,0,
gnsoft2_251104074936_17038,36.3487274,127.4196831,대전광역시 대덕구 오정동 735,2025,11,4,7,1,autumn,0,2,3,3,0.0,2025-11-04,1,0,0,1627,10.5,1504,2.27,-9.0,1200,-9.0,-9.0,-9.0,9.7,8.0,1,820,16.19,0,,,,,0,
gnsoft2_251104074937_17058,36.3497625,127.4197337,대전광역시 대덕구 오정동 254-1,2025,11,4,7,1,autumn,0,1,1,1,0.0,2025-11-04,1,0,0,1627,10.5,1504,2.27,-9.0,1200,-9.0,-9.0,-9.0,9.7,8.0,1,439,29.99,0,,,,,0,
gnsoft2_251104075016_17516,36.3503587,127.4195061,대전광역시 대덕구 오정동 735,2025,11,4,7,1,autumn,0,3,4,4,0.0,2025-11-04,1,0,0,1627,10.5,1504,2.27,-9.0,1200,-9.0,-9.0,-9.0,9.7,8.0,1,598,36.37,0,,,,,0,
gnsoft2_251104075143_18707,36.3555067,127.4165931,대전광역시 대덕구 오정동 686-5,2025,11,4,7,1,autumn,0,1,1,1,0.0,2025-11-04,1,0,0,1627,10.5,1504,2.27,-9.0,1200,-9.0,-9.0,-9.0,9.7,8.0,1,412,23.37,0,,,,,0,
gnsoft2_251104075220_19414,36.3583592,127.4168059,대전광역시 대덕구 오정동 728,2025,11,4,7,1,autumn,0,3,6,6,12.45231591,2025-11-04,1,1,1,1627,10.5,1504,2.27,-9.0,1200,-9.0,-9.0,-9.0,9.7,8.0,1,1099,12.48,0,Full_Depth,2025-12-27,36.3583592,127.4168059,1,53.0
gnsoft2_251104201001_28945,36.3911181,127.4067368,대전광역시 유성구 문지동 675,2025,11,4,20,1,autumn,0,1,1,1,8.229378244,2025-11-04,1,1,1,1627,10.5,1504,2.27,-9.0,1200,-9.0,-9.0,-9.0,9.7,8.0,1,984,9.83,0,Mill_Overlay,2026-02-09,36.3911181,127.4067368,1,97.0
gnsoft2_251104201023_29140,36.3902114,127.4066724,대전광역시 유성구 문지동 667,2025,11,4,20,1,autumn,0,3,3,3,0.0,2025-11-04,1,0,0,1627,10.5,1504,2.27,-9.0,1200,-9.0,-9.0,-9.0,9.7,8.0,1,696,41.99,0,,,,,0,
gnsoft2_251104202248_32338,36.3461296,127.4104474,대전광역시 중구 중촌동 166-3,2025,11,4,20,1,autumn,0,1,1,1,0.0,2025-11-04,1,0,0,1627,10.5,1504,2.27,-9.0,1200,-9.0,-9.0,-9.0,9.7,8.0,1,738,7.37,0,,,,,0,
gnsoft2_251104202704_33875,36.3351279,127.4178133,대전광역시 중구 선화동 260-1,2025,11,4,20,1,autumn,0,1,3,3,0.0,2025-11-04,1,0,0,1627,10.5,1504,2.27,-9.0,1200,-9.0,-9.0,-9.0,9.7,8.0,1,901,18.37,0,Mill_Overlay,2026-03-03,36.3351279,127.4178133,1,119.0
gnsoft2_251105082308_39610,36.3407658,127.4214702,대전광역시 동구 삼성동 363-6,2025,11,5,8,2,autumn,1,1,1,1,0.0,2025-11-05,1,0,0,1630,10.4,1502,2.04,-9.0,1200,-9.0,-9.0,-9.0,10.3,7.3,921,584,17.64,0,Patch,2025-12-15,36.3407658,127.4214702,1,40.0
gnsoft2_251105083454_47865,36.3692116,127.4199592,대전광역시 대덕구 읍내동 543-13,2025,11,5,8,2,autumn,1,1,1,1,0.0,2025-11-05,1,0,0,1630,10.4,1502,2.04,-9.0,1200,-9.0,-9.0,-9.0,10.3,7.3,921,509,34.88,0,Patch,2025-11-28,36.3692116,127.4199592,1,23.0
gnsoft2_251105083800_48878,36.3750144,127.4152757,대전광역시 대덕구 읍내동 543-1,2025,11,5,8,2,autumn,1,3,3,3,0.0,2025-11-05,1,0,0,1630,10.4,1502,2.04,-9.0,1200,-9.0,-9.0,-9.0,10.3,7.3,921,693,6.67,0,,,,,0,
gnsoft2_251105084759_55428,36.3900954,127.4067678,대전광역시 유성구 문지동 667,2025,11,5,8,2,autumn,1,4,4,4,2.549989708,2025-11-05,1,1,1,1630,10.4,1502,2.04,-9.0,1200,-9.0,-9.0,-9.0,10.3,7.3,921,331,26.79,0,,,,,0,
gnsoft2_251105114503_65381,36.3362592,127.4206504,대전광역시 중구 선화동 920,2025,11,5,11,2,autumn,0,7,8,8,0.0,2025-11-05,1,0,0,1630,10.4,1502,2.04,-9.0,1200,-9.0,-9.0,-9.0,10.3,7.3,921,839,31.13,0,Full_Depth,2025-12-03,36.3362592,127.4206504,1,28.0
gnsoft2_251105123927_66871,36.3370087,127.4206364,대전광역시 중구 선화동 260-1,2025,11,5,12,2,autumn,0,2,4,4,0.0,2025-11-05,1,0,0,1630,10.4,1502,2.04,-9.0,1200,-9.0,-9.0,-9.0,10.3,7.3,921,691,34.38,0,,,,,0,
gnsoft2_251105124326_70959,36.3461958,127.4186087,대전광역시 대덕구 오정동 753,2025,11,5,12,2,autumn,0,2,2,2,0.0,2025-11-05,1,0,0,1630,10.4,1502,2.04,-9.0,1200,-9.0,-9.0,-9.0,10.3,7.3,921,316,28.9,0,,,,,0,
gnsoft2_251105124334_71091,36.3466278,127.418671,대전광역시 대덕구 오정동 735,2025,11,5,12,2,autumn,0,4,5,5,9.106112406,2025-11-05,1,1,1,1630,10.4,1502,2.04,-9.0,1200,-9.0,-9.0,-9.0,10.3,7.3,921,431,17.92,0,Full_Depth,2025-12-25,36.3466278,127.418671,1,50.0
gnsoft2_251105125808_81502,36.3904508,127.406893,대전광역시 유성구 문지동 668,2025,11,5,12,2,autumn,0,3,3,3,0.0,2025-11-05,1,0,0,1630,10.4,1502,2.04,-9.0,1200,-9.0,-9.0,-9.0,10.3,7.3,921,1135,15.04,0,,,,,0,
gnsoft2_251105190902_87206,36.3514335,127.4017051,대전광역시 서구 둔산동 2168,2025,11,5,19,2,autumn,1,1,1,1,14.0872026,2025-11-05,1,1,1,1630,10.4,1502,2.04,-9.0,1200,-9.0,-9.0,-9.0,10.3,7.3,921,443,27.06,0,Full_Depth,2025-11-23,36.3514335,127.4017051,1,18.0
gnsoft2_251106081917_91672,36.3356756,127.4208808,대전광역시 중구 선화동 920,2025,11,6,8,3,autumn,1,5,9,9,0.0,2025-11-06,1,0,0,1337,11.3,1438,2.13,-9.0,1200,-9.0,-9.0,-9.0,10.8,6.4,838,1109,11.21,0,Full_Depth,2025-12-03,36.3356756,127.4208808,1,27.0
gnsoft2_251106082426_94560,36.3416442,127.4226485,대전광역시 동구 삼성동 480-1,2025,11,6,8,3,autumn,1,1,1,1,0.0,2025-11-06,1,0,0,1337,11.3,1438,2.13,-9.0,1200,-9.0,-9.0,-9.0,10.8,6.4,838,437,13.57,0,,,,,0,
gnsoft2_251106082606_95279,36.3429115,127.4229774,대전광역시 동구 삼성동 458,2025,11,6,8,3,autumn,1,2,2,2,0.0,2025-11-06,1,0,0,1337,11.3,1438,2.13,-9.0,1200,-9.0,-9.0,-9.0,10.8,6.4,838,369,14.59,0,Mill_Overlay,2025-12-29,36.3429115,127.4229774,1,53.0
gnsoft2_251106083413_101752,36.3686463,127.4201827,대전광역시 대덕구 대화동 561-4,2025,11,6,8,3,autumn,1,1,1,1,0.0,2025-11-06,1,0,0,1337,11.3,1438,2.13,-9.0,1200,-9.0,-9.0,-9.0,10.8,6.4,838,666,34.68,0,,,,,0,
gnsoft2_251106083443_102133,36.3696215,127.4195437,대전광역시 대덕구 대화동 1-29,2025,11,6,8,3,autumn,1,2,2,2,2.659848157,2025-11-06,1,1,1,1337,11.3,1438,2.13,-9.0,1200,-9.0,-9.0,-9.0,10.8,6.4,838,858,14.94,0,,,,,0,
gnsoft2_251106083535_102460,36.3712935,127.4177931,대전광역시 대덕구 대화동 568-16,2025,11,6,8,3,autumn,1,2,2,2,0.0,2025-11-06,1,0,0,1337,11.3,1438,2.13,-9.0,1200,-9.0,-9.0,-9.0,10.8,6.4,838,1094,19.14,0,,,,,0,
gnsoft2_251107083240_12103,36.3450895,127.4213258,대전광역시 동구 홍도동 138-8,2025,11,7,8,4,autumn,1,1,1,1,1.48155084,2025-11-07,1,1,1,2128,13.3,1516,2.17,-9.0,1200,-9.0,-9.0,-9.0,11.9,6.3,811,914,36.03,0,Crack_Seal,2026-02-03,36.3450895,127.4213258,1,88.0
gnsoft2_251107083311_12770,36.3466743,127.4213711,대전광역시 동구 홍도동 862,2025,11,7,8,4,autumn,1,1,1,1,0.0,2025-11-07,1,0,0,2128,13.3,1516,2.17,-9.0,1200,-9.0,-9.0,-9.0,11.9,6.3,811,944,9.78,0,,,,,0,
gnsoft2_251107083439_13740,36.3503058,127.4197359,대전광역시 대덕구 오정동 236-7,2025,11,7,8,4,autumn,1,1,1,1,0.0,2025-11-07,1,0,0,2128,13.3,1516,2.17,-9.0,1200,-9.0,-9.0,-9.0,11.9,6.3,811,431,34.9,0,,,,,0,
gnsoft2_251107084210_20031,36.3745744,127.415464,대전광역시 대덕구 대화동 90-1,2025,11,7,8,4,autumn,1,1,1,1,0.0,2025-11-07,1,0,0,2128,13.3,1516,2.17,-9.0,1200,-9.0,-9.0,-9.0,11.9,6.3,811,966,41.73,0,,,,,0,
gnsoft2_251107084306_20209,36.3750882,127.415191,대전광역시 대덕구 읍내동 543-1,2025,11,7,8,4,autumn,1,2,4,4,0.0,2025-11-07,1,0,0,2128,13.3,1516,2.17,-9.0,1200,-9.0,-9.0,-9.0,11.9,6.3,811,757,27.49,0,,,,,0,
gnsoft2_251108100754_51075,36.3311843,127.3888612,대전광역시 서구 가장동 190,2025,11,8,10,5,autumn,0,1,1,1,2.327922481,2025-11-08,1,1,1,106,13.7,1407,1.13,0.4,1000,0.4,3.33,-9.0,13.1,0.4,628,511,19.88,1,Crack_Seal,2026-01-22,36.3311843,127.3888612,1,75.0
gnsoft2_251108101545_0,36.3226214,127.4136711,대전광역시 중구 문화동 1-18,2025,11,8,10,5,autumn,0,1,2,2,0.0,2025-11-08,1,0,0,106,13.7,1407,1.13,0.4,1000,0.4,3.33,-9.0,13.1,0.4,628,185,6.89,1,Mill_Overlay,2026-02-10,36.3226214,127.4136711,1,94.0
gnsoft2_251108101554_57108,36.3224081,127.415559,대전광역시 중구 문화동 1-9,2025,11,8,10,5,autumn,0,1,1,1,0.0,2025-11-08,1,0,0,106,13.7,1407,1.13,0.4,1000,0.4,3.33,-9.0,13.1,0.4,628,582,11.34,1,Patch,2025-12-10,36.3224081,127.415559,1,32.0
gnsoft2_251108104805_57486,36.3222974,127.4155885,대전광역시 중구 문화동 1-9,2025,11,8,10,5,autumn,0,2,2,2,0.0,2025-11-08,1,0,0,106,13.7,1407,1.13,0.4,1000,0.4,3.33,-9.0,13.1,0.4,628,467,33.63,1,Mill_Overlay,2026-02-15,36.3222974,127.4155885,1,99.0
gnsoft2_251108104844_58023,36.322801,127.4155273,대전광역시 중구 문화동 1-18,2025,11,8,10,5,autumn,0,2,3,3,0.0,2025-11-08,1,0,0,106,13.7,1407,1.13,0.4,1000,0.4,3.33,-9.0,13.1,0.4,628,454,21.03,1,Mill_Overlay,2026-01-03,36.322801,127.4155273,1,56.0
gnsoft2_251108105304_61741,36.3332696,127.4194692,대전광역시 중구 선화동 260-1,2025,11,8,10,5,autumn,0,3,5,5,2.183098741,2025-11-08,1,1,1,106,13.7,1407,1.13,0.4,1000,0.4,3.33,-9.0,13.1,0.4,628,171,27.4,1,,,,,0,
gnsoft2_251108122658_74793,36.3527458,127.4104689,대전광역시 대덕구 오정동 726,2025,11,8,12,5,autumn,0,1,1,1,6.769876045,2025-11-08,1,1,1,106,13.7,1407,1.13,0.4,1000,0.4,3.33,-9.0,13.1,0.4,628,228,18.43,1,,,,,0,
gnsoft2_251108122920_77814,36.357706,127.4017326,대전광역시 서구 둔산동 1556,2025,11,8,12,5,autumn,0,1,1,1,11.97753049,2025-11-08,1,1,1,106,13.7,1407,1.13,0.4,1000,0.4,3.33,-9.0,13.1,0.4,628,470,5.87,1,Full_Depth,2025-11-29,36.357706,127.4017326,1,21.0
gnsoft2_251108145432_92918,36.3384979,127.4203774,대전광역시 동구 성남동 491-2,2025,11,8,14,5,autumn,0,1,1,1,0.0,2025-11-08,1,0,0,106,13.7,1407,1.13,0.4,1000,0.4,3.33,-9.0,13.1,0.4,628,204,37.49,1,Patch,2025-11-25,36.3384979,127.4203774,1,17.0
gnsoft2_251108150035_98641,36.3211434,127.4149509,대전광역시 중구 문화동 1-14,2025,11,8,15,5,autumn,0,1,1,1,12.11232064,2025-11-08,1,1,1,106,13.7,1407,1.13,0.4,1000,0.4,3.33,-9.0,13.1,0.4,628,499,20.04,1,Full_Depth,2025-12-15,36.3211434,127.4149509,1,37.0
gnsoft2_251108150225_101068,36.3227626,127.4146683,대전광역시 중구 문화동 1-18,2025,11,8,15,5,autumn,0,3,4,4,0.0,2025-11-08,1,0,0,106,13.7,1407,1.13,0.4,1000,0.4,3.33,-9.0,13.1,0.4,628,515,21.29,1,Mill_Overlay,2026-01-07,36.3227626,127.4146683,1,60.0
gnsoft2_251108150826_105799,36.3357601,127.4210928,대전광역시 중구 선화동 920,2025,11,8,15,5,autumn,0,5,10,10,0.0,2025-11-08,1,0,0,106,13.7,1407,1.13,0.4,1000,0.4,3.33,-9.0,13.1,0.4,628,260,8.08,1,,,,,0,
gnsoft2_251109113025_111923,36.3274715,127.432361,대전광역시 동구 원동 85-1,2025,11,9,11,6,autumn,0,1,1,1,0.0,2025-11-09,1,0,0,1345,13.7,1305,1.95,0.0,1300,-9.0,0.75,-9.0,13.0,6.8,1,534,25.47,1,Patch,2025-11-26,36.3274715,127.432361,1,17.0
gnsoft2_251109120803_112525,36.3278166,127.4325978,대전광역시 동구 원동 60-5,2025,11,9,12,6,autumn,0,1,1,1,0.0,2025-11-09,1,0,0,1345,13.7,1305,1.95,0.0,1300,-9.0,0.75,-9.0,13.0,6.8,1,526,20.91,1,,,,,0,
gnsoft2_251109121501_117588,36.3149843,127.4404402,대전광역시 동구 효동 295-1,2025,11,9,12,6,autumn,0,1,1,1,10.78160659,2025-11-09,1,1,1,1345,13.7,1305,1.95,0.0,1300,-9.0,0.75,-9.0,13.0,6.8,1,464,5.59,1,Full_Depth,2025-12-25,36.3149843,127.4404402,1,46.0
gnsoft2_251109121508_117763,36.3129728,127.4412242,대전광역시 동구 효동 122-5,2025,11,9,12,6,autumn,0,1,1,1,0.0,2025-11-09,1,0,0,1345,13.7,1305,1.95,0.0,1300,-9.0,0.75,-9.0,13.0,6.8,1,721,19.34,1,,,,,0,
gnsoft2_251109122446_122082,36.3095026,127.4428196,대전광역시 중구 석교동 102-7,2025,11,9,12,6,autumn,0,1,1,1,0.0,2025-11-09,1,0,0,1345,13.7,1305,1.95,0.0,1300,-9.0,0.75,-9.0,13.0,6.8,1,213,19.57,1,,,,,0,
gnsoft2_251109122532_123198,36.3077246,127.4456947,대전광역시 중구 석교동 102-7,2025,11,9,12,6,autumn,0,2,2,2,0.0,2025-11-09,1,0,0,1345,13.7,1305,1.95,0.0,1300,-9.0,0.75,-9.0,13.0,6.8,1,206,15.77,1,Mill_Overlay,2025-12-22,36.3077246,127.4456947,1,43.0
gnsoft2_251109122646_123431,36.3068883,127.4473145,대전광역시 중구 석교동 102-7,2025,11,9,12,6,autumn,0,3,3,3,0.0,2025-11-09,1,0,0,1345,13.7,1305,1.95,0.0,1300,-9.0,0.75,-9.0,13.0,6.8,1,520,20.86,1,Mill_Overlay,2026-01-11,36.3068883,127.4473145,1,63.0
gnsoft2_251109122707_123843,36.3064128,127.4478316,대전광역시 중구 석교동 102-7,2025,11,9,12,6,autumn,0,4,4,4,0.0,2025-11-09,1,0,0,1345,13.7,1305,1.95,0.0,1300,-9.0,0.75,-9.0,13.0,6.8,1,380,22.22,1,Mill_Overlay,2026-02-04,36.3064128,127.4478316,1,87.0
gnsoft2_251109122721_124213,36.3050043,127.4491891,대전광역시 중구 호동 27-1,2025,11,9,12,6,autumn,0,1,1,1,0.0,2025-11-09,1,0,0,1345,13.7,1305,1.95,0.0,1300,-9.0,0.75,-9.0,13.0,6.8,1,582,7.72,1,,,,,0,
gnsoft2_251109122742_124861,36.3039875,127.4500923,대전광역시 중구 호동 27-1,2025,11,9,12,6,autumn,0,2,2,2,13.02974412,2025-11-09,1,1,1,1345,13.7,1305,1.95,0.0,1300,-9.0,0.75,-9.0,13.0,6.8,1,544,25.99,1,Full_Depth,2025-12-09,36.3039875,127.4500923,1,30.0
gnsoft2_251109122805_125463,36.3011992,127.4524596,대전광역시 중구 옥계동 51-1,2025,11,9,12,6,autumn,0,1,1,1,8.95351672,2025-11-09,1,1,1,1345,13.7,1305,1.95,0.0,1300,-9.0,0.75,-9.0,13.0,6.8,1,270,13.85,1,Mill_Overlay,2025-12-29,36.3011992,127.4524596,1,50.0
gnsoft2_251109122848_127227,36.2963949,127.4586255,대전광역시 동구 대성동 167-9,2025,11,9,12,6,autumn,0,1,1,1,11.47371333,2025-11-09,1,1,1,1345,13.7,1305,1.95,0.0,1300,-9.0,0.75,-9.0,13.0,6.8,1,592,27.85,1,Full_Depth,2025-12-29,36.2963949,127.4586255,1,50.0
gnsoft2_251109122901_127515,36.2941719,127.4613222,대전광역시 동구 대성동 205-5,2025,11,9,12,6,autumn,0,1,1,1,0.0,2025-11-09,1,0,0,1345,13.7,1305,1.95,0.0,1300,-9.0,0.75,-9.0,13.0,6.8,1,444,26.83,1,,,,,0,
gnsoft2_251109122917_127757,36.2935642,127.4617014,대전광역시 동구 대성동 208-9,2025,11,9,12,6,autumn,0,1,1,1,5.716213953,2025-11-09,1,1,1,1345,13.7,1305,1.95,0.0,1300,-9.0,0.75,-9.0,13.0,6.8,1,287,7.28,1,,,,,0,
gnsoft2_251109122933_128001,36.2909231,127.462813,대전광역시 동구 대성동 396,2025,11,9,12,6,autumn,0,1,1,1,0.0,2025-11-09,1,0,0,1345,13.7,1305,1.95,0.0,1300,-9.0,0.75,-9.0,13.0,6.8,1,208,19.09,1,,,,,0,
gnsoft2_251109145200_129495,36.2900828,127.4629399,대전광역시 동구 대성동 285-3,2025,11,9,14,6,autumn,0,1,1,1,0.0,2025-11-09,1,0,0,1345,13.7,1305,1.95,0.0,1300,-9.0,0.75,-9.0,13.0,6.8,1,545,12.23,1,Patch,2025-12-19,36.2900828,127.4629399,1,40.0
gnsoft2_251109145236_130276,36.291759,127.4626353,대전광역시 동구 대성동 396,2025,11,9,14,6,autumn,0,2,2,2,5.150386869,2025-11-09,1,1,1,1345,13.7,1305,1.95,0.0,1300,-9.0,0.75,-9.0,13.0,6.8,1,310,27.48,1,,,,,0,
gnsoft2_251109145334_131344,36.2969708,127.4569718,대전광역시 중구 옥계동 194-6,2025,11,9,14,6,autumn,0,1,1,1,14.78021746,2025-11-09,1,1,1,1345,13.7,1305,1.95,0.0,1300,-9.0,0.75,-9.0,13.0,6.8,1,364,11.28,1,Full_Depth,2025-12-11,36.2969708,127.4569718,1,32.0
gnsoft2_251109145435_132500,36.3026786,127.4512548,대전광역시 중구 옥계동 51-1,2025,11,9,14,6,autumn,0,2,2,2,0.0,2025-11-09,1,0,0,1345,13.7,1305,1.95,0.0,1300,-9.0,0.75,-9.0,13.0,6.8,1,635,21.92,1,Mill_Overlay,2025-12-29,36.3026786,127.4512548,1,50.0
gnsoft2_251109145454_132805,36.3039796,127.4501974,대전광역시 중구 호동 27-1,2025,11,9,14,6,autumn,0,3,3,3,0.0,2025-11-09,1,0,0,1345,13.7,1305,1.95,0.0,1300,-9.0,0.75,-9.0,13.0,6.8,1,636,32.47,1,,,,,0,
gnsoft2_251109145942_135979,36.3125727,127.441671,대전광역시 동구 천동 117-2,2025,11,9,14,6,autumn,0,1,1,1,0.0,2025-11-09,1,0,0,1345,13.7,1305,1.95,0.0,1300,-9.0,0.75,-9.0,13.0,6.8,1,349,32.2,1,Patch,2025-12-02,36.3125727,127.441671,1,23.0
gnsoft2_251109150000_136316,36.3142277,127.4407682,대전광역시 동구 효동 127-3,2025,11,9,15,6,autumn,0,1,1,1,0.0,2025-11-09,1,0,0,1345,13.7,1305,1.95,0.0,1300,-9.0,0.75,-9.0,13.0,6.8,1,653,24.84,1,Patch,2025-11-30,36.3142277,127.4407682,1,21.0
gnsoft2_251109150301_137978,36.3209356,127.4382735,대전광역시 동구 인동 352,2025,11,9,15,6,autumn,0,1,1,1,0.0,2025-11-09,1,0,0,1345,13.7,1305,1.95,0.0,1300,-9.0,0.75,-9.0,13.0,6.8,1,500,12.99,1,,,,,0,
gnsoft2_251109150321_138187,36.3223745,127.437511,대전광역시 동구 인동 352,2025,11,9,15,6,autumn,0,2,2,2,8.349885956,2025-11-09,1,1,1,1345,13.7,1305,1.95,0.0,1300,-9.0,0.75,-9.0,13.0,6.8,1,579,21.3,1,,,,,0,
gnsoft2_251109150410_138622,36.3253299,127.4359647,대전광역시 동구 원동 406-2,2025,11,9,15,6,autumn,0,1,1,1,0.0,2025-11-09,1,0,0,1345,13.7,1305,1.95,0.0,1300,-9.0,0.75,-9.0,13.0,6.8,1,308,25.78,1,,,,,0,
gnsoft2_251109151612_143216,36.3363796,127.4203562,대전광역시 중구 선화동 920,2025,11,9,15,6,autumn,0,6,11,11,9.867886632,2025-11-09,1,1,1,1345,13.7,1305,1.95,0.0,1300,-9.0,0.75,-9.0,13.0,6.8,1,569,24.39,1,Full_Depth,2026-01-02,36.3363796,127.4203562,1,54.0
gnsoft2_251109213301_147736,36.3389582,127.4122357,대전광역시 중구 중촌동 466,2025,11,9,21,6,autumn,0,1,1,1,0.0,2025-11-09,1,0,0,1345,13.7,1305,1.95,0.0,1300,-9.0,0.75,-9.0,13.0,6.8,1,412,18.48,1,Patch,2025-12-06,36.3389582,127.4122357,1,27.0
gnsoft2_251109213514_148482,36.3366077,127.4203308,대전광역시 중구 선화동 260-1,2025,11,9,21,6,autumn,0,4,6,6,0.0,2025-11-09,1,0,0,1345,13.7,1305,1.95,0.0,1300,-9.0,0.75,-9.0,13.0,6.8,1,601,25.19,1,Full_Depth,2025-12-30,36.3366077,127.4203308,1,51.0
gnsoft2_251109213528_148617,36.336305,127.4204598,대전광역시 중구 선화동 920,2025,11,9,21,6,autumn,0,7,12,12,2.948581953,2025-11-09,1,1,1,1345,13.7,1305,1.95,0.0,1300,-9.0,0.75,-9.0,13.0,6.8,1,374,17.76,1,,,,,0,
gnsoft2_251110082715_154234,36.3443209,127.4210778,대전광역시 동구 삼성동 458,2025,11,10,8,0,autumn,1,2,3,3,13.26098832,2025-11-10,1,1,1,352,8.9,1447,2.31,-9.0,1200,-9.0,-9.0,-9.0,8.0,9.6,906,917,20.48,0,,,,,0,
gnsoft2_251110082717_154301,36.3453984,127.4217315,대전광역시 동구 홍도동 138-25,2025,11,10,8,0,autumn,1,1,1,1,10.87915952,2025-11-10,1,1,1,352,8.9,1447,2.31,-9.0,1200,-9.0,-9.0,-9.0,8.0,9.6,906,712,18.75,0,Full_Depth,2025-12-19,36.3453984,127.4217315,1,39.0
gnsoft2_251110082930_155298,36.3495989,127.420431,대전광역시 대덕구 오정동 677-9,2025,11,10,8,0,autumn,1,1,1,1,0.0,2025-11-10,1,0,0,352,8.9,1447,2.31,-9.0,1200,-9.0,-9.0,-9.0,8.0,9.6,906,587,36.82,0,,,,,0,
gnsoft2_251110083014_155640,36.3508296,127.4192625,대전광역시 대덕구 오정동 735,2025,11,10,8,0,autumn,1,4,6,6,0.0,2025-11-10,1,0,0,352,8.9,1447,2.31,-9.0,1200,-9.0,-9.0,-9.0,8.0,9.6,906,993,27.46,0,,,,,0,
gnsoft2_251110083201_156735,36.3549396,127.416977,대전광역시 대덕구 오정동 728,2025,11,10,8,0,autumn,1,3,7,7,0.0,2025-11-10,1,0,0,352,8.9,1447,2.31,-9.0,1200,-9.0,-9.0,-9.0,8.0,9.6,906,639,19.47,0,Full_Depth,2025-12-20,36.3549396,127.416977,1,40.0
gnsoft2_251110083815_160638,36.3745633,127.415359,대전광역시 대덕구 대화동 63-36,2025,11,10,8,0,autumn,1,2,3,3,3.234101451,2025-11-10,1,1,1,352,8.9,1447,2.31,-9.0,1200,-9.0,-9.0,-9.0,8.0,9.6,906,553,16.04,0,Mill_Overlay,2026-01-16,36.3745633,127.415359,1,67.0
gnsoft2_251110181347_167097,36.3907357,127.40799,대전광역시 유성구 문지동 661-3,2025,11,10,18,0,autumn,1,3,3,3,0.0,2025-11-10,1,0,0,352,8.9,1447,2.31,-9.0,1200,-9.0,-9.0,-9.0,8.0,9.6,906,794,28.78,0,Mill_Overlay,2026-03-04,36.3907357,127.40799,1,114.0
gnsoft2_251110181431_167246,36.3901487,127.4067646,대전광역시 유성구 문지동 667,2025,11,10,18,0,autumn,1,3,5,5,5.97219018,2025-11-10,1,1,1,352,8.9,1447,2.31,-9.0,1200,-9.0,-9.0,-9.0,8.0,9.6,906,492,19.4,0,Full_Depth,2025-11-28,36.3901487,127.4067646,1,18.0
gnsoft2_251110181621_167844,36.3894595,127.4049562,대전광역시 유성구 문지동 105-6,2025,11,10,18,0,autumn,1,1,1,1,0.0,2025-11-10,1,0,0,352,8.9,1447,2.31,-9.0,1200,-9.0,-9.0,-9.0,8.0,9.6,906,1124,18.59,0,Patch,2025-12-19,36.3894595,127.4049562,1,39.0
gnsoft2_251110181741_168258,36.3865983,127.4050545,대전광역시 유성구 원촌동 141-2,2025,11,10,18,0,autumn,1,1,1,1,0.0,2025-11-10,1,0,0,352,8.9,1447,2.31,-9.0,1200,-9.0,-9.0,-9.0,8.0,9.6,906,411,17.17,0,,,,,0,
gnsoft2_251110181948_168640,36.3841401,127.4054674,대전광역시 유성구 원촌동 135-2,2025,11,10,18,0,autumn,1,1,1,1,0.0,2025-11-10,1,0,0,352,8.9,1447,2.31,-9.0,1200,-9.0,-9.0,-9.0,8.0,9.6,906,358,15.53,0,,,,,0,
gnsoft2_251110182015_168737,36.3821217,127.406116,대전광역시 유성구 원촌동 90,2025,11,10,18,0,autumn,1,1,2,2,0.0,2025-11-10,1,0,0,352,8.9,1447,2.31,-9.0,1200,-9.0,-9.0,-9.0,8.0,9.6,906,458,18.44,0,Mill_Overlay,2026-01-31,36.3821217,127.406116,1,82.0
gnsoft2_251110182044_168759,36.3818829,127.4062027,대전광역시 유성구 원촌동 90,2025,11,10,18,0,autumn,1,2,3,3,0.0,2025-11-10,1,0,0,352,8.9,1447,2.31,-9.0,1200,-9.0,-9.0,-9.0,8.0,9.6,906,1101,34.2,0,Mill_Overlay,2025-12-13,36.3818829,127.4062027,1,33.0
gnsoft2_251110182257_169736,36.3805107,127.4066234,대전광역시 유성구 원촌동 90,2025,11,10,18,0,autumn,1,3,4,4,3.44352318,2025-11-10,1,1,1,352,8.9,1447,2.31,-9.0,1200,-9.0,-9.0,-9.0,8.0,9.6,906,292,15.54,0,Mill_Overlay,2025-12-14,36.3805107,127.4066234,1,34.0
gnsoft2_251110182900_170538,36.3792879,127.4086323,대전광역시 유성구 원촌동 269-10,2025,11,10,18,0,autumn,1,1,2,2,0.0,2025-11-10,1,0,0,352,8.9,1447,2.31,-9.0,1200,-9.0,-9.0,-9.0,8.0,9.6,906,448,11.52,0,,,,,0,
gnsoft2_251110183206_170769,36.3789239,127.4091388,대전광역시 유성구 원촌동 266,2025,11,10,18,0,autumn,1,1,1,1,0.0,2025-11-10,1,0,0,352,8.9,1447,2.31,-9.0,1200,-9.0,-9.0,-9.0,8.0,9.6,906,1043,38.35,0,,,,,0,
gnsoft2_251110183656_171417,36.3764047,127.4128279,대전광역시 대덕구 읍내동 509-9,2025,11,10,18,0,autumn,1,1,2,2,0.0,2025-11-10,1,0,0,352,8.9,1447,2.31,-9.0,1200,-9.0,-9.0,-9.0,8.0,9.6,906,543,39.69,0,Mill_Overlay,2026-01-31,36.3764047,127.4128279,1,82.0
gnsoft2_251110183856_171583,36.3754327,127.4148294,대전광역시 대덕구 대화동 568-33,2025,11,10,18,0,autumn,1,1,1,1,0.0,2025-11-10,1,0,0,352,8.9,1447,2.31,-9.0,1200,-9.0,-9.0,-9.0,8.0,9.6,906,915,11.81,0,,,,,0,
gnsoft2_251110183927_171692,36.3743077,127.4154939,대전광역시 대덕구 대화동 63-36,2025,11,10,18,0,autumn,1,3,4,4,6.229612668,2025-11-10,1,1,1,352,8.9,1447,2.31,-9.0,1200,-9.0,-9.0,-9.0,8.0,9.6,906,882,27.42,0,Mill_Overlay,2025-12-18,36.3743077,127.4154939,1,38.0
gnsoft2_251110183944_0,36.3732325,127.4160299,대전광역시 대덕구 읍내동 450-6,2025,11,10,18,0,autumn,1,1,2,2,0.0,2025-11-10,1,0,0,352,8.9,1447,2.31,-9.0,1200,-9.0,-9.0,-9.0,8.0,9.6,906,546,13.03,0,,,,,0,
gnsoft2_251110183958_171821,36.3722483,127.4167235,대전광역시 대덕구 대화동 568-6,2025,11,10,18,0,autumn,1,2,2,2,6.706807466,2025-11-10,1,1,1,352,8.9,1447,2.31,-9.0,1200,-9.0,-9.0,-9.0,8.0,9.6,906,1036,11.21,0,Mill_Overlay,2025-12-12,36.3722483,127.4167235,1,32.0
gnsoft2_251110184013_0,36.3716016,127.4173741,대전광역시 대덕구 대화동 1-9,2025,11,10,18,0,autumn,1,1,1,1,13.08403183,2025-11-10,1,1,1,352,8.9,1447,2.31,-9.0,1200,-9.0,-9.0,-9.0,8.0,9.6,906,496,34.68,0,Full_Depth,2026-01-02,36.3716016,127.4173741,1,53.0
gnsoft2_251110184722_173433,36.3560556,127.4163432,대전광역시 대덕구 오정동 404-10,2025,11,10,18,0,autumn,1,1,1,1,7.230028023,2025-11-10,1,1,1,352,8.9,1447,2.31,-9.0,1200,-9.0,-9.0,-9.0,8.0,9.6,906,400,32.46,0,Mill_Overlay,2026-03-08,36.3560556,127.4163432,1,118.0
gnsoft2_251110184741_173551,36.355713,127.4164732,대전광역시 대덕구 오정동 686-5,2025,11,10,18,0,autumn,1,2,2,2,0.0,2025-11-10,1,0,0,352,8.9,1447,2.31,-9.0,1200,-9.0,-9.0,-9.0,8.0,9.6,906,1072,14.98,0,Mill_Overlay,2025-12-19,36.355713,127.4164732,1,39.0
gnsoft2_251110184757_173689,36.353938,127.4174414,대전광역시 대덕구 오정동 429-24,2025,11,10,18,0,autumn,1,1,1,1,0.0,2025-11-10,1,0,0,352,8.9,1447,2.31,-9.0,1200,-9.0,-9.0,-9.0,8.0,9.6,906,479,42.27,0,,,,,0,
gnsoft2_251110184804_173768,36.3531435,127.4179564,대전광역시 대덕구 오정동 728,2025,11,10,18,0,autumn,1,4,8,8,0.0,2025-11-10,1,0,0,352,8.9,1447,2.31,-9.0,1200,-9.0,-9.0,-9.0,8.0,9.6,906,941,39.55,0,Full_Depth,2025-12-22,36.3531435,127.4179564,1,42.0
gnsoft2_251110184826_173915,36.3511347,127.4190859,대전광역시 대덕구 오정동 445-9,2025,11,10,18,0,autumn,1,1,1,1,1.93191571,2025-11-10,1,1,1,352,8.9,1447,2.31,-9.0,1200,-9.0,-9.0,-9.0,8.0,9.6,906,1039,24.92,0,Crack_Seal,2025-12-09,36.3511347,127.4190859,1,29.0
gnsoft2_251110184933_174265,36.3475714,127.4219522,대전광역시 동구 홍도동 826-3,2025,11,10,18,0,autumn,1,1,1,1,0.0,2025-11-10,1,0,0,352,8.9,1447,2.31,-9.0,1200,-9.0,-9.0,-9.0,8.0,9.6,906,414,23.18,0,,,,,0,
gnsoft2_251110184955_174368,36.3473155,127.4221547,대전광역시 동구 홍도동 826-3,2025,11,10,18,0,autumn,1,2,2,2,0.0,2025-11-10,1,0,0,352,8.9,1447,2.31,-9.0,1200,-9.0,-9.0,-9.0,8.0,9.6,906,724,35.73,0,Mill_Overlay,2025-12-10,36.3473155,127.4221547,1,30.0
gnsoft2_251110185017_174513,36.3455607,127.4239057,대전광역시 동구 홍도동 825-2,2025,11,10,18,0,autumn,1,1,1,1,0.0,2025-11-10,1,0,0,352,8.9,1447,2.31,-9.0,1200,-9.0,-9.0,-9.0,8.0,9.6,906,524,38.54,0,,,,,0,
gnsoft2_251110185032_174590,36.3438065,127.425851,대전광역시 동구 홍도동 16-35,2025,11,10,18,0,autumn,1,1,1,1,0.0,2025-11-10,1,0,0,352,8.9,1447,2.31,-9.0,1200,-9.0,-9.0,-9.0,8.0,9.6,906,950,36.85,0,Patch,2025-12-31,36.3438065,127.425851,1,51.0
gnsoft2_251110185048_174689,36.3425761,127.427323,대전광역시 동구 성남동 226-3,2025,11,10,18,0,autumn,1,1,2,2,0.0,2025-11-10,1,0,0,352,8.9,1447,2.31,-9.0,1200,-9.0,-9.0,-9.0,8.0,9.6,906,583,38.37,0,Mill_Overlay,2026-01-24,36.3425761,127.427323,1,75.0
gnsoft2_251110185102_174752,36.3413728,127.428438,대전광역시 동구 성남동 226-13,2025,11,10,18,0,autumn,1,1,1,1,0.0,2025-11-10,1,0,0,352,8.9,1447,2.31,-9.0,1200,-9.0,-9.0,-9.0,8.0,9.6,906,1128,30.6,0,Patch,2026-01-02,36.3413728,127.428438,1,53.0
gnsoft2_251110185119_0,36.3407718,127.4289864,대전광역시 동구 삼성동 466-5,2025,11,10,18,0,autumn,1,1,1,1,11.53128836,2025-11-10,1,1,1,352,8.9,1447,2.31,-9.0,1200,-9.0,-9.0,-9.0,8.0,9.6,906,569,26.02,0,Full_Depth,2025-12-21,36.3407718,127.4289864,1,41.0
gnsoft2_251110185404_176264,36.3376525,127.4283474,대전광역시 동구 삼성동 457,2025,11,10,18,0,autumn,1,1,1,1,9.275194149,2025-11-10,1,1,1,352,8.9,1447,2.31,-9.0,1200,-9.0,-9.0,-9.0,8.0,9.6,906,974,34.72,0,,,,,0,
gnsoft2_251110185607_176984,36.3356019,127.4212047,대전광역시 중구 선화동 920,2025,11,10,18,0,autumn,1,8,13,13,0.0,2025-11-10,1,0,0,352,8.9,1447,2.31,-9.0,1200,-9.0,-9.0,-9.0,8.0,9.6,906,430,21.11,0,Full_Depth,2025-12-05,36.3356019,127.4212047,1,25.0
gnsoft2_251110185643_177394,36.336046,127.4206062,대전광역시 중구 선화동 920,2025,11,10,18,0,autumn,1,9,14,14,0.0,2025-11-10,1,0,0,352,8.9,1447,2.31,-9.0,1200,-9.0,-9.0,-9.0,8.0,9.6,906,998,21.92,0,Full_Depth,2026-01-01,36.336046,127.4206062,1,52.0
gnsoft2_251111080851_178390,36.3363379,127.4206062,대전광역시 중구 선화동 920,2025,11,11,8,1,autumn,1,8,15,15,0.0,2025-11-11,1,0,0,1358,8.2,1509,2.21,-9.0,1100,-9.0,-9.0,-9.0,7.7,8.0,2220,697,25.95,0,,,,,0,
gnsoft2_251111081012_179461,36.3362745,127.4195667,대전광역시 중구 선화동 903,2025,11,11,8,1,autumn,1,1,2,2,0.0,2025-11-11,1,0,0,1358,8.2,1509,2.21,-9.0,1100,-9.0,-9.0,-9.0,7.7,8.0,2220,732,21.0,0,,,,,0,
gnsoft2_251111081353_181448,36.3408705,127.4214937,대전광역시 동구 삼성동 458,2025,11,11,8,1,autumn,1,3,4,4,0.0,2025-11-11,1,0,0,1358,8.2,1509,2.21,-9.0,1100,-9.0,-9.0,-9.0,7.7,8.0,2220,351,13.62,0,Mill_Overlay,2026-02-23,36.3408705,127.4214937,1,104.0
gnsoft2_251111081418_181767,36.341373,127.4223252,대전광역시 동구 삼성동 480-1,2025,11,11,8,1,autumn,1,2,2,2,4.265954715,2025-11-11,1,1,1,1358,8.2,1509,2.21,-9.0,1100,-9.0,-9.0,-9.0,7.7,8.0,2220,930,38.9,0,Mill_Overlay,2026-03-01,36.341373,127.4223252,1,110.0
gnsoft2_251111081520_182009,36.3424494,127.4236784,대전광역시 동구 삼성동 458,2025,11,11,8,1,autumn,1,4,5,5,0.0,2025-11-11,1,0,0,1358,8.2,1509,2.21,-9.0,1100,-9.0,-9.0,-9.0,7.7,8.0,2220,287,20.02,0,Full_Depth,2025-12-03,36.3424494,127.4236784,1,22.0
gnsoft2_251111081623_182440,36.3445329,127.4239053,대전광역시 동구 홍도동 17-1,2025,11,11,8,1,autumn,1,1,1,1,14.55020097,2025-11-11,1,1,1,1358,8.2,1509,2.21,-9.0,1100,-9.0,-9.0,-9.0,7.7,8.0,2220,358,9.68,0,Full_Depth,2025-11-30,36.3445329,127.4239053,1,19.0
gnsoft2_251111082142_184990,36.3535923,127.4177761,대전광역시 대덕구 오정동 687-1,2025,11,11,8,1,autumn,1,1,1,1,0.0,2025-11-11,1,0,0,1358,8.2,1509,2.21,-9.0,1100,-9.0,-9.0,-9.0,7.7,8.0,2220,902,14.89,0,Patch,2025-12-27,36.3535923,127.4177761,1,46.0
gnsoft2_251111082210_185234,36.3554388,127.4166569,대전광역시 대덕구 오정동 728,2025,11,11,8,1,autumn,1,3,9,9,0.0,2025-11-11,1,0,0,1358,8.2,1509,2.21,-9.0,1100,-9.0,-9.0,-9.0,7.7,8.0,2220,746,11.88,0,Full_Depth,2025-12-31,36.3554388,127.4166569,1,50.0
gnsoft2_251111082221_185302,36.3563331,127.4163292,대전광역시 대덕구 오정동 728,2025,11,11,8,1,autumn,1,4,10,10,0.0,2025-11-11,1,0,0,1358,8.2,1509,2.21,-9.0,1100,-9.0,-9.0,-9.0,7.7,8.0,2220,931,9.28,0,Full_Depth,2026-01-03,36.3563331,127.4163292,1,53.0
gnsoft2_251111082316_186073,36.3588966,127.417027,대전광역시 대덕구 오정동 41-2,2025,11,11,8,1,autumn,1,1,1,1,0.0,2025-11-11,1,0,0,1358,8.2,1509,2.21,-9.0,1100,-9.0,-9.0,-9.0,7.7,8.0,2220,351,14.57,0,Patch,2025-11-20,36.3588966,127.417027,1,9.0
gnsoft2_251111082339_186325,36.3597618,127.4173442,대전광역시 대덕구 오정동 40-9,2025,11,11,8,1,autumn,1,1,1,1,0.0,2025-11-11,1,0,0,1358,8.2,1509,2.21,-9.0,1100,-9.0,-9.0,-9.0,7.7,8.0,2220,992,41.31,0,Patch,2026-01-09,36.3597618,127.4173442,1,59.0
gnsoft2_251111082724_188111,36.3677811,127.417822,대전광역시 대덕구 대화동 16-333,2025,11,11,8,1,autumn,1,1,1,1,11.98685896,2025-11-11,1,1,1,1358,8.2,1509,2.21,-9.0,1100,-9.0,-9.0,-9.0,7.7,8.0,2220,603,21.62,0,,,,,0,
gnsoft2_251111082737_188303,36.3677025,127.4153274,대전광역시 대덕구 대화동 37-9,2025,11,11,8,1,autumn,1,1,1,1,0.0,2025-11-11,1,0,0,1358,8.2,1509,2.21,-9.0,1100,-9.0,-9.0,-9.0,7.7,8.0,2220,989,38.91,0,Patch,2025-11-26,36.3677025,127.4153274,1,15.0
gnsoft2_251111082751_188445,36.3680949,127.4139367,대전광역시 대덕구 대화동 38-39,2025,11,11,8,1,autumn,1,1,1,1,4.012041134,2025-11-11,1,1,1,1358,8.2,1509,2.21,-9.0,1100,-9.0,-9.0,-9.0,7.7,8.0,2220,332,7.6,0,,,,,0,
gnsoft2_251111083550_192308,36.3778443,127.4108057,대전광역시 대덕구 읍내동 505-3,2025,11,11,8,1,autumn,1,1,2,2,3.816705407,2025-11-11,1,1,1,1358,8.2,1509,2.21,-9.0,1100,-9.0,-9.0,-9.0,7.7,8.0,2220,992,35.41,0,Mill_Overlay,2026-02-11,36.3778443,127.4108057,1,92.0
RAD01_240119162357_441,36.384627,127.3434593,대전광역시 유성구 신성동 산 26-12,2024,2,6,10,1,winter,0,1,1,1,0.0,2024-02-06,1,0,0,1747,1.7,1559,0.56,1.1,1500,0.0,10.08,-9.0,3.7,0.0,1042,525,7.03,0,,,,,0,
RAD01_240119162610_0,36.398713,127.3578639,대전광역시 유성구 장동 202-11,2024,1,19,16,4,winter,0,1,1,1,0.0,2024-01-19,1,0,0,1044,5.9,1256,2.08,-9.0,1200,0.0,-9.0,-9.0,5.5,3.1,955,717,6.51,0,Patch,2024-02-21,36.398713,127.3578639,1,33.0
RAD01_240119162611_0,36.3987826,127.3580054,대전광역시 유성구 장동 202-11,2024,1,19,16,4,winter,0,2,2,2,0.0,2024-01-19,1,0,0,1044,5.9,1256,2.08,-9.0,1200,0.0,-9.0,-9.0,5.5,3.1,955,540,28.26,0,Mill_Overlay,2024-04-03,36.3987826,127.3580054,1,75.0
RAD01_240119163618_0,36.4278992,127.387323,대전광역시 유성구 관평동 1286,2024,1,19,16,4,winter,0,1,1,1,0.0,2024-01-19,1,0,0,1044,5.9,1256,2.08,-9.0,1200,0.0,-9.0,-9.0,5.5,3.1,955,602,19.93,0,Patch,2024-03-14,36.4278992,127.387323,1,55.0
RAD01_240119163629_608,36.4277407,127.3877235,대전광역시 유성구 관평동 1286,2024,1,19,16,4,winter,0,2,2,2,0.0,2024-01-19,1,0,0,1044,5.9,1256,2.08,-9.0,1200,0.0,-9.0,-9.0,5.5,3.1,955,960,10.69,0,,,,,0,
RAD01_240119164934_756,36.3947088,127.4063607,대전광역시 유성구 문지동 668,2024,1,19,16,4,winter,0,1,1,1,7.752774253,2024-01-19,1,1,1,1044,5.9,1256,2.08,-9.0,1200,0.0,-9.0,-9.0,5.5,3.1,955,581,16.6,0,Mill_Overlay,2024-04-11,36.3947088,127.4063607,1,83.0
RAD01_240119164934_757,36.3947088,127.4063607,대전광역시 유성구 문지동 668,2024,1,19,16,4,winter,0,2,2,2,1.388679698,2024-01-19,1,1,1,1044,5.9,1256,2.08,-9.0,1200,0.0,-9.0,-9.0,5.5,3.1,955,432,24.29,0,,,,,0,
RAD01_240123131440_0,36.3947369,127.4064668,대전광역시 유성구 문지동 636-5,2024,1,23,13,1,winter,0,1,1,1,0.0,2024-01-23,1,0,0,1454,-9.2,1240,1.64,0.1,1100,0.1,12.75,-9.0,-3.3,4.1,239,326,27.95,0,,,,,0,
RAD01_240123131442_0,36.3947396,127.4063573,대전광역시 유성구 문지동 636-5,2024,1,23,13,1,winter,0,2,2,2,0.0,2024-01-23,1,0,0,1454,-9.2,1240,1.64,0.1,1100,0.1,12.75,-9.0,-3.3,4.1,239,413,32.0,0,Mill_Overlay,2024-04-03,36.3947396,127.4063573,1,71.0
RAD01_240123131531_778,36.3947283,127.4064311,대전광역시 유성구 문지동 668,2024,1,31,17,2,winter,0,1,3,3,0.0,2024-01-31,1,0,0,1332,5.9,1448,2.15,0.0,1300,-9.0,0.77,-9.0,4.5,5.4,206,690,11.69,0,Mill_Overlay,2024-03-14,36.3947283,127.4064311,1,43.0
RAD01_240213153936_834,36.3585467,127.3395623,대전광역시 유성구 장대동 373,2024,2,13,15,1,winter,0,1,1,1,0.0,2024-02-13,1,0,0,1302,8.4,1445,2.41,-9.0,1300,0.0,-9.0,-9.0,6.2,8.4,221,407,10.8,0,Patch,2024-03-27,36.3585467,127.3395623,1,43.0
RAD01_240213154014_910,36.3578354,127.3393284,대전광역시 유성구 장대동 371,2024,2,13,15,1,winter,0,1,1,1,0.0,2024-02-13,1,0,0,1302,8.4,1445,2.41,-9.0,1300,0.0,-9.0,-9.0,6.2,8.4,221,535,37.34,0,,,,,0,
RAD01_240213154015_910,36.3578351,127.3393027,대전광역시 유성구 장대동 371,2024,2,13,15,1,winter,0,2,2,2,0.0,2024-02-13,1,0,0,1302,8.4,1445,2.41,-9.0,1300,0.0,-9.0,-9.0,6.2,8.4,221,1107,8.79,0,Mill_Overlay,2024-03-28,36.3578351,127.3393027,1,44.0
RAD01_240219102657_862,36.358133,127.3308762,대전광역시 유성구 장대동 214-1,2024,2,19,10,0,winter,0,1,1,1,0.0,2024-02-19,1,0,0,1349,9.8,1344,0.59,16.6,1300,1.2,13.83,-9.0,9.7,0.0,2253,647,15.7,0,,,,,0,
RAD01_240219102749_988,36.3570298,127.3314584,대전광역시 유성구 구암동 527-66,2024,2,19,10,0,winter,0,1,1,1,0.0,2024-02-19,1,0,0,1349,9.8,1344,0.59,16.6,1300,1.2,13.83,-9.0,9.7,0.0,2253,581,20.54,0,Patch,2024-03-25,36.3570298,127.3314584,1,35.0
RAD01_240219103007_1358,36.3475661,127.3253124,대전광역시 유성구 구암동 225-4,2024,2,19,10,0,winter,0,1,1,1,0.0,2024-02-19,1,0,0,1349,9.8,1344,0.59,16.6,1300,1.2,13.83,-9.0,9.7,0.0,2253,542,17.46,0,Patch,2024-03-07,36.3475661,127.3253124,1,17.0
RAD01_240219103208_0,36.3310185,127.31368,대전광역시 유성구 용계동 384-3,2024,2,19,10,0,winter,0,1,1,1,13.44562795,2024-02-19,1,1,1,1349,9.8,1344,0.59,16.6,1300,1.2,13.83,-9.0,9.7,0.0,2253,440,46.09,0,Full_Depth,2024-04-18,36.3310185,127.31368,1,59.0
RAD01_240219103318_1679,36.3242027,127.312385,대전광역시 유성구 용계동 402-11,2024,2,19,10,0,winter,0,1,1,1,0.0,2024-02-19,1,0,0,1349,9.8,1344,0.59,16.6,1300,1.2,13.83,-9.0,9.7,0.0,2253,408,15.8,0,,,,,0,
RAD01_240219104141_0,36.2853379,127.310041,대전광역시 유성구 방동 19-25,2024,2,19,10,0,winter,0,1,1,1,0.0,2024-02-19,1,0,0,1349,9.8,1344,0.59,16.6,1300,1.2,13.83,-9.0,9.7,0.0,2253,581,9.88,0,Patch,2024-04-16,36.2853379,127.310041,1,57.0
RAD01_240219104141_2309,36.2853379,127.310041,대전광역시 유성구 방동 19-25,2024,2,19,10,0,winter,0,2,2,2,0.0,2024-02-19,1,0,0,1349,9.8,1344,0.59,16.6,1300,1.2,13.83,-9.0,9.7,0.0,2253,274,33.33,0,,,,,0,
RAD01_240219104725_2461,36.2892073,127.3042381,대전광역시 유성구 방동 산 5-6,2024,2,19,10,0,winter,0,1,1,1,0.0,2024-02-19,1,0,0,1349,9.8,1344,0.59,16.6,1300,1.2,13.83,-9.0,9.7,0.0,2253,340,20.38,0,,,,,0,
RAD01_240219105109_0,36.3064217,127.2916407,대전광역시 유성구 성북동 731,2024,2,19,10,0,winter,0,1,1,1,0.0,2024-02-19,1,0,0,1349,9.8,1344,0.59,16.6,1300,1.2,13.83,-9.0,9.7,0.0,2253,580,14.52,0,,,,,0,
RAD01_240219105316_0,36.314643,127.2845264,대전광역시 유성구 성북동 663-3,2024,2,19,10,0,winter,0,1,1,1,0.0,2024-02-19,1,0,0,1349,9.8,1344,0.59,16.6,1300,1.2,13.83,-9.0,9.7,0.0,2253,575,37.34,0,,,,,0,
RAD01_240228095318_25,36.3679095,127.3179348,대전광역시 유성구 노은동 583,2024,2,28,9,2,winter,1,1,1,1,7.844106537,2024-02-28,1,1,1,8,6.3,1637,2.16,-9.0,1200,-9.0,-9.0,-9.0,5.9,3.7,916,764,36.9,0,Mill_Overlay,2024-04-30,36.3679095,127.3179348,1,62.0
RAD01_240228095320_0,36.3680735,127.317937,대전광역시 유성구 노은동 583,2024,2,28,9,2,winter,1,2,2,2,0.0,2024-02-28,1,0,0,8,6.3,1637,2.16,-9.0,1200,-9.0,-9.0,-9.0,5.9,3.7,916,1112,10.71,0,,,,,0,
RAD01_240228095338_0,36.3698051,127.3179408,대전광역시 유성구 노은동 583,2024,2,28,9,2,winter,1,3,3,3,12.60723935,2024-02-28,1,1,1,8,6.3,1637,2.16,-9.0,1200,-9.0,-9.0,-9.0,5.9,3.7,916,437,6.27,0,Full_Depth,2024-04-23,36.3698051,127.3179408,1,55.0
RAD01_240228095338_56,36.3698051,127.3179408,대전광역시 유성구 노은동 583,2024,2,28,9,2,winter,1,4,4,4,0.0,2024-02-28,1,0,0,8,6.3,1637,2.16,-9.0,1200,-9.0,-9.0,-9.0,5.9,3.7,916,398,9.87,0,Mill_Overlay,2024-06-22,36.3698051,127.3179408,1,115.0
RAD01_240228095344_0,36.3704938,127.3179494,대전광역시 유성구 노은동 583,2024,2,28,9,2,winter,1,5,5,5,0.0,2024-02-28,1,0,0,8,6.3,1637,2.16,-9.0,1200,-9.0,-9.0,-9.0,5.9,3.7,916,591,22.57,0,Full_Depth,2024-04-01,36.3704938,127.3179494,1,33.0
RAD01_240228095344_74,36.3704938,127.3179494,대전광역시 유성구 노은동 583,2024,2,28,9,2,winter,1,6,6,6,7.765974269,2024-02-28,1,1,1,8,6.3,1637,2.16,-9.0,1200,-9.0,-9.0,-9.0,5.9,3.7,916,813,14.06,0,Full_Depth,2024-03-19,36.3704938,127.3179494,1,20.0
RAD01_240228095345_0,36.3706104,127.3179487,대전광역시 유성구 노은동 583,2024,2,28,9,2,winter,1,7,7,7,0.0,2024-02-28,1,0,0,8,6.3,1637,2.16,-9.0,1200,-9.0,-9.0,-9.0,5.9,3.7,916,648,10.1,0,Full_Depth,2024-03-19,36.3706104,127.3179487,1,20.0
RAD01_240228095346_0,36.3707234,127.3179481,대전광역시 유성구 노은동 583,2024,2,28,9,2,winter,1,8,8,8,0.0,2024-02-28,1,0,0,8,6.3,1637,2.16,-9.0,1200,-9.0,-9.0,-9.0,5.9,3.7,916,338,21.07,0,Full_Depth,2024-04-19,36.3707234,127.3179481,1,51.0
RAD01_240228095346_104,36.3707234,127.3179481,대전광역시 유성구 노은동 583,2024,2,28,9,2,winter,1,9,9,9,0.0,2024-02-28,1,0,0,8,6.3,1637,2.16,-9.0,1200,-9.0,-9.0,-9.0,5.9,3.7,916,800,27.03,0,Full_Depth,2024-04-11,36.3707234,127.3179481,1,43.0
RAD01_240228095347_0,36.3708335,127.3179467,대전광역시 유성구 노은동 583,2024,2,28,9,2,winter,1,10,10,10,0.0,2024-02-28,1,0,0,8,6.3,1637,2.16,-9.0,1200,-9.0,-9.0,-9.0,5.9,3.7,916,383,16.15,0,Full_Depth,2024-04-24,36.3708335,127.3179467,1,56.0
RAD01_240228095637_0,36.3772019,127.3179964,대전광역시 유성구 지족동 946,2024,2,28,9,2,winter,1,1,1,1,1.794932266,2024-02-28,1,1,1,8,6.3,1637,2.16,-9.0,1200,-9.0,-9.0,-9.0,5.9,3.7,916,1035,17.55,0,,,,,0,
RAD01_240228100056_454,36.3891324,127.3230918,대전광역시 유성구 하기동 603,2024,2,28,10,2,winter,0,1,1,1,10.99085913,2024-02-28,1,1,1,8,6.3,1637,2.16,-9.0,1200,-9.0,-9.0,-9.0,5.9,3.7,916,626,23.35,0,Full_Depth,2024-03-17,36.3891324,127.3230918,1,18.0
RAD01_240228100328_0,36.3863707,127.3388738,대전광역시 유성구 하기동 148-12,2024,2,28,10,2,winter,0,1,1,1,0.0,2024-02-28,1,0,0,8,6.3,1637,2.16,-9.0,1200,-9.0,-9.0,-9.0,5.9,3.7,916,982,9.31,0,,,,,0,
RAD01_240228100553_0,36.3849861,127.3433102,대전광역시 유성구 신성동 산 26-8,2024,2,28,10,2,winter,0,1,1,1,2.736746045,2024-02-28,1,1,1,8,6.3,1637,2.16,-9.0,1200,-9.0,-9.0,-9.0,5.9,3.7,916,662,39.38,0,Crack_Seal,2024-05-06,36.3849861,127.3433102,1,68.0
RAD01_240228100627_0,36.3891955,127.3447508,대전광역시 유성구 하기동 26-3,2024,2,28,10,2,winter,0,1,1,1,8.462436046,2024-02-28,1,1,1,8,6.3,1637,2.16,-9.0,1200,-9.0,-9.0,-9.0,5.9,3.7,916,451,28.99,0,Mill_Overlay,2024-05-12,36.3891955,127.3447508,1,74.0
RAD01_240228100628_0,36.3893236,127.3448486,대전광역시 유성구 하기동 20-7,2024,2,28,10,2,winter,0,1,1,1,3.241282478,2024-02-28,1,1,1,8,6.3,1637,2.16,-9.0,1200,-9.0,-9.0,-9.0,5.9,3.7,916,385,13.05,0,Crack_Seal,2024-04-07,36.3893236,127.3448486,1,39.0
RAD01_240228123320_0,36.3868535,127.3630185,대전광역시 유성구 장동 산 17-45,2024,2,28,12,2,winter,0,1,1,1,0.0,2024-02-28,1,0,0,8,6.3,1637,2.16,-9.0,1200,-9.0,-9.0,-9.0,5.9,3.7,916,561,19.25,0,Patch,2024-03-23,36.3868535,127.3630185,1,24.0
RAD01_240228123449_0,36.3843426,127.3640941,대전광역시 유성구 가정동 산 16-5,2024,2,28,12,2,winter,0,1,1,1,0.0,2024-02-28,1,0,0,8,6.3,1637,2.16,-9.0,1200,-9.0,-9.0,-9.0,5.9,3.7,916,335,27.57,0,Patch,2024-04-01,36.3843426,127.3640941,1,33.0
RAD01_240228123450_0,36.3842919,127.3641628,대전광역시 유성구 가정동 산 16-5,2024,2,28,12,2,winter,0,2,2,2,5.312120304,2024-02-28,1,1,1,8,6.3,1637,2.16,-9.0,1200,-9.0,-9.0,-9.0,5.9,3.7,916,852,22.85,0,Mill_Overlay,2024-06-25,36.3842919,127.3641628,1,118.0
RAD01_240228145248_0,36.4128809,127.3781164,대전광역시 유성구 화암동 120-3,2024,2,28,14,2,winter,0,1,1,1,0.0,2024-02-28,1,0,0,8,6.3,1637,2.16,-9.0,1200,-9.0,-9.0,-9.0,5.9,3.7,916,446,32.38,0,,,,,0,
RAD01_240228145407_0,36.40712,127.3737935,대전광역시 유성구 방현동 349,2024,2,28,14,2,winter,0,1,1,1,0.0,2024-02-28,1,0,0,8,6.3,1637,2.16,-9.0,1200,-9.0,-9.0,-9.0,5.9,3.7,916,764,9.05,0,,,,,0,
RAD01_240228145410_0,36.4070017,127.3733759,대전광역시 유성구 방현동 9-12,2024,2,28,14,2,winter,0,1,1,1,9.333513577,2024-02-28,1,1,1,8,6.3,1637,2.16,-9.0,1200,-9.0,-9.0,-9.0,5.9,3.7,916,960,35.97,0,Mill_Overlay,2024-06-05,36.4070017,127.3733759,1,98.0
RAD01_240228145411_0,36.4069627,127.3732369,대전광역시 유성구 방현동 9-12,2024,2,28,14,2,winter,0,2,2,2,4.515263127,2024-02-28,1,1,1,8,6.3,1637,2.16,-9.0,1200,-9.0,-9.0,-9.0,5.9,3.7,916,392,14.73,0,Mill_Overlay,2024-04-24,36.4069627,127.3732369,1,56.0
RAD01_240228145433_0,36.4061274,127.3699225,대전광역시 유성구 방현동 386,2024,2,28,14,2,winter,0,1,1,1,0.0,2024-02-28,1,0,0,8,6.3,1637,2.16,-9.0,1200,-9.0,-9.0,-9.0,5.9,3.7,916,385,16.09,0,,,,,0,
RAD01_240228145452_0,36.405175,127.3669247,대전광역시 유성구 방현동 52-2,2024,2,28,14,2,winter,0,1,1,1,0.0,2024-02-28,1,0,0,8,6.3,1637,2.16,-9.0,1200,-9.0,-9.0,-9.0,5.9,3.7,916,859,20.09,0,,,,,0,
RAD01_240228145453_0,36.4050936,127.3667867,대전광역시 유성구 방현동 46-3,2024,2,28,14,2,winter,0,1,1,1,0.0,2024-02-28,1,0,0,8,6.3,1637,2.16,-9.0,1200,-9.0,-9.0,-9.0,5.9,3.7,916,391,23.2,0,,,,,0,
RAD01_240228145513_0,36.4031048,127.3644805,대전광역시 유성구 장동 산 1-17,2024,2,28,14,2,winter,0,1,1,1,0.0,2024-02-28,1,0,0,8,6.3,1637,2.16,-9.0,1200,-9.0,-9.0,-9.0,5.9,3.7,916,1088,38.96,0,,,,,0,
RAD01_240228145525_0,36.402108,127.3633649,대전광역시 유성구 장동 12-16,2024,2,28,14,2,winter,0,1,1,1,12.66842406,2024-02-28,1,1,1,8,6.3,1637,2.16,-9.0,1200,-9.0,-9.0,-9.0,5.9,3.7,916,519,14.59,0,Full_Depth,2024-04-20,36.402108,127.3633649,1,52.0
RAD01_240228145525_6865,36.402108,127.3633649,대전광역시 유성구 장동 12-16,2024,2,28,14,2,winter,0,2,2,2,0.0,2024-02-28,1,0,0,8,6.3,1637,2.16,-9.0,1200,-9.0,-9.0,-9.0,5.9,3.7,916,913,22.44,0,Mill_Overlay,2024-06-21,36.402108,127.3633649,1,114.0
RAD01_240228145526_6970,36.402108,127.3633649,대전광역시 유성구 장동 12-16,2024,2,28,14,2,winter,0,3,3,3,0.0,2024-02-28,1,0,0,8,6.3,1637,2.16,-9.0,1200,-9.0,-9.0,-9.0,5.9,3.7,916,947,32.23,0,,,,,0,
RAD01_240228145528_6994,36.4018474,127.3630709,대전광역시 유성구 장동 242-7,2024,2,28,14,2,winter,0,1,1,1,6.475158314,2024-02-28,1,1,1,8,6.3,1637,2.16,-9.0,1200,-9.0,-9.0,-9.0,5.9,3.7,916,989,35.44,0,,,,,0,
RAD01_240228145542_7141,36.4005483,127.3614934,대전광역시 유성구 장동 393-10,2024,2,28,14,2,winter,0,1,1,1,0.0,2024-02-28,1,0,0,8,6.3,1637,2.16,-9.0,1200,-9.0,-9.0,-9.0,5.9,3.7,916,867,36.74,0,Patch,2024-03-16,36.4005483,127.3614934,1,17.0
RAD01_240228153123_0,36.3854381,127.3582719,대전광역시 유성구 신성동 420-26,2024,2,28,15,2,winter,0,1,1,1,0.0,2024-02-28,1,0,0,8,6.3,1637,2.16,-9.0,1200,-9.0,-9.0,-9.0,5.9,3.7,916,773,6.23,0,Patch,2024-03-26,36.3854381,127.3582719,1,27.0
RAD01_240228153125_0,36.3854789,127.3580382,대전광역시 유성구 신성동 421,2024,2,28,15,2,winter,0,1,1,1,8.516110427,2024-02-28,1,1,1,8,6.3,1637,2.16,-9.0,1200,-9.0,-9.0,-9.0,5.9,3.7,916,457,27.55,0,Mill_Overlay,2024-04-20,36.3854789,127.3580382,1,52.0
RAD01_240228153126_0,36.3854999,127.3579175,대전광역시 유성구 신성동 421,2024,2,28,15,2,winter,0,2,2,2,0.0,2024-02-28,1,0,0,8,6.3,1637,2.16,-9.0,1200,-9.0,-9.0,-9.0,5.9,3.7,916,982,36.25,0,,,,,0,
RAD01_240228153839_0,36.3915143,127.327846,대전광역시 유성구 하기동 603,2024,2,28,15,2,winter,0,2,2,2,0.0,2024-02-28,1,0,0,8,6.3,1637,2.16,-9.0,1200,-9.0,-9.0,-9.0,5.9,3.7,916,857,34.91,0,Mill_Overlay,2024-04-11,36.3915143,127.327846,1,43.0
RAD01_240228154447_0,36.3871202,127.3254328,대전광역시 유성구 하기동 598,2024,2,28,15,2,winter,0,1,1,1,0.0,2024-02-28,1,0,0,8,6.3,1637,2.16,-9.0,1200,-9.0,-9.0,-9.0,5.9,3.7,916,415,7.51,0,Patch,2024-04-01,36.3871202,127.3254328,1,33.0
RAD01_240228154447_8371,36.3871202,127.3254328,대전광역시 유성구 하기동 598,2024,2,28,15,2,winter,0,2,2,2,0.0,2024-02-28,1,0,0,8,6.3,1637,2.16,-9.0,1200,-9.0,-9.0,-9.0,5.9,3.7,916,369,23.39,0,Mill_Overlay,2024-06-01,36.3871202,127.3254328,1,94.0
RAD01_240228154449_8373,36.3871151,127.3253464,대전광역시 유성구 하기동 598,2024,2,28,15,2,winter,0,3,3,3,9.230639052,2024-02-28,1,1,1,8,6.3,1637,2.16,-9.0,1200,-9.0,-9.0,-9.0,5.9,3.7,916,514,12.04,0,Mill_Overlay,2024-05-19,36.3871151,127.3253464,1,81.0
RAD01_240228154954_0,36.3856895,127.3210416,대전광역시 유성구 하기동 576,2024,2,28,15,2,winter,0,1,1,1,0.0,2024-02-28,1,0,0,8,6.3,1637,2.16,-9.0,1200,-9.0,-9.0,-9.0,5.9,3.7,916,534,29.33,0,,,,,0,
RAD01_240228154955_0,36.3855952,127.3210021,대전광역시 유성구 하기동 576,2024,2,28,15,2,winter,0,2,2,2,4.872118872,2024-02-28,1,1,1,8,6.3,1637,2.16,-9.0,1200,-9.0,-9.0,-9.0,5.9,3.7,916,889,36.66,0,,,,,0,
RAD01_240228155047_0,36.3848241,127.3216116,대전광역시 유성구 하기동 585,2024,2,28,15,2,winter,0,1,1,1,0.0,2024-02-28,1,0,0,8,6.3,1637,2.16,-9.0,1200,-9.0,-9.0,-9.0,5.9,3.7,916,1038,34.71,0,,,,,0,
RAD01_240228155047_8590,36.3848241,127.3216116,대전광역시 유성구 하기동 585,2024,2,28,15,2,winter,0,2,2,2,9.8309308,2024-02-28,1,1,1,8,6.3,1637,2.16,-9.0,1200,-9.0,-9.0,-9.0,5.9,3.7,916,1148,34.05,0,,,,,0,
RAD01_240228155048_8601,36.3847894,127.3216508,대전광역시 유성구 하기동 585,2024,2,28,15,2,winter,0,3,3,3,0.0,2024-02-28,1,0,0,8,6.3,1637,2.16,-9.0,1200,-9.0,-9.0,-9.0,5.9,3.7,916,650,33.61,0,,,,,0,
RAD01_240228155051_0,36.3846796,127.3217723,대전광역시 유성구 하기동 585,2024,2,28,15,2,winter,0,4,4,4,0.0,2024-02-28,1,0,0,8,6.3,1637,2.16,-9.0,1200,-9.0,-9.0,-9.0,5.9,3.7,916,947,22.56,0,Mill_Overlay,2024-05-06,36.3846796,127.3217723,1,68.0
RAD01_240228155107_0,36.3840117,127.3223719,대전광역시 유성구 하기동 585,2024,2,28,15,2,winter,0,5,5,5,0.0,2024-02-28,1,0,0,8,6.3,1637,2.16,-9.0,1200,-9.0,-9.0,-9.0,5.9,3.7,916,1100,19.4,0,Full_Depth,2024-04-12,36.3840117,127.3223719,1,44.0
RAD01_240228155126_0,36.3832674,127.3228578,대전광역시 유성구 죽동 630,2024,2,28,15,2,winter,0,1,1,1,0.0,2024-02-28,1,0,0,8,6.3,1637,2.16,-9.0,1200,-9.0,-9.0,-9.0,5.9,3.7,916,1078,38.55,0,Patch,2024-04-18,36.3832674,127.3228578,1,50.0
RAD01_240228155126_8735,36.3832674,127.3228578,대전광역시 유성구 죽동 630,2024,2,28,15,2,winter,0,2,2,2,0.0,2024-02-28,1,0,0,8,6.3,1637,2.16,-9.0,1200,-9.0,-9.0,-9.0,5.9,3.7,916,931,39.21,0,Mill_Overlay,2024-04-26,36.3832674,127.3228578,1,58.0
RAD01_240228155127_8734,36.3832251,127.3228831,대전광역시 유성구 죽동 630,2024,2,28,15,2,winter,0,3,3,3,12.68050825,2024-02-28,1,1,1,8,6.3,1637,2.16,-9.0,1200,-9.0,-9.0,-9.0,5.9,3.7,916,651,37.0,0,Full_Depth,2024-03-23,36.3832251,127.3228831,1,24.0
RAD01_240228155127_8755,36.3832251,127.3228831,대전광역시 유성구 죽동 630,2024,2,28,15,2,winter,0,4,4,4,0.0,2024-02-28,1,0,0,8,6.3,1637,2.16,-9.0,1200,-9.0,-9.0,-9.0,5.9,3.7,916,320,12.29,0,,,,,0,
RAD01_240229103554_0,36.3946284,127.3494326,대전광역시 유성구 자운동 515-21,2024,2,29,10,3,winter,0,1,5,5,0.0,2024-02-29,1,0,0,2400,5.1,1247,0.6,0.2,1400,0.2,3.0,-9.0,5.5,0.0,49,523,41.21,0,Full_Depth,2024-04-05,36.3946284,127.3494326,1,36.0
RAD01_240229122518_0,36.3980075,127.3565902,대전광역시 유성구 장동 419-1,2024,2,29,12,3,winter,0,1,1,1,0.0,2024-02-29,1,0,0,2400,5.1,1247,0.6,0.2,1400,0.2,3.0,-9.0,5.5,0.0,49,369,22.57,0,,,,,0,
RAD01_240229122524_0,36.3984571,127.3574104,대전광역시 유성구 장동 364-4,2024,2,29,12,3,winter,0,1,1,1,5.117446212,2024-02-29,1,1,1,2400,5.1,1247,0.6,0.2,1400,0.2,3.0,-9.0,5.5,0.0,49,832,39.59,0,,,,,0,
RAD01_240229122530_0,36.3989113,127.3583179,대전광역시 유성구 장동 202-10,2024,2,29,12,3,winter,0,1,1,1,0.0,2024-02-29,1,0,0,2400,5.1,1247,0.6,0.2,1400,0.2,3.0,-9.0,5.5,0.0,49,356,34.74,0,Patch,2024-04-11,36.3989113,127.3583179,1,42.0
RAD01_240229123038_0,36.417917,127.3785369,대전광역시 유성구 관평동 657-1,2024,2,29,12,3,winter,0,1,1,1,3.019272204,2024-02-29,1,1,1,2400,5.1,1247,0.6,0.2,1400,0.2,3.0,-9.0,5.5,0.0,49,379,36.97,0,Crack_Seal,2024-05-03,36.417917,127.3785369,1,64.0
RAD01_240229123100_0,36.4196966,127.3802026,대전광역시 유성구 덕진동 산 14-3,2024,2,29,12,3,winter,0,1,1,1,9.784247747,2024-02-29,1,1,1,2400,5.1,1247,0.6,0.2,1400,0.2,3.0,-9.0,5.5,0.0,49,553,12.93,0,,,,,0,
RAD01_240229123208_628,36.4266841,127.3852828,대전광역시 유성구 송강동 513,2024,2,29,12,3,winter,0,1,1,1,0.0,2024-02-29,1,0,0,2400,5.1,1247,0.6,0.2,1400,0.2,3.0,-9.0,5.5,0.0,49,751,38.74,0,Patch,2024-04-28,36.4266841,127.3852828,1,59.0
RAD01_240229131318_0,36.4299492,127.3829869,대전광역시 유성구 송강동 556,2024,2,29,13,3,winter,0,1,1,1,0.0,2024-02-29,1,0,0,2400,5.1,1247,0.6,0.2,1400,0.2,3.0,-9.0,5.5,0.0,49,406,40.8,0,,,,,0,
RAD01_240229131318_1119,36.4299492,127.3829869,대전광역시 유성구 송강동 556,2024,2,29,13,3,winter,0,2,2,2,13.03040714,2024-02-29,1,1,1,2400,5.1,1247,0.6,0.2,1400,0.2,3.0,-9.0,5.5,0.0,49,648,46.72,0,Full_Depth,2024-04-15,36.4299492,127.3829869,1,46.0
RAD01_240229131318_1121,36.4299492,127.3829869,대전광역시 유성구 송강동 556,2024,2,29,13,3,winter,0,3,3,3,7.234078282,2024-02-29,1,1,1,2400,5.1,1247,0.6,0.2,1400,0.2,3.0,-9.0,5.5,0.0,49,298,41.33,0,,,,,0,
RAD01_240229131800_0,36.4262357,127.3915245,대전광역시 유성구 관평동 1286,2024,2,29,13,3,winter,0,1,1,3,0.0,2024-02-29,1,0,0,2400,5.1,1247,0.6,0.2,1400,0.2,3.0,-9.0,5.5,0.0,49,672,33.61,0,Patch,2024-04-13,36.4262357,127.3915245,1,44.0
RAD01_240229131845_0,36.4238262,127.3940134,대전광역시 유성구 관평동 1288,2024,2,29,13,3,winter,0,1,1,1,7.679022396,2024-02-29,1,1,1,2400,5.1,1247,0.6,0.2,1400,0.2,3.0,-9.0,5.5,0.0,49,858,34.6,0,,,,,0,
RAD01_240229132133_0,36.4206394,127.4046069,대전광역시 유성구 용산동 604,2024,2,29,13,3,winter,0,1,1,1,0.0,2024-02-29,1,0,0,2400,5.1,1247,0.6,0.2,1400,0.2,3.0,-9.0,5.5,0.0,49,579,30.44,0,Patch,2024-03-19,36.4206394,127.4046069,1,19.0
RAD01_240229132859_0,36.399235,127.4048517,대전광역시 유성구 전민동 394-16,2024,2,29,13,3,winter,0,1,1,1,0.0,2024-02-29,1,0,0,2400,5.1,1247,0.6,0.2,1400,0.2,3.0,-9.0,5.5,0.0,49,713,19.89,0,,,,,0,
RAD01_240229132900_0,36.399125,127.4048522,대전광역시 유성구 전민동 394-16,2024,2,29,13,3,winter,0,2,2,2,0.0,2024-02-29,1,0,0,2400,5.1,1247,0.6,0.2,1400,0.2,3.0,-9.0,5.5,0.0,49,399,28.9,0,Mill_Overlay,2024-05-21,36.399125,127.4048522,1,82.0
RAD01_240229132931_0,36.3964995,127.4048804,대전광역시 유성구 전민동 271-5,2024,2,29,13,3,winter,0,1,1,1,13.48703307,2024-02-29,1,1,1,2400,5.1,1247,0.6,0.2,1400,0.2,3.0,-9.0,5.5,0.0,49,654,9.85,0,,,,,0,
RAD01_240229132932_0,36.3964208,127.4048812,대전광역시 유성구 전민동 271-5,2024,2,29,13,3,winter,0,2,2,2,13.23853142,2024-02-29,1,1,1,2400,5.1,1247,0.6,0.2,1400,0.2,3.0,-9.0,5.5,0.0,49,831,28.41,0,Full_Depth,2024-04-15,36.3964208,127.4048812,1,46.0
RAD01_240229132932_1866,36.3964208,127.4048812,대전광역시 유성구 전민동 271-5,2024,2,29,13,3,winter,0,3,3,3,0.0,2024-02-29,1,0,0,2400,5.1,1247,0.6,0.2,1400,0.2,3.0,-9.0,5.5,0.0,49,315,7.96,0,,,,,0,
RAD01_240229132935_0,36.3961831,127.4048776,대전광역시 유성구 전민동 271-5,2024,2,29,13,3,winter,0,4,4,4,11.39167268,2024-02-29,1,1,1,2400,5.1,1247,0.6,0.2,1400,0.2,3.0,-9.0,5.5,0.0,49,885,11.63,0,,,,,0,
RAD01_240229132942_0,36.3956141,127.4048789,대전광역시 유성구 문지동 258-3,2024,2,29,13,3,winter,0,1,1,1,0.0,2024-02-29,1,0,0,2400,5.1,1247,0.6,0.2,1400,0.2,3.0,-9.0,5.5,0.0,49,378,46.68,0,,,,,0,
RAD01_240229134342_0,36.3839528,127.405507,대전광역시 유성구 원촌동 135-2,2024,2,29,13,3,winter,0,2,2,2,12.26785167,2024-02-29,1,1,1,2400,5.1,1247,0.6,0.2,1400,0.2,3.0,-9.0,5.5,0.0,49,785,35.37,0,,,,,0,
RAD01_240229134343_0,36.383857,127.4055374,대전광역시 유성구 원촌동 135-2,2024,2,29,13,3,winter,0,3,3,3,12.0445028,2024-02-29,1,1,1,2400,5.1,1247,0.6,0.2,1400,0.2,3.0,-9.0,5.5,0.0,49,575,30.63,0,Full_Depth,2024-04-14,36.383857,127.4055374,1,45.0
RAD01_240229134358_2381,36.3824092,127.4060002,대전광역시 유성구 원촌동 90,2024,2,29,13,3,winter,0,1,1,1,0.0,2024-02-29,1,0,0,2400,5.1,1247,0.6,0.2,1400,0.2,3.0,-9.0,5.5,0.0,49,362,7.19,0,,,,,0,
RAD01_240229134359_2381,36.3823178,127.4060305,대전광역시 유성구 원촌동 90,2024,2,29,13,3,winter,0,2,2,2,0.0,2024-02-29,1,0,0,2400,5.1,1247,0.6,0.2,1400,0.2,3.0,-9.0,5.5,0.0,49,308,36.69,0,Mill_Overlay,2024-06-04,36.3823178,127.4060305,1,96.0
RAD01_240229134400_2381,36.382227,127.4060594,대전광역시 유성구 원촌동 90,2024,2,29,13,3,winter,0,3,3,3,0.0,2024-02-29,1,0,0,2400,5.1,1247,0.6,0.2,1400,0.2,3.0,-9.0,5.5,0.0,49,695,9.83,0,Mill_Overlay,2024-04-22,36.382227,127.4060594,1,53.0
RAD01_240229134400_2382,36.382227,127.4060594,대전광역시 유성구 원촌동 90,2024,2,29,13,3,winter,0,4,4,4,0.0,2024-02-29,1,0,0,2400,5.1,1247,0.6,0.2,1400,0.2,3.0,-9.0,5.5,0.0,49,377,9.09,0,,,,,0,
RAD01_240229144122_0,36.3939076,127.350262,대전광역시 유성구 자운동 515-22,2024,2,29,14,3,winter,0,1,1,1,0.0,2024-02-29,1,0,0,2400,5.1,1247,0.6,0.2,1400,0.2,3.0,-9.0,5.5,0.0,49,781,32.81,0,,,,,0,
RAD01_240229144122_4522,36.3939076,127.350262,대전광역시 유성구 자운동 515-22,2024,2,29,14,3,winter,0,2,2,2,5.840202393,2024-02-29,1,1,1,2400,5.1,1247,0.6,0.2,1400,0.2,3.0,-9.0,5.5,0.0,49,778,23.97,0,,,,,0,
RAD01_240229144122_4525,36.3939076,127.350262,대전광역시 유성구 자운동 515-22,2024,2,29,14,3,winter,0,3,3,3,0.0,2024-02-29,1,0,0,2400,5.1,1247,0.6,0.2,1400,0.2,3.0,-9.0,5.5,0.0,49,730,39.22,0,,,,,0,
RAD01_240229144123_0,36.3938585,127.3501996,대전광역시 유성구 자운동 515-22,2024,2,29,14,3,winter,0,4,4,4,0.0,2024-02-29,1,0,0,2400,5.1,1247,0.6,0.2,1400,0.2,3.0,-9.0,5.5,0.0,49,544,41.18,0,Mill_Overlay,2024-05-21,36.3938585,127.3501996,1,82.0
RAD01_240229144123_4532,36.3938585,127.3501996,대전광역시 유성구 자운동 515-22,2024,2,29,14,3,winter,0,5,5,5,0.0,2024-02-29,1,0,0,2400,5.1,1247,0.6,0.2,1400,0.2,3.0,-9.0,5.5,0.0,49,314,18.12,0,,,,,0,
RAD01_240301055231_0,36.3879552,127.3224777,대전광역시 유성구 하기동 603,2024,3,1,5,4,spring,0,3,3,3,14.39678721,2024-03-01,1,1,1,1424,-2.2,1,2.91,-9.0,1200,-9.0,-9.0,-9.0,2.1,10.2,2239,1140,6.47,0,Full_Depth,2024-03-26,36.3879552,127.3224777,1,25.0
RAD01_240301055827_5418,36.3896765,127.3486262,대전광역시 유성구 신성동 468,2024,3,1,5,4,spring,0,1,1,1,5.341105334,2024-03-01,1,1,1,1424,-2.2,1,2.91,-9.0,1200,-9.0,-9.0,-9.0,2.1,10.2,2239,349,8.56,0,Mill_Overlay,2024-05-19,36.3896765,127.3486262,1,79.0
RAD01_240301073023_0,36.4046051,127.4029076,대전광역시 유성구 전민동 462-8,2024,3,1,7,4,spring,0,1,1,1,0.0,2024-03-01,1,0,0,1424,-2.2,1,2.91,-9.0,1200,-9.0,-9.0,-9.0,2.1,10.2,2239,855,34.92,0,Patch,2024-04-18,36.4046051,127.4029076,1,48.0
RAD01_240301073023_5869,36.4046051,127.4029076,대전광역시 유성구 전민동 462-8,2024,3,1,7,4,spring,0,2,2,2,0.0,2024-03-01,1,0,0,1424,-2.2,1,2.91,-9.0,1200,-9.0,-9.0,-9.0,2.1,10.2,2239,886,38.63,0,Mill_Overlay,2024-06-12,36.4046051,127.4029076,1,103.0
RAD01_240304132948_0,36.4057614,127.4028411,대전광역시 유성구 전민동 841-6,2024,3,4,13,0,spring,0,1,1,1,0.0,2024-03-04,1,0,0,1729,6.7,1428,2.21,-9.0,1100,2.2,-9.0,-9.0,6.7,5.7,956,190,39.23,0,,,,,0,
RAD01_240304132951_0,36.4059062,127.4025676,대전광역시 유성구 전민동 산 5-15,2024,3,4,13,0,spring,0,1,1,1,11.67232265,2024-03-04,1,1,1,1729,6.7,1428,2.21,-9.0,1100,2.2,-9.0,-9.0,6.7,5.7,956,262,7.47,0,Full_Depth,2024-03-27,36.4059062,127.4025676,1,23.0
RAD01_240304144329_3383,36.4060767,127.4021958,대전광역시 유성구 전민동 산 5-15,2024,3,4,14,0,spring,0,2,2,2,6.630535437,2024-03-04,1,1,1,1729,6.7,1428,2.21,-9.0,1100,2.2,-9.0,-9.0,6.7,5.7,956,208,46.17,0,Mill_Overlay,2024-04-07,36.4060767,127.4021958,1,34.0
RAD01_240306060211_856,36.3906541,127.3241497,대전광역시 유성구 하기동 603,2024,3,6,6,2,spring,0,4,4,4,0.0,2024-03-06,1,0,0,2315,7.0,1522,2.15,-9.0,1200,0.0,-9.0,-9.0,7.2,5.8,2358,898,36.1,0,,,,,0,
RAD01_240306125012_416,36.4022745,127.3636913,대전광역시 유성구 장동 12-16,2024,3,6,12,2,spring,0,4,4,4,0.0,2024-03-06,1,0,0,2315,7.0,1522,2.15,-9.0,1200,0.0,-9.0,-9.0,7.2,5.8,2358,745,18.01,0,,,,,0,
RAD01_240306125014_478,36.4024763,127.3639047,대전광역시 유성구 장동 12-16,2024,3,6,12,2,spring,0,5,5,5,0.0,2024-03-06,1,0,0,2315,7.0,1522,2.15,-9.0,1200,0.0,-9.0,-9.0,7.2,5.8,2358,620,8.83,0,Full_Depth,2024-04-02,36.4024763,127.3639047,1,27.0
RAD01_240307061152_2290,36.4292721,127.3837399,대전광역시 유성구 송강동 556,2024,3,7,6,3,spring,0,4,4,4,8.47014607,2024-03-07,1,1,1,1334,4.6,1424,2.2,0.0,1000,-9.0,0.5,-9.0,6.9,6.7,2356,940,36.27,0,Mill_Overlay,2024-04-25,36.4292721,127.3837399,1,49.0
RAD01_240307154007_2940,36.3933696,127.3496206,대전광역시 유성구 자운동 24-7,2024,3,7,15,3,spring,0,1,1,1,0.0,2024-03-07,1,0,0,1334,4.6,1424,2.2,0.0,1000,-9.0,0.5,-9.0,6.9,6.7,2356,742,13.51,0,Patch,2024-04-28,36.3933696,127.3496206,1,52.0
RAD01_240319084029_2059,36.3910241,127.393457,대전광역시 유성구 문지동 103-15,2024,3,19,8,1,spring,1,1,1,1,6.15947,2024-03-19,1,1,1,1123,7.2,1433,1.48,0.0,1100,0.0,4.08,-9.0,8.7,3.2,50,1199,39.57,0,,,,,0,
RAD01_240319143917_4061,36.4315894,127.3804762,대전광역시 유성구 송강동 557,2024,3,19,14,1,spring,0,1,1,1,0.0,2024-03-19,1,0,0,1123,7.2,1433,1.48,0.0,1100,0.0,4.08,-9.0,8.7,3.2,50,634,13.35,0,Patch,2024-04-09,36.4315894,127.3804762,1,21.0
RAD01_240319143920_4089,36.4314311,127.3804994,대전광역시 유성구 송강동 557,2024,3,19,14,1,spring,0,2,2,2,0.0,2024-03-19,1,0,0,1123,7.2,1433,1.48,0.0,1100,0.0,4.08,-9.0,8.7,3.2,50,853,19.62,0,,,,,0,
RAD01_240319143921_4102,36.4313738,127.3805199,대전광역시 유성구 송강동 산 4-43,2024,3,19,14,1,spring,0,1,1,1,9.976003774,2024-03-19,1,1,1,1123,7.2,1433,1.48,0.0,1100,0.0,4.08,-9.0,8.7,3.2,50,470,11.49,0,,,,,0,
RAD01_240319143923_4138,36.4312574,127.3805746,대전광역시 유성구 송강동 산 4-43,2024,3,19,14,1,spring,0,2,2,2,0.0,2024-03-19,1,0,0,1123,7.2,1433,1.48,0.0,1100,0.0,4.08,-9.0,8.7,3.2,50,478,19.11,0,,,,,0,
RAD01_240319143924_4143,36.4311989,127.3806103,대전광역시 유성구 송강동 산 4-43,2024,3,19,14,1,spring,0,3,3,3,0.0,2024-03-19,1,0,0,1123,7.2,1433,1.48,0.0,1100,0.0,4.08,-9.0,8.7,3.2,50,324,32.3,0,Mill_Overlay,2024-07-08,36.4311989,127.3806103,1,111.0
RAD01_240319143927_4148,36.4310294,127.3807634,대전광역시 유성구 송강동 168-2,2024,3,19,14,1,spring,0,1,1,1,6.68628942,2024-03-19,1,1,1,1123,7.2,1433,1.48,0.0,1100,0.0,4.08,-9.0,8.7,3.2,50,307,17.08,0,Mill_Overlay,2024-07-09,36.4310294,127.3807634,1,112.0
RAD01_240319143928_4152,36.4309749,127.3808247,대전광역시 유성구 송강동 168-2,2024,3,19,14,1,spring,0,2,2,2,0.0,2024-03-19,1,0,0,1123,7.2,1433,1.48,0.0,1100,0.0,4.08,-9.0,8.7,3.2,50,625,14.93,0,Mill_Overlay,2024-07-10,36.4309749,127.3808247,1,113.0
RAD01_240319143936_4203,36.4305222,127.3813201,대전광역시 유성구 송강동 168-2,2024,3,19,14,1,spring,0,3,3,3,13.43994803,2024-03-19,1,1,1,1123,7.2,1433,1.48,0.0,1100,0.0,4.08,-9.0,8.7,3.2,50,998,30.72,0,Full_Depth,2024-04-10,36.4305222,127.3813201,1,22.0
RAD01_240319143937_4217,36.4304734,127.3813687,대전광역시 유성구 송강동 168-2,2024,3,19,14,1,spring,0,4,4,4,14.92262712,2024-03-19,1,1,1,1123,7.2,1433,1.48,0.0,1100,0.0,4.08,-9.0,8.7,3.2,50,422,31.01,0,Full_Depth,2024-04-04,36.4304734,127.3813687,1,16.0
RAD01_240319145713_5054,36.4060332,127.4022221,대전광역시 유성구 전민동 산 5-15,2024,3,19,14,1,spring,0,1,3,3,14.70705321,2024-03-19,1,1,1,1123,7.2,1433,1.48,0.0,1100,0.0,4.08,-9.0,8.7,3.2,50,331,34.66,0,,,,,0,
RAD01_240319145744_5095,36.4047305,127.4032464,대전광역시 유성구 전민동 791-19,2024,3,19,14,1,spring,0,1,1,1,0.0,2024-03-19,1,0,0,1123,7.2,1433,1.48,0.0,1100,0.0,4.08,-9.0,8.7,3.2,50,828,27.85,0,Patch,2024-04-01,36.4047305,127.4032464,1,13.0
RAD01_240319151018_5962,36.4026827,127.3889824,대전광역시 유성구 전민동 652,2024,3,19,15,1,spring,0,1,1,1,0.0,2024-03-19,1,0,0,1123,7.2,1433,1.48,0.0,1100,0.0,4.08,-9.0,8.7,3.2,50,874,35.4,0,,,,,0,
RAD01_240319151023_6022,36.4022654,127.3893074,대전광역시 유성구 전민동 891-2,2024,3,19,15,1,spring,0,1,1,1,0.0,2024-03-19,1,0,0,1123,7.2,1433,1.48,0.0,1100,0.0,4.08,-9.0,8.7,3.2,50,436,20.72,0,,,,,0,
RAD01_240319151134_6179,36.3996712,127.3952989,대전광역시 유성구 전민동 816-1,2024,3,19,15,1,spring,0,1,1,1,0.0,2024-03-19,1,0,0,1123,7.2,1433,1.48,0.0,1100,0.0,4.08,-9.0,8.7,3.2,50,1122,41.81,0,,,,,0,
RAD01_240319151147_6232,36.399652,127.3966426,대전광역시 유성구 전민동 592-2,2024,3,19,15,1,spring,0,1,1,1,8.718115326,2024-03-19,1,1,1,1123,7.2,1433,1.48,0.0,1100,0.0,4.08,-9.0,8.7,3.2,50,483,21.6,0,Mill_Overlay,2024-06-05,36.399652,127.3966426,1,78.0
RAD01_240319151148_6244,36.3996514,127.3967203,대전광역시 유성구 전민동 592-2,2024,3,19,15,1,spring,0,2,2,2,0.0,2024-03-19,1,0,0,1123,7.2,1433,1.48,0.0,1100,0.0,4.08,-9.0,8.7,3.2,50,316,31.26,0,Mill_Overlay,2024-07-04,36.3996514,127.3967203,1,107.0
RAD01_240319151437_6507,36.3964315,127.4001718,대전광역시 유성구 전민동 899,2024,3,19,15,1,spring,0,1,1,1,0.0,2024-03-19,1,0,0,1123,7.2,1433,1.48,0.0,1100,0.0,4.08,-9.0,8.7,3.2,50,386,33.41,0,,,,,0,
RAD01_240319151450_6521,36.3964326,127.3994382,대전광역시 유성구 전민동 460-3,2024,3,19,15,1,spring,0,1,1,1,3.420352724,2024-03-19,1,1,1,1123,7.2,1433,1.48,0.0,1100,0.0,4.08,-9.0,8.7,3.2,50,480,6.56,0,Crack_Seal,2024-05-21,36.3964326,127.3994382,1,63.0
RAD01_240319151450_6526,36.3964324,127.3993717,대전광역시 유성구 전민동 460-3,2024,3,19,15,1,spring,0,2,2,2,0.0,2024-03-19,1,0,0,1123,7.2,1433,1.48,0.0,1100,0.0,4.08,-9.0,8.7,3.2,50,1182,12.28,0,Mill_Overlay,2024-04-18,36.3964324,127.3993717,1,30.0
RAD01_240319153832_7192,36.3911023,127.3949389,대전광역시 유성구 문지동 103-15,2024,3,19,15,1,spring,0,2,2,2,0.0,2024-03-19,1,0,0,1123,7.2,1433,1.48,0.0,1100,0.0,4.08,-9.0,8.7,3.2,50,483,27.36,0,Mill_Overlay,2024-06-23,36.3911023,127.3949389,1,96.0
RAD01_240319153833_7197,36.3911186,127.3948176,대전광역시 유성구 문지동 103-15,2024,3,19,15,1,spring,0,3,3,3,4.443836266,2024-03-19,1,1,1,1123,7.2,1433,1.48,0.0,1100,0.0,4.08,-9.0,8.7,3.2,50,348,13.84,0,Mill_Overlay,2024-06-01,36.3911186,127.3948176,1,74.0
RAD01_240319154432_7427,36.3858314,127.3784389,대전광역시 유성구 도룡동 404,2024,3,19,15,1,spring,0,1,1,1,0.0,2024-03-19,1,0,0,1123,7.2,1433,1.48,0.0,1100,0.0,4.08,-9.0,8.7,3.2,50,450,32.4,0,,,,,0,
RAD01_240319154539_7457,36.3856633,127.3736714,대전광역시 유성구 도룡동 404-2,2024,3,19,15,1,spring,0,1,1,1,0.0,2024-03-19,1,0,0,1123,7.2,1433,1.48,0.0,1100,0.0,4.08,-9.0,8.7,3.2,50,1015,20.2,0,Patch,2024-04-18,36.3856633,127.3736714,1,30.0
RAD01_240319154552_7497,36.3855304,127.3726614,대전광역시 유성구 도룡동 451-3,2024,3,19,15,1,spring,0,1,1,1,0.0,2024-03-19,1,0,0,1123,7.2,1433,1.48,0.0,1100,0.0,4.08,-9.0,8.7,3.2,50,1125,36.31,0,,,,,0,
RAD01_240319154911_7784,36.3921808,127.3594782,대전광역시 유성구 장동 132-4,2024,3,19,15,1,spring,0,1,1,1,0.0,2024-03-19,1,0,0,1123,7.2,1433,1.48,0.0,1100,0.0,4.08,-9.0,8.7,3.2,50,1106,18.94,0,,,,,0,
RAD01_240319155427_8014,36.3936771,127.3526641,대전광역시 유성구 신성동 549,2024,3,19,15,1,spring,0,1,1,1,0.0,2024-03-19,1,0,0,1123,7.2,1433,1.48,0.0,1100,0.0,4.08,-9.0,8.7,3.2,50,414,30.05,0,,,,,0,
RAD01_240320055354_9317,36.3910012,127.3305439,대전광역시 유성구 하기동 603,2024,3,20,5,2,spring,0,1,5,5,6.158525229,2024-03-20,1,1,1,259,4.6,1337,3.01,-9.0,1100,-9.0,-9.0,-9.0,8.7,9.9,947,680,40.36,0,Full_Depth,2024-04-29,36.3910012,127.3305439,1,40.0
RAD01_240320055355_9318,36.3909886,127.3306357,대전광역시 유성구 하기동 603,2024,3,20,5,2,spring,0,2,6,6,0.0,2024-03-20,1,0,0,259,4.6,1337,3.01,-9.0,1100,-9.0,-9.0,-9.0,8.7,9.9,947,340,22.71,0,Full_Depth,2024-04-09,36.3909886,127.3306357,1,20.0
RAD01_240320055802_9418,36.3848228,127.3509067,대전광역시 유성구 신성동 281-5,2024,3,20,5,2,spring,0,1,1,1,2.765015403,2024-03-20,1,1,1,259,4.6,1337,3.01,-9.0,1100,-9.0,-9.0,-9.0,8.7,9.9,947,310,21.37,0,,,,,0,
RAD01_240320055803_9419,36.3848429,127.3510374,대전광역시 유성구 신성동 281-5,2024,3,20,5,2,spring,0,2,2,2,0.0,2024-03-20,1,0,0,259,4.6,1337,3.01,-9.0,1100,-9.0,-9.0,-9.0,8.7,9.9,947,560,40.03,0,Mill_Overlay,2024-07-03,36.3848429,127.3510374,1,105.0
RAD01_240320092722_12174,36.3910881,127.3948549,대전광역시 유성구 문지동 103-15,2024,3,20,9,2,spring,1,4,4,4,0.0,2024-03-20,1,0,0,259,4.6,1337,3.01,-9.0,1100,-9.0,-9.0,-9.0,8.7,9.9,947,449,38.61,0,,,,,0,
RAD01_240320093819_12853,36.3922296,127.3588506,대전광역시 유성구 장동 130-3,2024,3,20,9,2,spring,1,1,1,1,7.763719251,2024-03-20,1,1,1,259,4.6,1337,3.01,-9.0,1100,-9.0,-9.0,-9.0,8.7,9.9,947,639,12.49,0,Mill_Overlay,2024-07-11,36.3922296,127.3588506,1,113.0
RAD01_240320093820_12868,36.3922475,127.3587365,대전광역시 유성구 장동 130-3,2024,3,20,9,2,spring,1,2,2,2,0.0,2024-03-20,1,0,0,259,4.6,1337,3.01,-9.0,1100,-9.0,-9.0,-9.0,8.7,9.9,947,1021,40.51,0,Mill_Overlay,2024-07-11,36.3922475,127.3587365,1,113.0
RAD01_240322092911_191,36.4249112,127.3926129,대전광역시 유성구 관평동 1290,2024,3,22,9,4,spring,1,1,1,1,0.0,2024-03-22,1,0,0,1442,10.1,1324,2.8,4.1,1100,4.4,6.33,-9.0,9.9,5.9,117,725,30.79,0,,,,,0,
RAD01_240322093142_403,36.4214704,127.4026629,대전광역시 유성구 용산동 604,2024,3,22,9,4,spring,1,1,2,2,0.0,2024-03-22,1,0,0,1442,10.1,1324,2.8,4.1,1100,4.4,6.33,-9.0,9.9,5.9,117,684,25.18,0,,,,,0,
RAD01_240322093157_439,36.4208759,127.4039766,대전광역시 유성구 용산동 604,2024,3,22,9,4,spring,1,2,3,3,7.227685718,2024-03-22,1,1,1,1442,10.1,1324,2.8,4.1,1100,4.4,6.33,-9.0,9.9,5.9,117,731,25.06,0,Mill_Overlay,2024-07-01,36.4208759,127.4039766,1,101.0
RAD01_240322152746_2043,36.3857303,127.3558174,대전광역시 유성구 신성동 산 5-7,2024,3,22,15,4,spring,0,2,2,2,0.0,2024-03-22,1,0,0,1442,10.1,1324,2.8,4.1,1100,4.4,6.33,-9.0,9.9,5.9,117,799,17.62,0,,,,,0,
RAD01_240322152939_2213,36.387108,127.3505024,대전광역시 유성구 신성동 475,2024,3,22,15,4,spring,0,1,1,1,0.0,2024-03-22,1,0,0,1442,10.1,1324,2.8,4.1,1100,4.4,6.33,-9.0,9.9,5.9,117,326,46.11,0,,,,,0,
RAD01_240323073727_0,36.3997696,127.3979761,대전광역시 유성구 전민동 898,2024,3,23,7,5,spring,0,1,1,1,0.0,2024-03-23,1,0,0,1516,14.9,1457,3.14,0.3,1200,-9.0,2.25,-9.0,15.9,9.3,2254,580,30.96,1,,,,,0,
RAD01_240323073739_2906,36.3996525,127.3987856,대전광역시 유성구 전민동 491-3,2024,3,23,7,5,spring,0,1,1,1,9.354569901,2024-03-23,1,1,1,1516,14.9,1457,3.14,0.3,1200,-9.0,2.25,-9.0,15.9,9.3,2254,617,15.59,1,Mill_Overlay,2024-05-23,36.3996525,127.3987856,1,61.0
RAD01_240323073826_2962,36.399643,127.4015971,대전광역시 유성구 전민동 533-11,2024,3,23,7,5,spring,0,1,1,1,0.0,2024-03-23,1,0,0,1516,14.9,1457,3.14,0.3,1200,-9.0,2.25,-9.0,15.9,9.3,2254,447,22.57,1,,,,,0,
RAD01_240323073857_3061,36.3995845,127.4045237,대전광역시 유성구 전민동 394-16,2024,3,23,7,5,spring,0,1,3,3,0.0,2024-03-23,1,0,0,1516,14.9,1457,3.14,0.3,1200,-9.0,2.25,-9.0,15.9,9.3,2254,496,29.39,1,Mill_Overlay,2024-06-25,36.3995845,127.4045237,1,94.0
RAD01_240323074413_3331,36.3900728,127.3987461,대전광역시 유성구 문지동 103-15,2024,3,23,7,5,spring,0,5,5,5,0.0,2024-03-23,1,0,0,1516,14.9,1457,3.14,0.3,1200,-9.0,2.25,-9.0,15.9,9.3,2254,279,6.06,1,Full_Depth,2024-04-09,36.3900728,127.3987461,1,17.0
RAD01_240323074445_3381,36.391057,127.3950194,대전광역시 유성구 문지동 103-15,2024,3,23,7,5,spring,0,6,6,6,0.0,2024-03-23,1,0,0,1516,14.9,1457,3.14,0.3,1200,-9.0,2.25,-9.0,15.9,9.3,2254,562,29.39,1,Full_Depth,2024-05-03,36.391057,127.3950194,1,41.0
RAD01_240323074447_3403,36.3910911,127.3947548,대전광역시 유성구 문지동 103-15,2024,3,23,7,5,spring,0,7,7,7,0.0,2024-03-23,1,0,0,1516,14.9,1457,3.14,0.3,1200,-9.0,2.25,-9.0,15.9,9.3,2254,723,32.34,1,,,,,0,
RAD01_240323075624_3573,36.3858781,127.3635219,대전광역시 유성구 장동 62-2,2024,3,23,7,5,spring,0,1,1,1,12.28300332,2024-03-23,1,1,1,1516,14.9,1457,3.14,0.3,1200,-9.0,2.25,-9.0,15.9,9.3,2254,615,11.92,1,Full_Depth,2024-04-21,36.3858781,127.3635219,1,29.0
RAD01_240323075822_3818,36.3930189,127.3573133,대전광역시 유성구 장동 산 29-3,2024,3,23,7,5,spring,0,1,1,1,0.0,2024-03-23,1,0,0,1516,14.9,1457,3.14,0.3,1200,-9.0,2.25,-9.0,15.9,9.3,2254,616,12.36,1,,,,,0,
RAD01_240325075411_0,36.3901065,127.3990975,대전광역시 유성구 문지동 103-15,2024,3,25,7,0,spring,0,8,8,8,13.01033051,2024-03-25,1,1,1,2121,9.4,1033,1.45,6.8,1000,26.1,11.25,-9.0,10.0,0.0,12,722,38.37,0,Full_Depth,2024-04-22,36.3901065,127.3990975,1,28.0
RAD01_240325081131_5021,36.3893356,127.3470274,대전광역시 유성구 하기동 18-15,2024,3,25,8,0,spring,1,1,1,1,0.0,2024-03-25,1,0,0,2121,9.4,1033,1.45,6.8,1000,26.1,11.25,-9.0,10.0,0.0,12,759,12.53,0,,,,,0,
RAD01_240325145939_6537,36.3873068,127.3630088,대전광역시 유성구 장동 산 17-45,2024,3,25,14,0,spring,0,1,2,2,9.757594014,2024-03-25,1,1,1,2121,9.4,1033,1.45,6.8,1000,26.1,11.25,-9.0,10.0,0.0,12,867,9.27,0,,,,,0,
RAD01_240325150004_6592,36.3894721,127.3626184,대전광역시 유성구 장동 산 15-2,2024,3,25,15,0,spring,0,1,1,1,13.25387891,2024-03-25,1,1,1,2121,9.4,1033,1.45,6.8,1000,26.1,11.25,-9.0,10.0,0.0,12,297,42.11,0,Full_Depth,2024-05-02,36.3894721,127.3626184,1,38.0
RAD01_240325150038_6667,36.3911762,127.3619431,대전광역시 유성구 장동 23-9,2024,3,25,15,0,spring,0,1,1,1,0.0,2024-03-25,1,0,0,2121,9.4,1033,1.45,6.8,1000,26.1,11.25,-9.0,10.0,0.0,12,769,16.73,0,,,,,0,
RAD01_240325150209_6906,36.395202,127.356339,대전광역시 유성구 장동 372-2,2024,3,25,15,0,spring,0,1,1,1,0.0,2024-03-25,1,0,0,2121,9.4,1033,1.45,6.8,1000,26.1,11.25,-9.0,10.0,0.0,12,383,33.86,0,Patch,2024-05-12,36.395202,127.356339,1,48.0
RAD01_240325154238_7763,36.3899565,127.3234034,대전광역시 유성구 하기동 603,2024,3,25,15,0,spring,0,3,7,7,0.0,2024-03-25,1,0,0,2121,9.4,1033,1.45,6.8,1000,26.1,11.25,-9.0,10.0,0.0,12,657,20.29,0,,,,,0,
RAD01_240327082340_9527,36.3925597,127.3577184,대전광역시 유성구 장동 157-4,2024,3,27,8,2,spring,1,1,1,1,0.0,2024-03-27,1,0,0,1639,10.2,1438,2.79,-9.0,1200,1.2,-9.0,-9.0,11.6,9.0,711,379,48.48,0,,,,,0,
RAD01_240327101222_10545,36.3911208,127.3943992,대전광역시 유성구 문지동 103-15,2024,3,27,10,2,spring,0,5,9,9,3.566768483,2024-03-27,1,1,1,1639,10.2,1438,2.79,-9.0,1200,1.2,-9.0,-9.0,11.6,9.0,711,501,37.81,0,Full_Depth,2024-04-28,36.3911208,127.3943992,1,32.0
RAD01_240327101709_10845,36.3857,127.3740912,대전광역시 유성구 도룡동 404,2024,3,27,10,2,spring,0,1,2,2,1.994375695,2024-03-27,1,1,1,1639,10.2,1438,2.79,-9.0,1200,1.2,-9.0,-9.0,11.6,9.0,711,458,41.21,0,Mill_Overlay,2024-06-06,36.3857,127.3740912,1,71.0
RAD01_240327133505_12145,36.4151682,127.4069794,대전광역시 유성구 탑립동 945,2024,3,27,13,2,spring,0,1,1,1,0.0,2024-03-27,1,0,0,1639,10.2,1438,2.79,-9.0,1200,1.2,-9.0,-9.0,11.6,9.0,711,409,12.09,0,Patch,2024-05-06,36.4151682,127.4069794,1,40.0
RAD01_240327133506_12252,36.4152964,127.4069839,대전광역시 유성구 탑립동 945,2024,3,27,13,2,spring,0,2,2,2,0.0,2024-03-27,1,0,0,1639,10.2,1438,2.79,-9.0,1200,1.2,-9.0,-9.0,11.6,9.0,711,661,24.49,0,,,,,0,
RAD01_240327133507_12273,36.4154218,127.4069884,대전광역시 유성구 탑립동 945,2024,3,27,13,2,spring,0,3,3,3,0.0,2024-03-27,1,0,0,1639,10.2,1438,2.79,-9.0,1200,1.2,-9.0,-9.0,11.6,9.0,711,298,46.13,0,,,,,0,
RAD01_240327133535_12473,36.418896,127.4068522,대전광역시 유성구 탑립동 709,2024,3,27,13,2,spring,0,1,1,1,0.0,2024-03-27,1,0,0,1639,10.2,1438,2.79,-9.0,1200,1.2,-9.0,-9.0,11.6,9.0,711,802,34.86,0,,,,,0,
RAD01_240327143251_13753,36.4197228,127.4061367,대전광역시 유성구 탑립동 709,2024,3,27,14,2,spring,0,2,2,2,0.0,2024-03-27,1,0,0,1639,10.2,1438,2.79,-9.0,1200,1.2,-9.0,-9.0,11.6,9.0,711,551,29.9,0,Mill_Overlay,2024-06-15,36.4197228,127.4061367,1,80.0
RAD01_240327143252_13759,36.4196381,127.4062224,대전광역시 유성구 탑립동 709,2024,3,27,14,2,spring,0,3,3,3,0.0,2024-03-27,1,0,0,1639,10.2,1438,2.79,-9.0,1200,1.2,-9.0,-9.0,11.6,9.0,711,343,43.55,0,Mill_Overlay,2024-06-26,36.4196381,127.4062224,1,91.0
RAD01_240327144328_14272,36.3793187,127.4060377,대전광역시 유성구 원촌동 69-1,2024,3,27,14,2,spring,0,1,3,3,12.9043083,2024-03-27,1,1,1,1639,10.2,1438,2.79,-9.0,1200,1.2,-9.0,-9.0,11.6,9.0,711,475,15.79,0,Full_Depth,2024-04-18,36.3793187,127.4060377,1,22.0
RAD01_240327144329_14273,36.3792151,127.4059778,대전광역시 유성구 원촌동 69-1,2024,3,27,14,2,spring,0,2,4,4,0.0,2024-03-27,1,0,0,1639,10.2,1438,2.79,-9.0,1200,1.2,-9.0,-9.0,11.6,9.0,711,476,18.08,0,Mill_Overlay,2024-07-24,36.3792151,127.4059778,1,119.0
RAD01_240327144552_14853,36.3792141,127.3915638,대전광역시 유성구 도룡동 3-6,2024,3,27,14,2,spring,0,1,1,1,0.0,2024-03-27,1,0,0,1639,10.2,1438,2.79,-9.0,1200,1.2,-9.0,-9.0,11.6,9.0,711,244,31.41,0,,,,,0,
RAD01_240327144553_14866,36.3792173,127.3914606,대전광역시 유성구 도룡동 3-6,2024,3,27,14,2,spring,0,2,2,2,0.0,2024-03-27,1,0,0,1639,10.2,1438,2.79,-9.0,1200,1.2,-9.0,-9.0,11.6,9.0,711,368,24.84,0,Mill_Overlay,2024-05-02,36.3792173,127.3914606,1,36.0
RAD01_240703151031_0,36.3909688,127.4078729,대전광역시 유성구 문지동 661-3,2024,7,3,15,2,summer,0,1,1,1,1.344714437,2024-07-03,1,1,1,1436,25.7,1537,2.97,31.9,1400,0.0,7.8,10.9,28.2,3.8,2146,809,23.17,0,,,,,0,
RAD01_241213154807_10,36.3910014,127.4078363,대전광역시 유성구 문지동 661-3,2024,7,29,15,0,summer,0,1,2,2,0.0,2024-07-29,1,0,0,1131,28.6,1457,2.74,-9.0,1400,-9.0,-9.0,-9.0,32.0,5.6,36,723,39.58,0,,,,,0,
RAD02_240214135042_578,36.3953998,127.3486909,대전광역시 유성구 자운동 515-21,2024,2,14,13,2,winter,0,1,1,1,4.1565877,2024-02-14,1,1,1,1630,13.2,1441,1.57,0.0,1400,0.0,2.67,-9.0,10.8,2.8,11,503,40.26,0,,,,,0,
RAD02_240214135043_595,36.3954492,127.3486499,대전광역시 유성구 자운동 515-21,2024,2,14,13,2,winter,0,2,2,2,0.0,2024-02-14,1,0,0,1630,13.2,1441,1.57,0.0,1400,0.0,2.67,-9.0,10.8,2.8,11,1015,16.37,0,Mill_Overlay,2024-04-25,36.3954492,127.3486499,1,71.0
RAD02_240214135044_597,36.3955099,127.3485887,대전광역시 유성구 자운동 515-21,2024,2,14,13,2,winter,0,3,3,3,0.0,2024-02-14,1,0,0,1630,13.2,1441,1.57,0.0,1400,0.0,2.67,-9.0,10.8,2.8,11,508,23.84,0,Mill_Overlay,2024-04-12,36.3955099,127.3485887,1,58.0
RAD02_240214135045_620,36.3955778,127.3485208,대전광역시 유성구 자운동 515-21,2024,2,14,13,2,winter,0,4,4,4,0.0,2024-02-14,1,0,0,1630,13.2,1441,1.57,0.0,1400,0.0,2.67,-9.0,10.8,2.8,11,543,8.85,0,,,,,0,
RAD02_240214135342_776,36.3941172,127.3446528,대전광역시 유성구 자운동 290-7,2024,2,14,13,2,winter,0,1,1,1,0.0,2024-02-14,1,0,0,1630,13.2,1441,1.57,0.0,1400,0.0,2.67,-9.0,10.8,2.8,11,847,30.79,0,Patch,2024-03-11,36.3941172,127.3446528,1,26.0
RAD02_240214135530_841,36.3910328,127.3369848,대전광역시 유성구 하기동 산 51-9,2024,2,14,13,2,winter,0,1,1,1,0.0,2024-02-14,1,0,0,1630,13.2,1441,1.57,0.0,1400,0.0,2.67,-9.0,10.8,2.8,11,603,17.48,0,Patch,2024-03-13,36.3910328,127.3369848,1,28.0
RAD02_240214135738_898,36.3927643,127.3259789,대전광역시 유성구 하기동 327-1,2024,2,14,13,2,winter,0,1,1,1,0.0,2024-02-14,1,0,0,1630,13.2,1441,1.57,0.0,1400,0.0,2.67,-9.0,10.8,2.8,11,710,37.2,0,Patch,2024-03-06,36.3927643,127.3259789,1,21.0
RAD02_240214140526_1723,36.3881894,127.3332669,대전광역시 유성구 하기동 615,2024,2,14,14,2,winter,0,1,1,1,13.83784025,2024-02-14,1,1,1,1630,13.2,1441,1.57,0.0,1400,0.0,2.67,-9.0,10.8,2.8,11,809,18.68,0,Full_Depth,2024-03-15,36.3881894,127.3332669,1,30.0
RAD02_240222140946_634,36.3742856,127.3911391,대전광역시 유성구 도룡동 465-1,2024,2,22,14,3,winter,0,1,1,1,0.0,2024-02-22,1,0,0,1233,2.1,1350,0.58,3.7,1300,0.5,20.08,-9.0,3.8,0.0,2122,785,33.1,0,,,,,0,
RAD02_240222140946_635,36.3742856,127.3911391,대전광역시 유성구 도룡동 465-1,2024,2,22,14,3,winter,0,2,2,2,3.820356057,2024-02-22,1,1,1,1233,2.1,1350,0.58,3.7,1300,0.5,20.08,-9.0,3.8,0.0,2122,813,9.36,0,Mill_Overlay,2024-05-19,36.3742856,127.3911391,1,87.0
RAD02_240223093359_2110,36.3606478,127.3539029,대전광역시 유성구 봉명동 496-1,2024,2,23,9,4,winter,1,1,1,1,0.0,2024-02-23,1,0,0,1253,3.0,1324,2.5,0.0,1200,0.0,9.5,-9.0,5.6,3.2,2056,587,19.88,0,,,,,0,
RAD02_240223093359_2112,36.3606478,127.3539029,대전광역시 유성구 봉명동 496-1,2024,2,23,9,4,winter,1,2,2,2,6.540226132,2024-02-23,1,1,1,1253,3.0,1324,2.5,0.0,1200,0.0,9.5,-9.0,5.6,3.2,2056,796,27.81,0,Mill_Overlay,2024-06-13,36.3606478,127.3539029,1,111.0
RAD02_240223094957_3259,36.3667043,127.3319021,대전광역시 유성구 장대동 17-4,2024,2,23,9,4,winter,1,1,1,1,14.74355131,2024-02-23,1,1,1,1253,3.0,1324,2.5,0.0,1200,0.0,9.5,-9.0,5.6,3.2,2056,744,21.81,0,Full_Depth,2024-03-12,36.3667043,127.3319021,1,18.0
RAD02_240223095612_4167,36.387027,127.3163845,대전광역시 유성구 지족동 1001,2024,2,23,9,4,winter,1,1,1,1,5.912531788,2024-02-23,1,1,1,1253,3.0,1324,2.5,0.0,1200,0.0,9.5,-9.0,5.6,3.2,2056,638,26.17,0,Mill_Overlay,2024-05-14,36.387027,127.3163845,1,81.0
RAD02_240223101328_5235,36.3696516,127.3269237,대전광역시 유성구 노은동 62-1,2024,2,23,10,4,winter,0,1,1,1,9.368873251,2024-02-23,1,1,1,1253,3.0,1324,2.5,0.0,1200,0.0,9.5,-9.0,5.6,3.2,2056,815,32.17,0,,,,,0,
RAD02_240226094450_7615,36.356549,127.3488122,대전광역시 유성구 봉명동 693,2024,2,26,9,0,winter,1,1,1,1,0.0,2024-02-26,1,0,0,1620,3.7,1608,2.62,-9.0,1200,-9.0,-9.0,-9.0,4.9,7.3,806,462,22.81,0,,,,,0,
RAD02_240226094816_8325,36.3547853,127.3459129,대전광역시 유성구 봉명동 574,2024,2,26,9,0,winter,1,1,1,1,0.0,2024-02-26,1,0,0,1620,3.7,1608,2.62,-9.0,1200,-9.0,-9.0,-9.0,4.9,7.3,806,640,26.03,0,Patch,2024-04-23,36.3547853,127.3459129,1,57.0
RAD02_240226100846_10087,36.3518596,127.3311146,대전광역시 유성구 구암동 641,2024,2,26,10,0,winter,0,1,1,1,5.442420034,2024-02-26,1,1,1,1620,3.7,1608,2.62,-9.0,1200,-9.0,-9.0,-9.0,4.9,7.3,806,1187,29.84,0,,,,,0,
RAD02_240226102943_12355,36.3604848,127.3588611,대전광역시 유성구 봉명동 1012-1,2024,2,26,10,0,winter,0,1,1,1,0.0,2024-02-26,1,0,0,1620,3.7,1608,2.62,-9.0,1200,-9.0,-9.0,-9.0,4.9,7.3,806,662,24.82,0,,,,,0,
RAD02_240226102950_12359,36.361094,127.358478,대전광역시 유성구 봉명동 1012,2024,2,26,10,0,winter,0,1,1,1,0.0,2024-02-26,1,0,0,1620,3.7,1608,2.62,-9.0,1200,-9.0,-9.0,-9.0,4.9,7.3,806,299,25.97,0,,,,,0,
RAD02_240226102950_12360,36.361094,127.358478,대전광역시 유성구 봉명동 1012,2024,2,26,10,0,winter,0,2,2,2,0.0,2024-02-26,1,0,0,1620,3.7,1608,2.62,-9.0,1200,-9.0,-9.0,-9.0,4.9,7.3,806,335,34.63,0,Mill_Overlay,2024-06-14,36.361094,127.358478,1,109.0
RAD02_240226102953_12371,36.3613952,127.358222,대전광역시 유성구 어은동 262-1,2024,2,26,10,0,winter,0,1,1,1,0.0,2024-02-26,1,0,0,1620,3.7,1608,2.62,-9.0,1200,-9.0,-9.0,-9.0,4.9,7.3,806,349,18.79,0,,,,,0,
RAD02_240227095542_0,36.3620423,127.3457862,대전광역시 유성구 궁동 220-9,2024,2,27,9,1,winter,1,1,1,1,0.0,2024-02-27,1,0,0,952,5.3,1428,2.68,-9.0,1200,-9.0,-9.0,-9.0,5.6,7.3,1001,884,11.57,0,,,,,0,
RAD02_240227095921_14782,36.3524464,127.3408463,대전광역시 유성구 봉명동 1058,2024,2,27,9,1,winter,1,1,1,1,7.562424768,2024-02-27,1,1,1,952,5.3,1428,2.68,-9.0,1200,-9.0,-9.0,-9.0,5.6,7.3,1001,521,29.06,0,Mill_Overlay,2024-04-14,36.3524464,127.3408463,1,47.0
RAD02_240228101300_15892,36.3745471,127.3941237,대전광역시 유성구 도룡동 8-59,2024,2,28,10,2,winter,0,1,1,1,0.0,2024-02-28,1,0,0,8,6.3,1637,2.16,-9.0,1200,-9.0,-9.0,-9.0,5.9,3.7,916,902,12.35,0,Patch,2024-03-10,36.3745471,127.3941237,1,11.0
RAD02_240228101409_16049,36.3784085,127.4056056,대전광역시 유성구 원촌동 64-2,2024,2,28,10,2,winter,0,1,1,1,0.0,2024-02-28,1,0,0,8,6.3,1637,2.16,-9.0,1200,-9.0,-9.0,-9.0,5.9,3.7,916,1099,24.78,0,,,,,0,
RAD02_240228101409_16054,36.3784085,127.4056056,대전광역시 유성구 원촌동 64-2,2024,2,28,10,2,winter,0,2,2,2,4.21875505,2024-02-28,1,1,1,8,6.3,1637,2.16,-9.0,1200,-9.0,-9.0,-9.0,5.9,3.7,916,910,12.08,0,,,,,0,
RAD02_240228101419_16115,36.379809,127.4064281,대전광역시 유성구 원촌동 69-1,2024,2,28,10,2,winter,0,1,1,1,0.0,2024-02-28,1,0,0,8,6.3,1637,2.16,-9.0,1200,-9.0,-9.0,-9.0,5.9,3.7,916,647,7.69,0,,,,,0,
RAD02_240228101422_16154,36.3798687,127.4064632,대전광역시 유성구 원촌동 69-1,2024,2,28,10,2,winter,0,2,2,2,0.0,2024-02-28,1,0,0,8,6.3,1637,2.16,-9.0,1200,-9.0,-9.0,-9.0,5.9,3.7,916,1073,9.55,0,Mill_Overlay,2024-06-19,36.3798687,127.4064632,1,112.0
RAD02_240228101634_16307,36.384061,127.4056165,대전광역시 유성구 원촌동 135-2,2024,2,28,10,2,winter,0,1,1,1,5.421699427,2024-02-28,1,1,1,8,6.3,1637,2.16,-9.0,1200,-9.0,-9.0,-9.0,5.9,3.7,916,535,11.19,0,Mill_Overlay,2024-06-09,36.384061,127.4056165,1,102.0
RAD02_240306115506_0,36.361,127.3585,대전광역시 유성구 봉명동 1012-1,2024,3,6,10,2,spring,0,1,2,2,0.0,2024-03-06,1,0,0,2315,7.0,1522,2.15,-9.0,1200,0.0,-9.0,-9.0,7.2,5.8,2358,855,29.29,0,Mill_Overlay,2024-06-30,36.361,127.3585,1,116.0
RAD02_240308111537_930,36.358436,127.3348513,대전광역시 유성구 장대동 277-6,2024,3,8,11,4,spring,0,1,1,1,7.277547304,2024-03-08,1,1,1,1350,2.9,1304,2.9,-9.0,1200,-9.0,-9.0,-9.0,4.4,10.2,2400,794,22.56,0,,,,,0,
RAD02_240326143424_13517,36.3505692,127.3520311,대전광역시 서구 월평동 187-7,2024,3,26,14,1,spring,0,1,1,1,0.0,2024-03-26,1,0,0,11,6.7,1523,1.95,19.5,1000,0.2,10.33,-9.0,9.5,3.0,2358,593,26.75,0,,,,,0,
RAD02_240326143835_0,36.3506871,127.3512544,대전광역시 서구 월평동 163-31,2024,3,26,14,1,spring,0,1,1,1,1.677873623,2024-03-26,1,1,1,11,6.7,1523,1.95,19.5,1000,0.2,10.33,-9.0,9.5,3.0,2358,748,47.88,0,Crack_Seal,2024-05-06,36.3506871,127.3512544,1,41.0
RAD02_240326145134_15383,36.3544711,127.349895,대전광역시 유성구 봉명동 700,2024,3,26,14,1,spring,0,1,1,1,0.0,2024-03-26,1,0,0,11,6.7,1523,1.95,19.5,1000,0.2,10.33,-9.0,9.5,3.0,2358,325,20.73,0,,,,,0,
RAD02_240326163346_22155,36.3696129,127.3177991,대전광역시 유성구 노은동 583,2024,3,26,16,1,spring,0,4,15,15,0.0,2024-03-26,1,0,0,11,6.7,1523,1.95,19.5,1000,0.2,10.33,-9.0,9.5,3.0,2358,471,34.58,0,Full_Depth,2024-05-02,36.3696129,127.3177991,1,37.0
RAD02_240327102754_27601,36.3453794,127.3104462,대전광역시 유성구 복용동 629,2024,3,27,10,2,spring,0,1,2,2,1.313646854,2024-03-27,1,1,1,1639,10.2,1438,2.79,-9.0,1200,1.2,-9.0,-9.0,11.6,9.0,711,397,21.44,0,Mill_Overlay,2024-05-13,36.3453794,127.3104462,1,47.0
RAD02_240328095857_28766,36.3782141,127.4117965,대전광역시 대덕구 읍내동 505-23,2024,3,28,9,3,spring,1,1,1,1,0.0,2024-03-28,1,0,0,1116,9.0,1,0.42,21.3,1100,20.1,13.75,-9.0,10.0,0.0,4,536,18.18,0,,,,,0,
RAD02_240328105438_29936,36.4242042,127.4195913,대전광역시 대덕구 상서동 349-92,2024,3,28,10,3,spring,0,1,1,1,0.0,2024-03-28,1,0,0,1116,9.0,1,0.42,21.3,1100,20.1,13.75,-9.0,10.0,0.0,4,696,41.75,0,,,,,0,
RAD02_240328105838_30246,36.3875609,127.4126874,대전광역시 대덕구 신대동 535,2024,3,28,10,3,spring,0,1,1,1,0.0,2024-03-28,1,0,0,1116,9.0,1,0.42,21.3,1100,20.1,13.75,-9.0,10.0,0.0,4,254,35.7,0,,,,,0,
RAD02_240329151526_34728,36.4027533,127.4049766,대전광역시 유성구 전민동 464-3,2024,3,29,15,4,spring,0,1,1,1,0.0,2024-03-29,1,0,0,1336,9.3,1116,1.88,0.2,1000,0.2,2.92,-9.0,9.5,2.5,2359,331,36.5,0,,,,,0,
RAD02_240329151528_34736,36.4029268,127.4049911,대전광역시 유성구 전민동 464-3,2024,3,29,15,4,spring,0,2,2,2,0.0,2024-03-29,1,0,0,1336,9.3,1116,1.88,0.2,1000,0.2,2.92,-9.0,9.5,2.5,2359,571,25.98,0,,,,,0,
RAD02_240329152906_35910,36.4266291,127.3902812,대전광역시 유성구 관평동 1286,2024,3,29,15,4,spring,0,1,2,4,0.0,2024-03-29,1,0,0,1336,9.3,1116,1.88,0.2,1000,0.2,2.92,-9.0,9.5,2.5,2359,764,41.82,0,Mill_Overlay,2024-07-17,36.4266291,127.3902812,1,110.0
RAD02_240401141846_48988,36.402017,127.4049643,대전광역시 유성구 전민동 464-3,2024,4,1,14,0,spring,0,3,3,3,0.0,2024-04-01,1,0,0,1553,13.1,1447,3.22,-9.0,1200,-9.0,-9.0,-9.0,13.5,11.6,1043,803,11.28,0,,,,,0,
RAD02_240401141848_49002,36.4022822,127.4049634,대전광역시 유성구 전민동 464-3,2024,4,1,14,0,spring,0,4,4,4,2.562209644,2024-04-01,1,1,1,1553,13.1,1447,3.22,-9.0,1200,-9.0,-9.0,-9.0,13.5,11.6,1043,498,32.39,0,Mill_Overlay,2024-06-27,36.4022822,127.4049634,1,87.0
RAD02_240409142403_2473,36.3837508,127.4057375,대전광역시 유성구 원촌동 135-2,2024,4,9,14,1,spring,0,1,1,4,1.615759852,2024-04-09,1,1,1,959,15.3,1620,3.32,-9.0,1200,-9.0,-9.0,-9.0,19.1,11.3,2352,422,36.62,0,Crack_Seal,2024-06-05,36.3837508,127.4057375,1,57.0
RAD02_240409142759_3058,36.4023514,127.4049624,대전광역시 유성구 전민동 464-3,2024,4,9,14,1,spring,0,1,5,5,0.0,2024-04-09,1,0,0,959,15.3,1620,3.32,-9.0,1200,-9.0,-9.0,-9.0,19.1,11.3,2352,893,17.48,0,Full_Depth,2024-05-28,36.4023514,127.4049624,1,49.0
RAD02_240527154249_9749,36.3584593,127.3284702,대전광역시 유성구 장대동 245-2,2024,5,27,15,0,spring,0,1,1,1,0.0,2024-05-27,1,0,0,1044,18.5,1456,2.91,-9.0,1000,-9.0,-9.0,-9.0,21.4,10.9,2212,451,13.78,0,Patch,2024-06-15,36.3584593,127.3284702,1,19.0
RAD02_240527154250_9765,36.3584422,127.3285623,대전광역시 유성구 장대동 245-2,2024,5,27,15,0,spring,0,2,2,2,10.13884298,2024-05-27,1,1,1,1044,18.5,1456,2.91,-9.0,1000,-9.0,-9.0,-9.0,21.4,10.9,2212,612,7.96,0,Full_Depth,2024-07-20,36.3584422,127.3285623,1,54.0
RAD02_240704100609_390,36.3957444,127.3561093,대전광역시 유성구 장동 371-5,2024,7,4,10,3,summer,0,1,1,1,0.0,2024-07-04,1,0,0,2250,28.1,1507,3.46,-9.0,1200,3.9,-9.0,-9.0,29.2,10.0,1,822,39.83,0,,,,,0,
RAD02_240704104442_0,36.3525198,127.3409494,대전광역시 유성구 봉명동 1058,2024,7,4,10,3,summer,0,1,1,1,0.0,2024-07-04,1,0,0,2250,28.1,1507,3.46,-9.0,1200,3.9,-9.0,-9.0,29.2,10.0,1,514,43.81,0,Patch,2024-07-25,36.3525198,127.3409494,1,21.0
RAD02_240704105909_0,36.3281217,127.3329672,대전광역시 유성구 용계동 688,2024,7,4,10,3,summer,0,1,1,1,14.51658243,2024-07-04,1,1,1,2250,28.1,1507,3.46,-9.0,1200,3.9,-9.0,-9.0,29.2,10.0,1,672,48.25,0,Full_Depth,2024-08-08,36.3281217,127.3329672,1,35.0
RAD02_240704110004_4099,36.3319019,127.3329873,대전광역시 유성구 용계동 688,2024,7,4,11,3,summer,0,2,2,2,0.0,2024-07-04,1,0,0,2250,28.1,1507,3.46,-9.0,1200,3.9,-9.0,-9.0,29.2,10.0,1,431,32.35,0,Mill_Overlay,2024-10-09,36.3319019,127.3329873,1,97.0
RAD02_240704110200_4286,36.333173,127.3330209,대전광역시 유성구 원신흥동 608,2024,7,4,11,3,summer,0,1,1,1,0.0,2024-07-04,1,0,0,2250,28.1,1507,3.46,-9.0,1200,3.9,-9.0,-9.0,29.2,10.0,1,381,8.17,0,,,,,0,
RAD02_240704110321_4492,36.3424997,127.3393408,대전광역시 유성구 상대동 498,2024,7,4,11,3,summer,0,1,1,2,0.0,2024-07-04,1,0,0,2250,28.1,1507,3.46,-9.0,1200,3.9,-9.0,-9.0,29.2,10.0,1,433,47.93,0,,,,,0,
RAD02_240704110326_4512,36.3430638,127.3396858,대전광역시 유성구 봉명동 1058-2,2024,7,4,11,3,summer,0,1,1,1,0.0,2024-07-04,1,0,0,2250,28.1,1507,3.46,-9.0,1200,3.9,-9.0,-9.0,29.2,10.0,1,573,45.18,0,Patch,2024-07-23,36.3430638,127.3396858,1,19.0
RAD02_240704113832_4851,36.3609688,127.3443927,대전광역시 유성구 궁동 481,2024,7,4,11,3,summer,0,1,1,1,0.0,2024-07-04,1,0,0,2250,28.1,1507,3.46,-9.0,1200,3.9,-9.0,-9.0,29.2,10.0,1,776,17.42,0,,,,,0,
RAD02_240705100634_8290,36.3742684,127.3054428,대전광역시 유성구 지족동 1060-1,2024,7,5,10,4,summer,0,1,1,1,0.0,2024-07-05,1,0,0,121,25.8,1555,3.5,3.9,1100,-9.0,2.67,3.7,27.4,7.9,2128,684,27.49,0,Patch,2024-08-20,36.3742684,127.3054428,1,46.0
RAD02_240705100730_0,36.3702015,127.3075914,대전광역시 유성구 노은동 산 24-139,2024,7,5,10,4,summer,0,1,1,1,6.205153118,2024-07-05,1,1,1,121,25.8,1555,3.5,3.9,1100,-9.0,2.67,3.7,27.4,7.9,2128,582,29.44,0,Mill_Overlay,2024-10-24,36.3702015,127.3075914,1,111.0
RAD02_240705101003_8615,36.3667682,127.3178224,대전광역시 유성구 노은동 566,2024,7,5,10,4,summer,0,1,1,1,1.204309243,2024-07-05,1,1,1,121,25.8,1555,3.5,3.9,1100,-9.0,2.67,3.7,27.4,7.9,2128,799,24.44,0,Crack_Seal,2024-09-13,36.3667682,127.3178224,1,70.0
RAD02_240705101511_9110,36.3690262,127.3399345,대전광역시 유성구 궁동 358,2024,7,5,10,4,summer,0,1,1,1,8.558332104,2024-07-05,1,1,1,121,25.8,1555,3.5,3.9,1100,-9.0,2.67,3.7,27.4,7.9,2128,301,31.76,0,Mill_Overlay,2024-10-02,36.3690262,127.3399345,1,89.0
RAD02_240705101837_9518,36.3888104,127.3444614,대전광역시 유성구 하기동 산 2-6,2024,7,5,10,4,summer,0,1,1,1,0.0,2024-07-05,1,0,0,121,25.8,1555,3.5,3.9,1100,-9.0,2.67,3.7,27.4,7.9,2128,504,24.92,0,Patch,2024-08-07,36.3888104,127.3444614,1,33.0
RAD02_240705101840_9532,36.3893202,127.344826,대전광역시 유성구 하기동 14-3,2024,7,5,10,4,summer,0,1,1,1,6.88434438,2024-07-05,1,1,1,121,25.8,1555,3.5,3.9,1100,-9.0,2.67,3.7,27.4,7.9,2128,485,38.13,0,,,,,0,
RAD02_240705102410_10520,36.4122634,127.3782527,대전광역시 유성구 화암동 25-13,2024,7,5,10,4,summer,0,1,1,1,0.0,2024-07-05,1,0,0,121,25.8,1555,3.5,3.9,1100,-9.0,2.67,3.7,27.4,7.9,2128,840,21.68,0,,,,,0,
RAD02_240705102627_10905,36.419045,127.3816008,대전광역시 유성구 관평동 681,2024,7,5,10,4,summer,0,1,1,1,0.0,2024-07-05,1,0,0,121,25.8,1555,3.5,3.9,1100,-9.0,2.67,3.7,27.4,7.9,2128,652,32.51,0,,,,,0,
RAD02_240705102745_11030,36.417348,127.3920276,대전광역시 유성구 용산동 672,2024,7,5,10,4,summer,0,1,1,1,14.93694521,2024-07-05,1,1,1,121,25.8,1555,3.5,3.9,1100,-9.0,2.67,3.7,27.4,7.9,2128,745,19.43,0,Full_Depth,2024-08-08,36.417348,127.3920276,1,34.0
RAD02_240705104128_11193,36.4173268,127.3925418,대전광역시 유성구 용산동 672,2024,7,5,10,4,summer,0,2,2,2,0.0,2024-07-05,1,0,0,121,25.8,1555,3.5,3.9,1100,-9.0,2.67,3.7,27.4,7.9,2128,308,26.66,0,Mill_Overlay,2024-10-17,36.4173268,127.3925418,1,104.0
RAD02_240705104740_11866,36.4247696,127.3893087,대전광역시 유성구 관평동 1291,2024,7,5,10,4,summer,0,1,1,1,1.563513927,2024-07-05,1,1,1,121,25.8,1555,3.5,3.9,1100,-9.0,2.67,3.7,27.4,7.9,2128,888,14.88,0,,,,,0,
RAD02_240705105046_12072,36.4260338,127.3861304,대전광역시 유성구 관평동 1292,2024,7,5,10,4,summer,0,1,1,1,0.0,2024-07-05,1,0,0,121,25.8,1555,3.5,3.9,1100,-9.0,2.67,3.7,27.4,7.9,2128,330,32.95,0,,,,,0,
RAD02_240722070823_39853,36.3761708,127.338887,대전광역시 유성구 죽동 799,2024,7,22,7,0,summer,0,1,1,2,0.0,2024-07-22,1,0,0,2330,28.9,1240,2.46,-9.0,1200,0.0,-9.0,-9.0,29.3,2.8,113,594,31.91,0,Patch,2024-09-02,36.3761708,127.338887,1,42.0
RAD02_240722070936_39903,36.3762196,127.3386853,대전광역시 유성구 죽동 799,2024,7,22,7,0,summer,0,2,2,3,0.0,2024-07-22,1,0,0,2330,28.9,1240,2.46,-9.0,1200,0.0,-9.0,-9.0,29.3,2.8,113,1022,33.72,0,,,,,0,
RAD02_240722071106_39997,36.3724771,127.3351261,대전광역시 유성구 죽동 799,2024,7,22,7,0,summer,0,3,3,4,0.0,2024-07-22,1,0,0,2330,28.9,1240,2.46,-9.0,1200,0.0,-9.0,-9.0,29.3,2.8,113,350,31.21,0,Mill_Overlay,2024-09-13,36.3724771,127.3351261,1,53.0
RAD02_240722071116_40048,36.3717194,127.3350072,대전광역시 유성구 죽동 799,2024,7,22,7,0,summer,0,4,4,5,0.0,2024-07-22,1,0,0,2330,28.9,1240,2.46,-9.0,1200,0.0,-9.0,-9.0,29.3,2.8,113,743,21.5,0,Mill_Overlay,2024-09-25,36.3717194,127.3350072,1,65.0
RAD02_240722071123_40064,36.3713166,127.3348578,대전광역시 유성구 죽동 799,2024,7,22,7,0,summer,0,5,5,6,0.0,2024-07-22,1,0,0,2330,28.9,1240,2.46,-9.0,1200,0.0,-9.0,-9.0,29.3,2.8,113,1048,36.72,0,Full_Depth,2024-08-06,36.3713166,127.3348578,1,15.0
RAD02_240722071131_40068,36.371338,127.3343033,대전광역시 유성구 죽동 747,2024,7,22,7,0,summer,0,1,1,1,6.632865904,2024-07-22,1,1,1,2330,28.9,1240,2.46,-9.0,1200,0.0,-9.0,-9.0,29.3,2.8,113,692,10.66,0,,,,,0,
RAD02_240722071204_0,36.3717463,127.3320898,대전광역시 유성구 죽동 747,2024,7,22,7,0,summer,0,2,2,2,0.0,2024-07-22,1,0,0,2330,28.9,1240,2.46,-9.0,1200,0.0,-9.0,-9.0,29.3,2.8,113,387,12.11,0,,,,,0,
RAD02_240722081055_40257,36.3717595,127.3322677,대전광역시 유성구 죽동 747,2024,7,22,8,0,summer,1,3,3,3,0.0,2024-07-22,1,0,0,2330,28.9,1240,2.46,-9.0,1200,0.0,-9.0,-9.0,29.3,2.8,113,923,23.09,0,Mill_Overlay,2024-11-07,36.3717595,127.3322677,1,108.0
RAD02_240722081259_0,36.3666444,127.3389231,대전광역시 유성구 죽동 119-2,2024,7,22,8,0,summer,1,1,1,1,0.0,2024-07-22,1,0,0,2330,28.9,1240,2.46,-9.0,1200,0.0,-9.0,-9.0,29.3,2.8,113,762,36.0,0,Patch,2024-08-05,36.3666444,127.3389231,1,14.0
RAD02_240722081300_40539,36.3664505,127.3388563,대전광역시 유성구 죽동 119-2,2024,7,22,8,0,summer,1,2,2,2,9.914659953,2024-07-22,1,1,1,2330,28.9,1240,2.46,-9.0,1200,0.0,-9.0,-9.0,29.3,2.8,113,985,38.12,0,Mill_Overlay,2024-10-04,36.3664505,127.3388563,1,74.0
RAD02_240722132959_41375,36.3607481,127.3541642,대전광역시 유성구 어은동 311,2024,7,22,13,0,summer,0,1,1,2,0.0,2024-07-22,1,0,0,2330,28.9,1240,2.46,-9.0,1200,0.0,-9.0,-9.0,29.3,2.8,113,559,22.3,0,Patch,2024-07-29,36.3607481,127.3541642,1,7.0
RAD02_240722144805_41849,36.3623562,127.3558128,대전광역시 유성구 어은동 109,2024,7,22,14,0,summer,0,1,1,1,1.291077309,2024-07-22,1,1,1,2330,28.9,1240,2.46,-9.0,1200,0.0,-9.0,-9.0,29.3,2.8,113,326,24.59,0,,,,,0,
RAD02_240722144831_41905,36.3624276,127.3561928,대전광역시 유성구 어은동 109,2024,7,22,14,0,summer,0,2,2,2,0.0,2024-07-22,1,0,0,2330,28.9,1240,2.46,-9.0,1200,0.0,-9.0,-9.0,29.3,2.8,113,895,37.47,0,Mill_Overlay,2024-10-12,36.3624276,127.3561928,1,82.0
RAD02_240722144850_41918,36.3625815,127.3565681,대전광역시 유성구 어은동 109,2024,7,22,14,0,summer,0,3,3,3,0.0,2024-07-22,1,0,0,2330,28.9,1240,2.46,-9.0,1200,0.0,-9.0,-9.0,29.3,2.8,113,1211,12.82,0,Mill_Overlay,2024-11-04,36.3625815,127.3565681,1,105.0
RAD02_240722150541_42077,36.3624017,127.3566568,대전광역시 유성구 어은동 109,2024,7,22,15,0,summer,0,4,4,4,0.0,2024-07-22,1,0,0,2330,28.9,1240,2.46,-9.0,1200,0.0,-9.0,-9.0,29.3,2.8,113,520,27.26,0,Mill_Overlay,2024-10-06,36.3624017,127.3566568,1,76.0
RAD02_240723102054_42106,36.3617499,127.3567053,대전광역시 유성구 어은동 109,2024,7,23,10,1,summer,0,5,5,5,0.0,2024-07-23,1,0,0,49,27.2,1,0.67,3.9,1300,6.0,10.03,2.5,26.9,0.0,1006,656,38.67,0,Full_Depth,2024-08-06,36.3617499,127.3567053,1,14.0
RAD02_240723102554_42623,36.3575433,127.3427661,대전광역시 유성구 봉명동 608,2024,7,23,10,1,summer,0,1,2,2,0.0,2024-07-23,1,0,0,49,27.2,1,0.67,3.9,1300,6.0,10.03,2.5,26.9,0.0,1006,417,16.5,0,,,,,0,
RAD02_240723102720_42912,36.3493848,127.3400517,대전광역시 유성구 봉명동 1058,2024,7,23,10,1,summer,0,1,2,2,5.869561755,2024-07-23,1,1,1,49,27.2,1,0.67,3.9,1300,6.0,10.03,2.5,26.9,0.0,1006,552,35.41,0,Mill_Overlay,2024-10-25,36.3493848,127.3400517,1,94.0
RAD02_240723102727_42955,36.3488061,127.34008,대전광역시 유성구 봉명동 1058,2024,7,23,10,1,summer,0,2,3,3,9.379759714,2024-07-23,1,1,1,49,27.2,1,0.67,3.9,1300,6.0,10.03,2.5,26.9,0.0,1006,640,7.34,0,Mill_Overlay,2024-10-09,36.3488061,127.34008,1,78.0
RAD02_240723102749_43043,36.3486954,127.3380289,대전광역시 유성구 상대동 556,2024,7,23,10,1,summer,0,1,1,1,3.634540649,2024-07-23,1,1,1,49,27.2,1,0.67,3.9,1300,6.0,10.03,2.5,26.9,0.0,1006,324,24.38,0,,,,,0,
RAD02_240723102755_43056,36.3486802,127.3371163,대전광역시 유성구 상대동 556,2024,7,23,10,1,summer,0,2,2,2,6.069913491,2024-07-23,1,1,1,49,27.2,1,0.67,3.9,1300,6.0,10.03,2.5,26.9,0.0,1006,528,35.36,0,Mill_Overlay,2024-11-10,36.3486802,127.3371163,1,110.0
RAD02_240723102758_43081,36.3486706,127.3366655,대전광역시 유성구 상대동 556,2024,7,23,10,1,summer,0,3,3,3,4.474758849,2024-07-23,1,1,1,49,27.2,1,0.67,3.9,1300,6.0,10.03,2.5,26.9,0.0,1006,506,12.94,0,,,,,0,
RAD02_240723102804_43093,36.3486585,127.3358612,대전광역시 유성구 상대동 556,2024,7,23,10,1,summer,0,4,4,4,13.71548204,2024-07-23,1,1,1,49,27.2,1,0.67,3.9,1300,6.0,10.03,2.5,26.9,0.0,1006,445,22.22,0,,,,,0,
RAD02_240723102824_43126,36.3486556,127.3335618,대전광역시 유성구 상대동 556,2024,7,23,10,1,summer,0,5,5,5,3.972273317,2024-07-23,1,1,1,49,27.2,1,0.67,3.9,1300,6.0,10.03,2.5,26.9,0.0,1006,400,40.97,0,Full_Depth,2024-09-03,36.3486556,127.3335618,1,42.0
RAD02_240723102843_43145,36.3486235,127.3313473,대전광역시 유성구 상대동 556,2024,7,23,10,1,summer,0,6,6,6,0.0,2024-07-23,1,0,0,49,27.2,1,0.67,3.9,1300,6.0,10.03,2.5,26.9,0.0,1006,285,24.86,0,Full_Depth,2024-08-11,36.3486235,127.3313473,1,19.0
RAD02_240723102901_43184,36.3486235,127.3312673,대전광역시 유성구 상대동 556,2024,7,23,10,1,summer,0,7,7,7,0.0,2024-07-23,1,0,0,49,27.2,1,0.67,3.9,1300,6.0,10.03,2.5,26.9,0.0,1006,506,10.42,0,,,,,0,
RAD02_240723103039_43337,36.3486282,127.3267053,대전광역시 유성구 상대동 556,2024,7,23,10,1,summer,0,8,8,8,0.0,2024-07-23,1,0,0,49,27.2,1,0.67,3.9,1300,6.0,10.03,2.5,26.9,0.0,1006,557,45.15,0,,,,,0,
RAD02_240723103401_43736,36.3361049,127.3167407,대전광역시 유성구 학하동 687,2024,7,23,10,1,summer,0,1,1,1,3.152027864,2024-07-23,1,1,1,49,27.2,1,0.67,3.9,1300,6.0,10.03,2.5,26.9,0.0,1006,703,32.85,0,,,,,0,
RAD02_240723103444_43798,36.3299821,127.3131031,대전광역시 유성구 용계동 390-3,2024,7,23,10,1,summer,0,1,1,1,0.0,2024-07-23,1,0,0,49,27.2,1,0.67,3.9,1300,6.0,10.03,2.5,26.9,0.0,1006,341,18.88,0,,,,,0,
RAD02_240723103446_43801,36.3297016,127.3129649,대전광역시 유성구 용계동 390-3,2024,7,23,10,1,summer,0,2,2,2,0.0,2024-07-23,1,0,0,49,27.2,1,0.67,3.9,1300,6.0,10.03,2.5,26.9,0.0,1006,685,39.58,0,,,,,0,
RAD02_240723103501_43849,36.3273335,127.3122078,대전광역시 유성구 용계동 산 50-6,2024,7,23,10,1,summer,0,1,1,1,0.0,2024-07-23,1,0,0,49,27.2,1,0.67,3.9,1300,6.0,10.03,2.5,26.9,0.0,1006,256,33.68,0,Patch,2024-09-07,36.3273335,127.3122078,1,46.0
RAD02_240723103541_43900,36.3244361,127.3123075,대전광역시 유성구 용계동 402-11,2024,7,23,10,1,summer,0,1,1,1,0.0,2024-07-23,1,0,0,49,27.2,1,0.67,3.9,1300,6.0,10.03,2.5,26.9,0.0,1006,549,47.34,0,,,,,0,
RAD02_240723103616_43932,36.3201457,127.3136482,대전광역시 유성구 대정동 산 38-1,2024,7,23,10,1,summer,0,1,1,1,0.0,2024-07-23,1,0,0,49,27.2,1,0.67,3.9,1300,6.0,10.03,2.5,26.9,0.0,1006,734,20.55,0,Patch,2024-09-02,36.3201457,127.3136482,1,41.0
RAD02_240723103652_43970,36.3149986,127.3155018,대전광역시 유성구 대정동 507,2024,7,23,10,1,summer,0,1,1,1,1.640915858,2024-07-23,1,1,1,49,27.2,1,0.67,3.9,1300,6.0,10.03,2.5,26.9,0.0,1006,505,47.52,0,,,,,0,
RAD02_240723103657_43993,36.3144026,127.3157373,대전광역시 유성구 대정동 509-9,2024,7,23,10,1,summer,0,1,1,1,0.0,2024-07-23,1,0,0,49,27.2,1,0.67,3.9,1300,6.0,10.03,2.5,26.9,0.0,1006,283,24.69,0,Patch,2024-09-15,36.3144026,127.3157373,1,54.0
RAD02_240723103726_44053,36.3110067,127.3174702,대전광역시 유성구 교촌동 123-4,2024,7,23,10,1,summer,0,1,1,1,0.0,2024-07-23,1,0,0,49,27.2,1,0.67,3.9,1300,6.0,10.03,2.5,26.9,0.0,1006,218,19.76,0,Patch,2024-09-01,36.3110067,127.3174702,1,40.0
RAD02_240723103816_44176,36.3051794,127.3200677,대전광역시 유성구 교촌동 652,2024,7,23,10,1,summer,0,1,1,1,11.21961319,2024-07-23,1,1,1,49,27.2,1,0.67,3.9,1300,6.0,10.03,2.5,26.9,0.0,1006,607,32.02,0,Full_Depth,2024-09-07,36.3051794,127.3200677,1,46.0
RAD02_240723103823_44195,36.3047175,127.320255,대전광역시 유성구 교촌동 652,2024,7,23,10,1,summer,0,2,2,2,0.0,2024-07-23,1,0,0,49,27.2,1,0.67,3.9,1300,6.0,10.03,2.5,26.9,0.0,1006,662,17.56,0,Mill_Overlay,2024-11-17,36.3047175,127.320255,1,117.0
RAD02_240723104158_44681,36.2993358,127.3157872,대전광역시 유성구 원내동 772,2024,7,23,10,1,summer,0,1,1,1,14.29526036,2024-07-23,1,1,1,49,27.2,1,0.67,3.9,1300,6.0,10.03,2.5,26.9,0.0,1006,348,12.57,0,Full_Depth,2024-08-14,36.2993358,127.3157872,1,22.0
RAD02_240723104211_44694,36.2986134,127.316021,대전광역시 유성구 원내동 772,2024,7,23,10,1,summer,0,2,2,2,0.0,2024-07-23,1,0,0,49,27.2,1,0.67,3.9,1300,6.0,10.03,2.5,26.9,0.0,1006,627,30.37,0,Mill_Overlay,2024-10-04,36.2986134,127.316021,1,73.0
RAD02_240723104228_44718,36.2983857,127.3157099,대전광역시 유성구 원내동 708,2024,7,23,10,1,summer,0,1,1,1,0.0,2024-07-23,1,0,0,49,27.2,1,0.67,3.9,1300,6.0,10.03,2.5,26.9,0.0,1006,687,18.56,0,,,,,0,
RAD02_240723104312_44774,36.2979338,127.3150333,대전광역시 유성구 원내동 280,2024,7,23,10,1,summer,0,1,1,1,12.50786481,2024-07-23,1,1,1,49,27.2,1,0.67,3.9,1300,6.0,10.03,2.5,26.9,0.0,1006,396,36.38,0,Full_Depth,2024-09-02,36.2979338,127.3150333,1,41.0
RAD02_240723105637_44968,36.2986844,127.3161518,대전광역시 유성구 원내동 736,2024,7,23,10,1,summer,0,1,1,1,8.396226546,2024-07-23,1,1,1,49,27.2,1,0.67,3.9,1300,6.0,10.03,2.5,26.9,0.0,1006,554,26.51,0,Mill_Overlay,2024-11-17,36.2986844,127.3161518,1,117.0
RAD02_240723105754_45004,36.299355,127.3159116,대전광역시 유성구 원내동 735,2024,7,23,10,1,summer,0,1,1,1,0.0,2024-07-23,1,0,0,49,27.2,1,0.67,3.9,1300,6.0,10.03,2.5,26.9,0.0,1006,278,27.69,0,,,,,0,
RAD02_240723105802_45020,36.2997707,127.3157655,대전광역시 유성구 원내동 735,2024,7,23,10,1,summer,0,2,2,2,0.0,2024-07-23,1,0,0,49,27.2,1,0.67,3.9,1300,6.0,10.03,2.5,26.9,0.0,1006,320,43.87,0,Mill_Overlay,2024-10-16,36.2997707,127.3157655,1,85.0
RAD02_240723105815_45031,36.3006165,127.3154704,대전광역시 유성구 원내동 735,2024,7,23,10,1,summer,0,3,3,3,0.0,2024-07-23,1,0,0,49,27.2,1,0.67,3.9,1300,6.0,10.03,2.5,26.9,0.0,1006,714,18.15,0,Mill_Overlay,2024-11-15,36.3006165,127.3154704,1,115.0
RAD02_240723105821_45044,36.3010087,127.3153214,대전광역시 유성구 원내동 773,2024,7,23,10,1,summer,0,1,1,1,0.0,2024-07-23,1,0,0,49,27.2,1,0.67,3.9,1300,6.0,10.03,2.5,26.9,0.0,1006,761,26.59,0,,,,,0,
RAD02_240723105840_45080,36.3025569,127.3156015,대전광역시 유성구 원내동 773,2024,7,23,10,1,summer,0,2,2,2,0.0,2024-07-23,1,0,0,49,27.2,1,0.67,3.9,1300,6.0,10.03,2.5,26.9,0.0,1006,319,34.35,0,Mill_Overlay,2024-08-24,36.3025569,127.3156015,1,32.0
RAD02_240723110012_45161,36.3034721,127.3176269,대전광역시 유성구 원내동 773,2024,7,23,11,1,summer,0,3,3,3,0.0,2024-07-23,1,0,0,49,27.2,1,0.67,3.9,1300,6.0,10.03,2.5,26.9,0.0,1006,295,34.68,0,,,,,0,
RAD02_240723110053_0,36.3042144,127.3203217,대전광역시 유성구 원내동 773,2024,7,23,11,1,summer,0,4,4,4,1.782737754,2024-07-23,1,1,1,49,27.2,1,0.67,3.9,1300,6.0,10.03,2.5,26.9,0.0,1006,240,41.22,0,,,,,0,
RAD02_240723110053_45257,36.3042144,127.3203217,대전광역시 유성구 원내동 773,2024,7,23,11,1,summer,0,5,5,5,0.0,2024-07-23,1,0,0,49,27.2,1,0.67,3.9,1300,6.0,10.03,2.5,26.9,0.0,1006,236,16.11,0,Full_Depth,2024-09-07,36.3042144,127.3203217,1,46.0
RAD02_240725102042_2170,36.3598648,127.2932792,대전광역시 유성구 갑동 392-11,2024,7,25,10,3,summer,0,1,1,1,0.0,2024-07-25,1,0,0,1749,28.1,1446,3.29,0.1,1400,0.1,0.83,0.1,33.5,7.6,2229,314,27.23,0,,,,,0,
RAD02_240729153853_0,36.4192753,127.37974,대전광역시 유성구 덕진동 산 14-3,2024,7,29,15,0,summer,0,1,1,1,0.0,2024-07-29,1,0,0,1131,28.6,1457,2.74,-9.0,1400,-9.0,-9.0,-9.0,32.0,5.6,36,428,6.71,0,,,,,0,
RAD02_240729154719_6522,36.4458044,127.3853474,대전광역시 유성구 봉산동 714,2024,7,29,15,0,summer,0,1,1,2,1.703836428,2024-07-29,1,1,1,1131,28.6,1457,2.74,-9.0,1400,-9.0,-9.0,-9.0,32.0,5.6,36,449,16.04,0,,,,,0,
RAD02_240730094242_7947,36.3585841,127.3371612,대전광역시 유성구 장대동 290,2024,7,30,9,1,summer,1,1,1,1,0.0,2024-07-30,1,0,0,44,28.7,1339,3.44,-9.0,1300,-9.0,-9.0,-9.0,33.9,7.4,735,1058,12.47,0,Patch,2024-09-04,36.3585841,127.3371612,1,36.0
RAD02_240731150038_8190,36.3623864,127.3561796,대전광역시 유성구 어은동 109,2024,7,31,15,2,summer,0,1,6,6,0.0,2024-07-31,1,0,0,1438,29.5,1600,3.39,-9.0,1300,-9.0,-9.0,-9.0,36.0,6.6,621,943,22.27,0,Full_Depth,2024-09-11,36.3623864,127.3561796,1,42.0
RAD02_240731150044_0,36.3624294,127.3562708,대전광역시 유성구 어은동 109,2024,7,31,15,2,summer,0,2,7,7,0.0,2024-07-31,1,0,0,1438,29.5,1600,3.39,-9.0,1300,-9.0,-9.0,-9.0,36.0,6.6,621,380,13.66,0,,,,,0,
RAD02_240801092842_10003,36.3595454,127.3429622,대전광역시 유성구 봉명동 601,2024,8,1,9,3,summer,1,1,1,1,9.763238505,2024-08-01,1,1,1,1028,30.0,1448,2.84,-9.0,1300,-9.0,-9.0,-9.0,34.4,5.9,156,666,17.75,0,Mill_Overlay,2024-11-13,36.3595454,127.3429622,1,104.0
RAD02_240801093134_10281,36.3585989,127.3374559,대전광역시 유성구 장대동 290,2024,8,1,9,3,summer,1,2,2,2,7.337690262,2024-08-01,1,1,1,1028,30.0,1448,2.84,-9.0,1300,-9.0,-9.0,-9.0,34.4,5.9,156,1056,12.95,0,Mill_Overlay,2024-10-11,36.3585989,127.3374559,1,71.0
RAD02_240801093943_10898,36.358922,127.3287995,대전광역시 유성구 장대동 258,2024,8,1,9,3,summer,1,1,1,1,0.0,2024-08-01,1,0,0,1028,30.0,1448,2.84,-9.0,1300,-9.0,-9.0,-9.0,34.4,5.9,156,700,15.48,0,,,,,0,
RAD02_240801094131_10973,36.3594928,127.3239981,대전광역시 유성구 장대동 295,2024,8,1,9,3,summer,1,1,1,1,0.0,2024-08-01,1,0,0,1028,30.0,1448,2.84,-9.0,1300,-9.0,-9.0,-9.0,34.4,5.9,156,1152,35.62,0,,,,,0,
RAD02_240801094346_11195,36.3604705,127.3031363,대전광역시 유성구 덕명동 555,2024,8,1,9,3,summer,1,1,1,1,0.0,2024-08-01,1,0,0,1028,30.0,1448,2.84,-9.0,1300,-9.0,-9.0,-9.0,34.4,5.9,156,748,31.22,0,,,,,0,
RAD02_240801101044_11973,36.3603685,127.3267128,대전광역시 유성구 장대동 223-20,2024,8,1,10,3,summer,0,1,1,1,0.0,2024-08-01,1,0,0,1028,30.0,1448,2.84,-9.0,1300,-9.0,-9.0,-9.0,34.4,5.9,156,359,40.08,0,Patch,2024-09-14,36.3603685,127.3267128,1,44.0
RAD02_240801101121_11989,36.3636454,127.3272178,대전광역시 유성구 장대동 231-2,2024,8,1,10,3,summer,0,1,1,1,13.0793874,2024-08-01,1,1,1,1028,30.0,1448,2.84,-9.0,1300,-9.0,-9.0,-9.0,34.4,5.9,156,757,30.19,0,Full_Depth,2024-08-27,36.3636454,127.3272178,1,26.0
RAD02_240801162922_12332,36.3848419,127.3785481,대전광역시 유성구 도룡동 409,2024,8,1,16,3,summer,0,1,1,2,6.272548819,2024-08-01,1,1,1,1028,30.0,1448,2.84,-9.0,1300,-9.0,-9.0,-9.0,34.4,5.9,156,865,32.98,0,Mill_Overlay,2024-10-25,36.3848419,127.3785481,1,85.0
RAD02_240805103952_15754,36.353136,127.3369673,대전광역시 유성구 봉명동 534,2024,8,5,10,0,summer,0,1,1,1,14.20148703,2024-08-05,1,1,1,1537,27.4,1354,2.94,34.3,1300,33.2,3.38,27.8,30.1,5.4,2231,793,36.3,0,Full_Depth,2024-09-30,36.353136,127.3369673,1,56.0
RAD02_240805104059_15947,36.3546954,127.3382101,대전광역시 유성구 봉명동 529,2024,8,5,10,0,summer,0,1,1,1,0.0,2024-08-05,1,0,0,1537,27.4,1354,2.94,34.3,1300,33.2,3.38,27.8,30.1,5.4,2231,779,43.35,0,,,,,0,
RAD02_240805165159_17289,36.4182704,127.3788462,대전광역시 유성구 관평동 657-3,2024,8,5,16,0,summer,0,1,1,1,7.855628846,2024-08-05,1,1,1,1537,27.4,1354,2.94,34.3,1300,33.2,3.38,27.8,30.1,5.4,2231,305,26.32,0,,,,,0,
RAD02_240805170944_17986,36.4119107,127.3779061,대전광역시 유성구 화암동 120-3,2024,8,5,17,0,summer,0,1,1,1,0.0,2024-08-05,1,0,0,1537,27.4,1354,2.94,34.3,1300,33.2,3.38,27.8,30.1,5.4,2231,680,39.11,0,,,,,0,
RAD02_240805171328_18270,36.3971543,127.3548409,대전광역시 유성구 장동 362-2,2024,8,5,17,0,summer,0,1,1,1,9.174369862,2024-08-05,1,1,1,1537,27.4,1354,2.94,34.3,1300,33.2,3.38,27.8,30.1,5.4,2231,220,24.52,0,Mill_Overlay,2024-11-29,36.3971543,127.3548409,1,116.0
RAD02_240805171556_18387,36.3940462,127.3504939,대전광역시 유성구 자운동 17-15,2024,8,5,17,0,summer,0,1,1,1,14.53841244,2024-08-05,1,1,1,1537,27.4,1354,2.94,34.3,1300,33.2,3.38,27.8,30.1,5.4,2231,336,13.47,0,,,,,0,
RAD02_240805173844_18913,36.369134,127.3504628,대전광역시 유성구 궁동 220,2024,8,5,17,0,summer,0,1,1,1,7.216184513,2024-08-05,1,1,1,1537,27.4,1354,2.94,34.3,1300,33.2,3.38,27.8,30.1,5.4,2231,636,28.81,0,Mill_Overlay,2024-10-07,36.369134,127.3504628,1,63.0
RAD02_240805174140_19238,36.364056,127.3558003,대전광역시 유성구 어은동 99,2024,8,5,17,0,summer,0,1,1,1,0.0,2024-08-05,1,0,0,1537,27.4,1354,2.94,34.3,1300,33.2,3.38,27.8,30.1,5.4,2231,907,34.15,0,Patch,2024-09-29,36.364056,127.3558003,1,55.0
RAD02_240806092522_19653,36.3624144,127.3561372,대전광역시 유성구 어은동 109,2024,8,6,9,1,summer,1,3,8,8,3.299698159,2024-08-06,1,1,1,1450,28.6,1516,3.27,-9.0,1100,-9.0,-9.0,-9.0,33.2,9.1,822,1077,35.26,0,Full_Depth,2024-09-09,36.3624144,127.3561372,1,34.0
RAD02_240906142652_433,36.4087304,127.3755045,대전광역시 유성구 화암동 99-6,2024,9,6,14,4,autumn,0,1,1,1,0.0,2024-09-06,1,0,0,1324,25.6,1512,1.07,0.5,1400,0.5,2.83,0.4,29.5,0.0,2124,423,32.27,0,Patch,2024-10-07,36.4087304,127.3755045,1,31.0
RAD02_240910095605_3052,36.3371305,127.3345333,대전광역시 유성구 상대동 498,2024,9,10,9,1,autumn,1,1,1,2,0.0,2024-09-10,1,0,0,215,29.5,1506,3.1,-9.0,1200,-9.0,-9.0,-9.0,36.0,11.4,911,1123,40.57,0,Patch,2024-10-30,36.3371305,127.3345333,1,50.0
RAD02_240920150052_30,36.3050871,127.2942619,대전광역시 유성구 성북동 761,2024,9,20,15,4,autumn,0,1,1,1,6.542074772,2024-09-20,1,1,1,823,25.5,1,0.65,45.6,1300,148.6,13.0,12.9,26.6,0.0,1,680,29.07,0,,,,,0,
RAD02_240920152128_1951,36.3408826,127.3198701,대전광역시 유성구 복용동 175-3,2024,9,20,15,4,autumn,0,1,1,1,0.0,2024-09-20,1,0,0,823,25.5,1,0.65,45.6,1300,148.6,13.0,12.9,26.6,0.0,1,552,18.95,0,,,,,0,
RAD02_241028103649_2831,36.3246945,127.3190443,대전광역시 유성구 용계동 623,2024,10,28,10,0,autumn,0,1,1,1,0.0,2024-10-28,1,0,0,2246,14.8,1145,1.41,0.0,1100,0.0,1.17,0.0,15.4,0.4,2309,1068,10.9,0,,,,,0,
RAD02_241028103726_2858,36.3234643,127.317443,대전광역시 유성구 용계동 400-4,2024,10,28,10,0,autumn,0,1,1,1,0.0,2024-10-28,1,0,0,2246,14.8,1145,1.41,0.0,1100,0.0,1.17,0.0,15.4,0.4,2309,779,6.41,0,Patch,2024-12-15,36.3234643,127.317443,1,48.0
RAD02_241028123535_6449,36.2999096,127.315775,대전광역시 유성구 원내동 197-23,2024,10,28,12,0,autumn,0,1,1,1,0.0,2024-10-28,1,0,0,2246,14.8,1145,1.41,0.0,1100,0.0,1.17,0.0,15.4,0.4,2309,993,25.65,0,,,,,0,
RAD02_241029093429_6909,36.3636689,127.3404366,대전광역시 유성구 장대동 377,2024,10,29,9,1,autumn,1,1,1,1,8.497897399,2024-10-29,1,1,1,1054,14.9,1532,1.88,0.0,1100,0.0,0.58,0.0,15.2,3.1,2259,653,41.38,0,Mill_Overlay,2025-02-05,36.3636689,127.3404366,1,99.0
RAD02_241029093442_6921,36.3638746,127.33984,대전광역시 유성구 장대동 321,2024,10,29,9,1,autumn,1,1,1,1,0.0,2024-10-29,1,0,0,1054,14.9,1532,1.88,0.0,1100,0.0,0.58,0.0,15.2,3.1,2259,944,10.78,0,Patch,2024-11-07,36.3638746,127.33984,1,9.0
RAD02_241030091933_10101,36.348614,127.3325623,대전광역시 유성구 상대동 556,2024,10,30,9,2,autumn,1,1,1,1,3.390400739,2024-10-30,1,1,1,1945,14.7,1511,2.4,-9.0,1200,-9.0,-9.0,-9.0,14.2,9.6,2325,1009,23.42,0,Crack_Seal,2024-12-04,36.348614,127.3325623,1,35.0
RAD02_241030100214_12212,36.3133259,127.3163753,대전광역시 유성구 교촌동 519-3,2024,10,30,10,2,autumn,0,1,1,1,0.0,2024-10-30,1,0,0,1945,14.7,1511,2.4,-9.0,1200,-9.0,-9.0,-9.0,14.2,9.6,2325,1205,11.98,0,Patch,2024-11-18,36.3133259,127.3163753,1,19.0
RAD02_241030135957_13665,36.3608378,127.3542696,대전광역시 유성구 어은동 106-2,2024,10,30,13,2,autumn,0,1,1,1,0.0,2024-10-30,1,0,0,1945,14.7,1511,2.4,-9.0,1200,-9.0,-9.0,-9.0,14.2,9.6,2325,1168,30.47,0,Patch,2024-12-10,36.3608378,127.3542696,1,41.0
RAD02_241030140537_14004,36.353581,127.3414063,대전광역시 유성구 봉명동 553-2,2024,10,30,14,2,autumn,0,1,1,1,0.0,2024-10-30,1,0,0,1945,14.7,1511,2.4,-9.0,1200,-9.0,-9.0,-9.0,14.2,9.6,2325,830,37.21,0,,,,,0,
RAD02_241030141755_14580,36.3243918,127.3123664,대전광역시 유성구 용계동 402-11,2024,10,30,14,2,autumn,0,1,1,1,0.0,2024-10-30,1,0,0,1945,14.7,1511,2.4,-9.0,1200,-9.0,-9.0,-9.0,14.2,9.6,2325,1097,9.92,0,,,,,0,
RAD02_241030150352_18004,36.3761827,127.338944,대전광역시 유성구 죽동 799,2024,10,30,15,2,autumn,0,1,1,1,10.51785277,2024-10-30,1,1,1,1945,14.7,1511,2.4,-9.0,1200,-9.0,-9.0,-9.0,14.2,9.6,2325,599,35.75,0,,,,,0,
RAD02_241031100843_19145,36.3616374,127.3579044,대전광역시 유성구 어은동 262-1,2024,10,31,10,3,autumn,0,1,1,1,0.0,2024-10-31,1,0,0,1137,14.5,1406,2.42,-9.0,1200,0.6,-9.0,-9.0,13.8,8.9,858,470,27.32,0,Patch,2024-12-28,36.3616374,127.3579044,1,58.0
RAD02_241127131151_6528,36.3575589,127.3410558,대전광역시 유성구 봉명동 603,2024,11,27,13,2,autumn,0,1,1,1,0.0,2024-11-27,1,0,0,1200,2.3,1151,1.63,3.8,1300,3.9,13.75,-9.0,4.1,1.4,2207,666,47.4,0,,,,,0,
RAD02_241127134821_9297,36.3747697,127.341719,대전광역시 유성구 궁동 115,2024,11,27,13,2,autumn,0,1,1,1,0.0,2024-11-27,1,0,0,1200,2.3,1151,1.63,3.8,1300,3.9,13.75,-9.0,4.1,1.4,2207,462,23.1,0,Patch,2024-12-27,36.3747697,127.341719,1,30.0
RAD02_241127143625_12030,36.3580947,127.3396878,대전광역시 유성구 장대동 373,2024,11,27,14,2,autumn,0,1,1,1,0.0,2024-11-27,1,0,0,1200,2.3,1151,1.63,3.8,1300,3.9,13.75,-9.0,4.1,1.4,2207,844,35.37,0,Patch,2024-12-08,36.3580947,127.3396878,1,11.0
RAD02_241127143634_12142,36.3575604,127.3398734,대전광역시 유성구 장대동 373,2024,11,27,14,2,autumn,0,2,2,2,10.79251377,2024-11-27,1,1,1,1200,2.3,1151,1.63,3.8,1300,3.9,13.75,-9.0,4.1,1.4,2207,422,12.11,0,Full_Depth,2024-12-17,36.3575604,127.3398734,1,20.0
RAD02_241205093742_5793,36.3609414,127.3548325,대전광역시 유성구 어은동 311,2024,12,5,9,3,winter,1,1,1,1,5.064295376,2024-12-05,1,1,1,1243,4.5,1429,1.54,0.0,1100,0.0,4.53,-9.0,4.0,3.7,54,381,29.61,0,Mill_Overlay,2025-02-04,36.3609414,127.3548325,1,61.0
RAD02_241205094739_7988,36.3361872,127.3334001,대전광역시 유성구 상대동 589,2024,12,5,9,3,winter,1,1,1,1,0.0,2024-12-05,1,0,0,1243,4.5,1429,1.54,0.0,1100,0.0,4.53,-9.0,4.0,3.7,54,756,24.3,0,,,,,0,
RAD02_241205094754_8032,36.3361934,127.3327366,대전광역시 유성구 상대동 589,2024,12,5,9,3,winter,1,2,2,2,0.0,2024-12-05,1,0,0,1243,4.5,1429,1.54,0.0,1100,0.0,4.53,-9.0,4.0,3.7,54,1225,26.51,0,Mill_Overlay,2025-02-15,36.3361934,127.3327366,1,72.0
RAD02_241205101830_11436,36.360742,127.3442034,대전광역시 유성구 궁동 481,2024,12,5,10,3,winter,0,2,2,2,7.512460865,2024-12-05,1,1,1,1243,4.5,1429,1.54,0.0,1100,0.0,4.53,-9.0,4.0,3.7,54,983,38.3,0,Mill_Overlay,2025-02-01,36.360742,127.3442034,1,58.0
RAD02_241205140432_0,36.3620263,127.3577154,대전광역시 유성구 어은동 59-1,2024,12,5,14,3,winter,0,1,1,1,0.0,2024-12-05,1,0,0,1243,4.5,1429,1.54,0.0,1100,0.0,4.53,-9.0,4.0,3.7,54,834,41.26,0,Patch,2025-01-01,36.3620263,127.3577154,1,27.0
RAD02_241206094738_14667,36.3604127,127.3515997,대전광역시 유성구 궁동 434,2024,12,6,9,4,winter,1,1,1,1,0.0,2024-12-06,1,0,0,1501,4.0,1354,2.01,0.0,1200,-9.0,0.33,-9.0,4.0,5.8,2219,673,19.46,0,,,,,0,
RAD02_241206135640_16243,36.3607916,127.3541535,대전광역시 유성구 어은동 311,2024,12,6,13,4,winter,0,2,2,2,0.0,2024-12-06,1,0,0,1501,4.0,1354,2.01,0.0,1200,-9.0,0.33,-9.0,4.0,5.8,2219,417,10.14,0,Mill_Overlay,2025-02-19,36.3607916,127.3541535,1,75.0
RAD02_241206155111_17443,36.3622186,127.344801,대전광역시 유성구 궁동 279-11,2024,12,6,15,4,winter,0,1,1,1,0.0,2024-12-06,1,0,0,1501,4.0,1354,2.01,0.0,1200,-9.0,0.33,-9.0,4.0,5.8,2219,727,22.98,0,,,,,0,
RAD02_241210122352_21465,36.3605842,127.3498916,대전광역시 유성구 궁동 29-4,2024,12,10,12,1,winter,0,1,1,1,0.0,2024-12-10,1,0,0,1443,3.9,1343,1.95,-9.0,1200,-9.0,-9.0,-9.0,2.2,8.5,853,846,41.0,0,Patch,2025-01-29,36.3605842,127.3498916,1,50.0
RAD02_241211132551_24201,36.3608519,127.3544088,대전광역시 유성구 어은동 311,2024,12,11,13,2,winter,0,3,3,3,13.12975281,2024-12-11,1,1,1,2144,2.5,1546,1.35,-9.0,1200,-9.0,-9.0,-9.0,1.8,5.0,2325,569,41.81,0,Full_Depth,2025-01-29,36.3608519,127.3544088,1,49.0
RAD02_241211132620_24236,36.360397,127.3518479,대전광역시 유성구 궁동 434,2024,12,11,13,2,winter,0,2,2,2,0.0,2024-12-11,1,0,0,2144,2.5,1546,1.35,-9.0,1200,-9.0,-9.0,-9.0,1.8,5.0,2325,444,31.38,0,,,,,0,
RAD02_241211133531_26161,36.3917997,127.3503174,대전광역시 유성구 신성동 466,2024,12,11,13,2,winter,0,1,1,1,0.0,2024-12-11,1,0,0,2144,2.5,1546,1.35,-9.0,1200,-9.0,-9.0,-9.0,1.8,5.0,2325,704,8.68,0,,,,,0,
RAD02_241211133532_26177,36.3918194,127.3502968,대전광역시 유성구 신성동 466,2024,12,11,13,2,winter,0,2,2,2,9.584613039,2024-12-11,1,1,1,2144,2.5,1546,1.35,-9.0,1200,-9.0,-9.0,-9.0,1.8,5.0,2325,870,6.34,0,,,,,0,
RAD02_241212133809_0,36.3622149,127.3452893,대전광역시 유성구 궁동 220-9,2024,12,12,13,3,winter,0,1,1,1,9.770558354,2024-12-12,1,1,1,1320,1.2,1340,1.95,-9.0,1200,-9.0,-9.0,-9.0,0.6,6.7,934,660,37.84,0,Mill_Overlay,2025-03-05,36.3622149,127.3452893,1,83.0
RAD02_241212153828_0,36.3632035,127.3409248,대전광역시 유성구 궁동 352,2024,12,12,15,3,winter,0,1,1,1,14.01362657,2024-12-12,1,1,1,1320,1.2,1340,1.95,-9.0,1200,-9.0,-9.0,-9.0,0.6,6.7,934,447,20.38,0,Full_Depth,2025-01-21,36.3632035,127.3409248,1,40.0
RAD02_241213141115_0,36.3114022,127.2896119,대전광역시 유성구 성북동 731-11,2024,12,13,14,4,winter,0,1,1,1,10.76279825,2024-12-13,1,1,1,1254,0.6,1235,0.74,0.0,1000,0.0,1.5,-9.0,0.9,0.3,226,694,34.76,0,Full_Depth,2025-01-21,36.3114022,127.2896119,1,39.0
RAD02_241213141448_35390,36.2935971,127.2998492,대전광역시 유성구 성북동 731-6,2024,12,13,14,4,winter,0,1,1,1,0.0,2024-12-13,1,0,0,1254,0.6,1235,0.74,0.0,1000,0.0,1.5,-9.0,0.9,0.3,226,716,35.93,0,Patch,2024-12-25,36.2935971,127.2998492,1,12.0
RAD02_241213141600_35849,36.2895888,127.3035583,대전광역시 유성구 방동 923,2024,12,13,14,4,winter,0,1,1,1,10.05999455,2024-12-13,1,1,1,1254,0.6,1235,0.74,0.0,1000,0.0,1.5,-9.0,0.9,0.3,226,378,20.21,0,,,,,0,
RAD02_241217140036_5592,36.3607183,127.353945,대전광역시 유성구 어은동 311,2024,12,17,14,1,winter,0,2,4,4,0.0,2024-12-17,1,0,0,1528,1.6,1326,1.9,-9.0,1200,-9.0,-9.0,-9.0,1.6,6.6,948,627,33.21,0,Mill_Overlay,2025-02-18,36.3607183,127.353945,1,63.0
RAD02_241217141511_8760,36.3840651,127.3068322,대전광역시 유성구 지족동 1062-1,2024,12,17,14,1,winter,0,1,1,1,6.954577019,2024-12-17,1,1,1,1528,1.6,1326,1.9,-9.0,1200,-9.0,-9.0,-9.0,1.6,6.6,948,904,34.84,0,,,,,0,
RAD02_241218091628_0,36.3613606,127.3562032,대전광역시 유성구 어은동 62-2,2024,12,18,9,2,winter,1,1,1,1,0.0,2024-12-18,1,0,0,1547,-2.0,1513,1.94,-9.0,1200,-9.0,-9.0,-9.0,-1.0,8.2,2335,493,23.97,0,,,,,0,
RAD02_241218095123_0,36.376836,127.3972063,대전광역시 유성구 도룡동 3-6,2024,12,18,9,2,winter,1,1,1,1,0.0,2024-12-18,1,0,0,1547,-2.0,1513,1.94,-9.0,1200,-9.0,-9.0,-9.0,-1.0,8.2,2335,1089,30.49,0,Patch,2025-01-13,36.376836,127.3972063,1,26.0
RAD02_241219105408_20586,36.3598608,127.3347847,대전광역시 유성구 장대동 289,2024,12,19,10,3,winter,0,1,1,1,8.631737692,2024-12-19,1,1,1,1500,-1.9,1407,1.93,-9.0,1200,-9.0,-9.0,-9.0,-2.5,8.5,913,438,6.6,0,,,,,0,
RAD02_241230104201_37068,36.3609685,127.3489032,대전광역시 유성구 궁동 367-2,2024,12,30,10,0,winter,0,1,1,1,0.0,2024-12-30,1,0,0,1620,6.7,1341,1.59,0.0,1300,-9.0,0.57,-9.0,3.9,2.1,1,772,28.63,0,,,,,0,
RAD02_250113140339_1153,36.3605156,127.3507753,대전광역시 유성구 궁동 27-2,2025,1,13,14,0,winter,0,1,1,1,0.0,2025-01-13,1,0,0,1242,1.1,1532,1.96,-9.0,1200,0.1,-9.0,-9.0,-0.2,7.8,1008,237,18.21,0,Patch,2025-01-20,36.3605156,127.3507753,1,7.0
RAD02_250113162244_9330,36.3750905,127.3297712,대전광역시 유성구 죽동 561-1,2025,1,13,16,0,winter,0,1,1,1,9.35790751,2025-01-13,1,1,1,1242,1.1,1532,1.96,-9.0,1200,0.1,-9.0,-9.0,-0.2,7.8,1008,577,15.39,0,Mill_Overlay,2025-05-07,36.3750905,127.3297712,1,114.0
RAD02_250113162317_9452,36.3767163,127.3308416,대전광역시 유성구 죽동 562-2,2025,1,13,16,0,winter,0,1,1,1,5.74015279,2025-01-13,1,1,1,1242,1.1,1532,1.96,-9.0,1200,0.1,-9.0,-9.0,-0.2,7.8,1008,866,48.37,0,,,,,0,
RAD02_250113162329_9563,36.3775279,127.3307317,대전광역시 유성구 죽동 381,2025,1,13,16,0,winter,0,1,1,1,0.0,2025-01-13,1,0,0,1242,1.1,1532,1.96,-9.0,1200,0.1,-9.0,-9.0,-0.2,7.8,1008,415,48.26,0,,,,,0,
RAD02_250113162357_9665,36.3784783,127.3292636,대전광역시 유성구 죽동 369,2025,1,13,16,0,winter,0,1,1,1,0.0,2025-01-13,1,0,0,1242,1.1,1532,1.96,-9.0,1200,0.1,-9.0,-9.0,-0.2,7.8,1008,747,44.87,0,,,,,0,
RAD02_250113164537_0,36.3949089,127.3124904,대전광역시 유성구 반석동 685,2025,1,13,16,0,winter,0,1,1,1,0.0,2025-01-13,1,0,0,1242,1.1,1532,1.96,-9.0,1200,0.1,-9.0,-9.0,-0.2,7.8,1008,194,22.84,0,,,,,0,
RAD02_250117140639_1097,36.4212318,127.3814122,대전광역시 유성구 관평동 산 8-5,2025,1,17,14,4,winter,0,1,1,1,0.0,2025-01-17,1,0,0,1609,1.3,1551,2.02,-9.0,1200,-9.0,-9.0,-9.0,1.9,8.6,942,1133,23.29,0,,,,,0,
RAD02_250117154732_0,36.3866267,127.3186665,대전광역시 유성구 지족동 1005,2025,1,17,15,4,winter,0,1,1,1,0.0,2025-01-17,1,0,0,1609,1.3,1551,2.02,-9.0,1200,-9.0,-9.0,-9.0,1.9,8.6,942,1210,30.05,0,,,,,0,
RAD02_250117155141_6015,36.3748903,127.3298318,대전광역시 유성구 죽동 222-2,2025,1,17,15,4,winter,0,1,1,1,0.0,2025-01-17,1,0,0,1609,1.3,1551,2.02,-9.0,1200,-9.0,-9.0,-9.0,1.9,8.6,942,378,37.52,0,,,,,0,
RAD02_250120095012_0,36.3637151,127.3401727,대전광역시 유성구 장대동 321,2025,1,20,9,0,winter,1,1,1,2,12.82659947,2025-01-20,1,1,1,1412,2.8,1427,1.59,-9.0,1400,-9.0,-9.0,-9.0,2.1,3.0,2343,313,35.34,0,Full_Depth,2025-03-20,36.3637151,127.3401727,1,59.0
RAD02_250120100012_11246,36.3974904,127.3128827,대전광역시 유성구 외삼동 281-12,2025,1,20,10,0,winter,0,1,1,1,0.0,2025-01-20,1,0,0,1412,2.8,1427,1.59,-9.0,1400,-9.0,-9.0,-9.0,2.1,3.0,2343,1108,37.06,0,Patch,2025-02-01,36.3974904,127.3128827,1,12.0
RAD02_250120100044_11313,36.3979554,127.3120737,대전광역시 유성구 외삼동 282-3,2025,1,20,10,0,winter,0,1,1,1,11.48610572,2025-01-20,1,1,1,1412,2.8,1427,1.59,-9.0,1400,-9.0,-9.0,-9.0,2.1,3.0,2343,940,8.45,0,Full_Depth,2025-02-15,36.3979554,127.3120737,1,26.0
RAD02_250120135014_13514,36.3622265,127.3455471,대전광역시 유성구 궁동 220,2025,1,20,13,0,winter,0,1,1,1,0.0,2025-01-20,1,0,0,1412,2.8,1427,1.59,-9.0,1400,-9.0,-9.0,-9.0,2.1,3.0,2343,567,15.77,0,,,,,0,
RAD02_250120135716_14971,36.3872696,127.3434526,대전광역시 유성구 하기동 산 2-7,2025,1,20,13,0,winter,0,1,1,1,4.098613438,2025-01-20,1,1,1,1412,2.8,1427,1.59,-9.0,1400,-9.0,-9.0,-9.0,2.1,3.0,2343,332,27.56,0,Crack_Seal,2025-03-17,36.3872696,127.3434526,1,56.0
RAD03_240228095502_93,36.3633758,127.3563374,대전광역시 유성구 어은동 99,2024,2,28,9,2,winter,1,1,1,1,0.0,2024-02-28,1,0,0,8,6.3,1637,2.16,-9.0,1200,-9.0,-9.0,-9.0,5.9,3.7,916,604,28.6,0,Patch,2024-04-02,36.3633758,127.3563374,1,34.0
RAD03_240228095503_0,36.3633393,127.3563843,대전광역시 유성구 어은동 99,2024,2,28,9,2,winter,1,2,2,2,0.0,2024-02-28,1,0,0,8,6.3,1637,2.16,-9.0,1200,-9.0,-9.0,-9.0,5.9,3.7,916,1097,22.33,0,,,,,0,
RAD03_240228095503_93,36.3633393,127.3563843,대전광역시 유성구 어은동 99,2024,2,28,9,2,winter,1,3,3,3,10.94430074,2024-02-28,1,1,1,8,6.3,1637,2.16,-9.0,1200,-9.0,-9.0,-9.0,5.9,3.7,916,591,24.47,0,,,,,0,
RAD03_240228095503_95,36.3633393,127.3563843,대전광역시 유성구 어은동 99,2024,2,28,9,2,winter,1,4,4,4,5.184764043,2024-02-28,1,1,1,8,6.3,1637,2.16,-9.0,1200,-9.0,-9.0,-9.0,5.9,3.7,916,1070,10.02,0,Mill_Overlay,2024-06-19,36.3633393,127.3563843,1,112.0
RAD03_240228095536_0,36.3634022,127.3564505,대전광역시 유성구 어은동 99,2024,2,28,9,2,winter,1,5,5,5,0.0,2024-02-28,1,0,0,8,6.3,1637,2.16,-9.0,1200,-9.0,-9.0,-9.0,5.9,3.7,916,340,20.63,0,Full_Depth,2024-03-17,36.3634022,127.3564505,1,18.0
RAD03_240228095536_136,36.3634022,127.3564505,대전광역시 유성구 어은동 99,2024,2,28,9,2,winter,1,6,6,6,0.0,2024-02-28,1,0,0,8,6.3,1637,2.16,-9.0,1200,-9.0,-9.0,-9.0,5.9,3.7,916,549,9.75,0,Full_Depth,2024-04-17,36.3634022,127.3564505,1,49.0
RAD03_240228095715_411,36.3633553,127.3563531,대전광역시 유성구 어은동 99,2024,2,28,9,2,winter,1,7,7,7,0.0,2024-02-28,1,0,0,8,6.3,1637,2.16,-9.0,1200,-9.0,-9.0,-9.0,5.9,3.7,916,304,36.65,0,,,,,0,
RAD03_240228095716_411,36.3633423,127.3563738,대전광역시 유성구 어은동 99,2024,2,28,9,2,winter,1,8,8,8,0.0,2024-02-28,1,0,0,8,6.3,1637,2.16,-9.0,1200,-9.0,-9.0,-9.0,5.9,3.7,916,945,40.34,0,Full_Depth,2024-03-28,36.3633423,127.3563738,1,29.0
RAD03_240315141933_5557,36.3439915,127.3062637,대전광역시 유성구 복용동 557-2,2024,3,15,14,4,spring,0,1,1,1,0.0,2024-03-15,1,0,0,1451,9.5,1609,3.06,-9.0,1200,-9.0,-9.0,-9.0,10.5,11.0,2301,903,11.39,0,,,,,0,
RAD03_240322100540_1857,36.3484218,127.3353832,대전광역시 유성구 상대동 489,2024,3,22,10,4,spring,0,1,1,1,0.0,2024-03-22,1,0,0,1442,10.1,1324,2.8,4.1,1100,4.4,6.33,-9.0,9.9,5.9,117,486,28.68,0,,,,,0,
RAD03_240322124905_4822,36.37332,127.3308548,대전광역시 유성구 죽동 564,2024,3,22,12,4,spring,0,1,1,1,10.62125968,2024-03-22,1,1,1,1442,10.1,1324,2.8,4.1,1100,4.4,6.33,-9.0,9.9,5.9,117,280,14.83,0,Full_Depth,2024-05-05,36.37332,127.3308548,1,44.0
RAD03_240325095437_9928,36.3797111,127.3160106,대전광역시 유성구 지족동 948,2024,3,25,9,0,spring,1,1,1,1,12.85304849,2024-03-25,1,1,1,2121,9.4,1033,1.45,6.8,1000,26.1,11.25,-9.0,10.0,0.0,12,649,41.61,0,Full_Depth,2024-05-10,36.3797111,127.3160106,1,46.0
RAD03_240325095912_10354,36.368572,127.3178383,대전광역시 유성구 노은동 583,2024,3,25,9,0,spring,1,2,12,12,0.0,2024-03-25,1,0,0,2121,9.4,1033,1.45,6.8,1000,26.1,11.25,-9.0,10.0,0.0,12,359,31.92,0,Full_Depth,2024-04-27,36.368572,127.3178383,1,33.0
RAD03_240325100310_10491,36.3662209,127.3325207,대전광역시 유성구 장대동 17-4,2024,3,25,10,0,spring,0,3,3,4,0.0,2024-03-25,1,0,0,2121,9.4,1033,1.45,6.8,1000,26.1,11.25,-9.0,10.0,0.0,12,256,9.5,0,Mill_Overlay,2024-05-24,36.3662209,127.3325207,1,60.0
RAD03_240326104241_16041,36.4441973,127.4255582,대전광역시 대덕구 덕암동 336,2024,3,26,10,1,spring,0,1,1,1,11.20552983,2024-03-26,1,1,1,11,6.7,1523,1.95,19.5,1000,0.2,10.33,-9.0,9.5,3.0,2358,457,12.28,0,,,,,0,
RAD03_240326104329_16253,36.4421481,127.4284869,대전광역시 대덕구 덕암동 31,2024,3,26,10,1,spring,0,1,1,1,1.05545994,2024-03-26,1,1,1,11,6.7,1523,1.95,19.5,1000,0.2,10.33,-9.0,9.5,3.0,2358,589,29.18,0,Crack_Seal,2024-06-23,36.4421481,127.4284869,1,89.0
RAD03_240326104416_16362,36.4419786,127.4295673,대전광역시 대덕구 신탄진동 264-64,2024,3,26,10,1,spring,0,1,1,1,2.004232609,2024-03-26,1,1,1,11,6.7,1523,1.95,19.5,1000,0.2,10.33,-9.0,9.5,3.0,2358,621,31.8,0,,,,,0,
RAD03_240326104417_16368,36.4420519,127.4295768,대전광역시 대덕구 신탄진동 264-64,2024,3,26,10,1,spring,0,2,2,2,0.0,2024-03-26,1,0,0,11,6.7,1523,1.95,19.5,1000,0.2,10.33,-9.0,9.5,3.0,2358,390,17.85,0,Mill_Overlay,2024-07-03,36.4420519,127.4295768,1,99.0
RAD03_240326104456_16464,36.4448868,127.4300601,대전광역시 대덕구 신탄진동 745,2024,3,26,10,1,spring,0,1,1,1,0.0,2024-03-26,1,0,0,11,6.7,1523,1.95,19.5,1000,0.2,10.33,-9.0,9.5,3.0,2358,696,35.19,0,Patch,2024-04-11,36.4448868,127.4300601,1,16.0
RAD03_240326104458_16483,36.4448579,127.4301487,대전광역시 대덕구 신탄진동 745,2024,3,26,10,1,spring,0,2,2,2,12.24809086,2024-03-26,1,1,1,11,6.7,1523,1.95,19.5,1000,0.2,10.33,-9.0,9.5,3.0,2358,450,47.6,0,Full_Depth,2024-05-18,36.4448579,127.4301487,1,53.0
RAD03_240326104602_16638,36.4437076,127.4334665,대전광역시 대덕구 신탄진동 272-2,2024,3,26,10,1,spring,0,1,1,1,0.0,2024-03-26,1,0,0,11,6.7,1523,1.95,19.5,1000,0.2,10.33,-9.0,9.5,3.0,2358,320,21.87,0,,,,,0,
RAD03_240326112736_16698,36.4434515,127.4335004,대전광역시 대덕구 신탄진동 272-2,2024,3,26,11,1,spring,0,2,2,2,2.223341161,2024-03-26,1,1,1,11,6.7,1523,1.95,19.5,1000,0.2,10.33,-9.0,9.5,3.0,2358,592,43.41,0,,,,,0,
RAD03_240326113603_0,36.4430078,127.4337313,대전광역시 대덕구 신탄진동 272-2,2024,3,26,11,1,spring,0,3,3,3,9.861867479,2024-03-26,1,1,1,11,6.7,1523,1.95,19.5,1000,0.2,10.33,-9.0,9.5,3.0,2358,249,8.35,0,,,,,0,
RAD03_240326113632_16816,36.443074,127.4333858,대전광역시 대덕구 신탄진동 272-2,2024,3,26,11,1,spring,0,4,4,4,0.0,2024-03-26,1,0,0,11,6.7,1523,1.95,19.5,1000,0.2,10.33,-9.0,9.5,3.0,2358,306,21.44,0,Mill_Overlay,2024-06-05,36.443074,127.4333858,1,71.0
RAD03_240326113634_16821,36.4430664,127.4334039,대전광역시 대덕구 신탄진동 272-2,2024,3,26,11,1,spring,0,5,5,5,0.0,2024-03-26,1,0,0,11,6.7,1523,1.95,19.5,1000,0.2,10.33,-9.0,9.5,3.0,2358,699,8.83,0,Full_Depth,2024-05-04,36.4430664,127.4334039,1,39.0
RAD03_240326114938_0,36.4436518,127.4334659,대전광역시 대덕구 신탄진동 272-2,2024,3,26,11,1,spring,0,6,6,6,0.0,2024-03-26,1,0,0,11,6.7,1523,1.95,19.5,1000,0.2,10.33,-9.0,9.5,3.0,2358,675,46.56,0,Full_Depth,2024-05-22,36.4436518,127.4334659,1,57.0
RAD03_240326115107_17023,36.4459118,127.4296444,대전광역시 대덕구 신탄진동 733,2024,3,26,11,1,spring,0,1,1,1,0.0,2024-03-26,1,0,0,11,6.7,1523,1.95,19.5,1000,0.2,10.33,-9.0,9.5,3.0,2358,385,15.44,0,,,,,0,
RAD03_240326115249_17223,36.4509668,127.427948,대전광역시 대덕구 석봉동 388-1,2024,3,26,11,1,spring,0,1,1,1,12.8193483,2024-03-26,1,1,1,11,6.7,1523,1.95,19.5,1000,0.2,10.33,-9.0,9.5,3.0,2358,443,27.76,0,Full_Depth,2024-04-17,36.4509668,127.427948,1,22.0
RAD03_240326115349_17353,36.4498803,127.4216046,대전광역시 대덕구 석봉동 766,2024,3,26,11,1,spring,0,1,1,1,0.0,2024-03-26,1,0,0,11,6.7,1523,1.95,19.5,1000,0.2,10.33,-9.0,9.5,3.0,2358,627,33.94,0,,,,,0,
RAD03_240326115350_17354,36.4498535,127.4215358,대전광역시 대덕구 석봉동 766,2024,3,26,11,1,spring,0,2,2,2,0.0,2024-03-26,1,0,0,11,6.7,1523,1.95,19.5,1000,0.2,10.33,-9.0,9.5,3.0,2358,426,47.63,0,,,,,0,
RAD03_240326115353_17366,36.4497782,127.4213387,대전광역시 대덕구 석봉동 766,2024,3,26,11,1,spring,0,3,3,3,9.4487622,2024-03-26,1,1,1,11,6.7,1523,1.95,19.5,1000,0.2,10.33,-9.0,9.5,3.0,2358,292,13.21,0,Mill_Overlay,2024-06-29,36.4497782,127.4213387,1,95.0
RAD03_240326115354_17371,36.4497515,127.4212713,대전광역시 대덕구 석봉동 766,2024,3,26,11,1,spring,0,4,4,4,0.0,2024-03-26,1,0,0,11,6.7,1523,1.95,19.5,1000,0.2,10.33,-9.0,9.5,3.0,2358,494,18.99,0,,,,,0,
RAD03_240326115742_17593,36.4441744,127.4033977,대전광역시 대덕구 문평동 92,2024,3,26,11,1,spring,0,1,1,1,0.0,2024-03-26,1,0,0,11,6.7,1523,1.95,19.5,1000,0.2,10.33,-9.0,9.5,3.0,2358,552,37.26,0,Patch,2024-05-18,36.4441744,127.4033977,1,53.0
RAD03_240326120525_18197,36.4073273,127.3744373,대전광역시 유성구 방현동 2-1,2024,3,26,12,1,spring,0,1,1,1,14.93578075,2024-03-26,1,1,1,11,6.7,1523,1.95,19.5,1000,0.2,10.33,-9.0,9.5,3.0,2358,572,32.91,0,,,,,0,
RAD03_240326143455_20976,36.3670986,127.319076,대전광역시 유성구 노은동 612,2024,3,26,14,1,spring,0,3,3,3,0.0,2024-03-26,1,0,0,11,6.7,1523,1.95,19.5,1000,0.2,10.33,-9.0,9.5,3.0,2358,269,26.99,0,Mill_Overlay,2024-06-04,36.3670986,127.319076,1,70.0
RAD03_240327095446_24345,36.3485201,127.3258578,대전광역시 유성구 구암동 522-6,2024,3,27,9,2,spring,1,1,1,1,0.0,2024-03-27,1,0,0,1639,10.2,1438,2.79,-9.0,1200,1.2,-9.0,-9.0,11.6,9.0,711,180,27.88,0,,,,,0,
RAD03_240327102510_24468,36.3483272,127.324071,대전광역시 유성구 구암동 222-1,2024,3,27,10,2,spring,0,1,1,1,12.21374549,2024-03-27,1,1,1,1639,10.2,1438,2.79,-9.0,1200,1.2,-9.0,-9.0,11.6,9.0,711,602,40.23,0,Full_Depth,2024-04-25,36.3483272,127.324071,1,29.0
RAD03_240327102536_24489,36.3486314,127.3232744,대전광역시 유성구 구암동 221-4,2024,3,27,10,2,spring,0,1,1,1,0.0,2024-03-27,1,0,0,1639,10.2,1438,2.79,-9.0,1200,1.2,-9.0,-9.0,11.6,9.0,711,713,11.31,0,Patch,2024-04-04,36.3486314,127.3232744,1,8.0
RAD03_240327102538_24492,36.3486033,127.3231306,대전광역시 유성구 구암동 289,2024,3,27,10,2,spring,0,1,1,1,0.0,2024-03-27,1,0,0,1639,10.2,1438,2.79,-9.0,1200,1.2,-9.0,-9.0,11.6,9.0,711,643,21.79,0,,,,,0,
RAD03_240327102724_24612,36.3505336,127.3222749,대전광역시 유성구 구암동 337-1,2024,3,27,10,2,spring,0,1,1,1,0.0,2024-03-27,1,0,0,1639,10.2,1438,2.79,-9.0,1200,1.2,-9.0,-9.0,11.6,9.0,711,229,47.27,0,Patch,2024-04-21,36.3505336,127.3222749,1,25.0
RAD03_240327103811_25158,36.3545161,127.3388108,대전광역시 유성구 봉명동 529,2024,3,27,10,2,spring,0,1,1,1,0.0,2024-03-27,1,0,0,1639,10.2,1438,2.79,-9.0,1200,1.2,-9.0,-9.0,11.6,9.0,711,526,36.94,0,,,,,0,
RAD03_240327134435_28131,36.2856584,127.3077602,대전광역시 유성구 방동 19-20,2024,3,27,13,2,spring,0,1,1,1,0.0,2024-03-27,1,0,0,1639,10.2,1438,2.79,-9.0,1200,1.2,-9.0,-9.0,11.6,9.0,711,688,33.96,0,Patch,2024-05-23,36.2856584,127.3077602,1,57.0
RAD03_240327135001_28602,36.2944116,127.3210602,대전광역시 서구 관저동 978-7,2024,3,27,13,2,spring,0,1,1,1,7.600826893,2024-03-27,1,1,1,1639,10.2,1438,2.79,-9.0,1200,1.2,-9.0,-9.0,11.6,9.0,711,541,10.36,0,Mill_Overlay,2024-04-26,36.2944116,127.3210602,1,30.0
RAD03_240327135011_28630,36.2955885,127.3215133,대전광역시 서구 관저동 978-5,2024,3,27,13,2,spring,0,1,1,1,0.0,2024-03-27,1,0,0,1639,10.2,1438,2.79,-9.0,1200,1.2,-9.0,-9.0,11.6,9.0,711,377,41.66,0,,,,,0,
RAD03_240327155858_35377,36.4586255,127.3902565,대전광역시 유성구 금고동 산 21,2024,3,27,15,2,spring,0,1,1,1,0.0,2024-03-27,1,0,0,1639,10.2,1438,2.79,-9.0,1200,1.2,-9.0,-9.0,11.6,9.0,711,395,39.79,0,,,,,0,
RAD03_240327155859_35379,36.4586442,127.3903297,대전광역시 유성구 금고동 산 21,2024,3,27,15,2,spring,0,2,2,2,0.0,2024-03-27,1,0,0,1639,10.2,1438,2.79,-9.0,1200,1.2,-9.0,-9.0,11.6,9.0,711,529,46.99,0,Mill_Overlay,2024-05-24,36.4586442,127.3903297,1,58.0
RAD03_240327160352_35633,36.4652806,127.3965343,대전광역시 유성구 금고동 산 21,2024,3,27,16,2,spring,0,3,3,3,0.0,2024-03-27,1,0,0,1639,10.2,1438,2.79,-9.0,1200,1.2,-9.0,-9.0,11.6,9.0,711,573,34.75,0,,,,,0,
RAD03_240328094206_39137,36.360928,127.3547032,대전광역시 유성구 어은동 311,2024,3,28,9,3,spring,1,1,1,1,0.0,2024-03-28,1,0,0,1116,9.0,1,0.42,21.3,1100,20.1,13.75,-9.0,10.0,0.0,4,280,35.47,0,,,,,0,
RAD03_240328094620_39398,36.3634859,127.3410776,대전광역시 유성구 궁동 352,2024,3,28,9,3,spring,1,1,1,1,0.0,2024-03-28,1,0,0,1116,9.0,1,0.42,21.3,1100,20.1,13.75,-9.0,10.0,0.0,4,652,28.82,0,Patch,2024-04-11,36.3634859,127.3410776,1,14.0
RAD03_240329102642_44029,36.3568313,127.3466613,대전광역시 유성구 봉명동 637,2024,3,29,10,4,spring,0,1,1,1,0.0,2024-03-29,1,0,0,1336,9.3,1116,1.88,0.2,1000,0.2,2.92,-9.0,9.5,2.5,2359,406,29.37,0,,,,,0,
RAD03_240419100410_2277,36.3939595,127.3503828,대전광역시 유성구 자운동 17-15,2024,4,19,10,4,spring,0,1,1,1,0.0,2024-04-19,1,0,0,1558,18.2,1528,3.11,-9.0,1100,0.1,-9.0,-9.0,22.8,11.0,757,681,13.83,0,,,,,0,
RAD03_240419140835_8643,36.4070087,127.3732129,대전광역시 유성구 방현동 9-12,2024,4,19,14,4,spring,0,1,1,3,0.0,2024-04-19,1,0,0,1558,18.2,1528,3.11,-9.0,1100,0.1,-9.0,-9.0,22.8,11.0,757,666,38.29,0,,,,,0,
RAD03_240419164714_12393,36.3595886,127.32908,대전광역시 유성구 장대동 220-3,2024,4,19,16,4,spring,0,1,1,1,0.0,2024-04-19,1,0,0,1558,18.2,1528,3.11,-9.0,1100,0.1,-9.0,-9.0,22.8,11.0,757,691,28.63,0,Patch,2024-06-13,36.3595886,127.32908,1,55.0
RAD03_240422133417_0,36.3584505,127.3562375,대전광역시 유성구 봉명동 698,2024,4,22,13,0,spring,0,1,1,1,0.0,2024-04-22,1,0,0,1623,17.4,1414,3.34,0.0,1200,-9.0,0.37,0.0,20.9,6.2,2217,345,29.81,0,,,,,0,
RAD03_240422142344_21548,36.3714329,127.3235289,대전광역시 유성구 노은동 599,2024,4,22,14,0,spring,0,1,1,7,0.0,2024-04-22,1,0,0,1623,17.4,1414,3.34,0.0,1200,-9.0,0.37,0.0,20.9,6.2,2217,444,19.19,0,,,,,0,
RAD03_240422142840_21886,36.3755037,127.3227745,대전광역시 유성구 지족동 975,2024,4,22,14,0,spring,0,1,1,1,11.52136443,2024-04-22,1,1,1,1623,17.4,1414,3.34,0.0,1200,-9.0,0.37,0.0,20.9,6.2,2217,1049,34.88,0,,,,,0,
RAD03_240422143128_22164,36.3722565,127.3218832,대전광역시 유성구 지족동 976,2024,4,22,14,0,spring,0,1,1,1,0.0,2024-04-22,1,0,0,1623,17.4,1414,3.34,0.0,1200,-9.0,0.37,0.0,20.9,6.2,2217,571,30.46,0,,,,,0,
RAD03_240422143719_22655,36.374867,127.3296204,대전광역시 유성구 죽동 552-39,2024,4,22,14,0,spring,0,1,1,1,0.0,2024-04-22,1,0,0,1623,17.4,1414,3.34,0.0,1200,-9.0,0.37,0.0,20.9,6.2,2217,526,16.52,0,,,,,0,
RAD03_240423142120_3988,36.3581111,127.331416,대전광역시 유성구 장대동 211-9,2024,4,23,14,1,spring,0,1,1,1,0.0,2024-04-23,1,0,0,1341,16.4,1357,3.45,0.0,1300,4.3,1.58,0.0,20.8,7.8,1,625,10.36,0,Patch,2024-06-17,36.3581111,127.331416,1,55.0
RAD03_240423142242_4234,36.360006,127.3280608,대전광역시 유성구 장대동 223-10,2024,4,23,14,1,spring,0,1,1,1,0.0,2024-04-23,1,0,0,1341,16.4,1357,3.45,0.0,1300,4.3,1.58,0.0,20.8,7.8,1,383,15.3,0,Patch,2024-05-29,36.360006,127.3280608,1,36.0
RAD03_240424100053_8227,36.341757,127.3388074,대전광역시 유성구 상대동 498,2024,4,24,10,2,spring,0,1,1,1,7.685303887,2024-04-24,1,1,1,1341,13.8,1340,3.47,4.3,1100,0.0,5.2,3.7,15.8,4.1,2352,375,39.53,0,Mill_Overlay,2024-08-16,36.341757,127.3388074,1,114.0
RAD03_240430103755_4566,36.3562525,127.3422689,대전광역시 유성구 봉명동 574,2024,4,30,10,1,spring,0,1,3,17,0.0,2024-04-30,1,0,0,1632,16.6,1430,1.96,0.0,1100,-9.0,0.33,0.0,19.3,0.4,2331,694,18.32,0,Mill_Overlay,2024-07-15,36.3562525,127.3422689,1,76.0
RAD03_240430133746_0,36.3900401,127.4053208,대전광역시 유성구 문지동 667,2024,4,30,13,1,spring,0,1,1,1,0.0,2024-04-30,1,0,0,1632,16.6,1430,1.96,0.0,1100,-9.0,0.33,0.0,19.3,0.4,2331,1149,13.77,0,,,,,0,
RAD03_240503110249_0,36.3700012,127.3271469,대전광역시 유성구 노은동 107-37,2024,5,3,11,4,spring,0,1,1,1,0.0,2024-05-03,1,0,0,1204,18.4,1634,3.62,-9.0,1200,-9.0,-9.0,-9.0,25.1,12.6,710,838,7.42,0,Patch,2024-05-10,36.3700012,127.3271469,1,7.0
RAD03_240503110256_35728,36.3710325,127.3271376,대전광역시 유성구 노은동 107-18,2024,5,3,11,4,spring,0,1,1,3,0.0,2024-05-03,1,0,0,1204,18.4,1634,3.62,-9.0,1200,-9.0,-9.0,-9.0,25.1,12.6,710,797,10.45,0,,,,,0,
RAD03_240507103444_41905,36.3605806,127.3499523,대전광역시 유성구 궁동 29-4,2024,5,7,10,1,spring,0,1,1,1,0.0,2024-05-07,1,0,0,1952,12.9,1319,1.26,14.1,1200,14.7,17.97,3.7,14.7,0.0,2336,425,25.32,0,Patch,2024-05-19,36.3605806,127.3499523,1,12.0
RAD03_240507133110_43032,36.3845918,127.377755,대전광역시 유성구 도룡동 394-4,2024,5,7,13,1,spring,0,1,1,1,0.0,2024-05-07,1,0,0,1952,12.9,1319,1.26,14.1,1200,14.7,17.97,3.7,14.7,0.0,2336,289,31.31,0,,,,,0,
RAD03_240507135256_43573,36.38559,127.3784667,대전광역시 유성구 도룡동 409,2024,5,7,13,1,spring,0,1,1,3,0.0,2024-05-07,1,0,0,1952,12.9,1319,1.26,14.1,1200,14.7,17.97,3.7,14.7,0.0,2336,327,40.08,0,,,,,0,
RAD03_240507140421_45077,36.3633327,127.3414983,대전광역시 유성구 궁동 351,2024,5,7,14,1,spring,0,1,1,1,5.425324293,2024-05-07,1,1,1,1952,12.9,1319,1.26,14.1,1200,14.7,17.97,3.7,14.7,0.0,2336,584,8.9,0,,,,,0,
RAD03_240507143953_0,36.3797173,127.3429689,대전광역시 유성구 신성동 산 40-28,2024,5,7,14,1,spring,0,1,1,2,0.0,2024-05-07,1,0,0,1952,12.9,1319,1.26,14.1,1200,14.7,17.97,3.7,14.7,0.0,2336,435,22.91,0,,,,,0,
RAD03_240508095057_47663,36.3605154,127.3531771,대전광역시 유성구 궁동 434,2024,5,8,9,2,spring,1,1,1,2,0.0,2024-05-08,1,0,0,1450,14.4,1629,3.32,1.8,1200,-9.0,2.33,1.1,18.6,10.5,1029,1080,41.79,0,,,,,0,
RAD03_240508140528_51171,36.3554468,127.3353278,대전광역시 유성구 봉명동 570,2024,5,8,14,2,spring,0,1,1,1,0.0,2024-05-08,1,0,0,1450,14.4,1629,3.32,1.8,1200,-9.0,2.33,1.1,18.6,10.5,1029,328,27.65,0,,,,,0,
RAD03_240509103557_59364,36.3633949,127.3412869,대전광역시 유성구 궁동 352,2024,5,9,10,3,spring,0,1,1,2,4.590631491,2024-05-09,1,1,1,1232,15.6,1506,3.46,-9.0,1200,-9.0,-9.0,-9.0,19.0,12.8,638,613,40.13,0,,,,,0,
RAD03_240509111113_60629,36.3597807,127.3048398,대전광역시 유성구 덕명동 570,2024,5,9,11,3,spring,0,1,1,2,0.0,2024-05-09,1,0,0,1232,15.6,1506,3.46,-9.0,1200,-9.0,-9.0,-9.0,19.0,12.8,638,948,34.71,0,Patch,2024-06-21,36.3597807,127.3048398,1,43.0
RAD03_240509143001_65020,36.3394969,127.3045186,대전광역시 유성구 학하동 793,2024,5,9,14,3,spring,0,1,1,2,0.0,2024-05-09,1,0,0,1232,15.6,1506,3.46,-9.0,1200,-9.0,-9.0,-9.0,19.0,12.8,638,618,41.88,0,Patch,2024-05-28,36.3394969,127.3045186,1,19.0
RAD03_240509143002_65021,36.3395661,127.304557,대전광역시 유성구 학하동 793,2024,5,9,14,3,spring,0,2,2,3,8.3371945,2024-05-09,1,1,1,1232,15.6,1506,3.46,-9.0,1200,-9.0,-9.0,-9.0,19.0,12.8,638,540,28.68,0,Mill_Overlay,2024-08-07,36.3395661,127.304557,1,90.0
RAD03_240509155742_66417,36.3403448,127.3126916,대전광역시 유성구 학하동 827,2024,5,9,15,3,spring,0,1,1,1,2.926836649,2024-05-09,1,1,1,1232,15.6,1506,3.46,-9.0,1200,-9.0,-9.0,-9.0,19.0,12.8,638,1095,23.01,0,,,,,0,
RAD03_240513152751_85965,36.3503694,127.3479733,대전광역시 유성구 봉명동 1061,2024,5,13,15,0,spring,0,1,1,1,0.0,2024-05-13,1,0,0,1616,17.6,1612,3.68,-9.0,1200,-9.0,-9.0,-9.0,21.9,13.4,2255,745,19.9,0,,,,,0,
RAD03_240513152753_85978,36.3502447,127.3479668,대전광역시 유성구 봉명동 1061,2024,5,13,15,0,spring,0,2,2,2,0.0,2024-05-13,1,0,0,1616,17.6,1612,3.68,-9.0,1200,-9.0,-9.0,-9.0,21.9,13.4,2255,379,36.2,0,Mill_Overlay,2024-08-29,36.3502447,127.3479668,1,108.0
RAD03_240528152724_3800,36.3602916,127.3443451,대전광역시 유성구 궁동 501,2024,5,28,15,1,spring,0,1,1,1,0.0,2024-05-28,1,0,0,1449,18.8,1506,3.64,-9.0,1200,-9.0,-9.0,-9.0,24.0,11.3,2345,798,17.71,0,,,,,0,
RAD03_240529154810_9864,36.4428103,127.3855016,대전광역시 유성구 봉산동 973,2024,5,29,15,2,spring,0,1,1,1,0.0,2024-05-29,1,0,0,1248,20.9,1606,3.59,-9.0,1200,-9.0,-9.0,-9.0,26.3,13.3,849,867,10.99,0,,,,,0,
RAD03_240529154903_9881,36.4422107,127.3850539,대전광역시 유성구 봉산동 산 37-4,2024,5,29,15,2,spring,0,1,1,1,0.0,2024-05-29,1,0,0,1248,20.9,1606,3.59,-9.0,1200,-9.0,-9.0,-9.0,26.3,13.3,849,448,24.3,0,Patch,2024-06-05,36.4422107,127.3850539,1,7.0
RAD03_240529155254_10219,36.4457878,127.3853832,대전광역시 유성구 봉산동 714,2024,5,29,15,2,spring,0,1,1,1,0.0,2024-05-29,1,0,0,1248,20.9,1606,3.59,-9.0,1200,-9.0,-9.0,-9.0,26.3,13.3,849,928,6.2,0,Patch,2024-06-22,36.4457878,127.3853832,1,24.0
RAD03_240530154140_8495,36.4184857,127.3787951,대전광역시 유성구 덕진동 51-4,2024,5,30,15,3,spring,0,1,1,1,0.0,2024-05-30,1,0,0,2334,21.1,1156,2.03,-9.0,1100,-9.0,-9.0,-9.0,24.6,0.9,2,501,20.72,0,,,,,0,
RAD03_240617143040_4683,36.3753099,127.3408985,대전광역시 유성구 죽동 799,2024,6,17,14,0,summer,0,1,1,1,0.0,2024-06-17,1,0,0,1633,23.4,1619,2.9,-9.0,1100,-9.0,-9.0,-9.0,27.7,7.5,813,954,36.24,0,Patch,2024-06-29,36.3753099,127.3408985,1,12.0
RAD03_240617143332_5024,36.364679,127.3380516,대전광역시 유성구 장대동 311,2024,6,17,14,0,summer,0,1,1,1,0.0,2024-06-17,1,0,0,1633,23.4,1619,2.9,-9.0,1100,-9.0,-9.0,-9.0,27.7,7.5,813,878,18.52,0,Patch,2024-08-01,36.364679,127.3380516,1,45.0
RAD03_240617144734_5693,36.3667677,127.3176666,대전광역시 유성구 노은동 602,2024,6,17,14,0,summer,0,1,1,2,0.0,2024-06-17,1,0,0,1633,23.4,1619,2.9,-9.0,1100,-9.0,-9.0,-9.0,27.7,7.5,813,557,31.36,0,,,,,0,
RAD03_240619152831_7878,36.3738357,127.3412357,대전광역시 유성구 궁동 114-1,2024,6,19,15,2,summer,0,1,1,1,14.19366715,2024-06-19,1,1,1,1600,27.5,1550,3.46,-9.0,1200,-9.0,-9.0,-9.0,36.0,12.4,715,515,31.83,0,,,,,0,
RAD03_240619152844_0,36.3719043,127.3406138,대전광역시 유성구 궁동 331-2,2024,6,19,15,2,summer,0,1,1,1,0.0,2024-06-19,1,0,0,1600,27.5,1550,3.46,-9.0,1200,-9.0,-9.0,-9.0,36.0,12.4,715,513,7.21,0,Patch,2024-07-20,36.3719043,127.3406138,1,31.0
RAD03_240619152943_8039,36.3651443,127.3383789,대전광역시 유성구 장대동 311,2024,6,19,15,2,summer,0,2,2,2,0.0,2024-06-19,1,0,0,1600,27.5,1550,3.46,-9.0,1200,-9.0,-9.0,-9.0,36.0,12.4,715,866,37.37,0,Mill_Overlay,2024-08-21,36.3651443,127.3383789,1,63.0
RAD03_240619153338_8244,36.361265,127.3477629,대전광역시 유성구 궁동 33-6,2024,6,19,15,2,summer,0,1,1,1,0.0,2024-06-19,1,0,0,1600,27.5,1550,3.46,-9.0,1200,-9.0,-9.0,-9.0,36.0,12.4,715,1072,26.51,0,,,,,0,
RAD03_240620091933_0,36.363188,127.341817,대전광역시 유성구 궁동 351,2024,6,20,9,3,summer,1,1,1,2,0.0,2024-06-20,1,0,0,1354,25.7,1457,2.67,-9.0,1400,-9.0,-9.0,-9.0,33.4,6.3,6,321,27.44,0,Patch,2024-07-15,36.363188,127.341817,1,25.0
RAD03_240620092226_8914,36.3670016,127.3306055,대전광역시 유성구 장대동 116-10,2024,6,20,9,3,summer,1,1,1,1,10.32479987,2024-06-20,1,1,1,1354,25.7,1457,2.67,-9.0,1400,-9.0,-9.0,-9.0,33.4,6.3,6,639,16.91,0,,,,,0,
RAD03_240620092549_9110,36.3751776,127.3260698,대전광역시 유성구 노은동 138-39,2024,6,20,9,3,summer,1,1,1,1,0.0,2024-06-20,1,0,0,1354,25.7,1457,2.67,-9.0,1400,-9.0,-9.0,-9.0,33.4,6.3,6,365,22.43,0,Patch,2024-07-07,36.3751776,127.3260698,1,17.0
RAD03_240620093033_9579,36.387186,127.3220784,대전광역시 유성구 하기동 603,2024,6,20,9,3,summer,1,1,1,3,0.0,2024-06-20,1,0,0,1354,25.7,1457,2.67,-9.0,1400,-9.0,-9.0,-9.0,33.4,6.3,6,848,40.28,0,,,,,0,
RAD03_240620093108_9733,36.3900826,127.3237051,대전광역시 유성구 하기동 603,2024,6,20,9,3,summer,1,2,2,4,0.0,2024-06-20,1,0,0,1354,25.7,1457,2.67,-9.0,1400,-9.0,-9.0,-9.0,33.4,6.3,6,614,38.01,0,Mill_Overlay,2024-09-01,36.3900826,127.3237051,1,73.0
RAD03_240620094448_0,36.3907666,127.3318801,대전광역시 유성구 하기동 603,2024,6,20,9,3,summer,1,3,3,5,0.0,2024-06-20,1,0,0,1354,25.7,1457,2.67,-9.0,1400,-9.0,-9.0,-9.0,33.4,6.3,6,722,34.8,0,,,,,0,
RAD03_240620095110_10575,36.3982791,127.3571694,대전광역시 유성구 장동 364-4,2024,6,20,9,3,summer,1,1,1,1,0.0,2024-06-20,1,0,0,1354,25.7,1457,2.67,-9.0,1400,-9.0,-9.0,-9.0,33.4,6.3,6,770,39.89,0,,,,,0,
RAD03_240620100053_11887,36.4160065,127.3779992,대전광역시 유성구 화암동 203-7,2024,6,20,10,3,summer,0,1,1,1,0.0,2024-06-20,1,0,0,1354,25.7,1457,2.67,-9.0,1400,-9.0,-9.0,-9.0,33.4,6.3,6,876,38.4,0,,,,,0,
RAD03_240620100633_12083,36.4127951,127.3880919,대전광역시 유성구 용산동 764,2024,6,20,10,3,summer,0,1,1,1,3.906899259,2024-06-20,1,1,1,1354,25.7,1457,2.67,-9.0,1400,-9.0,-9.0,-9.0,33.4,6.3,6,617,17.81,0,Crack_Seal,2024-07-10,36.4127951,127.3880919,1,20.0
RAD03_240620101405_12724,36.40644,127.3848902,대전광역시 유성구 화암동 57-3,2024,6,20,10,3,summer,0,1,1,1,0.0,2024-06-20,1,0,0,1354,25.7,1457,2.67,-9.0,1400,-9.0,-9.0,-9.0,33.4,6.3,6,833,32.78,0,,,,,0,
RAD03_240620101538_12934,36.4086694,127.3777816,대전광역시 유성구 화암동 109-11,2024,6,20,10,3,summer,0,1,1,1,14.8417194,2024-06-20,1,1,1,1354,25.7,1457,2.67,-9.0,1400,-9.0,-9.0,-9.0,33.4,6.3,6,998,34.66,0,,,,,0,
RAD03_240620101552_12984,36.4079284,127.3762414,대전광역시 유성구 방현동 349-3,2024,6,20,10,3,summer,0,1,1,1,0.0,2024-06-20,1,0,0,1354,25.7,1457,2.67,-9.0,1400,-9.0,-9.0,-9.0,33.4,6.3,6,606,23.68,0,Patch,2024-07-25,36.4079284,127.3762414,1,35.0
RAD03_240621101012_0,36.3607627,127.3542081,대전광역시 유성구 어은동 311,2024,6,21,10,4,summer,0,1,1,2,0.0,2024-06-21,1,0,0,2140,26.4,1512,3.55,-9.0,1300,0.2,-9.0,-9.0,34.5,10.9,2246,852,46.04,0,,,,,0,
RAD03_240621101414_302,36.3558611,127.342136,대전광역시 유성구 봉명동 574,2024,6,21,10,4,summer,0,1,1,5,0.0,2024-06-21,1,0,0,2140,26.4,1512,3.55,-9.0,1300,0.2,-9.0,-9.0,34.5,10.9,2246,677,34.84,0,,,,,0,
RAD03_240624104603_1929,36.3972687,127.3550816,대전광역시 유성구 장동 363-7,2024,6,24,10,0,summer,0,1,1,1,0.0,2024-06-24,1,0,0,1111,25.3,1500,3.34,-9.0,1200,-9.0,-9.0,-9.0,30.1,8.1,2400,1135,30.36,0,,,,,0,
RAD03_240624160148_0,36.3636969,127.3603858,대전광역시 유성구 구성동 294-6,2024,6,24,16,0,summer,0,1,1,1,0.0,2024-06-24,1,0,0,1111,25.3,1500,3.34,-9.0,1200,-9.0,-9.0,-9.0,30.1,8.1,2400,1041,25.05,0,,,,,0,
RAD03_240626093426_0,36.3635934,127.3406701,대전광역시 유성구 궁동 335-27,2024,6,26,9,2,summer,1,1,1,1,0.0,2024-06-26,1,0,0,1637,24.3,1616,3.49,-9.0,1200,-9.0,-9.0,-9.0,32.2,12.5,806,929,23.15,0,Patch,2024-08-03,36.3635934,127.3406701,1,38.0
RAD03_240627113817_0,36.4248486,127.3936643,대전광역시 유성구 관평동 1288,2024,6,27,11,3,summer,0,1,1,1,12.19396507,2024-06-27,1,1,1,1601,23.7,1451,1.79,-9.0,1400,-9.0,-9.0,-9.0,28.5,2.1,17,951,41.88,0,Full_Depth,2024-07-20,36.4248486,127.3936643,1,23.0
RAD03_240627154812_12588,36.358084,127.3432458,대전광역시 유성구 봉명동 608,2024,6,27,15,3,summer,0,1,1,1,0.0,2024-06-27,1,0,0,1601,23.7,1451,1.79,-9.0,1400,-9.0,-9.0,-9.0,28.5,2.1,17,1075,15.26,0,Patch,2024-08-21,36.358084,127.3432458,1,55.0
RAD03_240627155251_12717,36.3614293,127.3564059,대전광역시 유성구 어은동 59-1,2024,6,27,15,3,summer,0,1,1,1,0.0,2024-06-27,1,0,0,1601,23.7,1451,1.79,-9.0,1400,-9.0,-9.0,-9.0,28.5,2.1,17,967,9.09,0,Patch,2024-08-21,36.3614293,127.3564059,1,55.0
RAD03_240701151654_0,36.3802982,127.3164768,대전광역시 유성구 지족동 948,2024,7,1,15,0,summer,0,1,1,1,5.367678882,2024-07-01,1,1,1,1537,26.2,1700,2.97,-9.0,1300,49.3,-9.0,-9.0,29.7,8.7,2224,579,9.55,0,Mill_Overlay,2024-08-02,36.3802982,127.3164768,1,32.0
RAD03_240701151810_118,36.3834115,127.3175792,대전광역시 유성구 지족동 926,2024,7,1,15,0,summer,0,1,1,1,8.444313435,2024-07-01,1,1,1,1537,26.2,1700,2.97,-9.0,1300,49.3,-9.0,-9.0,29.7,8.7,2224,364,33.78,0,Mill_Overlay,2024-09-20,36.3834115,127.3175792,1,81.0
RAD03_240701152519_0,36.3804669,127.3165383,대전광역시 유성구 지족동 948,2024,7,1,15,0,summer,0,2,2,2,1.926051949,2024-07-01,1,1,1,1537,26.2,1700,2.97,-9.0,1300,49.3,-9.0,-9.0,29.7,8.7,2224,756,15.62,0,,,,,0,
RAD03_240701153247_658,36.3702158,127.3150586,대전광역시 유성구 노은동 570,2024,7,1,15,0,summer,0,1,1,1,0.0,2024-07-01,1,0,0,1537,26.2,1700,2.97,-9.0,1300,49.3,-9.0,-9.0,29.7,8.7,2224,347,34.2,0,,,,,0,
RAD03_240701153307_747,36.369035,127.3142954,대전광역시 유성구 노은동 570,2024,7,1,15,0,summer,0,2,2,2,0.0,2024-07-01,1,0,0,1537,26.2,1700,2.97,-9.0,1300,49.3,-9.0,-9.0,29.7,8.7,2224,646,45.36,0,Mill_Overlay,2024-08-22,36.369035,127.3142954,1,52.0
RAD03_240701153322_812,36.3685649,127.3137784,대전광역시 유성구 노은동 570,2024,7,1,15,0,summer,0,3,3,3,0.0,2024-07-01,1,0,0,1537,26.2,1700,2.97,-9.0,1300,49.3,-9.0,-9.0,29.7,8.7,2224,640,29.19,0,Mill_Overlay,2024-08-14,36.3685649,127.3137784,1,44.0
RAD03_240726102429_0,36.4069446,127.3732953,대전광역시 유성구 방현동 9-12,2024,7,26,10,4,summer,0,1,1,1,0.0,2024-07-26,1,0,0,1246,28.4,1341,2.79,1.3,1000,1.3,1.62,1.0,31.4,5.1,2328,418,17.11,0,Patch,2024-09-17,36.4069446,127.3732953,1,53.0
RAD03_240726105711_3894,36.3666797,127.3272001,대전광역시 유성구 노은동 74,2024,7,26,10,4,summer,0,1,1,1,0.0,2024-07-26,1,0,0,1246,28.4,1341,2.79,1.3,1000,1.3,1.62,1.0,31.4,5.1,2328,715,35.33,0,,,,,0,
RAD03_240908151513_771,36.3454733,127.3389475,대전광역시 유성구 상대동 495,2024,9,8,15,6,autumn,0,1,1,1,0.0,2024-09-08,1,0,0,1556,27.6,1504,3.17,-9.0,1200,-9.0,-9.0,-9.0,34.8,10.4,755,514,5.71,1,,,,,0,
RAD03_240908152627_1348,36.3378753,127.325972,대전광역시 유성구 복용동 458,2024,9,8,15,6,autumn,0,1,1,1,0.0,2024-09-08,1,0,0,1556,27.6,1504,3.17,-9.0,1200,-9.0,-9.0,-9.0,34.8,10.4,755,257,10.11,1,Patch,2024-09-29,36.3378753,127.325972,1,21.0
RAD03_240908152930_1523,36.3385493,127.316879,대전광역시 유성구 학하동 685-139,2024,9,8,15,6,autumn,0,1,1,1,0.0,2024-09-08,1,0,0,1556,27.6,1504,3.17,-9.0,1200,-9.0,-9.0,-9.0,34.8,10.4,755,610,24.66,1,,,,,0,
RAD03_240908153142_1621,36.3403616,127.3087813,대전광역시 유성구 학하동 792,2024,9,8,15,6,autumn,0,1,1,1,0.0,2024-09-08,1,0,0,1556,27.6,1504,3.17,-9.0,1200,-9.0,-9.0,-9.0,34.8,10.4,755,600,19.4,1,,,,,0,
RAD03_240908164016_2769,36.3623567,127.3568282,대전광역시 유성구 어은동 109,2024,9,8,16,6,autumn,0,1,1,9,12.39747737,2024-09-08,1,1,1,1556,27.6,1504,3.17,-9.0,1200,-9.0,-9.0,-9.0,34.8,10.4,755,438,7.44,1,,,,,0,
RAD03_241028102114_4539,36.3454301,127.3019064,대전광역시 유성구 덕명동 621,2024,10,28,10,0,autumn,0,1,1,1,0.0,2024-10-28,1,0,0,2246,14.8,1145,1.41,0.0,1100,0.0,1.17,0.0,15.4,0.4,2309,881,27.36,0,Patch,2024-11-06,36.3454301,127.3019064,1,9.0
RAD03_241028102435_4763,36.3507579,127.2975022,대전광역시 유성구 덕명동 154-15,2024,10,28,10,0,autumn,0,1,1,1,0.0,2024-10-28,1,0,0,2246,14.8,1145,1.41,0.0,1100,0.0,1.17,0.0,15.4,0.4,2309,1065,32.93,0,Patch,2024-12-03,36.3507579,127.2975022,1,36.0
RAD03_241028102606_4894,36.3598444,127.3051123,대전광역시 유성구 덕명동 570,2024,10,28,10,0,autumn,0,1,1,1,6.653689358,2024-10-28,1,1,1,2246,14.8,1145,1.41,0.0,1100,0.0,1.17,0.0,15.4,0.4,2309,393,21.95,0,Mill_Overlay,2025-02-01,36.3598444,127.3051123,1,96.0
RAD03_241029110851_0,36.3595458,127.3231565,대전광역시 유성구 장대동 258-5,2024,10,29,11,1,autumn,0,1,1,1,0.0,2024-10-29,1,0,0,1054,14.9,1532,1.88,0.0,1100,0.0,0.58,0.0,15.2,3.1,2259,320,35.4,0,,,,,0,
RAD03_241030141126_11714,36.3933142,127.4069405,대전광역시 유성구 문지동 668,2024,10,30,14,2,autumn,0,1,1,1,6.203806868,2024-10-30,1,1,1,1945,14.7,1511,2.4,-9.0,1200,-9.0,-9.0,-9.0,14.2,9.6,2325,1169,36.28,0,Mill_Overlay,2025-02-09,36.3933142,127.4069405,1,102.0
RAD03_241031140449_15376,36.3496234,127.326575,대전광역시 유성구 구암동 242-10,2024,10,31,14,3,autumn,0,1,1,1,7.003310174,2024-10-31,1,1,1,1137,14.5,1406,2.42,-9.0,1200,0.6,-9.0,-9.0,13.8,8.9,858,837,7.19,0,Mill_Overlay,2025-01-30,36.3496234,127.326575,1,91.0
RAD03_241101141301_23683,36.374778,127.394908,대전광역시 유성구 도룡동 8-59,2024,11,1,14,4,autumn,0,1,1,1,11.37273106,2024-11-01,1,1,1,1218,13.3,2316,0.54,1.6,1300,1.1,5.17,-9.0,13.9,0.0,857,528,12.05,0,,,,,0,
RAD03_241105094205_32321,36.3650676,127.3631632,대전광역시 유성구 구성동 445-1,2024,11,5,9,1,autumn,1,1,1,1,0.0,2024-11-05,1,0,0,1553,9.8,1414,2.34,-9.0,1200,-9.0,-9.0,-9.0,10.5,7.7,2348,985,17.81,0,,,,,0,
RAD03_241106154319_38750,36.3624363,127.3431994,대전광역시 유성구 궁동 254-3,2024,11,6,15,2,autumn,0,1,1,1,0.0,2024-11-06,1,0,0,1323,7.3,1416,2.36,-9.0,1200,-9.0,-9.0,-9.0,7.4,9.6,2323,982,18.95,0,,,,,0,
RAD03_241128140709_16480,36.3611846,127.3442745,대전광역시 유성구 궁동 481,2024,11,28,14,3,autumn,0,1,1,1,0.0,2024-11-28,1,0,0,1324,3.2,1126,1.34,4.7,1100,4.6,12.88,-9.0,4.2,2.6,13,308,11.14,0,,,,,0,
RAD03_241202142941_57521,36.4027555,127.4049664,대전광역시 유성구 전민동 464-3,2024,12,2,14,0,winter,0,1,1,1,0.0,2024-12-02,1,0,0,1712,8.3,1354,1.66,0.0,1100,0.0,0.45,-9.0,6.6,5.1,2313,1101,15.52,0,Patch,2025-01-17,36.4027555,127.4049664,1,46.0
RAD03_241202143632_61090,36.4202204,127.3861794,대전광역시 유성구 관평동 673,2024,12,2,14,0,winter,0,1,1,1,0.0,2024-12-02,1,0,0,1712,8.3,1354,1.66,0.0,1100,0.0,0.45,-9.0,6.6,5.1,2313,395,24.12,0,Patch,2025-01-11,36.4202204,127.3861794,1,40.0
RAD03_241202143637_61164,36.4205666,127.3864053,대전광역시 유성구 관평동 673,2024,12,2,14,0,winter,0,2,2,2,0.0,2024-12-02,1,0,0,1712,8.3,1354,1.66,0.0,1100,0.0,0.45,-9.0,6.6,5.1,2313,902,17.24,0,,,,,0,
RAD03_241202143638_61166,36.4206472,127.3864573,대전광역시 유성구 관평동 673,2024,12,2,14,0,winter,0,3,3,3,0.0,2024-12-02,1,0,0,1712,8.3,1354,1.66,0.0,1100,0.0,0.45,-9.0,6.6,5.1,2313,1037,26.88,0,,,,,0,
RAD03_241202185615_0,36.3624738,127.3571108,대전광역시 유성구 어은동 316,2024,12,2,18,0,winter,1,1,1,1,0.0,2024-12-02,1,0,0,1712,8.3,1354,1.66,0.0,1100,0.0,0.45,-9.0,6.6,5.1,2313,917,8.88,0,,,,,0,
RAD03_241203102918_105765,36.3486059,127.3265601,대전광역시 유성구 상대동 556,2024,12,3,10,1,winter,0,1,1,2,0.0,2024-12-03,1,0,0,1429,2.1,1414,2.02,-9.0,1200,-9.0,-9.0,-9.0,2.5,6.7,1052,396,13.73,0,,,,,0,
RAD03_241204142101_0,36.3496309,127.32608,대전광역시 유성구 구암동 240,2024,12,4,14,2,winter,0,1,1,1,8.882406042,2024-12-04,1,1,1,1424,3.6,1408,1.98,0.0,1200,0.0,1.67,-9.0,3.0,8.3,1,391,8.41,0,Mill_Overlay,2025-01-09,36.3496309,127.32608,1,36.0
RAD03_241204142301_170503,36.3496406,127.3263028,대전광역시 유성구 구암동 240-4,2024,12,4,14,2,winter,0,1,1,1,0.0,2024-12-04,1,0,0,1424,3.6,1408,1.98,0.0,1200,0.0,1.67,-9.0,3.0,8.3,1,1019,30.15,0,Patch,2025-01-22,36.3496406,127.3263028,1,49.0
RAD03_241208175511_330104,36.354413,127.3501158,대전광역시 유성구 봉명동 700,2024,12,8,17,6,winter,0,1,1,1,0.0,2024-12-08,1,0,0,1433,0.5,1422,2.02,0.0,1200,-9.0,0.25,-9.0,0.5,8.1,930,479,6.16,1,,,,,0,
RAD03_241208180001_332321,36.3620165,127.3563687,대전광역시 유성구 어은동 109,2024,12,8,18,6,winter,1,1,1,1,0.0,2024-12-08,1,0,0,1433,0.5,1422,2.02,0.0,1200,-9.0,0.25,-9.0,0.5,8.1,930,551,30.14,1,,,,,0,
RAD03_241211100217_0,36.314489,127.3214646,대전광역시 유성구 대정동 319,2024,12,11,10,2,winter,0,1,1,1,0.0,2024-12-11,1,0,0,2144,2.5,1546,1.35,-9.0,1200,-9.0,-9.0,-9.0,1.8,5.0,2325,363,40.38,0,Patch,2024-12-21,36.314489,127.3214646,1,10.0
RAD03_241211103758_370992,36.3401016,127.3433003,대전광역시 유성구 원신흥동 586,2024,12,11,10,2,winter,0,1,1,1,5.07802829,2024-12-11,1,1,1,2144,2.5,1546,1.35,-9.0,1200,-9.0,-9.0,-9.0,1.8,5.0,2325,893,6.89,0,,,,,0,
RAD03_241213103525_547102,36.422838,127.4062961,대전광역시 유성구 용산동 605,2024,12,13,10,4,winter,0,1,1,1,1.899295907,2024-12-13,1,1,1,1254,0.6,1235,0.74,0.0,1000,0.0,1.5,-9.0,0.9,0.3,226,327,36.8,0,,,,,0,
RAD03_241216105842_37511,36.3938882,127.3504008,대전광역시 유성구 자운동 515-22,2024,12,16,10,0,winter,0,1,1,1,4.552518823,2024-12-16,1,1,1,1520,2.7,1503,1.93,0.1,1200,0.1,2.83,-9.0,2.3,6.8,820,490,7.18,0,Crack_Seal,2025-01-30,36.3938882,127.3504008,1,45.0
RAD03_241217101244_108602,36.3913696,127.3249799,대전광역시 유성구 하기동 603,2024,12,17,10,1,winter,0,1,1,1,6.62292503,2024-12-17,1,1,1,1528,1.6,1326,1.9,-9.0,1200,-9.0,-9.0,-9.0,1.6,6.6,948,1011,34.67,0,Mill_Overlay,2025-03-31,36.3913696,127.3249799,1,104.0
RAD03_250109145844_46325,36.3809451,127.4065991,대전광역시 유성구 원촌동 90,2025,1,9,14,3,winter,0,1,1,1,0.0,2025-01-09,1,0,0,1524,-8.1,1,1.36,0.0,1000,0.0,5.1,-9.0,-3.3,4.8,2350,621,19.32,0,,,,,0,
RAD03_250109145845_46337,36.3810703,127.4065609,대전광역시 유성구 원촌동 90,2025,1,9,14,3,winter,0,2,2,2,0.0,2025-01-09,1,0,0,1524,-8.1,1,1.36,0.0,1000,0.0,5.1,-9.0,-3.3,4.8,2350,1087,18.97,0,,,,,0,
RAD03_250117100018_10653,36.4436262,127.2874405,세종특별자치시 금남면 감성리 66-3,2025,1,17,10,4,winter,0,1,1,1,9.449762536,2025-01-17,1,1,1,1609,1.3,1551,2.02,-9.0,1200,-9.0,-9.0,-9.0,1.9,8.6,942,751,6.75,0,,,,,0,
RAD03_250117100511_11444,36.4406968,127.3151904,세종특별자치시 금남면 금천리 371-1,2025,1,17,10,4,winter,0,1,1,1,0.0,2025-01-17,1,0,0,1609,1.3,1551,2.02,-9.0,1200,-9.0,-9.0,-9.0,1.9,8.6,942,732,11.81,0,,,,,0,
RAD03_250117100524_11498,36.4403871,127.3166947,세종특별자치시 금남면 금천리 205-2,2025,1,17,10,4,winter,0,1,1,1,3.730712028,2025-01-17,1,1,1,1609,1.3,1551,2.02,-9.0,1200,-9.0,-9.0,-9.0,1.9,8.6,942,838,13.72,0,Crack_Seal,2025-02-08,36.4403871,127.3166947,1,22.0
RAD04_240229124816_188,36.3509413,127.3349733,대전광역시 유성구 구암동 638,2024,2,29,12,3,winter,0,1,1,1,0.0,2024-02-29,1,0,0,2400,5.1,1247,0.6,0.2,1400,0.2,3.0,-9.0,5.5,0.0,49,437,47.7,0,Patch,2024-03-18,36.3509413,127.3349733,1,18.0
RAD04_240229125119_299,36.3521803,127.3339143,대전광역시 유성구 구암동 635,2024,2,29,12,3,winter,0,1,1,1,0.0,2024-02-29,1,0,0,2400,5.1,1247,0.6,0.2,1400,0.2,3.0,-9.0,5.5,0.0,49,747,7.58,0,,,,,0,
RAD04_240229131015_1268,36.366928,127.3109622,대전광역시 유성구 노은동 413-3,2024,2,29,13,3,winter,0,1,1,1,4.335912099,2024-02-29,1,1,1,2400,5.1,1247,0.6,0.2,1400,0.2,3.0,-9.0,5.5,0.0,49,235,46.06,0,Crack_Seal,2024-05-27,36.366928,127.3109622,1,88.0
RAD04_240229131443_1357,36.3644295,127.3084739,대전광역시 유성구 구암동 514,2024,2,29,13,3,winter,0,1,1,1,0.0,2024-02-29,1,0,0,2400,5.1,1247,0.6,0.2,1400,0.2,3.0,-9.0,5.5,0.0,49,421,40.98,0,Patch,2024-03-11,36.3644295,127.3084739,1,11.0
RAD04_240229131443_1361,36.3644295,127.3084739,대전광역시 유성구 구암동 514,2024,2,29,13,3,winter,0,2,2,2,0.0,2024-02-29,1,0,0,2400,5.1,1247,0.6,0.2,1400,0.2,3.0,-9.0,5.5,0.0,49,234,7.35,0,,,,,0,
RAD04_240229132202_1738,36.3775002,127.3059954,대전광역시 유성구 지족동 1062-1,2024,2,29,13,3,winter,0,1,1,1,0.0,2024-02-29,1,0,0,2400,5.1,1247,0.6,0.2,1400,0.2,3.0,-9.0,5.5,0.0,49,310,29.3,0,,,,,0,
RAD04_240301061037_4588,36.3747976,127.3193131,대전광역시 유성구 지족동 965,2024,3,1,6,4,spring,0,1,1,1,6.124902832,2024-03-01,1,1,1,1424,-2.2,1,2.91,-9.0,1200,-9.0,-9.0,-9.0,2.1,10.2,2239,913,42.31,0,Mill_Overlay,2024-05-20,36.3747976,127.3193131,1,80.0
RAD04_240304141215_1160,36.3609309,127.3530891,대전광역시 유성구 궁동 445,2024,3,4,14,0,spring,0,1,1,1,13.50665394,2024-03-04,1,1,1,1729,6.7,1428,2.21,-9.0,1100,2.2,-9.0,-9.0,6.7,5.7,956,809,20.12,0,Full_Depth,2024-04-18,36.3609309,127.3530891,1,45.0
RAD04_240304152738_4040,36.3849263,127.3215201,대전광역시 유성구 하기동 585,2024,3,4,15,0,spring,0,6,6,6,0.0,2024-03-04,1,0,0,1729,6.7,1428,2.21,-9.0,1100,2.2,-9.0,-9.0,6.7,5.7,956,555,28.99,0,,,,,0,
RAD04_240305062608_5000,36.3736319,127.3193243,대전광역시 유성구 지족동 965,2024,3,5,6,1,spring,0,2,2,2,0.0,2024-03-05,1,0,0,1830,5.9,1,0.29,2.5,1000,0.3,15.42,-9.0,5.8,0.0,208,423,46.81,0,,,,,0,
RAD04_240305063043_5158,36.3666778,127.3312545,대전광역시 유성구 장대동 116-5,2024,3,5,6,1,spring,0,1,1,1,0.0,2024-03-05,1,0,0,1830,5.9,1,0.29,2.5,1000,0.3,15.42,-9.0,5.8,0.0,208,757,45.01,0,,,,,0,
RAD04_240305065112_5462,36.3626943,127.3474261,대전광역시 유성구 궁동 438,2024,3,5,6,1,spring,0,1,1,1,0.0,2024-03-05,1,0,0,1830,5.9,1,0.29,2.5,1000,0.3,15.42,-9.0,5.8,0.0,208,834,39.17,0,,,,,0,
RAD04_240305065113_5463,36.3626943,127.3474261,대전광역시 유성구 궁동 438,2024,3,5,6,1,spring,0,2,2,2,0.0,2024-03-05,1,0,0,1830,5.9,1,0.29,2.5,1000,0.3,15.42,-9.0,5.8,0.0,208,488,10.32,0,,,,,0,
RAD04_240305074247_7718,36.3611856,127.3534735,대전광역시 유성구 궁동 434,2024,3,5,7,1,spring,0,1,1,1,0.0,2024-03-05,1,0,0,1830,5.9,1,0.29,2.5,1000,0.3,15.42,-9.0,5.8,0.0,208,383,31.24,0,Patch,2024-04-17,36.3611856,127.3534735,1,43.0
RAD04_240305160929_3115,36.3615682,127.3351341,대전광역시 유성구 장대동 63-2,2024,3,5,16,1,spring,0,1,1,1,0.0,2024-03-05,1,0,0,1830,5.9,1,0.29,2.5,1000,0.3,15.42,-9.0,5.8,0.0,208,213,17.82,0,Patch,2024-04-07,36.3615682,127.3351341,1,33.0
RAD04_240305163312_3668,36.3621484,127.3354577,대전광역시 유성구 장대동 333,2024,3,5,16,1,spring,0,1,1,1,3.920814001,2024-03-05,1,1,1,1830,5.9,1,0.29,2.5,1000,0.3,15.42,-9.0,5.8,0.0,208,450,15.77,0,Crack_Seal,2024-04-18,36.3621484,127.3354577,1,44.0
RAD04_240306093837_8210,36.3874912,127.3186007,대전광역시 유성구 하기동 576,2024,3,6,9,2,spring,1,3,3,3,0.0,2024-03-06,1,0,0,2315,7.0,1522,2.15,-9.0,1200,0.0,-9.0,-9.0,7.2,5.8,2358,980,35.82,0,Mill_Overlay,2024-05-31,36.3874912,127.3186007,1,86.0
RAD04_240306093845_8223,36.387443,127.3184973,대전광역시 유성구 하기동 575,2024,3,6,9,2,spring,1,1,1,1,13.51782219,2024-03-06,1,1,1,2315,7.0,1522,2.15,-9.0,1200,0.0,-9.0,-9.0,7.2,5.8,2358,751,18.35,0,Full_Depth,2024-03-24,36.387443,127.3184973,1,18.0
RAD04_240306094915_8472,36.3989653,127.3142435,대전광역시 유성구 외삼동 574-5,2024,3,6,9,2,spring,1,1,1,1,0.0,2024-03-06,1,0,0,2315,7.0,1522,2.15,-9.0,1200,0.0,-9.0,-9.0,7.2,5.8,2358,747,6.78,0,,,,,0,
RAD04_240306094918_8474,36.3991151,127.3140179,대전광역시 유성구 외삼동 577,2024,3,6,9,2,spring,1,1,1,1,0.0,2024-03-06,1,0,0,2315,7.0,1522,2.15,-9.0,1200,0.0,-9.0,-9.0,7.2,5.8,2358,601,14.98,0,,,,,0,
RAD04_240306094943_8485,36.3999396,127.3122468,대전광역시 유성구 외삼동 574-5,2024,3,6,9,2,spring,1,2,2,2,5.013601149,2024-03-06,1,1,1,2315,7.0,1522,2.15,-9.0,1200,0.0,-9.0,-9.0,7.2,5.8,2358,875,11.01,0,,,,,0,
RAD04_240306094944_8490,36.3999679,127.3122242,대전광역시 유성구 외삼동 574-5,2024,3,6,9,2,spring,1,3,3,3,0.0,2024-03-06,1,0,0,2315,7.0,1522,2.15,-9.0,1200,0.0,-9.0,-9.0,7.2,5.8,2358,710,25.25,0,Mill_Overlay,2024-06-14,36.3999679,127.3122242,1,100.0
RAD04_240306095311_8659,36.4034867,127.3115641,대전광역시 유성구 외삼동 582,2024,3,6,9,2,spring,1,1,1,1,0.0,2024-03-06,1,0,0,2315,7.0,1522,2.15,-9.0,1200,0.0,-9.0,-9.0,7.2,5.8,2358,446,19.08,0,Patch,2024-04-03,36.4034867,127.3115641,1,28.0
RAD04_240306100211_8833,36.4137939,127.2981846,대전광역시 유성구 안산동 273-2,2024,3,6,10,2,spring,0,1,1,1,0.0,2024-03-06,1,0,0,2315,7.0,1522,2.15,-9.0,1200,0.0,-9.0,-9.0,7.2,5.8,2358,950,33.1,0,,,,,0,
RAD04_240306145541_1968,36.3594103,127.3393021,대전광역시 유성구 장대동 373,2024,3,6,14,2,spring,0,1,2,2,0.0,2024-03-06,1,0,0,2315,7.0,1522,2.15,-9.0,1200,0.0,-9.0,-9.0,7.2,5.8,2358,722,36.38,0,Mill_Overlay,2024-04-05,36.3594103,127.3393021,1,30.0
RAD04_240306145547_1977,36.3598201,127.3392838,대전광역시 유성구 장대동 373,2024,3,6,14,2,spring,0,2,3,3,0.0,2024-03-06,1,0,0,2315,7.0,1522,2.15,-9.0,1200,0.0,-9.0,-9.0,7.2,5.8,2358,419,34.98,0,Mill_Overlay,2024-04-24,36.3598201,127.3392838,1,49.0
RAD04_240306155019_3258,36.387226,127.3257301,대전광역시 유성구 하기동 597-3,2024,3,6,15,2,spring,0,1,1,1,0.0,2024-03-06,1,0,0,2315,7.0,1522,2.15,-9.0,1200,0.0,-9.0,-9.0,7.2,5.8,2358,579,19.21,0,Patch,2024-04-06,36.387226,127.3257301,1,31.0
RAD04_240306155407_3262,36.3872732,127.3257704,대전광역시 유성구 하기동 599,2024,3,6,15,2,spring,0,1,1,1,0.0,2024-03-06,1,0,0,2315,7.0,1522,2.15,-9.0,1200,0.0,-9.0,-9.0,7.2,5.8,2358,1137,18.75,0,,,,,0,
RAD04_240306155444_3273,36.3876842,127.3254523,대전광역시 유성구 하기동 597-1,2024,3,6,15,2,spring,0,1,1,1,0.0,2024-03-06,1,0,0,2315,7.0,1522,2.15,-9.0,1200,0.0,-9.0,-9.0,7.2,5.8,2358,370,15.51,0,Patch,2024-04-14,36.3876842,127.3254523,1,39.0
RAD04_240307092848_8050,36.3571893,127.3385575,대전광역시 유성구 장대동 286-10,2024,3,7,9,3,spring,1,1,1,1,0.0,2024-03-07,1,0,0,1334,4.6,1424,2.2,0.0,1000,-9.0,0.5,-9.0,6.9,6.7,2356,546,21.26,0,,,,,0,
RAD04_240307092907_8089,36.3570904,127.3380879,대전광역시 유성구 장대동 293,2024,3,7,9,3,spring,1,1,1,1,0.0,2024-03-07,1,0,0,1334,4.6,1424,2.2,0.0,1000,-9.0,0.5,-9.0,6.9,6.7,2356,384,11.46,0,,,,,0,
RAD04_240307094356_8590,36.3684586,127.3192012,대전광역시 유성구 노은동 591,2024,3,7,9,3,spring,1,1,1,1,0.0,2024-03-07,1,0,0,1334,4.6,1424,2.2,0.0,1000,-9.0,0.5,-9.0,6.9,6.7,2356,925,9.77,0,Patch,2024-04-25,36.3684586,127.3192012,1,49.0
RAD04_240307142555_10512,36.3903367,127.2967964,대전광역시 유성구 반석동 499-2,2024,3,7,14,3,spring,0,1,1,1,0.0,2024-03-07,1,0,0,1334,4.6,1424,2.2,0.0,1000,-9.0,0.5,-9.0,6.9,6.7,2356,634,13.14,0,Patch,2024-04-07,36.3903367,127.2967964,1,31.0
RAD04_240307144809_10688,36.3866109,127.3032463,대전광역시 유성구 지족동 1057,2024,3,7,14,3,spring,0,1,1,1,0.0,2024-03-07,1,0,0,1334,4.6,1424,2.2,0.0,1000,-9.0,0.5,-9.0,6.9,6.7,2356,966,11.86,0,,,,,0,
RAD04_240307145355_10975,36.374596,127.3049595,대전광역시 유성구 지족동 1060-1,2024,3,7,14,3,spring,0,1,1,1,0.0,2024-03-07,1,0,0,1334,4.6,1424,2.2,0.0,1000,-9.0,0.5,-9.0,6.9,6.7,2356,1120,21.18,0,,,,,0,
RAD04_240307145453_10989,36.3745453,127.3050501,대전광역시 유성구 지족동 1060-1,2024,3,7,14,3,spring,0,2,2,2,11.16444684,2024-03-07,1,1,1,1334,4.6,1424,2.2,0.0,1000,-9.0,0.5,-9.0,6.9,6.7,2356,880,26.36,0,,,,,0,
RAD04_240307145503_10991,36.3744059,127.3052699,대전광역시 유성구 지족동 1060-1,2024,3,7,14,3,spring,0,3,3,3,11.19957059,2024-03-07,1,1,1,1334,4.6,1424,2.2,0.0,1000,-9.0,0.5,-9.0,6.9,6.7,2356,1046,14.08,0,Full_Depth,2024-03-31,36.3744059,127.3052699,1,24.0
RAD04_240308071630_13021,36.3617674,127.3475369,대전광역시 유성구 궁동 438,2024,3,8,7,4,spring,0,3,3,3,0.0,2024-03-08,1,0,0,1350,2.9,1304,2.9,-9.0,1200,-9.0,-9.0,-9.0,4.4,10.2,2400,1067,15.6,0,,,,,0,
RAD04_240308072015_13088,36.3602462,127.3485352,대전광역시 유성구 궁동 496,2024,3,8,7,4,spring,0,1,1,1,0.0,2024-03-08,1,0,0,1350,2.9,1304,2.9,-9.0,1200,-9.0,-9.0,-9.0,4.4,10.2,2400,536,23.82,0,,,,,0,
RAD04_240308101223_15663,36.3986968,127.3147334,대전광역시 유성구 외삼동 577,2024,3,8,10,4,spring,0,2,2,2,0.0,2024-03-08,1,0,0,1350,2.9,1304,2.9,-9.0,1200,-9.0,-9.0,-9.0,4.4,10.2,2400,764,17.35,0,Mill_Overlay,2024-07-05,36.3986968,127.3147334,1,119.0
RAD04_240308102400_15805,36.4142147,127.2981386,대전광역시 유성구 안산동 275-1,2024,3,8,10,4,spring,0,1,1,1,0.0,2024-03-08,1,0,0,1350,2.9,1304,2.9,-9.0,1200,-9.0,-9.0,-9.0,4.4,10.2,2400,1011,7.52,0,,,,,0,
RAD04_240308154615_1371,36.3664857,127.3232562,대전광역시 유성구 노은동 613,2024,3,8,15,4,spring,0,1,1,1,0.0,2024-03-08,1,0,0,1350,2.9,1304,2.9,-9.0,1200,-9.0,-9.0,-9.0,4.4,10.2,2400,787,38.99,0,,,,,0,
RAD04_240308160118_1619,36.383192,127.3207279,대전광역시 유성구 지족동 862-10,2024,3,8,16,4,spring,0,1,1,1,6.883595786,2024-03-08,1,1,1,1350,2.9,1304,2.9,-9.0,1200,-9.0,-9.0,-9.0,4.4,10.2,2400,517,33.38,0,Mill_Overlay,2024-06-05,36.383192,127.3207279,1,89.0
RAD04_240315073206_1269,36.3607926,127.3406595,대전광역시 유성구 궁동 455,2024,3,15,7,4,spring,0,1,1,1,4.402563042,2024-03-15,1,1,1,1451,9.5,1609,3.06,-9.0,1200,-9.0,-9.0,-9.0,10.5,11.0,2301,892,12.52,0,,,,,0,
RAD04_240315095835_4527,36.3894705,127.3015819,대전광역시 유성구 지족동 1104,2024,3,15,9,4,spring,1,1,1,1,6.42639025,2024-03-15,1,1,1,1451,9.5,1609,3.06,-9.0,1200,-9.0,-9.0,-9.0,10.5,11.0,2301,518,12.98,0,,,,,0,
RAD04_240315102559_5764,36.359924,127.3328281,대전광역시 유성구 장대동 288,2024,3,15,10,4,spring,0,1,1,1,3.562118396,2024-03-15,1,1,1,1451,9.5,1609,3.06,-9.0,1200,-9.0,-9.0,-9.0,10.5,11.0,2301,1138,33.45,0,Crack_Seal,2024-04-05,36.359924,127.3328281,1,21.0
RAD04_240315140528_8172,36.3867309,127.3316777,대전광역시 유성구 하기동 618,2024,3,15,14,4,spring,0,1,1,1,0.0,2024-03-15,1,0,0,1451,9.5,1609,3.06,-9.0,1200,-9.0,-9.0,-9.0,10.5,11.0,2301,1060,32.18,0,,,,,0,
RAD04_240315143837_9612,36.4045878,127.305871,대전광역시 유성구 외삼동 441-4,2024,3,15,14,4,spring,0,1,1,1,0.0,2024-03-15,1,0,0,1451,9.5,1609,3.06,-9.0,1200,-9.0,-9.0,-9.0,10.5,11.0,2301,571,25.92,0,Patch,2024-05-12,36.4045878,127.305871,1,58.0
RAD04_240315143838_9613,36.4046401,127.3058309,대전광역시 유성구 외삼동 441-1,2024,3,15,14,4,spring,0,1,1,1,0.0,2024-03-15,1,0,0,1451,9.5,1609,3.06,-9.0,1200,-9.0,-9.0,-9.0,10.5,11.0,2301,591,17.25,0,Patch,2024-05-04,36.4046401,127.3058309,1,50.0
RAD04_240315144435_9786,36.42513,127.2930793,세종특별자치시 금남면 두만리 581-10,2024,3,15,14,4,spring,0,1,1,1,10.83884908,2024-03-15,1,1,1,1451,9.5,1609,3.06,-9.0,1200,-9.0,-9.0,-9.0,10.5,11.0,2301,533,34.01,0,Full_Depth,2024-04-10,36.42513,127.2930793,1,26.0
RAD04_240315144451_9813,36.424851,127.2935734,세종특별자치시 금남면 두만리 581-10,2024,3,15,14,4,spring,0,2,2,2,0.0,2024-03-15,1,0,0,1451,9.5,1609,3.06,-9.0,1200,-9.0,-9.0,-9.0,10.5,11.0,2301,856,34.98,0,,,,,0,
RAD04_240315144459_9840,36.4244401,127.2941234,세종특별자치시 금남면 두만리 52-8,2024,3,15,14,4,spring,0,1,1,1,8.370488203,2024-03-15,1,1,1,1451,9.5,1609,3.06,-9.0,1200,-9.0,-9.0,-9.0,10.5,11.0,2301,848,18.58,0,Mill_Overlay,2024-06-05,36.4244401,127.2941234,1,82.0
RAD04_240315144500_9856,36.424298,127.2943179,세종특별자치시 금남면 두만리 52-8,2024,3,15,14,4,spring,0,3,3,3,7.626425961,2024-03-15,1,1,1,1451,9.5,1609,3.06,-9.0,1200,-9.0,-9.0,-9.0,10.5,11.0,2301,639,36.01,0,Mill_Overlay,2024-06-05,36.424298,127.2943179,1,82.0
RAD04_240315144501_9858,36.424371,127.2942183,세종특별자치시 금남면 두만리 52-8,2024,3,15,14,4,spring,0,2,2,2,0.0,2024-03-15,1,0,0,1451,9.5,1609,3.06,-9.0,1200,-9.0,-9.0,-9.0,10.5,11.0,2301,1174,35.46,0,Mill_Overlay,2024-06-27,36.424371,127.2942183,1,104.0
RAD04_240315144504_9877,36.4240066,127.2947117,세종특별자치시 금남면 두만리 39-1,2024,3,15,14,4,spring,0,1,1,1,0.0,2024-03-15,1,0,0,1451,9.5,1609,3.06,-9.0,1200,-9.0,-9.0,-9.0,10.5,11.0,2301,834,22.9,0,Patch,2024-04-09,36.4240066,127.2947117,1,25.0
RAD04_240315144508_9892,36.4237778,127.2950156,세종특별자치시 금남면 두만리 42-3,2024,3,15,14,4,spring,0,1,1,1,2.786774969,2024-03-15,1,1,1,1451,9.5,1609,3.06,-9.0,1200,-9.0,-9.0,-9.0,10.5,11.0,2301,609,41.13,0,,,,,0,
RAD04_240315144515_9919,36.4232494,127.2957205,세종특별자치시 금남면 두만리 42-11,2024,3,15,14,4,spring,0,1,1,1,0.0,2024-03-15,1,0,0,1451,9.5,1609,3.06,-9.0,1200,-9.0,-9.0,-9.0,10.5,11.0,2301,733,35.66,0,,,,,0,
RAD04_240315144517_9930,36.4230935,127.2959228,세종특별자치시 금남면 두만리 42-11,2024,3,15,14,4,spring,0,2,2,2,9.409127023,2024-03-15,1,1,1,1451,9.5,1609,3.06,-9.0,1200,-9.0,-9.0,-9.0,10.5,11.0,2301,423,7.05,0,Mill_Overlay,2024-04-27,36.4230935,127.2959228,1,43.0
RAD04_240315145012_10158,36.4118586,127.2980415,대전광역시 유성구 안산동 257-2,2024,3,15,14,4,spring,0,1,1,1,0.0,2024-03-15,1,0,0,1451,9.5,1609,3.06,-9.0,1200,-9.0,-9.0,-9.0,10.5,11.0,2301,897,19.05,0,,,,,0,
RAD04_240315150117_10298,36.4180909,127.2958353,대전광역시 유성구 안산동 351-2,2024,3,15,15,4,spring,0,1,1,1,5.319233286,2024-03-15,1,1,1,1451,9.5,1609,3.06,-9.0,1200,-9.0,-9.0,-9.0,10.5,11.0,2301,890,29.18,0,,,,,0,
RAD04_240315150221_10350,36.4154359,127.2979932,대전광역시 유성구 안산동 284-1,2024,3,15,15,4,spring,0,1,1,1,0.0,2024-03-15,1,0,0,1451,9.5,1609,3.06,-9.0,1200,-9.0,-9.0,-9.0,10.5,11.0,2301,591,40.4,0,,,,,0,
RAD04_240315151052_10715,36.3953794,127.3104892,대전광역시 유성구 반석동 676,2024,3,15,15,4,spring,0,1,1,1,0.0,2024-03-15,1,0,0,1451,9.5,1609,3.06,-9.0,1200,-9.0,-9.0,-9.0,10.5,11.0,2301,888,23.02,0,,,,,0,
RAD04_240315151241_10842,36.3934307,127.3127439,대전광역시 유성구 반석동 689,2024,3,15,15,4,spring,0,1,1,1,7.491870163,2024-03-15,1,1,1,1451,9.5,1609,3.06,-9.0,1200,-9.0,-9.0,-9.0,10.5,11.0,2301,446,17.3,0,,,,,0,
RAD04_240315160025_12304,36.3823345,127.3233784,대전광역시 유성구 죽동 630,2024,3,15,16,4,spring,0,1,5,5,13.17681531,2024-03-15,1,1,1,1451,9.5,1609,3.06,-9.0,1200,-9.0,-9.0,-9.0,10.5,11.0,2301,1014,13.76,0,Full_Depth,2024-04-11,36.3823345,127.3233784,1,27.0
RAD04_240315160348_12364,36.3821455,127.3242538,대전광역시 유성구 죽동 641,2024,3,15,16,4,spring,0,1,1,1,0.0,2024-03-15,1,0,0,1451,9.5,1609,3.06,-9.0,1200,-9.0,-9.0,-9.0,10.5,11.0,2301,713,28.23,0,Patch,2024-05-03,36.3821455,127.3242538,1,49.0
RAD04_240316072002_14805,36.3586141,127.3372929,대전광역시 유성구 장대동 290,2024,3,16,7,5,spring,0,1,1,1,0.0,2024-03-16,1,0,0,1616,11.4,1456,2.99,0.0,1200,0.0,1.25,-9.0,12.9,8.8,236,791,8.17,1,Patch,2024-03-27,36.3586141,127.3372929,1,11.0
RAD04_240316072005_14809,36.3586145,127.3371732,대전광역시 유성구 장대동 290,2024,3,16,7,5,spring,0,2,2,2,0.0,2024-03-16,1,0,0,1616,11.4,1456,2.99,0.0,1200,0.0,1.25,-9.0,12.9,8.8,236,785,21.7,1,,,,,0,
RAD04_240316072046_14835,36.3587096,127.3362763,대전광역시 유성구 장대동 290,2024,3,16,7,5,spring,0,3,3,3,0.0,2024-03-16,1,0,0,1616,11.4,1456,2.99,0.0,1200,0.0,1.25,-9.0,12.9,8.8,236,783,31.06,1,,,,,0,
RAD04_240316072046_14836,36.3587096,127.3362763,대전광역시 유성구 장대동 290,2024,3,16,7,5,spring,0,4,4,4,0.0,2024-03-16,1,0,0,1616,11.4,1456,2.99,0.0,1200,0.0,1.25,-9.0,12.9,8.8,236,301,14.72,1,,,,,0,
RAD04_240316072111_14866,36.3596018,127.3361984,대전광역시 유성구 장대동 290,2024,3,16,7,5,spring,0,5,5,5,0.0,2024-03-16,1,0,0,1616,11.4,1456,2.99,0.0,1200,0.0,1.25,-9.0,12.9,8.8,236,199,8.4,1,Full_Depth,2024-04-20,36.3596018,127.3361984,1,35.0
RAD04_240316072451_15094,36.3593666,127.3392583,대전광역시 유성구 장대동 373,2024,3,16,7,5,spring,0,1,3,4,0.0,2024-03-16,1,0,0,1616,11.4,1456,2.99,0.0,1200,0.0,1.25,-9.0,12.9,8.8,236,185,29.8,1,Mill_Overlay,2024-05-04,36.3593666,127.3392583,1,49.0
RAD04_240316072524_15220,36.3582065,127.3396608,대전광역시 유성구 장대동 373,2024,3,16,7,5,spring,0,2,4,5,0.0,2024-03-16,1,0,0,1616,11.4,1456,2.99,0.0,1200,0.0,1.25,-9.0,12.9,8.8,236,599,7.5,1,,,,,0,
RAD04_240316072631_15330,36.3575365,127.3399083,대전광역시 유성구 장대동 373,2024,3,16,7,5,spring,0,3,5,6,0.0,2024-03-16,1,0,0,1616,11.4,1456,2.99,0.0,1200,0.0,1.25,-9.0,12.9,8.8,236,393,8.22,1,Full_Depth,2024-04-06,36.3575365,127.3399083,1,21.0
RAD04_240316073524_15455,36.350304,127.3386231,대전광역시 유성구 봉명동 576-1,2024,3,16,7,5,spring,0,1,1,1,0.0,2024-03-16,1,0,0,1616,11.4,1456,2.99,0.0,1200,0.0,1.25,-9.0,12.9,8.8,236,603,18.01,1,,,,,0,
RAD04_240316080041_16303,36.3618632,127.3575563,대전광역시 유성구 어은동 59-12,2024,3,16,8,5,spring,1,1,1,1,0.0,2024-03-16,1,0,0,1616,11.4,1456,2.99,0.0,1200,0.0,1.25,-9.0,12.9,8.8,236,338,8.13,1,Patch,2024-04-01,36.3618632,127.3575563,1,16.0
RAD04_240316085136_18543,36.3678407,127.3271244,대전광역시 유성구 노은동 63-29,2024,3,16,8,5,spring,1,1,1,1,0.0,2024-03-16,1,0,0,1616,11.4,1456,2.99,0.0,1200,0.0,1.25,-9.0,12.9,8.8,236,722,5.71,1,Patch,2024-05-12,36.3678407,127.3271244,1,57.0
RAD04_240316085148_18640,36.3694598,127.3271185,대전광역시 유성구 노은동 112-17,2024,3,16,8,5,spring,1,1,1,1,0.0,2024-03-16,1,0,0,1616,11.4,1456,2.99,0.0,1200,0.0,1.25,-9.0,12.9,8.8,236,492,12.48,1,,,,,0,
RAD04_240316085157_18729,36.3708263,127.3271085,대전광역시 유성구 노은동 107-18,2024,3,16,8,5,spring,1,1,1,1,0.0,2024-03-16,1,0,0,1616,11.4,1456,2.99,0.0,1200,0.0,1.25,-9.0,12.9,8.8,236,357,15.1,1,,,,,0,
RAD04_240316085159_18758,36.3709835,127.3271067,대전광역시 유성구 노은동 107-18,2024,3,16,8,5,spring,1,2,2,2,0.0,2024-03-16,1,0,0,1616,11.4,1456,2.99,0.0,1200,0.0,1.25,-9.0,12.9,8.8,236,369,13.24,1,,,,,0,
RAD04_240318135228_1247,36.3578995,127.3361589,대전광역시 유성구 장대동 293,2024,3,18,13,0,spring,0,1,2,2,0.0,2024-03-18,1,0,0,1508,7.9,1604,3.08,-9.0,1200,0.0,-9.0,-9.0,11.1,10.2,836,616,26.94,0,Mill_Overlay,2024-05-09,36.3578995,127.3361589,1,52.0
RAD04_240318152349_4375,36.3868764,127.3248244,대전광역시 유성구 하기동 596,2024,3,18,15,0,spring,0,1,1,1,11.76524325,2024-03-18,1,1,1,1508,7.9,1604,3.08,-9.0,1200,0.0,-9.0,-9.0,11.1,10.2,836,397,21.39,0,Full_Depth,2024-04-04,36.3868764,127.3248244,1,17.0
RAD04_240319063615_5685,36.3697593,127.3234051,대전광역시 유성구 노은동 599,2024,3,19,6,1,spring,0,1,1,1,0.0,2024-03-19,1,0,0,1123,7.2,1433,1.48,0.0,1100,0.0,4.08,-9.0,8.7,3.2,50,1000,9.68,0,Patch,2024-04-21,36.3697593,127.3234051,1,33.0
RAD04_240319074807_7391,36.3610381,127.3419231,대전광역시 유성구 궁동 472,2024,3,19,7,1,spring,0,1,1,1,0.0,2024-03-19,1,0,0,1123,7.2,1433,1.48,0.0,1100,0.0,4.08,-9.0,8.7,3.2,50,971,34.96,0,,,,,0,
RAD04_240319102350_11159,36.3611757,127.3284398,대전광역시 유성구 장대동 228-8,2024,3,19,10,1,spring,0,1,1,1,0.0,2024-03-19,1,0,0,1123,7.2,1433,1.48,0.0,1100,0.0,4.08,-9.0,8.7,3.2,50,969,7.82,0,,,,,0,
RAD04_240319102704_11308,36.3655623,127.3176768,대전광역시 유성구 노은동 611,2024,3,19,10,1,spring,0,1,1,1,2.637312726,2024-03-19,1,1,1,1123,7.2,1433,1.48,0.0,1100,0.0,4.08,-9.0,8.7,3.2,50,813,22.32,0,,,,,0,
RAD04_240319104348_12290,36.3684685,127.3176704,대전광역시 유성구 노은동 583,2024,3,19,10,1,spring,0,1,11,11,6.90545805,2024-03-19,1,1,1,1123,7.2,1433,1.48,0.0,1100,0.0,4.08,-9.0,8.7,3.2,50,938,37.37,0,Full_Depth,2024-04-18,36.3684685,127.3176704,1,30.0
RAD04_240319104811_12418,36.3657853,127.3326057,대전광역시 유성구 장대동 121-2,2024,3,19,10,1,spring,0,1,1,1,0.0,2024-03-19,1,0,0,1123,7.2,1433,1.48,0.0,1100,0.0,4.08,-9.0,8.7,3.2,50,1052,41.55,0,,,,,0,
RAD04_240319104813_12419,36.3656542,127.3326867,대전광역시 유성구 장대동 121-2,2024,3,19,10,1,spring,0,2,2,2,0.0,2024-03-19,1,0,0,1123,7.2,1433,1.48,0.0,1100,0.0,4.08,-9.0,8.7,3.2,50,1043,17.37,0,Mill_Overlay,2024-04-20,36.3656542,127.3326867,1,32.0
RAD04_240319154627_14114,36.3855478,127.3561245,대전광역시 유성구 신성동 산 5-7,2024,3,19,15,1,spring,0,1,1,1,0.0,2024-03-19,1,0,0,1123,7.2,1433,1.48,0.0,1100,0.0,4.08,-9.0,8.7,3.2,50,1010,14.85,0,Patch,2024-04-18,36.3855478,127.3561245,1,30.0
RAD04_240319155034_14329,36.3855657,127.3784788,대전광역시 유성구 도룡동 409,2024,3,19,15,1,spring,0,1,1,1,0.0,2024-03-19,1,0,0,1123,7.2,1433,1.48,0.0,1100,0.0,4.08,-9.0,8.7,3.2,50,1038,42.17,0,,,,,0,
RAD04_240319155035_14330,36.3855468,127.3785166,대전광역시 유성구 도룡동 409,2024,3,19,15,1,spring,0,2,2,2,0.0,2024-03-19,1,0,0,1123,7.2,1433,1.48,0.0,1100,0.0,4.08,-9.0,8.7,3.2,50,939,30.9,0,,,,,0,
RAD04_240319155251_14589,36.3781416,127.3766398,대전광역시 유성구 가정동 37,2024,3,19,15,1,spring,0,1,1,1,7.008993132,2024-03-19,1,1,1,1123,7.2,1433,1.48,0.0,1100,0.0,4.08,-9.0,8.7,3.2,50,360,35.97,0,Mill_Overlay,2024-06-08,36.3781416,127.3766398,1,81.0
RAD04_240320080005_19385,36.361201,127.338621,대전광역시 유성구 장대동 351,2024,3,20,8,2,spring,1,1,1,1,0.0,2024-03-20,1,0,0,259,4.6,1337,3.01,-9.0,1100,-9.0,-9.0,-9.0,8.7,9.9,947,419,24.34,0,,,,,0,
RAD04_240320093823_22574,36.3985853,127.3149502,대전광역시 유성구 외삼동 220,2024,3,20,9,2,spring,1,1,1,1,1.845577655,2024-03-20,1,1,1,259,4.6,1337,3.01,-9.0,1100,-9.0,-9.0,-9.0,8.7,9.9,947,680,9.52,0,,,,,0,
RAD04_240320093830_22576,36.3987361,127.314639,대전광역시 유성구 외삼동 577,2024,3,20,9,2,spring,1,1,3,3,0.0,2024-03-20,1,0,0,259,4.6,1337,3.01,-9.0,1100,-9.0,-9.0,-9.0,8.7,9.9,947,845,40.02,0,,,,,0,
RAD04_240320093831_22577,36.3987553,127.3145941,대전광역시 유성구 외삼동 577,2024,3,20,9,2,spring,1,2,4,4,0.0,2024-03-20,1,0,0,259,4.6,1337,3.01,-9.0,1100,-9.0,-9.0,-9.0,8.7,9.9,947,1046,16.36,0,Mill_Overlay,2024-05-31,36.3987553,127.3145941,1,72.0
RAD04_240320100025_23085,36.4180813,127.2957847,대전광역시 유성구 안산동 산 22-6,2024,3,20,10,2,spring,0,1,1,1,3.730509399,2024-03-20,1,1,1,259,4.6,1337,3.01,-9.0,1100,-9.0,-9.0,-9.0,8.7,9.9,947,413,39.36,0,,,,,0,
RAD04_240320100130_23137,36.4155237,127.2979896,대전광역시 유성구 안산동 284-1,2024,3,20,10,2,spring,0,2,2,2,0.0,2024-03-20,1,0,0,259,4.6,1337,3.01,-9.0,1100,-9.0,-9.0,-9.0,8.7,9.9,947,940,27.25,0,Mill_Overlay,2024-07-11,36.4155237,127.2979896,1,113.0
RAD04_240320101340_23564,36.3988011,127.3145384,대전광역시 유성구 외삼동 574-5,2024,3,20,10,2,spring,0,1,4,4,1.142522708,2024-03-20,1,1,1,259,4.6,1337,3.01,-9.0,1100,-9.0,-9.0,-9.0,8.7,9.9,947,448,39.84,0,Mill_Overlay,2024-06-10,36.3988011,127.3145384,1,82.0
RAD04_240320101346_23579,36.3986666,127.3148267,대전광역시 유성구 외삼동 577,2024,3,20,10,2,spring,0,3,5,5,0.0,2024-03-20,1,0,0,259,4.6,1337,3.01,-9.0,1100,-9.0,-9.0,-9.0,8.7,9.9,947,623,28.58,0,Full_Depth,2024-05-06,36.3986666,127.3148267,1,47.0
RAD04_240320101403_23599,36.3984152,127.3153139,대전광역시 유성구 외삼동 574-5,2024,3,20,10,2,spring,0,2,5,5,0.0,2024-03-20,1,0,0,259,4.6,1337,3.01,-9.0,1100,-9.0,-9.0,-9.0,8.7,9.9,947,859,29.15,0,Full_Depth,2024-04-13,36.3984152,127.3153139,1,24.0
RAD04_240320101647_23608,36.3983185,127.3155252,대전광역시 유성구 외삼동 574-5,2024,3,20,10,2,spring,0,3,6,6,0.0,2024-03-20,1,0,0,259,4.6,1337,3.01,-9.0,1100,-9.0,-9.0,-9.0,8.7,9.9,947,784,29.59,0,Full_Depth,2024-05-07,36.3983185,127.3155252,1,48.0
RAD04_240320103407_25124,36.3664283,127.3127698,대전광역시 유성구 노은동 603,2024,3,20,10,2,spring,0,1,1,1,0.0,2024-03-20,1,0,0,259,4.6,1337,3.01,-9.0,1100,-9.0,-9.0,-9.0,8.7,9.9,947,636,39.63,0,,,,,0,
RAD04_240320103445_25199,36.364075,127.3138529,대전광역시 유성구 노은동 603,2024,3,20,10,2,spring,0,2,2,2,0.0,2024-03-20,1,0,0,259,4.6,1337,3.01,-9.0,1100,-9.0,-9.0,-9.0,8.7,9.9,947,1014,17.25,0,Mill_Overlay,2024-05-17,36.364075,127.3138529,1,58.0
RAD04_240320103445_25201,36.364075,127.3138529,대전광역시 유성구 노은동 603,2024,3,20,10,2,spring,0,3,3,3,0.0,2024-03-20,1,0,0,259,4.6,1337,3.01,-9.0,1100,-9.0,-9.0,-9.0,8.7,9.9,947,726,29.82,0,Mill_Overlay,2024-07-11,36.364075,127.3138529,1,113.0
RAD04_240320103533_25288,36.3632938,127.3172028,대전광역시 유성구 노은동 603,2024,3,20,10,2,spring,0,4,4,4,0.0,2024-03-20,1,0,0,259,4.6,1337,3.01,-9.0,1100,-9.0,-9.0,-9.0,8.7,9.9,947,758,18.44,0,Mill_Overlay,2024-07-10,36.3632938,127.3172028,1,112.0
RAD04_240320104047_25420,36.3666807,127.33117,대전광역시 유성구 장대동 116-5,2024,3,20,10,2,spring,0,1,2,2,0.0,2024-03-20,1,0,0,259,4.6,1337,3.01,-9.0,1100,-9.0,-9.0,-9.0,8.7,9.9,947,853,17.57,0,Mill_Overlay,2024-05-26,36.3666807,127.33117,1,67.0
RAD04_240320104110_25464,36.365939,127.3325248,대전광역시 유성구 장대동 121-2,2024,3,20,10,2,spring,0,3,3,3,11.7450492,2024-03-20,1,1,1,259,4.6,1337,3.01,-9.0,1100,-9.0,-9.0,-9.0,8.7,9.9,947,326,10.61,0,Full_Depth,2024-04-24,36.365939,127.3325248,1,35.0
RAD04_240320104112_25483,36.3658437,127.3325814,대전광역시 유성구 장대동 121-2,2024,3,20,10,2,spring,0,4,4,4,0.0,2024-03-20,1,0,0,259,4.6,1337,3.01,-9.0,1100,-9.0,-9.0,-9.0,8.7,9.9,947,463,41.16,0,,,,,0,
RAD04_240320104441_25805,36.3586328,127.3352517,대전광역시 유성구 장대동 290,2024,3,20,10,2,spring,0,6,6,6,0.0,2024-03-20,1,0,0,259,4.6,1337,3.01,-9.0,1100,-9.0,-9.0,-9.0,8.7,9.9,947,513,23.85,0,,,,,0,
RAD04_240320144149_28280,36.3672892,127.3294121,대전광역시 유성구 노은동 97,2024,3,20,14,2,spring,0,1,1,1,6.452129584,2024-03-20,1,1,1,259,4.6,1337,3.01,-9.0,1100,-9.0,-9.0,-9.0,8.7,9.9,947,774,7.91,0,,,,,0,
RAD04_240320144151_28281,36.3673105,127.3294025,대전광역시 유성구 노은동 97,2024,3,20,14,2,spring,0,2,2,2,1.925259283,2024-03-20,1,1,1,259,4.6,1337,3.01,-9.0,1100,-9.0,-9.0,-9.0,8.7,9.9,947,645,26.3,0,Mill_Overlay,2024-04-26,36.3673105,127.3294025,1,37.0
RAD04_240320144309_28313,36.3690079,127.3286739,대전광역시 유성구 노은동 97,2024,3,20,14,2,spring,0,3,3,3,0.0,2024-03-20,1,0,0,259,4.6,1337,3.01,-9.0,1100,-9.0,-9.0,-9.0,8.7,9.9,947,1181,17.91,0,Mill_Overlay,2024-06-19,36.3690079,127.3286739,1,91.0
RAD04_240320144326_28323,36.3691698,127.3286026,대전광역시 유성구 노은동 97,2024,3,20,14,2,spring,0,4,4,4,0.0,2024-03-20,1,0,0,259,4.6,1337,3.01,-9.0,1100,-9.0,-9.0,-9.0,8.7,9.9,947,954,38.29,0,Mill_Overlay,2024-04-26,36.3691698,127.3286026,1,37.0
RAD04_240321095738_37677,36.3747057,127.3210463,대전광역시 유성구 지족동 973,2024,3,21,9,3,spring,1,1,1,1,0.0,2024-03-21,1,0,0,1212,5.2,1448,3.14,-9.0,1200,-9.0,-9.0,-9.0,9.6,11.0,1,1016,22.26,0,,,,,0,
RAD04_240321095743_37682,36.374705,127.3211138,대전광역시 유성구 지족동 973,2024,3,21,9,3,spring,1,2,2,2,0.0,2024-03-21,1,0,0,1212,5.2,1448,3.14,-9.0,1200,-9.0,-9.0,-9.0,9.6,11.0,1,326,38.83,0,,,,,0,
RAD04_240321103634_39698,36.3863873,127.3380045,대전광역시 유성구 하기동 145-1,2024,3,21,10,3,spring,0,1,1,1,0.0,2024-03-21,1,0,0,1212,5.2,1448,3.14,-9.0,1200,-9.0,-9.0,-9.0,9.6,11.0,1,969,23.96,0,,,,,0,
RAD04_240321141510_41496,36.3917836,127.3118112,대전광역시 유성구 반석동 676,2024,3,21,14,3,spring,0,2,2,2,11.55874123,2024-03-21,1,1,1,1212,5.2,1448,3.14,-9.0,1200,-9.0,-9.0,-9.0,9.6,11.0,1,437,38.31,0,Full_Depth,2024-04-27,36.3917836,127.3118112,1,37.0
RAD04_240321142012_41740,36.3923987,127.3088371,대전광역시 유성구 반석동 616,2024,3,21,14,3,spring,0,1,1,1,0.0,2024-03-21,1,0,0,1212,5.2,1448,3.14,-9.0,1200,-9.0,-9.0,-9.0,9.6,11.0,1,897,18.0,0,,,,,0,
RAD04_240321145419_42236,36.410186,127.30046,대전광역시 유성구 안산동 227-9,2024,3,21,14,3,spring,0,1,1,1,4.587529368,2024-03-21,1,1,1,1212,5.2,1448,3.14,-9.0,1200,-9.0,-9.0,-9.0,9.6,11.0,1,500,21.79,0,Crack_Seal,2024-05-07,36.410186,127.30046,1,47.0
RAD04_240321145420_42243,36.4101675,127.300512,대전광역시 유성구 안산동 227-9,2024,3,21,14,3,spring,0,2,2,2,0.0,2024-03-21,1,0,0,1212,5.2,1448,3.14,-9.0,1200,-9.0,-9.0,-9.0,9.6,11.0,1,714,18.31,0,Mill_Overlay,2024-06-04,36.4101675,127.300512,1,75.0
RAD04_240322063158_496,36.3700646,127.3234103,대전광역시 유성구 노은동 599,2024,3,22,6,4,spring,0,2,2,2,0.0,2024-03-22,1,0,0,1442,10.1,1324,2.8,4.1,1100,4.4,6.33,-9.0,9.9,5.9,117,451,13.36,0,,,,,0,
RAD04_240322082154_3793,36.3588135,127.3395885,대전광역시 유성구 장대동 374,2024,3,22,8,4,spring,1,1,1,1,0.0,2024-03-22,1,0,0,1442,10.1,1324,2.8,4.1,1100,4.4,6.33,-9.0,9.9,5.9,117,337,43.71,0,,,,,0,
RAD04_240322094110_92,36.3721896,127.3174811,대전광역시 유성구 노은동 569,2024,3,22,9,4,spring,1,1,1,1,0.0,2024-03-22,1,0,0,1442,10.1,1324,2.8,4.1,1100,4.4,6.33,-9.0,9.9,5.9,117,375,46.35,0,,,,,0,
RAD04_240322103149_1434,36.3878495,127.3099575,대전광역시 유성구 지족동 1060-1,2024,3,22,10,4,spring,0,1,4,4,0.0,2024-03-22,1,0,0,1442,10.1,1324,2.8,4.1,1100,4.4,6.33,-9.0,9.9,5.9,117,263,7.76,0,Mill_Overlay,2024-06-02,36.3878495,127.3099575,1,72.0
RAD04_240322135834_2477,36.3647811,127.3170002,대전광역시 유성구 노은동 609,2024,3,22,13,4,spring,0,1,1,1,0.0,2024-03-22,1,0,0,1442,10.1,1324,2.8,4.1,1100,4.4,6.33,-9.0,9.9,5.9,117,332,29.45,0,,,,,0,
RAD04_240322144217_3578,36.3619318,127.3371929,대전광역시 유성구 장대동 344,2024,3,22,14,4,spring,0,1,1,1,0.0,2024-03-22,1,0,0,1442,10.1,1324,2.8,4.1,1100,4.4,6.33,-9.0,9.9,5.9,117,378,33.93,0,Patch,2024-05-15,36.3619318,127.3371929,1,54.0
RAD04_240322160038_4290,36.3698752,127.3234894,대전광역시 유성구 노은동 599,2024,3,22,16,4,spring,0,3,3,3,2.560737645,2024-03-22,1,1,1,1442,10.1,1324,2.8,4.1,1100,4.4,6.33,-9.0,9.9,5.9,117,434,6.99,0,,,,,0,
RAD04_240322160054_4348,36.3712802,127.323494,대전광역시 유성구 노은동 599,2024,3,22,16,4,spring,0,4,4,4,4.179332331,2024-03-22,1,1,1,1442,10.1,1324,2.8,4.1,1100,4.4,6.33,-9.0,9.9,5.9,117,673,29.78,0,Mill_Overlay,2024-05-05,36.3712802,127.323494,1,44.0
RAD04_240322161937_5205,36.3925814,127.3115061,대전광역시 유성구 반석동 676,2024,3,22,16,4,spring,0,2,3,3,0.0,2024-03-22,1,0,0,1442,10.1,1324,2.8,4.1,1100,4.4,6.33,-9.0,9.9,5.9,117,248,47.88,0,,,,,0,
RAD04_240322162743_5316,36.3935438,127.3127071,대전광역시 유성구 반석동 689,2024,3,22,16,4,spring,0,1,2,2,0.0,2024-03-22,1,0,0,1442,10.1,1324,2.8,4.1,1100,4.4,6.33,-9.0,9.9,5.9,117,248,40.63,0,Mill_Overlay,2024-05-31,36.3935438,127.3127071,1,70.0
RAD04_240323065350_6736,36.3721127,127.3217454,대전광역시 유성구 노은동 569,2024,3,23,6,5,spring,0,2,2,2,0.0,2024-03-23,1,0,0,1516,14.9,1457,3.14,0.3,1200,-9.0,2.25,-9.0,15.9,9.3,2254,577,5.0,1,Mill_Overlay,2024-05-07,36.3721127,127.3217454,1,45.0
RAD04_240323065437_6786,36.3704256,127.3234617,대전광역시 유성구 노은동 599,2024,3,23,6,5,spring,0,5,5,5,5.657946579,2024-03-23,1,1,1,1516,14.9,1457,3.14,0.3,1200,-9.0,2.25,-9.0,15.9,9.3,2254,737,30.76,1,Full_Depth,2024-04-13,36.3704256,127.3234617,1,21.0
RAD04_240323065442_6842,36.369989,127.3234588,대전광역시 유성구 노은동 599,2024,3,23,6,5,spring,0,6,6,6,0.0,2024-03-23,1,0,0,1516,14.9,1457,3.14,0.3,1200,-9.0,2.25,-9.0,15.9,9.3,2254,264,28.6,1,,,,,0,
RAD04_240323081001_7614,36.3778468,127.3787293,대전광역시 유성구 가정동 20-13,2024,3,23,8,5,spring,1,1,1,1,9.678766311,2024-03-23,1,1,1,1516,14.9,1457,3.14,0.3,1200,-9.0,2.25,-9.0,15.9,9.3,2254,385,14.15,1,Mill_Overlay,2024-07-08,36.3778468,127.3787293,1,107.0
RAD04_240323085149_9412,36.3692296,127.3271627,대전광역시 유성구 노은동 62-1,2024,3,23,8,5,spring,1,1,2,2,0.0,2024-03-23,1,0,0,1516,14.9,1457,3.14,0.3,1200,-9.0,2.25,-9.0,15.9,9.3,2254,296,6.55,1,Mill_Overlay,2024-05-05,36.3692296,127.3271627,1,43.0
RAD04_240323085151_9421,36.3695583,127.3271559,대전광역시 유성구 노은동 112-16,2024,3,23,8,5,spring,1,1,1,1,0.0,2024-03-23,1,0,0,1516,14.9,1457,3.14,0.3,1200,-9.0,2.25,-9.0,15.9,9.3,2254,422,8.53,1,Patch,2024-05-17,36.3695583,127.3271559,1,55.0
RAD04_240323085156_9483,36.370444,127.3271596,대전광역시 유성구 노은동 107-39,2024,3,23,8,5,spring,1,1,1,1,0.0,2024-03-23,1,0,0,1516,14.9,1457,3.14,0.3,1200,-9.0,2.25,-9.0,15.9,9.3,2254,328,15.13,1,,,,,0,
RAD04_240323085157_9490,36.3706302,127.3271548,대전광역시 유성구 노은동 107-34,2024,3,23,8,5,spring,1,1,1,1,0.0,2024-03-23,1,0,0,1516,14.9,1457,3.14,0.3,1200,-9.0,2.25,-9.0,15.9,9.3,2254,358,5.62,1,Patch,2024-04-24,36.3706302,127.3271548,1,32.0
RAD04_240323085221_9658,36.3751087,127.3260844,대전광역시 유성구 노은동 138-45,2024,3,23,8,5,spring,1,1,1,1,0.0,2024-03-23,1,0,0,1516,14.9,1457,3.14,0.3,1200,-9.0,2.25,-9.0,15.9,9.3,2254,712,29.72,1,,,,,0,
RAD04_240324065241_11321,36.3744368,127.3561441,대전광역시 유성구 어은동 52-7,2024,3,24,6,6,spring,0,1,1,1,5.90416313,2024-03-24,1,1,1,839,14.1,1602,2.03,-9.0,1400,-9.0,-9.0,-9.0,15.1,3.6,936,656,25.12,1,Mill_Overlay,2024-07-14,36.3744368,127.3561441,1,112.0
RAD04_240324065434_11366,36.3746277,127.356279,대전광역시 유성구 어은동 52-10,2024,3,24,6,6,spring,0,1,1,1,0.0,2024-03-24,1,0,0,839,14.1,1602,2.03,-9.0,1400,-9.0,-9.0,-9.0,15.1,3.6,936,322,18.25,1,,,,,0,
RAD04_240324070740_11847,36.3598142,127.3436026,대전광역시 유성구 궁동 473,2024,3,24,7,6,spring,0,1,1,1,0.0,2024-03-24,1,0,0,839,14.1,1602,2.03,-9.0,1400,-9.0,-9.0,-9.0,15.1,3.6,936,372,13.63,1,,,,,0,
RAD04_240324070742_11853,36.3597827,127.3435896,대전광역시 유성구 궁동 473,2024,3,24,7,6,spring,0,2,2,2,0.0,2024-03-24,1,0,0,839,14.1,1602,2.03,-9.0,1400,-9.0,-9.0,-9.0,15.1,3.6,936,462,11.45,1,Mill_Overlay,2024-05-10,36.3597827,127.3435896,1,47.0
RAD04_240324082753_13894,36.3638725,127.3169661,대전광역시 유성구 노은동 609,2024,3,24,8,6,spring,1,2,2,2,0.0,2024-03-24,1,0,0,839,14.1,1602,2.03,-9.0,1400,-9.0,-9.0,-9.0,15.1,3.6,936,580,14.91,1,,,,,0,
RAD04_240324083743_14339,36.3668323,127.3150418,대전광역시 유성구 노은동 602,2024,3,24,8,6,spring,1,1,1,1,14.3931169,2024-03-24,1,1,1,839,14.1,1602,2.03,-9.0,1400,-9.0,-9.0,-9.0,15.1,3.6,936,716,15.36,1,,,,,0,
RAD04_240325063908_15555,36.3721043,127.3216957,대전광역시 유성구 노은동 569,2024,3,25,6,0,spring,0,3,3,3,0.0,2024-03-25,1,0,0,2121,9.4,1033,1.45,6.8,1000,26.1,11.25,-9.0,10.0,0.0,12,707,45.79,0,Mill_Overlay,2024-07-19,36.3721043,127.3216957,1,116.0
RAD04_240325064104_15733,36.3665114,127.3316635,대전광역시 유성구 장대동 17-4,2024,3,25,6,0,spring,0,1,1,2,8.844247765,2024-03-25,1,1,1,2121,9.4,1033,1.45,6.8,1000,26.1,11.25,-9.0,10.0,0.0,12,319,47.31,0,Mill_Overlay,2024-07-01,36.3665114,127.3316635,1,98.0
RAD04_240325064134_15751,36.3663175,127.332103,대전광역시 유성구 장대동 17-4,2024,3,25,6,0,spring,0,2,2,3,11.02910823,2024-03-25,1,1,1,2121,9.4,1033,1.45,6.8,1000,26.1,11.25,-9.0,10.0,0.0,12,172,44.33,0,Full_Depth,2024-05-11,36.3663175,127.332103,1,47.0
RAD04_240325070404_16852,36.3660409,127.3519414,대전광역시 유성구 궁동 220,2024,3,25,7,0,spring,0,1,1,1,0.0,2024-03-25,1,0,0,2121,9.4,1033,1.45,6.8,1000,26.1,11.25,-9.0,10.0,0.0,12,451,36.15,0,,,,,0,
RAD04_240325073017_17264,36.3645854,127.3378221,대전광역시 유성구 장대동 321,2024,3,25,7,0,spring,0,1,1,1,0.0,2024-03-25,1,0,0,2121,9.4,1033,1.45,6.8,1000,26.1,11.25,-9.0,10.0,0.0,12,411,33.34,0,Patch,2024-04-13,36.3645854,127.3378221,1,19.0
RAD04_240325075934_17628,36.3594135,127.3353638,대전광역시 유성구 장대동 291,2024,3,25,7,0,spring,0,1,1,1,0.0,2024-03-25,1,0,0,2121,9.4,1033,1.45,6.8,1000,26.1,11.25,-9.0,10.0,0.0,12,456,39.01,0,,,,,0,
RAD04_240325080047_17699,36.3587926,127.3336676,대전광역시 유성구 장대동 291,2024,3,25,8,0,spring,1,2,2,2,0.0,2024-03-25,1,0,0,2121,9.4,1033,1.45,6.8,1000,26.1,11.25,-9.0,10.0,0.0,12,361,19.8,0,,,,,0,
RAD04_240325080427_17800,36.358644,127.3351284,대전광역시 유성구 장대동 291,2024,3,25,8,0,spring,1,3,3,3,0.0,2024-03-25,1,0,0,2121,9.4,1033,1.45,6.8,1000,26.1,11.25,-9.0,10.0,0.0,12,307,22.52,0,Mill_Overlay,2024-06-15,36.358644,127.3351284,1,82.0
RAD04_240325080523_17876,36.3579331,127.3363765,대전광역시 유성구 장대동 290,2024,3,25,8,0,spring,1,2,7,7,0.0,2024-03-25,1,0,0,2121,9.4,1033,1.45,6.8,1000,26.1,11.25,-9.0,10.0,0.0,12,308,16.87,0,Full_Depth,2024-05-07,36.3579331,127.3363765,1,43.0
RAD04_240325080652_18015,36.3576372,127.3335392,대전광역시 유성구 장대동 251-3,2024,3,25,8,0,spring,1,1,1,1,0.0,2024-03-25,1,0,0,2121,9.4,1033,1.45,6.8,1000,26.1,11.25,-9.0,10.0,0.0,12,466,45.82,0,,,,,0,
RAD04_240325080655_18019,36.357705,127.3335513,대전광역시 유성구 장대동 251-3,2024,3,25,8,0,spring,1,2,2,2,2.753568736,2024-03-25,1,1,1,2121,9.4,1033,1.45,6.8,1000,26.1,11.25,-9.0,10.0,0.0,12,319,38.83,0,,,,,0,
RAD04_240325080701_18024,36.3578187,127.3335684,대전광역시 유성구 장대동 191-7,2024,3,25,8,0,spring,1,1,1,1,0.0,2024-03-25,1,0,0,2121,9.4,1033,1.45,6.8,1000,26.1,11.25,-9.0,10.0,0.0,12,608,39.83,0,Patch,2024-04-24,36.3578187,127.3335684,1,30.0
RAD04_240325080859_18153,36.3578843,127.3360467,대전광역시 유성구 장대동 293,2024,3,25,8,0,spring,1,2,3,3,6.246917224,2024-03-25,1,1,1,2121,9.4,1033,1.45,6.8,1000,26.1,11.25,-9.0,10.0,0.0,12,402,41.21,0,,,,,0,
RAD04_240325082834_18594,36.3631213,127.3402254,대전광역시 유성구 장대동 350,2024,3,25,8,0,spring,1,1,1,1,0.0,2024-03-25,1,0,0,2121,9.4,1033,1.45,6.8,1000,26.1,11.25,-9.0,10.0,0.0,12,765,31.89,0,,,,,0,
RAD04_240325092501_21420,36.3808791,127.3259708,대전광역시 유성구 죽동 650,2024,3,25,9,0,spring,1,1,1,1,0.0,2024-03-25,1,0,0,2121,9.4,1033,1.45,6.8,1000,26.1,11.25,-9.0,10.0,0.0,12,586,35.03,0,Patch,2024-05-19,36.3808791,127.3259708,1,55.0
RAD04_240325100642_23219,36.396436,127.3142371,대전광역시 유성구 외삼동 274-17,2024,3,25,10,0,spring,0,1,1,1,12.73823386,2024-03-25,1,1,1,2121,9.4,1033,1.45,6.8,1000,26.1,11.25,-9.0,10.0,0.0,12,630,11.96,0,Full_Depth,2024-05-10,36.396436,127.3142371,1,46.0
RAD04_240325100815_23269,36.3967094,127.312959,대전광역시 유성구 외삼동 587,2024,3,25,10,0,spring,0,1,1,1,0.0,2024-03-25,1,0,0,2121,9.4,1033,1.45,6.8,1000,26.1,11.25,-9.0,10.0,0.0,12,362,48.28,0,,,,,0,
RAD04_240325101627_0,36.3986833,127.3149461,대전광역시 유성구 외삼동 574-5,2024,3,25,10,0,spring,0,4,7,7,10.84928809,2024-03-25,1,1,1,2121,9.4,1033,1.45,6.8,1000,26.1,11.25,-9.0,10.0,0.0,12,862,40.81,0,Full_Depth,2024-05-21,36.3986833,127.3149461,1,57.0
RAD04_240325101633_23422,36.3988263,127.3146315,대전광역시 유성구 외삼동 574-5,2024,3,25,10,0,spring,0,5,8,8,0.0,2024-03-25,1,0,0,2121,9.4,1033,1.45,6.8,1000,26.1,11.25,-9.0,10.0,0.0,12,570,37.2,0,Full_Depth,2024-04-28,36.3988263,127.3146315,1,34.0
RAD04_240325101801_23451,36.4034698,127.3102407,대전광역시 유성구 외삼동 408-1,2024,3,25,10,0,spring,0,1,1,1,0.0,2024-03-25,1,0,0,2121,9.4,1033,1.45,6.8,1000,26.1,11.25,-9.0,10.0,0.0,12,427,31.78,0,Patch,2024-04-10,36.4034698,127.3102407,1,16.0
RAD04_240325102230_23489,36.4034926,127.3104053,대전광역시 유성구 외삼동 407-2,2024,3,25,10,0,spring,0,1,1,1,0.0,2024-03-25,1,0,0,2121,9.4,1033,1.45,6.8,1000,26.1,11.25,-9.0,10.0,0.0,12,756,26.57,0,,,,,0,
RAD04_240325103315_23730,36.4102501,127.3002342,대전광역시 유성구 안산동 227-2,2024,3,25,10,0,spring,0,1,1,1,2.864513307,2024-03-25,1,1,1,2121,9.4,1033,1.45,6.8,1000,26.1,11.25,-9.0,10.0,0.0,12,878,23.45,0,Crack_Seal,2024-06-15,36.4102501,127.3002342,1,82.0
RAD04_240325135241_25026,36.3569944,127.3427585,대전광역시 유성구 봉명동 574,2024,3,25,13,0,spring,0,6,14,14,0.0,2024-03-25,1,0,0,2121,9.4,1033,1.45,6.8,1000,26.1,11.25,-9.0,10.0,0.0,12,501,44.14,0,Full_Depth,2024-04-24,36.3569944,127.3427585,1,30.0
RAD04_240325135532_25123,36.3610807,127.3456344,대전광역시 유성구 궁동 486-4,2024,3,25,13,0,spring,0,1,1,1,6.633594651,2024-03-25,1,1,1,2121,9.4,1033,1.45,6.8,1000,26.1,11.25,-9.0,10.0,0.0,12,646,35.73,0,Mill_Overlay,2024-05-27,36.3610807,127.3456344,1,63.0
RAD04_240325135545_25139,36.3609922,127.3458582,대전광역시 유성구 궁동 485,2024,3,25,13,0,spring,0,1,1,1,0.0,2024-03-25,1,0,0,2121,9.4,1033,1.45,6.8,1000,26.1,11.25,-9.0,10.0,0.0,12,525,16.58,0,,,,,0,
RAD04_240325135747_25202,36.3602831,127.3475871,대전광역시 유성구 궁동 491,2024,3,25,13,0,spring,0,1,1,1,0.0,2024-03-25,1,0,0,2121,9.4,1033,1.45,6.8,1000,26.1,11.25,-9.0,10.0,0.0,12,574,13.25,0,Patch,2024-05-17,36.3602831,127.3475871,1,53.0
RAD04_240325141948_26250,36.3669699,127.3194037,대전광역시 유성구 노은동 612,2024,3,25,14,0,spring,0,1,1,1,0.0,2024-03-25,1,0,0,2121,9.4,1033,1.45,6.8,1000,26.1,11.25,-9.0,10.0,0.0,12,671,24.06,0,Patch,2024-05-20,36.3669699,127.3194037,1,56.0
RAD04_240325142308_26428,36.3663302,127.3155315,대전광역시 유성구 노은동 553-2,2024,3,25,14,0,spring,0,1,1,1,0.0,2024-03-25,1,0,0,2121,9.4,1033,1.45,6.8,1000,26.1,11.25,-9.0,10.0,0.0,12,324,32.32,0,,,,,0,
RAD04_240325143220_26735,36.3637051,127.3156038,대전광역시 유성구 노은동 557-6,2024,3,25,14,0,spring,0,1,1,1,0.0,2024-03-25,1,0,0,2121,9.4,1033,1.45,6.8,1000,26.1,11.25,-9.0,10.0,0.0,12,630,28.06,0,,,,,0,
RAD04_240325143258_26754,36.3633894,127.3158492,대전광역시 유성구 노은동 603,2024,3,25,14,0,spring,0,5,5,5,0.0,2024-03-25,1,0,0,2121,9.4,1033,1.45,6.8,1000,26.1,11.25,-9.0,10.0,0.0,12,294,21.24,0,Full_Depth,2024-05-04,36.3633894,127.3158492,1,40.0
RAD04_240325153654_29548,36.3926193,127.3115274,대전광역시 유성구 반석동 676,2024,3,25,15,0,spring,0,3,4,4,0.0,2024-03-25,1,0,0,2121,9.4,1033,1.45,6.8,1000,26.1,11.25,-9.0,10.0,0.0,12,788,46.24,0,,,,,0,
RAD04_240325153704_29561,36.3928438,127.311452,대전광역시 유성구 반석동 676,2024,3,25,15,0,spring,0,4,5,5,0.0,2024-03-25,1,0,0,2121,9.4,1033,1.45,6.8,1000,26.1,11.25,-9.0,10.0,0.0,12,486,23.57,0,Full_Depth,2024-04-17,36.3928438,127.311452,1,23.0
RAD04_240325153706_29568,36.3929096,127.3114241,대전광역시 유성구 반석동 676,2024,3,25,15,0,spring,0,5,6,6,2.649208955,2024-03-25,1,1,1,2121,9.4,1033,1.45,6.8,1000,26.1,11.25,-9.0,10.0,0.0,12,526,8.24,0,Full_Depth,2024-04-18,36.3929096,127.3114241,1,24.0
RAD04_240326073349_31417,36.361462,127.3435213,대전광역시 유성구 궁동 479-5,2024,3,26,7,1,spring,0,1,1,1,0.0,2024-03-26,1,0,0,11,6.7,1523,1.95,19.5,1000,0.2,10.33,-9.0,9.5,3.0,2358,635,23.89,0,,,,,0,
RAD04_240326082512_34657,36.3649255,127.3377002,대전광역시 유성구 장대동 302,2024,3,26,8,1,spring,1,1,1,1,0.0,2024-03-26,1,0,0,11,6.7,1523,1.95,19.5,1000,0.2,10.33,-9.0,9.5,3.0,2358,628,18.84,0,,,,,0,
RAD04_240326082922_34898,36.3654503,127.3226331,대전광역시 유성구 노은동 613,2024,3,26,8,1,spring,1,1,2,2,0.0,2024-03-26,1,0,0,11,6.7,1523,1.95,19.5,1000,0.2,10.33,-9.0,9.5,3.0,2358,247,16.02,0,Mill_Overlay,2024-05-30,36.3654503,127.3226331,1,65.0
RAD04_240326084643_35421,36.3702105,127.3150465,대전광역시 유성구 노은동 570,2024,3,26,8,1,spring,1,1,1,1,2.049195571,2024-03-26,1,1,1,11,6.7,1523,1.95,19.5,1000,0.2,10.33,-9.0,9.5,3.0,2358,686,20.2,0,,,,,0,
RAD04_240326084653_35486,36.3706973,127.3153428,대전광역시 유성구 노은동 570,2024,3,26,8,1,spring,1,2,2,2,0.0,2024-03-26,1,0,0,11,6.7,1523,1.95,19.5,1000,0.2,10.33,-9.0,9.5,3.0,2358,771,37.11,0,,,,,0,
RAD04_240326084654_35489,36.3707474,127.3153722,대전광역시 유성구 노은동 570,2024,3,26,8,1,spring,1,3,3,3,0.0,2024-03-26,1,0,0,11,6.7,1523,1.95,19.5,1000,0.2,10.33,-9.0,9.5,3.0,2358,357,35.05,0,,,,,0,
RAD04_240326084714_35605,36.3718373,127.3157645,대전광역시 유성구 노은동 570,2024,3,26,8,1,spring,1,4,4,4,14.50843477,2024-03-26,1,1,1,11,6.7,1523,1.95,19.5,1000,0.2,10.33,-9.0,9.5,3.0,2358,272,35.07,0,Full_Depth,2024-04-14,36.3718373,127.3157645,1,19.0
RAD04_240326084811_35649,36.3716754,127.3178069,대전광역시 유성구 노은동 583,2024,3,26,8,1,spring,1,3,13,13,0.0,2024-03-26,1,0,0,11,6.7,1523,1.95,19.5,1000,0.2,10.33,-9.0,9.5,3.0,2358,244,44.36,0,,,,,0,
RAD04_240326084911_35709,36.3686205,127.3177944,대전광역시 유성구 노은동 583,2024,3,26,8,1,spring,1,4,14,14,0.0,2024-03-26,1,0,0,11,6.7,1523,1.95,19.5,1000,0.2,10.33,-9.0,9.5,3.0,2358,735,16.77,0,Full_Depth,2024-04-19,36.3686205,127.3177944,1,24.0
RAD04_240326085820_36203,36.3638067,127.3142335,대전광역시 유성구 노은동 603,2024,3,26,8,1,spring,1,6,6,6,12.13426578,2024-03-26,1,1,1,11,6.7,1523,1.95,19.5,1000,0.2,10.33,-9.0,9.5,3.0,2358,612,46.59,0,Full_Depth,2024-04-13,36.3638067,127.3142335,1,18.0
RAD04_240326091248_36527,36.3667207,127.3224166,대전광역시 유성구 노은동 612,2024,3,26,9,1,spring,1,2,2,2,0.0,2024-03-26,1,0,0,11,6.7,1523,1.95,19.5,1000,0.2,10.33,-9.0,9.5,3.0,2358,280,7.28,0,Mill_Overlay,2024-05-26,36.3667207,127.3224166,1,61.0
RAD04_240326102411_37343,36.3615256,127.3367959,대전광역시 유성구 장대동 352-3,2024,3,26,10,1,spring,0,1,1,1,0.0,2024-03-26,1,0,0,11,6.7,1523,1.95,19.5,1000,0.2,10.33,-9.0,9.5,3.0,2358,239,10.87,0,Patch,2024-05-21,36.3615256,127.3367959,1,56.0
RAD04_240326142651_39053,36.3630034,127.3350653,대전광역시 유성구 장대동 328-1,2024,3,26,14,1,spring,0,1,1,1,9.582391354,2024-03-26,1,1,1,11,6.7,1523,1.95,19.5,1000,0.2,10.33,-9.0,9.5,3.0,2358,349,39.06,0,,,,,0,
RAD04_240326151707_41226,36.3936933,127.3127063,대전광역시 유성구 반석동 687,2024,3,26,15,1,spring,0,1,1,1,0.0,2024-03-26,1,0,0,11,6.7,1523,1.95,19.5,1000,0.2,10.33,-9.0,9.5,3.0,2358,274,45.46,0,,,,,0,
RAD04_240326151717_41252,36.393572,127.3126234,대전광역시 유성구 반석동 625-3,2024,3,26,15,1,spring,0,1,1,1,11.90730352,2024-03-26,1,1,1,11,6.7,1523,1.95,19.5,1000,0.2,10.33,-9.0,9.5,3.0,2358,720,45.42,0,Full_Depth,2024-05-22,36.393572,127.3126234,1,57.0
RAD04_240326151907_41340,36.3924971,127.311814,대전광역시 유성구 반석동 689,2024,3,26,15,1,spring,0,2,3,3,0.0,2024-03-26,1,0,0,11,6.7,1523,1.95,19.5,1000,0.2,10.33,-9.0,9.5,3.0,2358,615,17.08,0,Mill_Overlay,2024-06-12,36.3924971,127.311814,1,78.0
RAD04_240404064046_1814,36.3618602,127.357509,대전광역시 유성구 어은동 59-12,2024,4,4,6,3,spring,0,1,2,2,0.0,2024-04-04,1,0,0,2335,13.4,1031,1.56,0.0,1000,0.0,0.8,0.0,14.2,0.2,2355,940,27.17,0,Mill_Overlay,2024-05-08,36.3618602,127.357509,1,34.0
RAD04_240404102936_509,36.3815311,127.3248495,대전광역시 유성구 죽동 648,2024,4,4,10,3,spring,0,1,2,2,0.0,2024-04-04,1,0,0,2335,13.4,1031,1.56,0.0,1000,0.0,0.8,0.0,14.2,0.2,2355,352,9.22,0,,,,,0,
RAD04_240404102950_520,36.3813703,127.3243784,대전광역시 유성구 죽동 636,2024,4,4,10,3,spring,0,1,3,3,8.151842019,2024-04-04,1,1,1,2335,13.4,1031,1.56,0.0,1000,0.0,0.8,0.0,14.2,0.2,2355,1177,7.37,0,Mill_Overlay,2024-06-22,36.3813703,127.3243784,1,79.0
RAD04_240404103803_1280,36.3908181,127.3317364,대전광역시 유성구 하기동 603,2024,4,4,10,3,spring,0,1,5,8,0.0,2024-04-04,1,0,0,2335,13.4,1031,1.56,0.0,1000,0.0,0.8,0.0,14.2,0.2,2355,1048,23.66,0,Full_Depth,2024-04-27,36.3908181,127.3317364,1,23.0
RAD04_240404135419_2090,36.3564434,127.3366242,대전광역시 유성구 봉명동 496-16,2024,4,4,13,3,spring,0,1,1,1,4.31531608,2024-04-04,1,1,1,2335,13.4,1031,1.56,0.0,1000,0.0,0.8,0.0,14.2,0.2,2355,1113,25.41,0,Crack_Seal,2024-04-28,36.3564434,127.3366242,1,24.0
RAD04_240404151559_4523,36.3850582,127.3207258,대전광역시 유성구 하기동 585,2024,4,4,15,3,spring,0,1,1,7,10.49738063,2024-04-04,1,1,1,2335,13.4,1031,1.56,0.0,1000,0.0,0.8,0.0,14.2,0.2,2355,866,8.21,0,,,,,0,
RAD04_240404151738_4676,36.3813227,127.3242128,대전광역시 유성구 죽동 636,2024,4,4,15,3,spring,0,2,4,4,4.675138582,2024-04-04,1,1,1,2335,13.4,1031,1.56,0.0,1000,0.0,0.8,0.0,14.2,0.2,2355,822,22.96,0,,,,,0,
RAD04_240404152119_4875,36.3815258,127.3247809,대전광역시 유성구 죽동 648,2024,4,4,15,3,spring,0,4,5,5,0.0,2024-04-04,1,0,0,2335,13.4,1031,1.56,0.0,1000,0.0,0.8,0.0,14.2,0.2,2355,989,20.94,0,Full_Depth,2024-05-29,36.3815258,127.3247809,1,55.0
RAD04_240405080733_8474,36.3578944,127.3361749,대전광역시 유성구 장대동 293,2024,4,5,8,4,spring,1,1,4,4,7.297771354,2024-04-05,1,1,1,28,13.3,1540,3.03,0.0,1300,0.0,0.5,0.0,14.6,6.1,921,346,25.06,0,Mill_Overlay,2024-07-03,36.3578944,127.3361749,1,89.0
RAD04_240405082018_9280,36.381661,127.3434033,대전광역시 유성구 신성동 산 40-28,2024,4,5,8,4,spring,1,1,1,1,0.0,2024-04-05,1,0,0,28,13.3,1540,3.03,0.0,1300,0.0,0.5,0.0,14.6,6.1,921,367,38.27,0,,,,,0,
RAD04_240405083026_9861,36.3626549,127.3345486,대전광역시 유성구 장대동 144-3,2024,4,5,8,4,spring,1,1,1,1,0.0,2024-04-05,1,0,0,28,13.3,1540,3.03,0.0,1300,0.0,0.5,0.0,14.6,6.1,921,476,18.5,0,Patch,2024-06-01,36.3626549,127.3345486,1,57.0
RAD04_240405085921_11352,36.3729046,127.3193593,대전광역시 유성구 지족동 965,2024,4,5,8,4,spring,1,1,1,3,12.4119995,2024-04-05,1,1,1,28,13.3,1540,3.03,0.0,1300,0.0,0.5,0.0,14.6,6.1,921,997,29.94,0,Full_Depth,2024-05-07,36.3729046,127.3193593,1,32.0
RAD04_240405085926_11378,36.3731749,127.3193698,대전광역시 유성구 지족동 965,2024,4,5,8,4,spring,1,2,2,4,0.0,2024-04-05,1,0,0,28,13.3,1540,3.03,0.0,1300,0.0,0.5,0.0,14.6,6.1,921,877,32.84,0,,,,,0,
RAD04_240405102153_13375,36.3918426,127.3109502,대전광역시 유성구 반석동 674,2024,4,5,10,4,spring,0,1,1,1,0.0,2024-04-05,1,0,0,28,13.3,1540,3.03,0.0,1300,0.0,0.5,0.0,14.6,6.1,921,1025,27.46,0,Patch,2024-05-09,36.3918426,127.3109502,1,34.0
RAD04_240405141002_15690,36.367097,127.3197021,대전광역시 유성구 노은동 612,2024,4,5,14,4,spring,0,1,4,4,0.0,2024-04-05,1,0,0,28,13.3,1540,3.03,0.0,1300,0.0,0.5,0.0,14.6,6.1,921,494,28.15,0,,,,,0,
RAD04_240405141111_15750,36.3675465,127.3179908,대전광역시 유성구 노은동 583,2024,4,5,14,4,spring,0,1,6,16,6.627219514,2024-04-05,1,1,1,28,13.3,1540,3.03,0.0,1300,0.0,0.5,0.0,14.6,6.1,921,1181,14.89,0,,,,,0,
RAD04_240405152217_16629,36.392619,127.3114878,대전광역시 유성구 반석동 676,2024,4,5,15,4,spring,0,1,7,7,0.0,2024-04-05,1,0,0,28,13.3,1540,3.03,0.0,1300,0.0,0.5,0.0,14.6,6.1,921,998,22.34,0,Full_Depth,2024-04-19,36.392619,127.3114878,1,14.0
RAD04_240405152911_16890,36.3904063,127.3055335,대전광역시 유성구 반석동 716,2024,4,5,15,4,spring,0,1,1,1,1.831540233,2024-04-05,1,1,1,28,13.3,1540,3.03,0.0,1300,0.0,0.5,0.0,14.6,6.1,921,356,9.79,0,Crack_Seal,2024-06-11,36.3904063,127.3055335,1,67.0
RAD04_240406083154_23931,36.3655765,127.3176949,대전광역시 유성구 노은동 611,2024,4,6,8,5,spring,1,1,2,2,10.1183772,2024-04-06,1,1,1,1605,13.2,1609,2.2,-9.0,1200,-9.0,-9.0,-9.0,14.0,5.3,808,380,9.27,1,Full_Depth,2024-05-24,36.3655765,127.3176949,1,48.0
RAD04_240406084723_24677,36.3674616,127.3179857,대전광역시 유성구 노은동 583,2024,4,6,8,5,spring,1,2,7,17,0.0,2024-04-06,1,0,0,1605,13.2,1609,2.2,-9.0,1200,-9.0,-9.0,-9.0,14.0,5.3,808,506,5.12,1,Full_Depth,2024-05-03,36.3674616,127.3179857,1,27.0
RAD04_240406084731_24693,36.3683385,127.3179907,대전광역시 유성구 노은동 583,2024,4,6,8,5,spring,1,3,8,18,0.0,2024-04-06,1,0,0,1605,13.2,1609,2.2,-9.0,1200,-9.0,-9.0,-9.0,14.0,5.3,808,485,15.54,1,,,,,0,
RAD05_240302082932_95,36.3415461,127.3050923,대전광역시 유성구 계산동 803-11,2024,3,1,6,4,spring,0,1,1,1,0.0,2024-03-01,1,0,0,1424,-2.2,1,2.91,-9.0,1200,-9.0,-9.0,-9.0,2.1,10.2,2239,1009,39.66,0,,,,,0,
RAD05_240304113743_44,36.3570842,127.3400607,대전광역시 유성구 봉명동 528,2024,3,4,11,0,spring,0,1,1,1,13.93940469,2024-03-04,1,1,1,1729,6.7,1428,2.21,-9.0,1100,2.2,-9.0,-9.0,6.7,5.7,956,436,13.0,0,Full_Depth,2024-04-16,36.3570842,127.3400607,1,43.0
RAD05_240304114808_1117,36.3535651,127.3308599,대전광역시 유성구 구암동 633,2024,3,4,11,0,spring,0,1,1,1,0.0,2024-03-04,1,0,0,1729,6.7,1428,2.21,-9.0,1100,2.2,-9.0,-9.0,6.7,5.7,956,467,12.63,0,,,,,0,
RAD05_240304135911_2761,36.3521,127.3302716,대전광역시 유성구 구암동 641,2024,3,4,13,0,spring,0,1,2,2,0.0,2024-03-04,1,0,0,1729,6.7,1428,2.21,-9.0,1100,2.2,-9.0,-9.0,6.7,5.7,956,393,45.28,0,,,,,0,
RAD05_240305161204_2593,36.3552856,127.3428943,대전광역시 유성구 봉명동 574-2,2024,3,5,16,1,spring,0,1,1,1,0.0,2024-03-05,1,0,0,1830,5.9,1,0.29,2.5,1000,0.3,15.42,-9.0,5.8,0.0,208,219,30.01,0,Patch,2024-04-19,36.3552856,127.3428943,1,45.0
RAD05_240306150421_3468,36.313541,127.3199752,대전광역시 유성구 대정동 318,2024,3,6,15,2,spring,0,1,1,1,0.0,2024-03-06,1,0,0,2315,7.0,1522,2.15,-9.0,1200,0.0,-9.0,-9.0,7.2,5.8,2358,525,23.21,0,,,,,0,
RAD05_240307094306_0,36.3552479,127.3451532,대전광역시 유성구 봉명동 574,2024,3,7,9,3,spring,1,1,2,2,0.0,2024-03-07,1,0,0,1334,4.6,1424,2.2,0.0,1000,-9.0,0.5,-9.0,6.9,6.7,2356,587,30.15,0,Mill_Overlay,2024-04-30,36.3552479,127.3451532,1,54.0
RAD05_240307094307_15311,36.3551934,127.3451278,대전광역시 유성구 봉명동 574,2024,3,7,9,3,spring,1,2,3,3,0.0,2024-03-07,1,0,0,1334,4.6,1424,2.2,0.0,1000,-9.0,0.5,-9.0,6.9,6.7,2356,1126,10.0,0,Mill_Overlay,2024-04-09,36.3551934,127.3451278,1,33.0
RAD05_240307095031_15621,36.3559003,127.3402426,대전광역시 유성구 봉명동 442-11,2024,3,7,9,3,spring,1,1,1,1,0.0,2024-03-07,1,0,0,1334,4.6,1424,2.2,0.0,1000,-9.0,0.5,-9.0,6.9,6.7,2356,1070,7.62,0,Patch,2024-03-27,36.3559003,127.3402426,1,20.0
RAD05_240307100844_16076,36.3554147,127.3414465,대전광역시 유성구 봉명동 574,2024,3,7,10,3,spring,0,3,4,4,0.0,2024-03-07,1,0,0,1334,4.6,1424,2.2,0.0,1000,-9.0,0.5,-9.0,6.9,6.7,2356,567,10.02,0,,,,,0,
RAD05_240307104858_0,36.3542852,127.3416156,대전광역시 유성구 봉명동 576,2024,3,7,10,3,spring,0,1,1,1,0.0,2024-03-07,1,0,0,1334,4.6,1424,2.2,0.0,1000,-9.0,0.5,-9.0,6.9,6.7,2356,1163,6.96,0,Patch,2024-03-21,36.3542852,127.3416156,1,14.0
RAD05_240307151551_0,36.3553716,127.341559,대전광역시 유성구 봉명동 574,2024,3,7,15,3,spring,0,4,5,5,0.0,2024-03-07,1,0,0,1334,4.6,1424,2.2,0.0,1000,-9.0,0.5,-9.0,6.9,6.7,2356,1129,12.45,0,Full_Depth,2024-03-23,36.3553716,127.341559,1,16.0
RAD05_240307153659_18214,36.3558762,127.3406803,대전광역시 유성구 봉명동 442-15,2024,3,7,15,3,spring,0,1,1,1,0.0,2024-03-07,1,0,0,1334,4.6,1424,2.2,0.0,1000,-9.0,0.5,-9.0,6.9,6.7,2356,596,41.27,0,,,,,0,
RAD05_240307154256_18262,36.3559006,127.3404032,대전광역시 유성구 봉명동 442-10,2024,3,7,15,3,spring,0,1,1,1,0.0,2024-03-07,1,0,0,1334,4.6,1424,2.2,0.0,1000,-9.0,0.5,-9.0,6.9,6.7,2356,774,26.04,0,Patch,2024-03-30,36.3559006,127.3404032,1,23.0
RAD05_240308065107_19396,36.3012434,127.3202818,대전광역시 유성구 원내동 781,2024,3,8,6,4,spring,0,1,1,1,0.0,2024-03-08,1,0,0,1350,2.9,1304,2.9,-9.0,1200,-9.0,-9.0,-9.0,4.4,10.2,2400,311,7.16,0,,,,,0,
RAD05_240308102833_24380,36.3440671,127.2982349,대전광역시 유성구 계산동 775,2024,3,8,10,4,spring,0,1,1,1,0.0,2024-03-08,1,0,0,1350,2.9,1304,2.9,-9.0,1200,-9.0,-9.0,-9.0,4.4,10.2,2400,982,40.31,0,,,,,0,
RAD05_240308144758_1158,36.3137196,127.3305908,대전광역시 유성구 대정동 679-1,2024,3,8,14,4,spring,0,1,1,1,0.0,2024-03-08,1,0,0,1350,2.9,1304,2.9,-9.0,1200,-9.0,-9.0,-9.0,4.4,10.2,2400,501,25.12,0,Patch,2024-03-26,36.3137196,127.3305908,1,18.0
RAD05_240308144759_1160,36.3136688,127.3304695,대전광역시 유성구 대정동 679-1,2024,3,8,14,4,spring,0,2,2,2,0.0,2024-03-08,1,0,0,1350,2.9,1304,2.9,-9.0,1200,-9.0,-9.0,-9.0,4.4,10.2,2400,914,25.83,0,Mill_Overlay,2024-04-30,36.3136688,127.3304695,1,53.0
RAD05_240308151005_0,36.2669382,127.284043,대전광역시 유성구 방동 623-4,2024,3,8,15,4,spring,0,1,1,1,0.0,2024-03-08,1,0,0,1350,2.9,1304,2.9,-9.0,1200,-9.0,-9.0,-9.0,4.4,10.2,2400,650,12.39,0,,,,,0,
RAD05_240315095808_4039,36.3441886,127.3075019,대전광역시 유성구 복용동 629,2024,3,15,9,4,spring,1,1,1,1,0.0,2024-03-15,1,0,0,1451,9.5,1609,3.06,-9.0,1200,-9.0,-9.0,-9.0,10.5,11.0,2301,893,20.17,0,Patch,2024-04-13,36.3441886,127.3075019,1,29.0
RAD05_240316070521_11649,36.3544591,127.3388065,대전광역시 유성구 봉명동 448-10,2024,3,16,7,5,spring,0,1,1,1,0.0,2024-03-16,1,0,0,1616,11.4,1456,2.99,0.0,1200,0.0,1.25,-9.0,12.9,8.8,236,658,21.83,1,Patch,2024-04-20,36.3544591,127.3388065,1,35.0
RAD05_240316073452_11769,36.3542035,127.3362397,대전광역시 유성구 봉명동 567-16,2024,3,16,7,5,spring,0,1,1,1,0.0,2024-03-16,1,0,0,1616,11.4,1456,2.99,0.0,1200,0.0,1.25,-9.0,12.9,8.8,236,691,29.83,1,Patch,2024-03-24,36.3542035,127.3362397,1,8.0
RAD05_240316073514_11828,36.3545529,127.3348949,대전광역시 유성구 봉명동 571,2024,3,16,7,5,spring,0,1,1,1,0.0,2024-03-16,1,0,0,1616,11.4,1456,2.99,0.0,1200,0.0,1.25,-9.0,12.9,8.8,236,544,11.21,1,,,,,0,
RAD05_240316074350_12328,36.3548995,127.3449595,대전광역시 유성구 봉명동 574,2024,3,16,7,5,spring,0,1,6,6,4.22467577,2024-03-16,1,1,1,1616,11.4,1456,2.99,0.0,1200,0.0,1.25,-9.0,12.9,8.8,236,322,19.97,1,,,,,0,
RAD05_240316074350_12333,36.3548934,127.3450196,대전광역시 유성구 봉명동 574,2024,3,16,7,5,spring,0,2,7,7,0.0,2024-03-16,1,0,0,1616,11.4,1456,2.99,0.0,1200,0.0,1.25,-9.0,12.9,8.8,236,695,5.71,1,Full_Depth,2024-04-24,36.3548934,127.3450196,1,39.0
RAD05_240316074406_12368,36.354661,127.3467751,대전광역시 유성구 봉명동 574,2024,3,16,7,5,spring,0,3,8,8,0.0,2024-03-16,1,0,0,1616,11.4,1456,2.99,0.0,1200,0.0,1.25,-9.0,12.9,8.8,236,407,15.9,1,Full_Depth,2024-04-16,36.354661,127.3467751,1,31.0
RAD05_240317065600_14326,36.3117916,127.3198028,대전광역시 유성구 대정동 274,2024,3,17,6,6,spring,0,1,1,1,0.0,2024-03-17,1,0,0,1109,9.7,1337,2.64,0.0,1100,-9.0,0.42,-9.0,13.4,6.8,2359,463,14.11,1,,,,,0,
RAD05_240317065601_14338,36.3118023,127.3198672,대전광역시 유성구 대정동 274,2024,3,17,6,6,spring,0,2,2,2,0.0,2024-03-17,1,0,0,1109,9.7,1337,2.64,0.0,1100,-9.0,0.42,-9.0,13.4,6.8,2359,513,5.85,1,,,,,0,
RAD05_240317065602_14350,36.311828,127.3199157,대전광역시 유성구 대정동 274,2024,3,17,6,6,spring,0,3,3,3,0.0,2024-03-17,1,0,0,1109,9.7,1337,2.64,0.0,1100,-9.0,0.42,-9.0,13.4,6.8,2359,490,30.23,1,Mill_Overlay,2024-06-24,36.311828,127.3199157,1,99.0
RAD05_240317065604_14375,36.3119104,127.319966,대전광역시 유성구 대정동 274,2024,3,17,6,6,spring,0,4,4,4,0.0,2024-03-17,1,0,0,1109,9.7,1337,2.64,0.0,1100,-9.0,0.42,-9.0,13.4,6.8,2359,740,24.06,1,Mill_Overlay,2024-06-28,36.3119104,127.319966,1,103.0
RAD05_240317065722_14444,36.3152067,127.3163994,대전광역시 유성구 대정동 507-13,2024,3,17,6,6,spring,0,1,1,1,8.815290274,2024-03-17,1,1,1,1109,9.7,1337,2.64,0.0,1100,-9.0,0.42,-9.0,13.4,6.8,2359,573,17.51,1,Mill_Overlay,2024-05-04,36.3152067,127.3163994,1,48.0
RAD05_240317072157_15726,36.3597735,127.3048581,대전광역시 유성구 덕명동 570,2024,3,17,7,6,spring,0,1,1,1,2.896037259,2024-03-17,1,1,1,1109,9.7,1337,2.64,0.0,1100,-9.0,0.42,-9.0,13.4,6.8,2359,338,13.28,1,Crack_Seal,2024-03-31,36.3597735,127.3048581,1,14.0
RAD05_240317074237_16346,36.3443497,127.3229261,대전광역시 유성구 복용동 152-8,2024,3,17,7,6,spring,0,1,1,1,0.0,2024-03-17,1,0,0,1109,9.7,1337,2.64,0.0,1100,-9.0,0.42,-9.0,13.4,6.8,2359,704,28.48,1,Patch,2024-04-12,36.3443497,127.3229261,1,26.0
RAD05_240317074548_16619,36.3560019,127.3327262,대전광역시 유성구 구암동 631,2024,3,17,7,6,spring,0,1,1,1,0.0,2024-03-17,1,0,0,1109,9.7,1337,2.64,0.0,1100,-9.0,0.42,-9.0,13.4,6.8,2359,729,18.73,1,,,,,0,
RAD05_240318153458_2381,36.3549347,127.3449815,대전광역시 유성구 봉명동 574,2024,3,18,15,0,spring,0,4,9,9,0.0,2024-03-18,1,0,0,1508,7.9,1604,3.08,-9.0,1200,0.0,-9.0,-9.0,11.1,10.2,836,719,39.95,0,Full_Depth,2024-05-11,36.3549347,127.3449815,1,54.0
RAD05_240318155052_4249,36.3814008,127.3244028,대전광역시 유성구 죽동 636,2024,3,18,15,0,spring,0,1,1,1,12.190107,2024-03-18,1,1,1,1508,7.9,1604,3.08,-9.0,1200,0.0,-9.0,-9.0,11.1,10.2,836,320,22.41,0,,,,,0,
RAD05_240319070634_4947,36.3418344,127.3026135,대전광역시 유성구 계산동 781,2024,3,19,7,1,spring,0,1,1,1,0.0,2024-03-19,1,0,0,1123,7.2,1433,1.48,0.0,1100,0.0,4.08,-9.0,8.7,3.2,50,476,12.11,0,Patch,2024-04-28,36.3418344,127.3026135,1,40.0
RAD05_240319083427_7217,36.3552217,127.3431073,대전광역시 유성구 봉명동 574,2024,3,19,8,1,spring,1,5,10,10,0.0,2024-03-19,1,0,0,1123,7.2,1433,1.48,0.0,1100,0.0,4.08,-9.0,8.7,3.2,50,603,34.87,0,,,,,0,
RAD05_240319083636_7256,36.3554982,127.3411926,대전광역시 유성구 봉명동 574-1,2024,3,19,8,1,spring,1,1,1,1,0.0,2024-03-19,1,0,0,1123,7.2,1433,1.48,0.0,1100,0.0,4.08,-9.0,8.7,3.2,50,901,18.26,0,Patch,2024-04-10,36.3554982,127.3411926,1,22.0
RAD05_240319145332_9430,36.3569953,127.3533698,대전광역시 유성구 봉명동 697,2024,3,19,14,1,spring,0,1,1,1,0.0,2024-03-19,1,0,0,1123,7.2,1433,1.48,0.0,1100,0.0,4.08,-9.0,8.7,3.2,50,810,28.85,0,Patch,2024-04-19,36.3569953,127.3533698,1,31.0
RAD05_240320103326_14812,36.3418338,127.3046393,대전광역시 유성구 계산동 807,2024,3,20,10,2,spring,0,1,1,1,0.0,2024-03-20,1,0,0,259,4.6,1337,3.01,-9.0,1100,-9.0,-9.0,-9.0,8.7,9.9,947,1065,6.64,0,,,,,0,
RAD05_240321065046_16053,36.3226052,127.3187533,대전광역시 유성구 용계동 332-8,2024,3,21,6,3,spring,0,1,1,1,0.0,2024-03-21,1,0,0,1212,5.2,1448,3.14,-9.0,1200,-9.0,-9.0,-9.0,9.6,11.0,1,1090,30.72,0,Patch,2024-05-14,36.3226052,127.3187533,1,54.0
RAD05_240321141629_20305,36.3520733,127.3301716,대전광역시 유성구 구암동 641,2024,3,21,14,3,spring,0,1,3,3,1.370306695,2024-03-21,1,1,1,1212,5.2,1448,3.14,-9.0,1200,-9.0,-9.0,-9.0,9.6,11.0,1,712,35.4,0,,,,,0,
RAD05_240322140317_2294,36.3486765,127.3455379,대전광역시 유성구 봉명동 1062,2024,3,22,14,4,spring,0,1,1,1,14.64136514,2024-03-22,1,1,1,1442,10.1,1324,2.8,4.1,1100,4.4,6.33,-9.0,9.9,5.9,117,760,23.44,0,Full_Depth,2024-04-26,36.3486765,127.3455379,1,35.0
RAD05_240322140859_2482,36.3507567,127.335642,대전광역시 유성구 구암동 641,2024,3,22,14,4,spring,0,2,4,4,0.0,2024-03-22,1,0,0,1442,10.1,1324,2.8,4.1,1100,4.4,6.33,-9.0,9.9,5.9,117,286,40.43,0,,,,,0,
RAD05_240322153940_3003,36.355049,127.3450638,대전광역시 유성구 봉명동 574,2024,3,22,15,4,spring,0,6,11,11,6.752067388,2024-03-22,1,1,1,1442,10.1,1324,2.8,4.1,1100,4.4,6.33,-9.0,9.9,5.9,117,690,7.14,0,,,,,0,
RAD05_240322154235_3204,36.3554654,127.3417732,대전광역시 유성구 봉명동 574,2024,3,22,15,4,spring,0,7,12,12,0.0,2024-03-22,1,0,0,1442,10.1,1324,2.8,4.1,1100,4.4,6.33,-9.0,9.9,5.9,117,589,13.69,0,Full_Depth,2024-04-08,36.3554654,127.3417732,1,17.0
RAD05_240322164843_4022,36.3815173,127.3247269,대전광역시 유성구 죽동 648,2024,3,22,16,4,spring,0,1,1,1,12.17026442,2024-03-22,1,1,1,1442,10.1,1324,2.8,4.1,1100,4.4,6.33,-9.0,9.9,5.9,117,424,22.9,0,,,,,0,
RAD05_240322164848_4038,36.3814009,127.3243568,대전광역시 유성구 죽동 636,2024,3,22,16,4,spring,0,2,2,2,12.12519672,2024-03-22,1,1,1,1442,10.1,1324,2.8,4.1,1100,4.4,6.33,-9.0,9.9,5.9,117,240,19.21,0,Full_Depth,2024-04-23,36.3814009,127.3243568,1,32.0
RAD05_240323061633_4755,36.350817,127.3350351,대전광역시 유성구 구암동 641,2024,3,23,6,5,spring,0,3,5,5,0.0,2024-03-23,1,0,0,1516,14.9,1457,3.14,0.3,1200,-9.0,2.25,-9.0,15.9,9.3,2254,284,7.29,1,Full_Depth,2024-04-12,36.350817,127.3350351,1,20.0
RAD05_240323064504_5338,36.3414286,127.3054769,대전광역시 유성구 학하동 793,2024,3,23,6,5,spring,0,1,1,1,0.0,2024-03-23,1,0,0,1516,14.9,1457,3.14,0.3,1200,-9.0,2.25,-9.0,15.9,9.3,2254,655,17.69,1,,,,,0,
RAD05_240323073155_6899,36.3523203,127.3337203,대전광역시 유성구 구암동 636,2024,3,23,7,5,spring,0,1,1,1,0.0,2024-03-23,1,0,0,1516,14.9,1457,3.14,0.3,1200,-9.0,2.25,-9.0,15.9,9.3,2254,429,25.34,1,Patch,2024-05-06,36.3523203,127.3337203,1,44.0
RAD05_240323081316_7232,36.3560259,127.3424678,대전광역시 유성구 봉명동 574,2024,3,23,8,5,spring,1,5,13,13,1.666586898,2024-03-23,1,1,1,1516,14.9,1457,3.14,0.3,1200,-9.0,2.25,-9.0,15.9,9.3,2254,714,16.67,1,Full_Depth,2024-05-12,36.3560259,127.3424678,1,50.0
RAD05_240403162432_218,36.3578388,127.3398481,대전광역시 유성구 장대동 373,2024,4,3,16,2,spring,0,1,6,7,0.0,2024-04-03,1,0,0,20,13.2,1405,0.47,16.0,1000,10.3,18.33,2.3,14.0,0.0,1,481,25.98,0,Full_Depth,2024-05-20,36.3578388,127.3398481,1,47.0
RAD05_240404061624_2382,36.2998383,127.3201286,대전광역시 유성구 원내동 735,2024,4,4,6,3,spring,0,1,1,1,1.018232638,2024-04-04,1,1,1,2335,13.4,1031,1.56,0.0,1000,0.0,0.8,0.0,14.2,0.2,2355,785,6.66,0,,,,,0,
RAD05_240404061634_2393,36.3002815,127.3201086,대전광역시 유성구 원내동 738,2024,4,4,6,3,spring,0,1,1,1,10.87083672,2024-04-04,1,1,1,2335,13.4,1031,1.56,0.0,1000,0.0,0.8,0.0,14.2,0.2,2355,788,16.28,0,Full_Depth,2024-05-31,36.3002815,127.3201086,1,57.0
RAD05_240404065304_2542,36.2999016,127.3199788,대전광역시 유성구 원내동 735,2024,4,4,6,3,spring,0,2,2,2,0.0,2024-04-04,1,0,0,2335,13.4,1031,1.56,0.0,1000,0.0,0.8,0.0,14.2,0.2,2355,577,30.97,0,,,,,0,
RAD05_240404070707_3244,36.3292556,127.312099,대전광역시 유성구 용계동 412-6,2024,4,4,7,3,spring,0,1,1,1,0.0,2024-04-04,1,0,0,2335,13.4,1031,1.56,0.0,1000,0.0,0.8,0.0,14.2,0.2,2355,533,29.14,0,,,,,0,
RAD05_240404094447_3940,36.3523244,127.3382727,대전광역시 유성구 봉명동 528,2024,4,4,9,3,spring,1,1,1,2,7.664230166,2024-04-04,1,1,1,2335,13.4,1031,1.56,0.0,1000,0.0,0.8,0.0,14.2,0.2,2355,497,36.88,0,,,,,0,
RAD05_240404100340_4912,36.3505537,127.3371626,대전광역시 유성구 구암동 641,2024,4,4,10,3,spring,0,1,4,6,0.0,2024-04-04,1,0,0,2335,13.4,1031,1.56,0.0,1000,0.0,0.8,0.0,14.2,0.2,2355,341,12.48,0,Mill_Overlay,2024-07-09,36.3505537,127.3371626,1,96.0
RAD05_240404101331_5544,36.309786,127.3080341,대전광역시 유성구 교촌동 422-1,2024,4,4,10,3,spring,0,1,1,1,0.0,2024-04-04,1,0,0,2335,13.4,1031,1.56,0.0,1000,0.0,0.8,0.0,14.2,0.2,2355,290,10.92,0,,,,,0,
RAD05_240404135726_6409,36.3431311,127.2993334,대전광역시 유성구 계산동 781,2024,4,4,13,3,spring,0,1,2,2,1.908992054,2024-04-04,1,1,1,2335,13.4,1031,1.56,0.0,1000,0.0,0.8,0.0,14.2,0.2,2355,508,20.07,0,,,,,0,
RAD05_240404135731_6421,36.3432979,127.2990918,대전광역시 유성구 계산동 719,2024,4,4,13,3,spring,0,1,1,1,0.0,2024-04-04,1,0,0,2335,13.4,1031,1.56,0.0,1000,0.0,0.8,0.0,14.2,0.2,2355,963,34.2,0,Patch,2024-05-31,36.3432979,127.2990918,1,57.0
RAD05_240404151929_8459,36.3815636,127.3249248,대전광역시 유성구 죽동 648,2024,4,4,15,3,spring,0,2,3,3,0.0,2024-04-04,1,0,0,2335,13.4,1031,1.56,0.0,1000,0.0,0.8,0.0,14.2,0.2,2355,1034,31.0,0,Mill_Overlay,2024-06-28,36.3815636,127.3249248,1,85.0
RAD05_240404151934_8498,36.3814433,127.3244746,대전광역시 유성구 죽동 648,2024,4,4,15,3,spring,0,3,4,4,0.0,2024-04-04,1,0,0,2335,13.4,1031,1.56,0.0,1000,0.0,0.8,0.0,14.2,0.2,2355,538,12.74,0,Mill_Overlay,2024-05-26,36.3814433,127.3244746,1,52.0
RAD05_240405073049_9638,36.3449841,127.2959546,대전광역시 유성구 계산동 242,2024,4,5,7,4,spring,0,1,1,1,12.55995942,2024-04-05,1,1,1,28,13.3,1540,3.03,0.0,1300,0.0,0.5,0.0,14.6,6.1,921,648,30.55,0,Full_Depth,2024-05-13,36.3449841,127.2959546,1,38.0
RAD05_240405074120_10100,36.3437096,127.3222882,대전광역시 유성구 복용동 산 14-18,2024,4,5,7,4,spring,0,1,1,1,0.0,2024-04-05,1,0,0,28,13.3,1540,3.03,0.0,1300,0.0,0.5,0.0,14.6,6.1,921,1070,34.25,0,Patch,2024-05-15,36.3437096,127.3222882,1,40.0
RAD05_240405075329_11428,36.3549855,127.3450262,대전광역시 유성구 봉명동 574,2024,4,5,7,4,spring,0,1,14,15,0.0,2024-04-05,1,0,0,28,13.3,1540,3.03,0.0,1300,0.0,0.5,0.0,14.6,6.1,921,400,11.13,0,Full_Depth,2024-05-09,36.3549855,127.3450262,1,34.0
RAD05_240405082710_12059,36.3543671,127.3499997,대전광역시 유성구 봉명동 700,2024,4,5,8,4,spring,1,1,2,2,0.0,2024-04-05,1,0,0,28,13.3,1540,3.03,0.0,1300,0.0,0.5,0.0,14.6,6.1,921,1119,17.35,0,,,,,0,
RAD05_240405082713_12088,36.3545695,127.3502054,대전광역시 유성구 봉명동 700,2024,4,5,8,4,spring,1,2,3,3,0.0,2024-04-05,1,0,0,28,13.3,1540,3.03,0.0,1300,0.0,0.5,0.0,14.6,6.1,921,1069,33.2,0,,,,,0,
RAD05_240405083601_12768,36.3558867,127.3403145,대전광역시 유성구 봉명동 442-10,2024,4,5,8,4,spring,1,1,2,2,0.0,2024-04-05,1,0,0,28,13.3,1540,3.03,0.0,1300,0.0,0.5,0.0,14.6,6.1,921,1002,23.88,0,,,,,0,
RAD05_240405093040_13477,36.3561963,127.3328358,대전광역시 유성구 구암동 631,2024,4,5,9,4,spring,1,1,2,2,0.0,2024-04-05,1,0,0,28,13.3,1540,3.03,0.0,1300,0.0,0.5,0.0,14.6,6.1,921,958,33.05,0,,,,,0,
RAD05_240405094235_13905,36.3572883,127.3407322,대전광역시 유성구 봉명동 531,2024,4,5,9,4,spring,1,1,1,1,0.0,2024-04-05,1,0,0,28,13.3,1540,3.03,0.0,1300,0.0,0.5,0.0,14.6,6.1,921,879,36.86,0,,,,,0,
RAD05_240405095632_14632,36.3549639,127.3449165,대전광역시 유성구 봉명동 574,2024,4,5,9,4,spring,1,2,15,16,0.0,2024-04-05,1,0,0,28,13.3,1540,3.03,0.0,1300,0.0,0.5,0.0,14.6,6.1,921,1005,18.72,0,Full_Depth,2024-05-05,36.3549639,127.3449165,1,30.0
yuseong1_250122135615_6613,36.3612899,127.3559658,대전광역시 유성구 어은동 311,2025,1,22,13,2,winter,0,1,1,5,0.0,2025-01-22,1,0,0,1305,3.4,1358,1.76,-9.0,1300,-9.0,-9.0,-9.0,2.2,5.6,1004,621,30.84,0,,,,,0,
yuseong1_250122151903_0,36.4472911,127.3841781,대전광역시 유성구 봉산동 693-2,2025,1,22,15,2,winter,0,1,1,1,6.160482794,2025-01-22,1,1,1,1305,3.4,1358,1.76,-9.0,1300,-9.0,-9.0,-9.0,2.2,5.6,1004,399,12.09,0,Mill_Overlay,2025-04-25,36.4472911,127.3841781,1,93.0
yuseong1_250122152648_17301,36.4087135,127.3755944,대전광역시 유성구 화암동 99-6,2025,1,22,15,2,winter,0,1,1,1,0.0,2025-01-22,1,0,0,1305,3.4,1358,1.76,-9.0,1300,-9.0,-9.0,-9.0,2.2,5.6,1004,925,11.02,0,,,,,0,
yuseong1_250123105338_3316,36.3484258,127.3352962,대전광역시 유성구 상대동 489,2025,1,23,10,3,winter,0,1,1,1,0.0,2025-01-23,1,0,0,1854,2.9,1543,1.98,-9.0,1200,-9.0,-9.0,-9.0,3.1,8.5,922,990,29.24,0,Patch,2025-03-03,36.3484258,127.3352962,1,39.0
yuseong1_250123144730_7033,36.3461284,127.3401774,대전광역시 유성구 상대동 498,2025,1,23,14,3,winter,0,1,1,1,13.85575088,2025-01-23,1,1,1,1854,2.9,1543,1.98,-9.0,1200,-9.0,-9.0,-9.0,3.1,8.5,922,966,26.25,0,,,,,0,
yuseong1_250123144843_0,36.3407582,127.3376271,대전광역시 유성구 상대동 498,2025,1,23,14,3,winter,0,2,2,2,0.0,2025-01-23,1,0,0,1854,2.9,1543,1.98,-9.0,1200,-9.0,-9.0,-9.0,3.1,8.5,922,335,9.4,0,Mill_Overlay,2025-05-20,36.3407582,127.3376271,1,117.0
yuseong1_250123145232_7434,36.3322053,127.3334737,대전광역시 유성구 용계동 681,2025,1,23,14,3,winter,0,1,1,1,0.0,2025-01-23,1,0,0,1854,2.9,1543,1.98,-9.0,1200,-9.0,-9.0,-9.0,3.1,8.5,922,427,19.48,0,Patch,2025-02-07,36.3322053,127.3334737,1,15.0
yuseong1_250124111718_524,36.3617629,127.3565156,대전광역시 유성구 어은동 109,2025,1,24,11,4,winter,0,1,1,2,0.0,2025-01-24,1,0,0,1412,2.6,1407,2.17,-9.0,1200,-9.0,-9.0,-9.0,1.9,9.2,1021,896,7.82,0,,,,,0,
yuseong1_250124111800_0,36.3609282,127.3545996,대전광역시 유성구 어은동 311,2025,1,24,11,4,winter,0,2,2,6,0.0,2025-01-24,1,0,0,1412,2.6,1407,2.17,-9.0,1200,-9.0,-9.0,-9.0,1.9,9.2,1021,832,39.31,0,,,,,0,
yuseong1_250124152021_0,36.39681,127.3098958,대전광역시 유성구 반석동 612,2025,1,24,15,4,winter,0,1,1,1,0.0,2025-01-24,1,0,0,1412,2.6,1407,2.17,-9.0,1200,-9.0,-9.0,-9.0,1.9,9.2,1021,699,15.97,0,,,,,0,
yuseong1_250131135700_756,36.391666,127.3321587,대전광역시 유성구 하기동 470-1,2025,1,31,13,4,winter,0,1,1,1,0.0,2025-01-31,1,0,0,1741,1.9,1554,1.23,0.0,1200,0.2,1.33,-9.0,1.6,1.3,831,253,40.02,0,Patch,2025-02-14,36.391666,127.3321587,1,14.0
yuseong1_250131135806_834,36.3911042,127.3355129,대전광역시 유성구 하기동 산 51-19,2025,1,31,13,4,winter,0,1,1,1,2.128171902,2025-01-31,1,1,1,1741,1.9,1554,1.23,0.0,1200,0.2,1.33,-9.0,1.6,1.3,831,439,22.06,0,,,,,0,
yuseong1_250131140223_0,36.3935838,127.3498387,대전광역시 유성구 자운동 25-3,2025,1,31,14,4,winter,0,1,1,1,0.0,2025-01-31,1,0,0,1741,1.9,1554,1.23,0.0,1200,0.2,1.33,-9.0,1.6,1.3,831,438,38.98,0,Patch,2025-03-05,36.3935838,127.3498387,1,33.0
yuseong1_250131140408_1705,36.3823481,127.3435827,대전광역시 유성구 신성동 367-4,2025,1,31,14,4,winter,0,1,1,1,0.0,2025-01-31,1,0,0,1741,1.9,1554,1.23,0.0,1200,0.2,1.33,-9.0,1.6,1.3,831,463,12.69,0,Patch,2025-03-21,36.3823481,127.3435827,1,49.0
yuseong1_250131141422_0,36.3610177,127.3550136,대전광역시 유성구 어은동 311,2025,1,31,14,4,winter,0,1,3,7,0.0,2025-01-31,1,0,0,1741,1.9,1554,1.23,0.0,1200,0.2,1.33,-9.0,1.6,1.3,831,285,16.42,0,Mill_Overlay,2025-04-23,36.3610177,127.3550136,1,82.0
yuseong1_250205143159_11253,36.3509417,127.3377304,대전광역시 유성구 구암동 638,2025,2,5,14,2,winter,0,1,1,1,0.0,2025-02-05,1,0,0,1536,-6.4,1446,2.25,0.0,1300,0.0,3.0,-9.0,-1.5,9.1,2354,304,9.97,0,,,,,0,
yuseong1_250211141844_0,36.3593899,127.3092959,대전광역시 유성구 구암동 692,2025,2,11,14,1,winter,0,1,1,1,0.0,2025-02-11,1,0,0,1152,0.3,1551,2.46,-9.0,1200,3.9,-9.0,-9.0,1.0,9.7,826,194,16.91,0,Patch,2025-03-01,36.3593899,127.3092959,1,18.0
yuseong1_250214103949_0,36.3606775,127.3539206,대전광역시 유성구 어은동 311,2025,2,14,10,4,winter,0,1,4,8,0.0,2025-02-14,1,0,0,1344,3.5,1429,2.47,-9.0,1200,-9.0,-9.0,-9.0,3.0,9.7,240,682,38.68,0,Mill_Overlay,2025-05-28,36.3606775,127.3539206,1,103.0
yuseong1_250217110951_0,36.3103308,127.2906615,대전광역시 유성구 성북동 731-11,2025,2,17,11,0,winter,0,1,1,2,0.0,2025-02-17,1,0,0,1336,1.3,1346,2.7,-9.0,1200,-9.0,-9.0,-9.0,2.9,10.0,855,797,36.79,0,,,,,0,
yuseong1_250218141732_1122,36.3674379,127.3672516,대전광역시 유성구 구성동 464,2025,2,18,14,1,winter,0,1,1,1,0.0,2025-02-18,1,0,0,1238,-0.9,1434,2.67,-9.0,1200,-9.0,-9.0,-9.0,1.8,10.1,902,1002,35.33,0,,,,,0,
yuseong1_250218141759_1274,36.3660647,127.3650315,대전광역시 유성구 구성동 464,2025,2,18,14,1,winter,0,2,2,2,0.0,2025-02-18,1,0,0,1238,-0.9,1434,2.67,-9.0,1200,-9.0,-9.0,-9.0,1.8,10.1,902,1001,34.81,0,,,,,0,
yuseong1_250219155334_0,36.2798812,127.256012,대전광역시 유성구 송정동 334-1,2025,2,19,15,2,winter,0,1,1,1,0.0,2025-02-19,1,0,0,1534,-1.6,1409,2.71,-9.0,1200,-9.0,-9.0,-9.0,1.5,10.1,2345,938,29.35,0,,,,,0,
yuseong1_250219155555_0,36.2858963,127.2607678,대전광역시 유성구 송정동 195-2,2025,2,19,15,2,winter,0,1,1,1,0.0,2025-02-19,1,0,0,1534,-1.6,1409,2.71,-9.0,1200,-9.0,-9.0,-9.0,1.5,10.1,2345,667,22.03,0,Patch,2025-04-18,36.2858963,127.2607678,1,58.0
yuseong1_250219155746_0,36.2877553,127.2650484,대전광역시 유성구 송정동 150-1,2025,2,19,15,2,winter,0,1,1,1,0.0,2025-02-19,1,0,0,1534,-1.6,1409,2.71,-9.0,1200,-9.0,-9.0,-9.0,1.5,10.1,2345,968,6.61,0,,,,,0,
yuseong1_250219160402_0,36.3108119,127.264629,대전광역시 유성구 세동 산 75-1,2025,2,19,16,2,winter,0,1,1,1,0.0,2025-02-19,1,0,0,1534,-1.6,1409,2.71,-9.0,1200,-9.0,-9.0,-9.0,1.5,10.1,2345,1005,15.22,0,,,,,0,
yuseong1_250221095502_0,36.3688226,127.3073111,대전광역시 유성구 노은동 산 24-139,2025,2,21,9,4,winter,1,1,1,1,0.0,2025-02-21,1,0,0,1519,-1.5,1452,2.75,-9.0,1200,0.4,-9.0,-9.0,1.5,10.1,836,662,33.75,0,,,,,0,
yuseong1_250221140321_0,36.4116995,127.3776491,대전광역시 유성구 화암동 156-8,2025,2,21,14,4,winter,0,1,1,1,0.0,2025-02-21,1,0,0,1519,-1.5,1452,2.75,-9.0,1200,0.4,-9.0,-9.0,1.5,10.1,836,331,31.55,0,,,,,0,
yuseong1_250224143428_15517,36.4057152,127.3680603,대전광역시 유성구 방현동 350,2025,2,24,14,0,winter,0,1,1,1,0.0,2025-02-24,1,0,0,1413,-0.7,1434,2.82,-9.0,1200,-9.0,-9.0,-9.0,1.4,10.3,926,631,23.22,0,Patch,2025-04-03,36.4057152,127.3680603,1,38.0
yuseong1_250224143512_0,36.4013992,127.3624886,대전광역시 유성구 장동 241-5,2025,2,24,14,0,winter,0,1,1,1,0.0,2025-02-24,1,0,0,1413,-0.7,1434,2.82,-9.0,1200,-9.0,-9.0,-9.0,1.4,10.3,926,1088,25.51,0,,,,,0,
yuseong1_250224144720_1513,36.3722099,127.32074,대전광역시 유성구 지족동 976,2025,2,24,14,0,winter,0,1,1,1,0.0,2025-02-24,1,0,0,1413,-0.7,1434,2.82,-9.0,1200,-9.0,-9.0,-9.0,1.4,10.3,926,340,39.03,0,,,,,0,
yuseong1_250224145504_0,36.3722701,127.3192955,대전광역시 유성구 지족동 976,2025,2,24,14,0,winter,0,2,2,2,0.0,2025-02-24,1,0,0,1413,-0.7,1434,2.82,-9.0,1200,-9.0,-9.0,-9.0,1.4,10.3,926,913,8.7,0,Mill_Overlay,2025-03-28,36.3722701,127.3192955,1,32.0
NON_0,36.42145897700921,127.40249623406456,대전광역시 유성구 용산동 604,2024,3,22,9,4,spring,1,1,2,2,0.0,2024-03-22,0,0,0,1442,10.1,1324,2.8,4.1,1100,4.4,6.33,-9.0,9.9,5.9,117,684,25.18,0,,,,,0,
NON_1,36.37647266104179,127.33143909395862,대전광역시 유성구 죽동 562-2,2025,1,13,16,0,winter,0,1,1,1,0.0,2025-01-13,0,0,0,1242,1.1,1532,1.96,-9.0,1200,0.1,-9.0,-9.0,-0.2,7.8,1008,866,48.37,0,,,,,0,
NON_2,36.390489260535155,127.39410206014654,대전광역시 유성구 문지동 103-15,2024,3,20,9,2,spring,1,4,4,4,0.0,2024-03-20,0,0,0,259,4.6,1337,3.01,-9.0,1100,-9.0,-9.0,-9.0,8.7,9.9,947,449,38.61,0,,,,,0,
NON_3,36.36797375472708,127.31810557998475,대전광역시 유성구 노은동 583,2024,4,5,14,4,spring,0,1,6,16,0.0,2024-04-05,0,0,0,28,13.3,1540,3.03,0.0,1300,0.0,0.5,0.0,14.6,6.1,921,1181,14.89,0,,,,,0,
NON_4,36.38402555328755,127.35135378689638,대전광역시 유성구 신성동 281-5,2024,3,20,5,2,spring,0,1,1,1,0.0,2024-03-20,0,0,0,259,4.6,1337,3.01,-9.0,1100,-9.0,-9.0,-9.0,8.7,9.9,947,310,21.37,0,,,,,0,
NON_5,36.36091417256186,127.34745535252446,대전광역시 유성구 궁동 33-6,2024,6,19,15,2,summer,0,1,1,1,0.0,2024-06-19,0,0,0,1600,27.5,1550,3.46,-9.0,1200,-9.0,-9.0,-9.0,36.0,12.4,715,1072,26.51,0,,,,,0,
NON_6,36.412609617134336,127.37863215329,대전광역시 유성구 화암동 25-13,2024,7,5,10,4,summer,0,1,1,1,0.0,2024-07-05,0,0,0,121,25.8,1555,3.5,3.9,1100,-9.0,2.67,3.7,27.4,7.9,2128,840,21.68,0,,,,,0,
NON_7,36.385847439404294,127.37891285804703,대전광역시 유성구 도룡동 409,2024,3,19,15,1,spring,0,2,2,2,0.0,2024-03-19,0,0,0,1123,7.2,1433,1.48,0.0,1100,0.0,4.08,-9.0,8.7,3.2,50,939,30.9,0,,,,,0,
NON_8,36.343813610875145,127.42622710894467,대전광역시 동구 홍도동 16-35,2025,11,10,18,0,autumn,1,1,1,1,0.0,2025-11-10,0,0,0,352,8.9,1447,2.31,-9.0,1200,-9.0,-9.0,-9.0,8.0,9.6,906,950,36.85,0,,,,,0,
NON_9,36.360695956483795,127.34626042741507,대전광역시 유성구 궁동 485,2024,3,25,13,0,spring,0,1,1,1,0.0,2024-03-25,0,0,0,2121,9.4,1033,1.45,6.8,1000,26.1,11.25,-9.0,10.0,0.0,12,525,16.58,0,,,,,0,
NON_10,36.38135314021216,127.3246260771026,대전광역시 유성구 죽동 648,2024,4,4,15,3,spring,0,4,5,5,0.0,2024-04-04,0,0,0,2335,13.4,1031,1.56,0.0,1000,0.0,0.8,0.0,14.2,0.2,2355,989,20.94,0,,,,,0,
NON_11,36.37250165267831,127.33186408697209,대전광역시 유성구 죽동 747,2024,7,22,7,0,summer,0,2,2,2,0.0,2024-07-22,0,0,0,2330,28.9,1240,2.46,-9.0,1200,0.0,-9.0,-9.0,29.3,2.8,113,387,12.11,0,,,,,0,
NON_12,36.34090737416423,127.30549325343445,대전광역시 유성구 계산동 803-11,2024,3,1,6,4,spring,0,1,1,1,0.0,2024-03-01,0,0,0,1424,-2.2,1,2.91,-9.0,1200,-9.0,-9.0,-9.0,2.1,10.2,2239,1009,39.66,0,,,,,0,
NON_13,36.342515924613906,127.3400980746718,대전광역시 유성구 봉명동 1058-2,2024,7,4,11,3,summer,0,1,1,1,0.0,2024-07-04,0,0,0,2250,28.1,1507,3.46,-9.0,1200,3.9,-9.0,-9.0,29.2,10.0,1,573,45.18,0,,,,,0,
NON_14,36.37792362307968,127.41130416111041,대전광역시 대덕구 읍내동 505-23,2024,3,28,9,3,spring,1,1,1,1,0.0,2024-03-28,0,0,0,1116,9.0,1,0.42,21.3,1100,20.1,13.75,-9.0,10.0,0.0,4,536,18.18,0,,,,,0,
NON_15,36.390660261503406,127.29714354866645,대전광역시 유성구 반석동 499-2,2024,3,7,14,3,spring,0,1,1,1,0.0,2024-03-07,0,0,0,1334,4.6,1424,2.2,0.0,1000,-9.0,0.5,-9.0,6.9,6.7,2356,634,13.14,0,,,,,0,
NON_16,36.34469025542469,127.42113282949347,대전광역시 동구 삼성동 458,2025,11,10,8,0,autumn,1,2,3,3,0.0,2025-11-10,0,0,0,352,8.9,1447,2.31,-9.0,1200,-9.0,-9.0,-9.0,8.0,9.6,906,917,20.48,0,,,,,0,
NON_17,36.36200780123363,127.34500816678786,대전광역시 유성구 궁동 279-11,2024,12,6,15,4,winter,0,1,1,1,0.0,2024-12-06,0,0,0,1501,4.0,1354,2.01,0.0,1200,-9.0,0.33,-9.0,4.0,5.8,2219,727,22.98,0,,,,,0,
NON_18,36.38325284816049,127.32318479786761,대전광역시 유성구 죽동 630,2024,2,28,15,2,winter,0,1,1,1,0.0,2024-02-28,0,0,0,8,6.3,1637,2.16,-9.0,1200,-9.0,-9.0,-9.0,5.9,3.7,916,1078,38.55,0,,,,,0,
NON_19,36.387723569524006,127.32208798220013,대전광역시 유성구 하기동 603,2024,3,1,5,4,spring,0,3,3,3,0.0,2024-03-01,0,0,0,1424,-2.2,1,2.91,-9.0,1200,-9.0,-9.0,-9.0,2.1,10.2,2239,1140,6.47,0,,,,,0,
NON_20,36.34030389491532,127.4212761432808,대전광역시 동구 삼성동 363-6,2025,11,5,8,2,autumn,1,1,1,1,0.0,2025-11-05,0,0,0,1630,10.4,1502,2.04,-9.0,1200,-9.0,-9.0,-9.0,10.3,7.3,921,584,17.64,0,,,,,0,
NON_21,36.36155196918073,127.3285285186791,대전광역시 유성구 장대동 228-8,2024,3,19,10,1,spring,0,1,1,1,0.0,2024-03-19,0,0,0,1123,7.2,1433,1.48,0.0,1100,0.0,4.08,-9.0,8.7,3.2,50,969,7.82,0,,,,,0,
NON_22,36.34946740319874,127.41968893992609,대전광역시 대덕구 오정동 735,2025,11,4,7,1,autumn,0,2,3,3,0.0,2025-11-04,0,0,0,1627,10.5,1504,2.27,-9.0,1200,-9.0,-9.0,-9.0,9.7,8.0,1,820,16.19,0,,,,,0,
NON_23,36.372069834391816,127.32228373393184,대전광역시 유성구 노은동 569,2024,3,23,6,5,spring,0,2,2,2,0.0,2024-03-23,0,0,0,1516,14.9,1457,3.14,0.3,1200,-9.0,2.25,-9.0,15.9,9.3,2254,577,5.0,1,,,,,0,
NON_24,36.349432600785,127.3272396622613,대전광역시 유성구 구암동 242-10,2024,10,31,14,3,autumn,0,1,1,1,0.0,2024-10-31,0,0,0,1137,14.5,1406,2.42,-9.0,1200,0.6,-9.0,-9.0,13.8,8.9,858,837,7.19,0,,,,,0,
NON_25,36.40055003176435,127.39766221557021,대전광역시 유성구 전민동 898,2024,3,23,7,5,spring,0,1,1,1,0.0,2024-03-23,0,0,0,1516,14.9,1457,3.14,0.3,1200,-9.0,2.25,-9.0,15.9,9.3,2254,580,30.96,1,,,,,0,
NON_26,36.36149775628389,127.35502269485394,대전광역시 유성구 어은동 311,2024,12,5,9,3,winter,1,1,1,1,0.0,2024-12-05,0,0,0,1243,4.5,1429,1.54,0.0,1100,0.0,4.53,-9.0,4.0,3.7,54,381,29.61,0,,,,,0,
NON_27,36.30444155489779,127.32049414132561,대전광역시 유성구 교촌동 652,2024,7,23,10,1,summer,0,1,1,1,0.0,2024-07-23,0,0,0,49,27.2,1,0.67,3.9,1300,6.0,10.03,2.5,26.9,0.0,1006,607,32.02,0,,,,,0,
NON_28,36.35865676723281,127.33133834687985,대전광역시 유성구 장대동 211-9,2024,4,23,14,1,spring,0,1,1,1,0.0,2024-04-23,0,0,0,1341,16.4,1357,3.45,0.0,1300,4.3,1.58,0.0,20.8,7.8,1,625,10.36,0,,,,,0,
NON_29,36.361424075177915,127.34506803143252,대전광역시 유성구 궁동 279-11,2024,12,6,15,4,winter,0,1,1,1,0.0,2024-12-06,0,0,0,1501,4.0,1354,2.01,0.0,1200,-9.0,0.33,-9.0,4.0,5.8,2219,727,22.98,0,,,,,0,
NON_30,36.3995926262469,127.39893918656679,대전광역시 유성구 전민동 491-3,2024,3,23,7,5,spring,0,1,1,1,0.0,2024-03-23,0,0,0,1516,14.9,1457,3.14,0.3,1200,-9.0,2.25,-9.0,15.9,9.3,2254,617,15.59,1,,,,,0,
NON_31,36.33806399651749,127.32670447559929,대전광역시 유성구 복용동 458,2024,9,8,15,6,autumn,0,1,1,1,0.0,2024-09-08,0,0,0,1556,27.6,1504,3.17,-9.0,1200,-9.0,-9.0,-9.0,34.8,10.4,755,257,10.11,1,,,,,0,
NON_32,36.45879211916267,127.38979475334675,대전광역시 유성구 금고동 산 21,2024,3,27,15,2,spring,0,2,2,2,0.0,2024-03-27,0,0,0,1639,10.2,1438,2.79,-9.0,1200,1.2,-9.0,-9.0,11.6,9.0,711,529,46.99,0,,,,,0,
NON_33,36.3622185824732,127.34735764410556,대전광역시 유성구 궁동 438,2024,3,5,6,1,spring,0,2,2,2,0.0,2024-03-05,0,0,0,1830,5.9,1,0.29,2.5,1000,0.3,15.42,-9.0,5.8,0.0,208,488,10.32,0,,,,,0,
NON_34,36.2942629721092,127.46138055497134,대전광역시 동구 대성동 208-9,2025,11,9,12,6,autumn,0,1,1,1,0.0,2025-11-09,0,0,0,1345,13.7,1305,1.95,0.0,1300,-9.0,0.75,-9.0,13.0,6.8,1,287,7.28,1,,,,,0,
NON_35,36.36095148773818,127.34911531506306,대전광역시 유성구 궁동 496,2024,3,8,7,4,spring,0,1,1,1,0.0,2024-03-08,0,0,0,1350,2.9,1304,2.9,-9.0,1200,-9.0,-9.0,-9.0,4.4,10.2,2400,536,23.82,0,,,,,0,
NON_36,36.335330017529586,127.42054429862603,대전광역시 중구 선화동 920,2025,11,10,18,0,autumn,1,9,14,14,0.0,2025-11-10,0,0,0,352,8.9,1447,2.31,-9.0,1200,-9.0,-9.0,-9.0,8.0,9.6,906,998,21.92,0,,,,,0,
NON_37,36.30514842400867,127.31989297374302,대전광역시 유성구 교촌동 652,2024,7,23,10,1,summer,0,2,2,2,0.0,2024-07-23,0,0,0,49,27.2,1,0.67,3.9,1300,6.0,10.03,2.5,26.9,0.0,1006,662,17.56,0,,,,,0,
NON_38,36.39107996924924,127.40751276938322,대전광역시 유성구 문지동 675,2025,11,4,20,1,autumn,0,1,1,1,0.0,2025-11-04,0,0,0,1627,10.5,1504,2.27,-9.0,1200,-9.0,-9.0,-9.0,9.7,8.0,1,984,9.83,0,,,,,0,
NON_39,36.398512476018844,127.35844768036053,대전광역시 유성구 장동 202-11,2024,1,19,16,4,winter,0,2,2,2,0.0,2024-01-19,0,0,0,1044,5.9,1256,2.08,-9.0,1200,0.0,-9.0,-9.0,5.5,3.1,955,540,28.26,0,,,,,0,
NON_40,36.442903799067004,127.38532047076858,대전광역시 유성구 봉산동 973,2024,5,29,15,2,spring,0,1,1,1,0.0,2024-05-29,0,0,0,1248,20.9,1606,3.59,-9.0,1200,-9.0,-9.0,-9.0,26.3,13.3,849,867,10.99,0,,,,,0,
NON_41,36.31799728286785,127.4229572935111,대전광역시 중구 대사동 227,2025,10,25,15,5,autumn,0,1,1,1,0.0,2025-10-25,0,0,0,1704,14.3,1408,1.57,-9.0,1200,0.0,-9.0,-9.0,15.4,2.4,1,210,15.84,1,,,,,0,
NON_42,36.359629636551944,127.34839520943193,대전광역시 유성구 궁동 496,2024,3,8,7,4,spring,0,1,1,1,0.0,2024-03-08,0,0,0,1350,2.9,1304,2.9,-9.0,1200,-9.0,-9.0,-9.0,4.4,10.2,2400,536,23.82,0,,,,,0,
NON_43,36.391630251192396,127.39497276007373,대전광역시 유성구 문지동 103-15,2024,3,19,15,1,spring,0,2,2,2,0.0,2024-03-19,0,0,0,1123,7.2,1433,1.48,0.0,1100,0.0,4.08,-9.0,8.7,3.2,50,483,27.36,0,,,,,0,
NON_44,36.39137147818329,127.36242693604873,대전광역시 유성구 장동 23-9,2024,3,25,15,0,spring,0,1,1,1,0.0,2024-03-25,0,0,0,2121,9.4,1033,1.45,6.8,1000,26.1,11.25,-9.0,10.0,0.0,12,769,16.73,0,,,,,0,
NON_45,36.34215500904216,127.42410977172261,대전광역시 동구 삼성동 458,2025,11,11,8,1,autumn,1,4,5,5,0.0,2025-11-11,0,0,0,1358,8.2,1509,2.21,-9.0,1100,-9.0,-9.0,-9.0,7.7,8.0,2220,287,20.02,0,,,,,0,
NON_46,36.3621503992714,127.35799370758177,대전광역시 유성구 어은동 59-12,2024,3,16,8,5,spring,1,1,1,1,0.0,2024-03-16,0,0,0,1616,11.4,1456,2.99,0.0,1200,0.0,1.25,-9.0,12.9,8.8,236,338,8.13,1,,,,,0,
NON_47,36.348800422141124,127.32632141771279,대전광역시 유성구 상대동 556,2024,12,3,10,1,winter,0,1,1,2,0.0,2024-12-03,0,0,0,1429,2.1,1414,2.02,-9.0,1200,-9.0,-9.0,-9.0,2.5,6.7,1052,396,13.73,0,,,,,0,
NON_48,36.44215714065614,127.4280626506799,대전광역시 대덕구 덕암동 31,2024,3,26,10,1,spring,0,1,1,1,0.0,2024-03-26,0,0,0,11,6.7,1523,1.95,19.5,1000,0.2,10.33,-9.0,9.5,3.0,2358,589,29.18,0,,,,,0,
NON_49,36.413082555188645,127.37842299624728,대전광역시 유성구 화암동 120-3,2024,2,28,14,2,winter,0,1,1,1,0.0,2024-02-28,0,0,0,8,6.3,1637,2.16,-9.0,1200,-9.0,-9.0,-9.0,5.9,3.7,916,446,32.38,0,,,,,0,
NON_50,36.356236252165786,127.41566192202804,대전광역시 대덕구 오정동 404-10,2025,11,10,18,0,autumn,1,1,1,1,0.0,2025-11-10,0,0,0,352,8.9,1447,2.31,-9.0,1200,-9.0,-9.0,-9.0,8.0,9.6,906,400,32.46,0,,,,,0,
NON_51,36.36204672782425,127.34654511689021,대전광역시 유성구 궁동 220-9,2024,2,27,9,1,winter,1,1,1,1,0.0,2024-02-27,0,0,0,952,5.3,1428,2.68,-9.0,1200,-9.0,-9.0,-9.0,5.6,7.3,1001,884,11.57,0,,,,,0,
NON_52,36.42539156384414,127.39321311735266,대전광역시 유성구 관평동 1288,2024,6,27,11,3,summer,0,1,1,1,0.0,2024-06-27,0,0,0,1601,23.7,1451,1.79,-9.0,1400,-9.0,-9.0,-9.0,28.5,2.1,17,951,41.88,0,,,,,0,
NON_53,36.44330149668466,127.4331089838863,대전광역시 대덕구 신탄진동 272-2,2024,3,26,11,1,spring,0,5,5,5,0.0,2024-03-26,0,0,0,11,6.7,1523,1.95,19.5,1000,0.2,10.33,-9.0,9.5,3.0,2358,699,8.83,0,,,,,0,
NON_54,36.3851257451115,127.32122736468894,대전광역시 유성구 하기동 585,2024,2,28,15,2,winter,0,2,2,2,0.0,2024-02-28,0,0,0,8,6.3,1637,2.16,-9.0,1200,-9.0,-9.0,-9.0,5.9,3.7,916,1148,34.05,0,,,,,0,
NON_55,36.385679560881634,127.33740225695567,대전광역시 유성구 하기동 145-1,2024,3,21,10,3,spring,0,1,1,1,0.0,2024-03-21,0,0,0,1212,5.2,1448,3.14,-9.0,1200,-9.0,-9.0,-9.0,9.6,11.0,1,969,23.96,0,,,,,0,
NON_56,36.40158599607581,127.36257202768118,대전광역시 유성구 장동 242-7,2024,2,28,14,2,winter,0,1,1,1,0.0,2024-02-28,0,0,0,8,6.3,1637,2.16,-9.0,1200,-9.0,-9.0,-9.0,5.9,3.7,916,989,35.44,0,,,,,0,
NON_57,36.381025615044535,127.32386817780316,대전광역시 유성구 죽동 636,2024,4,4,15,3,spring,0,2,4,4,0.0,2024-04-04,0,0,0,2335,13.4,1031,1.56,0.0,1000,0.0,0.8,0.0,14.2,0.2,2355,822,22.96,0,,,,,0,
NON_58,36.423563497100794,127.29629490557782,세종특별자치시 금남면 두만리 42-11,2024,3,15,14,4,spring,0,2,2,2,0.0,2024-03-15,0,0,0,1451,9.5,1609,3.06,-9.0,1200,-9.0,-9.0,-9.0,10.5,11.0,2301,423,7.05,0,,,,,0,
NON_59,36.41579947603423,127.29746771894605,대전광역시 유성구 안산동 284-1,2024,3,15,15,4,spring,0,1,1,1,0.0,2024-03-15,0,0,0,1451,9.5,1609,3.06,-9.0,1200,-9.0,-9.0,-9.0,10.5,11.0,2301,591,40.4,0,,,,,0,
NON_60,36.355518278876715,127.33960026705492,대전광역시 유성구 봉명동 442-10,2024,4,5,8,4,spring,1,1,2,2,0.0,2024-04-05,0,0,0,28,13.3,1540,3.03,0.0,1300,0.0,0.5,0.0,14.6,6.1,921,1002,23.88,0,,,,,0,
NON_61,36.39374634802399,127.34971060498515,대전광역시 유성구 자운동 515-22,2024,2,29,14,3,winter,0,4,4,4,0.0,2024-02-29,0,0,0,2400,5.1,1247,0.6,0.2,1400,0.2,3.0,-9.0,5.5,0.0,49,544,41.18,0,,,,,0,
NON_62,36.3100197528648,127.44212904853555,대전광역시 중구 석교동 102-7,2025,11,9,12,6,autumn,0,1,1,1,0.0,2025-11-09,0,0,0,1345,13.7,1305,1.95,0.0,1300,-9.0,0.75,-9.0,13.0,6.8,1,213,19.57,1,,,,,0,
NON_63,36.38017492897397,127.32647025709537,대전광역시 유성구 죽동 650,2024,3,25,9,0,spring,1,1,1,1,0.0,2024-03-25,0,0,0,2121,9.4,1033,1.45,6.8,1000,26.1,11.25,-9.0,10.0,0.0,12,586,35.03,0,,,,,0,
NON_64,36.37576181111167,127.33935218806994,대전광역시 유성구 죽동 799,2024,7,22,7,0,summer,0,2,2,3,0.0,2024-07-22,0,0,0,2330,28.9,1240,2.46,-9.0,1200,0.0,-9.0,-9.0,29.3,2.8,113,1022,33.72,0,,,,,0,
NON_65,36.34491722130943,127.3393684114384,대전광역시 유성구 상대동 495,2024,9,8,15,6,autumn,0,1,1,1,0.0,2024-09-08,0,0,0,1556,27.6,1504,3.17,-9.0,1200,-9.0,-9.0,-9.0,34.8,10.4,755,514,5.71,1,,,,,0,
NON_66,36.39989840569018,127.39578387526576,대전광역시 유성구 전민동 816-1,2024,3,19,15,1,spring,0,1,1,1,0.0,2024-03-19,0,0,0,1123,7.2,1433,1.48,0.0,1100,0.0,4.08,-9.0,8.7,3.2,50,1122,41.81,0,,,,,0,
NON_67,36.38426833555049,127.35042301129896,대전광역시 유성구 신성동 281-5,2024,3,20,5,2,spring,0,2,2,2,0.0,2024-03-20,0,0,0,259,4.6,1337,3.01,-9.0,1100,-9.0,-9.0,-9.0,8.7,9.9,947,560,40.03,0,,,,,0,
NON_68,36.35761027694604,127.41630013784165,대전광역시 대덕구 오정동 728,2025,11,3,18,0,autumn,1,3,5,5,0.0,2025-11-03,0,0,0,54,7.0,1519,2.35,-9.0,1200,-9.0,-9.0,-9.0,7.3,9.7,856,435,17.72,0,,,,,0,
NON_69,36.35996767373373,127.35921853392357,대전광역시 유성구 봉명동 1012-1,2024,2,26,10,0,winter,0,1,1,1,0.0,2024-02-26,0,0,0,1620,3.7,1608,2.62,-9.0,1200,-9.0,-9.0,-9.0,4.9,7.3,806,662,24.82,0,,,,,0,
NON_70,36.39160842738091,127.35007301000155,대전광역시 유성구 신성동 466,2024,12,11,13,2,winter,0,1,1,1,0.0,2024-12-11,0,0,0,2144,2.5,1546,1.35,-9.0,1200,-9.0,-9.0,-9.0,1.8,5.0,2325,704,8.68,0,,,,,0,
NON_71,36.360057158234305,127.33878271452683,대전광역시 유성구 장대동 373,2024,3,6,14,2,spring,0,1,2,2,0.0,2024-03-06,0,0,0,2315,7.0,1522,2.15,-9.0,1200,0.0,-9.0,-9.0,7.2,5.8,2358,722,36.38,0,,,,,0,
NON_72,36.45830490776124,127.39018509840653,대전광역시 유성구 금고동 산 21,2024,3,27,15,2,spring,0,2,2,2,0.0,2024-03-27,0,0,0,1639,10.2,1438,2.79,-9.0,1200,1.2,-9.0,-9.0,11.6,9.0,711,529,46.99,0,,,,,0,
NON_73,36.37116457712243,127.31492604154731,대전광역시 유성구 노은동 570,2024,3,26,8,1,spring,1,2,2,2,0.0,2024-03-26,0,0,0,11,6.7,1523,1.95,19.5,1000,0.2,10.33,-9.0,9.5,3.0,2358,771,37.11,0,,,,,0,
NON_74,36.304691344557654,127.45060285031931,대전광역시 중구 호동 27-1,2025,11,9,12,6,autumn,0,2,2,2,0.0,2025-11-09,0,0,0,1345,13.7,1305,1.95,0.0,1300,-9.0,0.75,-9.0,13.0,6.8,1,544,25.99,1,,,,,0,
NON_75,36.34426218368547,127.42469941870173,대전광역시 동구 홍도동 17-1,2025,11,11,8,1,autumn,1,1,1,1,0.0,2025-11-11,0,0,0,1358,8.2,1509,2.21,-9.0,1100,-9.0,-9.0,-9.0,7.7,8.0,2220,358,9.68,0,,,,,0,
NON_76,36.37507141842029,127.41569831255639,대전광역시 대덕구 읍내동 543-1,2025,11,7,8,4,autumn,1,2,4,4,0.0,2025-11-07,0,0,0,2128,13.3,1516,2.17,-9.0,1200,-9.0,-9.0,-9.0,11.9,6.3,811,757,27.49,0,,,,,0,
NON_77,36.361069858599826,127.35399322155278,대전광역시 유성구 어은동 311,2024,6,21,10,4,summer,0,1,1,2,0.0,2024-06-21,0,0,0,2140,26.4,1512,3.55,-9.0,1300,0.2,-9.0,-9.0,34.5,10.9,2246,852,46.04,0,,,,,0,
NON_78,36.39881518820144,127.4043706698227,대전광역시 유성구 전민동 394-16,2024,2,29,13,3,winter,0,1,1,1,0.0,2024-02-29,0,0,0,2400,5.1,1247,0.6,0.2,1400,0.2,3.0,-9.0,5.5,0.0,49,713,19.89,0,,,,,0,
NON_79,36.34480565462051,127.32223345664619,대전광역시 유성구 복용동 152-8,2024,3,17,7,6,spring,0,1,1,1,0.0,2024-03-17,0,0,0,1109,9.7,1337,2.64,0.0,1100,-9.0,0.42,-9.0,13.4,6.8,2359,704,28.48,1,,,,,0,
NON_80,36.36145423921665,127.34449348639562,대전광역시 유성구 궁동 220-9,2024,12,12,13,3,winter,0,1,1,1,0.0,2024-12-12,0,0,0,1320,1.2,1340,1.95,-9.0,1200,-9.0,-9.0,-9.0,0.6,6.7,934,660,37.84,0,,,,,0,
NON_81,36.349221466526764,127.34019140778797,대전광역시 유성구 봉명동 1058,2024,7,23,10,1,summer,0,2,3,3,0.0,2024-07-23,0,0,0,49,27.2,1,0.67,3.9,1300,6.0,10.03,2.5,26.9,0.0,1006,640,7.34,0,,,,,0,
NON_82,36.33650679419109,127.41995036880974,대전광역시 중구 선화동 920,2025,11,9,15,6,autumn,0,6,11,11,0.0,2025-11-09,0,0,0,1345,13.7,1305,1.95,0.0,1300,-9.0,0.75,-9.0,13.0,6.8,1,569,24.39,1,,,,,0,
NON_83,36.37389617739281,127.39169875384276,대전광역시 유성구 도룡동 465-1,2024,2,22,14,3,winter,0,1,1,1,0.0,2024-02-22,0,0,0,1233,2.1,1350,0.58,3.7,1300,0.5,20.08,-9.0,3.8,0.0,2122,785,33.1,0,,,,,0,
NON_84,36.369877917852804,127.32888859603102,대전광역시 유성구 노은동 97,2024,3,20,14,2,spring,0,4,4,4,0.0,2024-03-20,0,0,0,259,4.6,1337,3.01,-9.0,1100,-9.0,-9.0,-9.0,8.7,9.9,947,954,38.29,0,,,,,0,
NON_85,36.35808951516523,127.3389845128829,대전광역시 유성구 장대동 373,2024,3,16,7,5,spring,0,2,4,5,0.0,2024-03-16,0,0,0,1616,11.4,1456,2.99,0.0,1200,0.0,1.25,-9.0,12.9,8.8,236,599,7.5,1,,,,,0,
NON_86,36.361331511790524,127.35557177838089,대전광역시 유성구 어은동 109,2024,12,8,18,6,winter,1,1,1,1,0.0,2024-12-08,0,0,0,1433,0.5,1422,2.02,0.0,1200,-9.0,0.25,-9.0,0.5,8.1,930,551,30.14,1,,,,,0,
NON_87,36.36027187806602,127.35369716219591,대전광역시 유성구 어은동 106-2,2024,10,30,13,2,autumn,0,1,1,1,0.0,2024-10-30,0,0,0,1945,14.7,1511,2.4,-9.0,1200,-9.0,-9.0,-9.0,14.2,9.6,2325,1168,30.47,0,,,,,0,
NON_88,36.36817638896188,127.31328979654069,대전광역시 유성구 노은동 570,2024,7,1,15,0,summer,0,3,3,3,0.0,2024-07-01,0,0,0,1537,26.2,1700,2.97,-9.0,1300,49.3,-9.0,-9.0,29.7,8.7,2224,640,29.19,0,,,,,0,
NON_89,36.44345730624208,127.43329196534245,대전광역시 대덕구 신탄진동 272-2,2024,3,26,11,1,spring,0,4,4,4,0.0,2024-03-26,0,0,0,11,6.7,1523,1.95,19.5,1000,0.2,10.33,-9.0,9.5,3.0,2358,306,21.44,0,,,,,0,
NON_90,36.36434808554267,127.35965749285727,대전광역시 유성구 구성동 294-6,2024,6,24,16,0,summer,0,1,1,1,0.0,2024-06-24,0,0,0,1111,25.3,1500,3.34,-9.0,1200,-9.0,-9.0,-9.0,30.1,8.1,2400,1041,25.05,0,,,,,0,
NON_91,36.38541644979291,127.35855118790771,대전광역시 유성구 신성동 421,2024,2,28,15,2,winter,0,1,1,1,0.0,2024-02-28,0,0,0,8,6.3,1637,2.16,-9.0,1200,-9.0,-9.0,-9.0,5.9,3.7,916,457,27.55,0,,,,,0,
NON_92,36.30705483997478,127.44798973710552,대전광역시 중구 석교동 102-7,2025,11,9,12,6,autumn,0,3,3,3,0.0,2025-11-09,0,0,0,1345,13.7,1305,1.95,0.0,1300,-9.0,0.75,-9.0,13.0,6.8,1,520,20.86,1,,,,,0,
NON_93,36.35022813925912,127.33608287990756,대전광역시 유성구 구암동 641,2024,3,22,14,4,spring,0,2,4,4,0.0,2024-03-22,0,0,0,1442,10.1,1324,2.8,4.1,1100,4.4,6.33,-9.0,9.9,5.9,117,286,40.43,0,,,,,0,
NON_94,36.332599117248876,127.33344488089328,대전광역시 유성구 원신흥동 608,2024,7,4,11,3,summer,0,1,1,1,0.0,2024-07-04,0,0,0,2250,28.1,1507,3.46,-9.0,1200,3.9,-9.0,-9.0,29.2,10.0,1,381,8.17,0,,,,,0,
NON_95,36.36139674729728,127.35357279026441,대전광역시 유성구 궁동 445,2024,3,4,14,0,spring,0,1,1,1,0.0,2024-03-04,0,0,0,1729,6.7,1428,2.21,-9.0,1100,2.2,-9.0,-9.0,6.7,5.7,956,809,20.12,0,,,,,0,
NON_96,36.36908253996739,127.32660306363213,대전광역시 유성구 노은동 62-1,2024,2,23,10,4,winter,0,1,1,1,0.0,2024-02-23,0,0,0,1253,3.0,1324,2.5,0.0,1200,0.0,9.5,-9.0,5.6,3.2,2056,815,32.17,0,,,,,0,
NON_97,36.33879264492582,127.31642286891173,대전광역시 유성구 학하동 685-139,2024,9,8,15,6,autumn,0,1,1,1,0.0,2024-09-08,0,0,0,1556,27.6,1504,3.17,-9.0,1200,-9.0,-9.0,-9.0,34.8,10.4,755,610,24.66,1,,,,,0,
NON_98,36.35528183180838,127.41661748441996,대전광역시 대덕구 오정동 728,2025,11,10,8,0,autumn,1,3,7,7,0.0,2025-11-10,0,0,0,352,8.9,1447,2.31,-9.0,1200,-9.0,-9.0,-9.0,8.0,9.6,906,639,19.47,0,,,,,0,
NON_99,36.384629422239826,127.3211749961033,대전광역시 유성구 하기동 585,2024,4,4,15,3,spring,0,1,1,7,0.0,2024-04-04,0,0,0,2335,13.4,1031,1.56,0.0,1000,0.0,0.8,0.0,14.2,0.2,2355,866,8.21,0,,,,,0,
NON_100,36.379032408185566,127.39099563380337,대전광역시 유성구 도룡동 3-6,2024,3,27,14,2,spring,0,1,1,1,0.0,2024-03-27,0,0,0,1639,10.2,1438,2.79,-9.0,1200,1.2,-9.0,-9.0,11.6,9.0,711,244,31.41,0,,,,,0,
NON_101,36.384393182277705,127.36413523752663,대전광역시 유성구 가정동 산 16-5,2024,2,28,12,2,winter,0,2,2,2,0.0,2024-02-28,0,0,0,8,6.3,1637,2.16,-9.0,1200,-9.0,-9.0,-9.0,5.9,3.7,916,852,22.85,0,,,,,0,
NON_102,36.391301164438666,127.35072863131846,대전광역시 유성구 신성동 466,2024,12,11,13,2,winter,0,1,1,1,0.0,2024-12-11,0,0,0,2144,2.5,1546,1.35,-9.0,1200,-9.0,-9.0,-9.0,1.8,5.0,2325,704,8.68,0,,,,,0,
NON_103,36.40486321444552,127.3661606365054,대전광역시 유성구 방현동 52-2,2024,2,28,14,2,winter,0,1,1,1,0.0,2024-02-28,0,0,0,8,6.3,1637,2.16,-9.0,1200,-9.0,-9.0,-9.0,5.9,3.7,916,859,20.09,0,,,,,0,
NON_104,36.37612067057461,127.41288736703524,대전광역시 대덕구 읍내동 509-9,2025,11,10,18,0,autumn,1,1,2,2,0.0,2025-11-10,0,0,0,352,8.9,1447,2.31,-9.0,1200,-9.0,-9.0,-9.0,8.0,9.6,906,543,39.69,0,,,,,0,
NON_105,36.34679724587154,127.41114859375367,대전광역시 중구 중촌동 413-99,2025,11,2,8,6,autumn,1,1,1,1,0.0,2025-11-02,0,0,0,1336,9.4,1106,2.11,2.1,1100,-9.0,1.25,-9.0,9.9,6.7,2344,406,20.31,1,,,,,0,
NON_106,36.44191226415759,127.38482495367026,대전광역시 유성구 봉산동 산 37-4,2024,5,29,15,2,spring,0,1,1,1,0.0,2024-05-29,0,0,0,1248,20.9,1606,3.59,-9.0,1200,-9.0,-9.0,-9.0,26.3,13.3,849,448,24.3,0,,,,,0,
NON_107,36.39041422827763,127.40762254617198,대전광역시 유성구 문지동 661-3,2025,11,6,9,3,autumn,1,1,1,1,0.0,2025-11-06,0,0,0,1337,11.3,1438,2.13,-9.0,1200,-9.0,-9.0,-9.0,10.8,6.4,838,1032,24.48,0,,,,,0,
NON_108,36.36093523419121,127.32816080479195,대전광역시 유성구 장대동 228-8,2024,3,19,10,1,spring,0,1,1,1,0.0,2024-03-19,0,0,0,1123,7.2,1433,1.48,0.0,1100,0.0,4.08,-9.0,8.7,3.2,50,969,7.82,0,,,,,0,
NON_109,36.37955767635141,127.40837334099179,대전광역시 유성구 원촌동 269-10,2025,10,30,19,3,autumn,1,1,1,1,0.0,2025-10-30,0,0,0,438,10.2,1356,1.69,-9.0,1200,-9.0,-9.0,-9.0,10.6,6.6,852,346,35.6,0,,,,,0,
NON_110,36.40290849393417,127.40444487473445,대전광역시 유성구 전민동 464-3,2024,12,2,14,0,winter,0,1,1,1,0.0,2024-12-02,0,0,0,1712,8.3,1354,1.66,0.0,1100,0.0,0.45,-9.0,6.6,5.1,2313,1101,15.52,0,,,,,0,
NON_111,36.341260342950086,127.30495490612084,대전광역시 유성구 계산동 803-11,2024,3,1,6,4,spring,0,1,1,1,0.0,2024-03-01,0,0,0,1424,-2.2,1,2.91,-9.0,1200,-9.0,-9.0,-9.0,2.1,10.2,2239,1009,39.66,0,,,,,0,
NON_112,36.34205752221421,127.42200334995651,대전광역시 동구 삼성동 480-1,2025,11,6,8,3,autumn,1,1,1,1,0.0,2025-11-06,0,0,0,1337,11.3,1438,2.13,-9.0,1200,-9.0,-9.0,-9.0,10.8,6.4,838,437,13.57,0,,,,,0,
NON_113,36.399173212800406,127.31454004894506,대전광역시 유성구 외삼동 577,2024,3,20,9,2,spring,1,1,3,3,0.0,2024-03-20,0,0,0,259,4.6,1337,3.01,-9.0,1100,-9.0,-9.0,-9.0,8.7,9.9,947,845,40.02,0,,,,,0,
NON_114,36.35752167881936,127.33928969965449,대전광역시 유성구 장대동 373,2024,4,3,16,2,spring,0,1,6,7,0.0,2024-04-03,0,0,0,20,13.2,1405,0.47,16.0,1000,10.3,18.33,2.3,14.0,0.0,1,481,25.98,0,,,,,0,
NON_115,36.334889251840934,127.42053520987301,대전광역시 중구 선화동 920,2025,11,10,18,0,autumn,1,8,13,13,0.0,2025-11-10,0,0,0,352,8.9,1447,2.31,-9.0,1200,-9.0,-9.0,-9.0,8.0,9.6,906,430,21.11,0,,,,,0,
NON_116,36.336760086574074,127.41997791427266,대전광역시 중구 선화동 260-1,2025,11,9,21,6,autumn,0,4,6,6,0.0,2025-11-09,0,0,0,1345,13.7,1305,1.95,0.0,1300,-9.0,0.75,-9.0,13.0,6.8,1,601,25.19,1,,,,,0,
NON_117,36.36603804498547,127.32336369893285,대전광역시 유성구 노은동 613,2024,3,8,15,4,spring,0,1,1,1,0.0,2024-03-08,0,0,0,1350,2.9,1304,2.9,-9.0,1200,-9.0,-9.0,-9.0,4.4,10.2,2400,787,38.99,0,,,,,0,
NON_118,36.36205967293497,127.33488932840505,대전광역시 유성구 장대동 63-2,2024,3,5,16,1,spring,0,1,1,1,0.0,2024-03-05,0,0,0,1830,5.9,1,0.29,2.5,1000,0.3,15.42,-9.0,5.8,0.0,208,213,17.82,0,,,,,0,
NON_119,36.37048680763399,127.32751967458357,대전광역시 유성구 노은동 107-18,2024,3,16,8,5,spring,1,2,2,2,0.0,2024-03-16,0,0,0,1616,11.4,1456,2.99,0.0,1200,0.0,1.25,-9.0,12.9,8.8,236,369,13.24,1,,,,,0,
NON_120,36.391692443008964,127.40830879897842,대전광역시 유성구 문지동 661-3,2025,11,6,9,3,autumn,1,1,1,1,0.0,2025-11-06,0,0,0,1337,11.3,1438,2.13,-9.0,1200,-9.0,-9.0,-9.0,10.8,6.4,838,1032,24.48,0,,,,,0,
NON_121,36.39605295317946,127.40078544204722,대전광역시 유성구 전민동 899,2024,3,19,15,1,spring,0,1,1,1,0.0,2024-03-19,0,0,0,1123,7.2,1433,1.48,0.0,1100,0.0,4.08,-9.0,8.7,3.2,50,386,33.41,0,,,,,0,
NON_122,36.35779929242665,127.41680201641505,대전광역시 대덕구 오정동 728,2025,11,4,7,1,autumn,0,3,6,6,0.0,2025-11-04,0,0,0,1627,10.5,1504,2.27,-9.0,1200,-9.0,-9.0,-9.0,9.7,8.0,1,1099,12.48,0,,,,,0,
NON_123,36.371124698738896,127.32666412217762,대전광역시 유성구 노은동 107-39,2024,3,23,8,5,spring,1,1,1,1,0.0,2024-03-23,0,0,0,1516,14.9,1457,3.14,0.3,1200,-9.0,2.25,-9.0,15.9,9.3,2254,328,15.13,1,,,,,0,
NON_124,36.37260050110671,127.4164242741702,대전광역시 대덕구 읍내동 450-6,2025,11,10,18,0,autumn,1,1,2,2,0.0,2025-11-10,0,0,0,352,8.9,1447,2.31,-9.0,1200,-9.0,-9.0,-9.0,8.0,9.6,906,546,13.03,0,,,,,0,
NON_125,36.398179337217144,127.3577114689111,대전광역시 유성구 장동 202-10,2024,2,29,12,3,winter,0,1,1,1,0.0,2024-02-29,0,0,0,2400,5.1,1247,0.6,0.2,1400,0.2,3.0,-9.0,5.5,0.0,49,356,34.74,0,,,,,0,
NON_126,36.39098889839827,127.33042508873214,대전광역시 유성구 하기동 603,2024,3,20,5,2,spring,0,2,6,6,0.0,2024-03-20,0,0,0,259,4.6,1337,3.01,-9.0,1100,-9.0,-9.0,-9.0,8.7,9.9,947,340,22.71,0,,,,,0,
NON_127,36.385610570787385,127.32133759598517,대전광역시 유성구 하기동 576,2024,2,28,15,2,winter,0,2,2,2,0.0,2024-02-28,0,0,0,8,6.3,1637,2.16,-9.0,1200,-9.0,-9.0,-9.0,5.9,3.7,916,889,36.66,0,,,,,0,
NON_128,36.36365878740285,127.34060796267242,대전광역시 유성구 궁동 335-27,2024,6,26,9,2,summer,1,1,1,1,0.0,2024-06-26,0,0,0,1637,24.3,1616,3.49,-9.0,1200,-9.0,-9.0,-9.0,32.2,12.5,806,929,23.15,0,,,,,0,
NON_129,36.351304603933485,127.41992452478071,대전광역시 대덕구 오정동 735,2025,10,31,8,4,autumn,1,2,2,2,0.0,2025-10-31,0,0,0,1240,12.6,1451,2.31,0.0,1200,0.2,0.17,0.0,12.7,7.5,1,277,25.03,0,,,,,0,
NON_130,36.304399874874036,127.44916992706577,대전광역시 중구 호동 27-1,2025,11,9,12,6,autumn,0,1,1,1,0.0,2025-11-09,0,0,0,1345,13.7,1305,1.95,0.0,1300,-9.0,0.75,-9.0,13.0,6.8,1,582,7.72,1,,,,,0,
NON_131,36.37811643675622,127.41161396563086,대전광역시 대덕구 읍내동 505-36,2025,11,3,8,0,autumn,1,1,1,1,0.0,2025-11-03,0,0,0,54,7.0,1519,2.35,-9.0,1200,-9.0,-9.0,-9.0,7.3,9.7,856,518,31.74,0,,,,,0,
NON_132,36.32200519893877,127.43830261311032,대전광역시 동구 인동 352,2025,11,9,15,6,autumn,0,2,2,2,0.0,2025-11-09,0,0,0,1345,13.7,1305,1.95,0.0,1300,-9.0,0.75,-9.0,13.0,6.8,1,579,21.3,1,,,,,0,
NON_133,36.33711814295677,127.42022355589236,대전광역시 중구 선화동 920,2025,11,9,15,6,autumn,0,6,11,11,0.0,2025-11-09,0,0,0,1345,13.7,1305,1.95,0.0,1300,-9.0,0.75,-9.0,13.0,6.8,1,569,24.39,1,,,,,0,
NON_134,36.36405253365671,127.30888100233776,대전광역시 유성구 구암동 514,2024,2,29,13,3,winter,0,1,1,1,0.0,2024-02-29,0,0,0,2400,5.1,1247,0.6,0.2,1400,0.2,3.0,-9.0,5.5,0.0,49,421,40.98,0,,,,,0,
NON_135,36.352981795083195,127.3414954106635,대전광역시 유성구 봉명동 1058,2024,2,27,9,1,winter,1,1,1,1,0.0,2024-02-27,0,0,0,952,5.3,1428,2.68,-9.0,1200,-9.0,-9.0,-9.0,5.6,7.3,1001,521,29.06,0,,,,,0,
NON_136,36.35545189323602,127.33983117708264,대전광역시 유성구 봉명동 442-10,2024,4,5,8,4,spring,1,1,2,2,0.0,2024-04-05,0,0,0,28,13.3,1540,3.03,0.0,1300,0.0,0.5,0.0,14.6,6.1,921,1002,23.88,0,,,,,0,
NON_137,36.39346672314504,127.31270780459944,대전광역시 유성구 반석동 687,2024,3,26,15,1,spring,0,1,1,1,0.0,2024-03-26,0,0,0,11,6.7,1523,1.95,19.5,1000,0.2,10.33,-9.0,9.5,3.0,2358,274,45.46,0,,,,,0,
NON_138,36.33029867977526,127.31340331315317,대전광역시 유성구 용계동 390-3,2024,7,23,10,1,summer,0,2,2,2,0.0,2024-07-23,0,0,0,49,27.2,1,0.67,3.9,1300,6.0,10.03,2.5,26.9,0.0,1006,685,39.58,0,,,,,0,
NON_139,36.45804593624248,127.39007321350374,대전광역시 유성구 금고동 산 21,2024,3,27,15,2,spring,0,1,1,1,0.0,2024-03-27,0,0,0,1639,10.2,1438,2.79,-9.0,1200,1.2,-9.0,-9.0,11.6,9.0,711,395,39.79,0,,,,,0,
NON_140,36.35236749352088,127.33067666172482,대전광역시 유성구 구암동 641,2024,2,26,10,0,winter,0,1,1,1,0.0,2024-02-26,0,0,0,1620,3.7,1608,2.62,-9.0,1200,-9.0,-9.0,-9.0,4.9,7.3,806,1187,29.84,0,,,,,0,
NON_141,36.42766994699681,127.38831644078117,대전광역시 유성구 관평동 1286,2024,1,19,16,4,winter,0,2,2,2,0.0,2024-01-19,0,0,0,1044,5.9,1256,2.08,-9.0,1200,0.0,-9.0,-9.0,5.5,3.1,955,960,10.69,0,,,,,0,
NON_142,36.36099331707118,127.33737377693213,대전광역시 유성구 장대동 352-3,2024,3,26,10,1,spring,0,1,1,1,0.0,2024-03-26,0,0,0,11,6.7,1523,1.95,19.5,1000,0.2,10.33,-9.0,9.5,3.0,2358,239,10.87,0,,,,,0,
NON_143,36.424588232872075,127.42022220736615,대전광역시 대덕구 상서동 349-92,2024,3,28,10,3,spring,0,1,1,1,0.0,2024-03-28,0,0,0,1116,9.0,1,0.42,21.3,1100,20.1,13.75,-9.0,10.0,0.0,4,696,41.75,0,,,,,0,
NON_144,36.361273757090494,127.35453279251021,대전광역시 유성구 어은동 311,2025,2,14,10,4,winter,0,1,4,8,0.0,2025-02-14,0,0,0,1344,3.5,1429,2.47,-9.0,1200,-9.0,-9.0,-9.0,3.0,9.7,240,682,38.68,0,,,,,0,
NON_145,36.314574567714004,127.31617873566096,대전광역시 유성구 대정동 507,2024,7,23,10,1,summer,0,1,1,1,0.0,2024-07-23,0,0,0,49,27.2,1,0.67,3.9,1300,6.0,10.03,2.5,26.9,0.0,1006,505,47.52,0,,,,,0,
NON_146,36.3970795027269,127.30920110907945,대전광역시 유성구 반석동 612,2025,1,24,15,4,winter,0,1,1,1,0.0,2025-01-24,0,0,0,1412,2.6,1407,2.17,-9.0,1200,-9.0,-9.0,-9.0,1.9,9.2,1021,699,15.97,0,,,,,0,
NON_147,36.442871725720394,127.42927367083087,대전광역시 대덕구 덕암동 31,2024,3,26,10,1,spring,0,1,1,1,0.0,2024-03-26,0,0,0,11,6.7,1523,1.95,19.5,1000,0.2,10.33,-9.0,9.5,3.0,2358,589,29.18,0,,,,,0,
NON_148,36.42048418467803,127.40571239165459,대전광역시 유성구 탑립동 709,2024,3,27,14,2,spring,0,2,2,2,0.0,2024-03-27,0,0,0,1639,10.2,1438,2.79,-9.0,1200,1.2,-9.0,-9.0,11.6,9.0,711,551,29.9,0,,,,,0,
NON_149,36.430172289412994,127.38278092768834,대전광역시 유성구 송강동 556,2024,2,29,13,3,winter,0,2,2,2,0.0,2024-02-29,0,0,0,2400,5.1,1247,0.6,0.2,1400,0.2,3.0,-9.0,5.5,0.0,49,648,46.72,0,,,,,0,
NON_150,36.41364761506321,127.29778107807067,대전광역시 유성구 안산동 273-2,2024,3,6,10,2,spring,0,1,1,1,0.0,2024-03-06,0,0,0,2315,7.0,1522,2.15,-9.0,1200,0.0,-9.0,-9.0,7.2,5.8,2358,950,33.1,0,,,,,0,
NON_151,36.420313892308265,127.40623776106023,대전광역시 유성구 탑립동 709,2024,3,27,14,2,spring,0,2,2,2,0.0,2024-03-27,0,0,0,1639,10.2,1438,2.79,-9.0,1200,1.2,-9.0,-9.0,11.6,9.0,711,551,29.9,0,,,,,0,
NON_152,36.39075480183463,127.40666431062986,대전광역시 유성구 문지동 676,2025,10,31,18,4,autumn,1,1,1,1,0.0,2025-10-31,0,0,0,1240,12.6,1451,2.31,0.0,1200,0.2,0.17,0.0,12.7,7.5,1,629,25.61,0,,,,,0,
NON_153,36.31189606737314,127.288967288802,대전광역시 유성구 성북동 731-11,2024,12,13,14,4,winter,0,1,1,1,0.0,2024-12-13,0,0,0,1254,0.6,1235,0.74,0.0,1000,0.0,1.5,-9.0,0.9,0.3,226,694,34.76,0,,,,,0,
NON_154,36.425252126365386,127.38977586736999,대전광역시 유성구 관평동 1291,2024,7,5,10,4,summer,0,1,1,1,0.0,2024-07-05,0,0,0,121,25.8,1555,3.5,3.9,1100,-9.0,2.67,3.7,27.4,7.9,2128,888,14.88,0,,,,,0,
NON_155,36.364116864368675,127.32784818234789,대전광역시 유성구 장대동 231-2,2024,8,1,10,3,summer,0,1,1,1,0.0,2024-08-01,0,0,0,1028,30.0,1448,2.84,-9.0,1300,-9.0,-9.0,-9.0,34.4,5.9,156,757,30.19,0,,,,,0,
NON_156,36.34499130142832,127.32332092388656,대전광역시 유성구 복용동 152-8,2024,3,17,7,6,spring,0,1,1,1,0.0,2024-03-17,0,0,0,1109,9.7,1337,2.64,0.0,1100,-9.0,0.42,-9.0,13.4,6.8,2359,704,28.48,1,,,,,0,
NON_157,36.366170584868776,127.31475082955218,대전광역시 유성구 노은동 602,2024,3,24,8,6,spring,1,1,1,1,0.0,2024-03-24,0,0,0,839,14.1,1602,2.03,-9.0,1400,-9.0,-9.0,-9.0,15.1,3.6,936,716,15.36,1,,,,,0,
NON_158,36.26727924005214,127.284574327725,대전광역시 유성구 방동 623-4,2024,3,8,15,4,spring,0,1,1,1,0.0,2024-03-08,0,0,0,1350,2.9,1304,2.9,-9.0,1200,-9.0,-9.0,-9.0,4.4,10.2,2400,650,12.39,0,,,,,0,
NON_159,36.35739439534495,127.33997822625105,대전광역시 유성구 봉명동 531,2024,4,5,9,4,spring,1,1,1,1,0.0,2024-04-05,0,0,0,28,13.3,1540,3.03,0.0,1300,0.0,0.5,0.0,14.6,6.1,921,879,36.86,0,,,,,0,
NON_160,36.28549424860035,127.3103083621649,대전광역시 유성구 방동 19-25,2024,2,19,10,0,winter,0,1,1,1,0.0,2024-02-19,0,0,0,1349,9.8,1344,0.59,16.6,1300,1.2,13.83,-9.0,9.7,0.0,2253,581,9.88,0,,,,,0,
NON_161,36.315700677525875,127.31699760369618,대전광역시 유성구 대정동 507-13,2024,3,17,6,6,spring,0,1,1,1,0.0,2024-03-17,0,0,0,1109,9.7,1337,2.64,0.0,1100,-9.0,0.42,-9.0,13.4,6.8,2359,573,17.51,1,,,,,0,
NON_162,36.36019326374666,127.30795279910284,대전광역시 유성구 구암동 686,2025,11,2,11,6,autumn,0,2,2,2,0.0,2025-11-02,0,0,0,1336,9.4,1106,2.11,2.1,1100,-9.0,1.25,-9.0,9.9,6.7,2344,662,15.39,1,,,,,0,
NON_163,36.34939661885475,127.33532944877197,대전광역시 유성구 구암동 639,2025,11,2,9,6,autumn,1,1,1,1,0.0,2025-11-02,0,0,0,1336,9.4,1106,2.11,2.1,1100,-9.0,1.25,-9.0,9.9,6.7,2344,470,9.93,1,,,,,0,
NON_164,36.40904398134991,127.37819076838163,대전광역시 유성구 화암동 109-11,2024,6,20,10,3,summer,0,1,1,1,0.0,2024-06-20,0,0,0,1354,25.7,1457,2.67,-9.0,1400,-9.0,-9.0,-9.0,33.4,6.3,6,998,34.66,0,,,,,0,
NON_165,36.36648021739234,127.33222778922767,대전광역시 유성구 장대동 121-2,2024,3,20,10,2,spring,0,3,3,3,0.0,2024-03-20,0,0,0,259,4.6,1337,3.01,-9.0,1100,-9.0,-9.0,-9.0,8.7,9.9,947,326,10.61,0,,,,,0,
NON_166,36.40192054331518,127.40445260653041,대전광역시 유성구 전민동 464-3,2024,4,1,14,0,spring,0,4,4,4,0.0,2024-04-01,0,0,0,1553,13.1,1447,3.22,-9.0,1200,-9.0,-9.0,-9.0,13.5,11.6,1043,498,32.39,0,,,,,0,
NON_167,36.33651804194868,127.41992296770593,대전광역시 중구 선화동 920,2025,11,10,18,0,autumn,1,9,14,14,0.0,2025-11-10,0,0,0,352,8.9,1447,2.31,-9.0,1200,-9.0,-9.0,-9.0,8.0,9.6,906,998,21.92,0,,,,,0,
NON_168,36.390357402967176,127.33070014186062,대전광역시 유성구 하기동 603,2024,3,20,5,2,spring,0,1,5,5,0.0,2024-03-20,0,0,0,259,4.6,1337,3.01,-9.0,1100,-9.0,-9.0,-9.0,8.7,9.9,947,680,40.36,0,,,,,0,
NON_169,36.29830577559606,127.31532003580648,대전광역시 유성구 원내동 280,2024,7,23,10,1,summer,0,1,1,1,0.0,2024-07-23,0,0,0,49,27.2,1,0.67,3.9,1300,6.0,10.03,2.5,26.9,0.0,1006,396,36.38,0,,,,,0,
NON_170,36.34133918008077,127.33817740834459,대전광역시 유성구 상대동 498,2024,4,24,10,2,spring,0,1,1,1,0.0,2024-04-24,0,0,0,1341,13.8,1340,3.47,4.3,1100,0.0,5.2,3.7,15.8,4.1,2352,375,39.53,0,,,,,0,
NON_171,36.442109316643,127.42897053295889,대전광역시 대덕구 신탄진동 264-64,2024,3,26,10,1,spring,0,1,1,1,0.0,2024-03-26,0,0,0,11,6.7,1523,1.95,19.5,1000,0.2,10.33,-9.0,9.5,3.0,2358,621,31.8,0,,,,,0,
NON_172,36.398933724943866,127.31562369980803,대전광역시 유성구 외삼동 574-5,2024,3,20,10,2,spring,0,2,5,5,0.0,2024-03-20,0,0,0,259,4.6,1337,3.01,-9.0,1100,-9.0,-9.0,-9.0,8.7,9.9,947,859,29.15,0,,,,,0,
NON_173,36.39614451798095,127.40448839621368,대전광역시 유성구 전민동 271-5,2024,2,29,13,3,winter,0,3,3,3,0.0,2024-02-29,0,0,0,2400,5.1,1247,0.6,0.2,1400,0.2,3.0,-9.0,5.5,0.0,49,315,7.96,0,,,,,0,
NON_174,36.35856429706765,127.33439184209536,대전광역시 유성구 장대동 277-6,2024,3,8,11,4,spring,0,1,1,1,0.0,2024-03-08,0,0,0,1350,2.9,1304,2.9,-9.0,1200,-9.0,-9.0,-9.0,4.4,10.2,2400,794,22.56,0,,,,,0,
NON_175,36.414490089930844,127.40737411313577,대전광역시 유성구 탑립동 945,2024,3,27,13,2,spring,0,1,1,1,0.0,2024-03-27,0,0,0,1639,10.2,1438,2.79,-9.0,1200,1.2,-9.0,-9.0,11.6,9.0,711,409,12.09,0,,,,,0,
NON_176,36.369265874922654,127.41972533059796,대전광역시 대덕구 읍내동 543-13,2025,11,5,8,2,autumn,1,1,1,1,0.0,2025-11-05,0,0,0,1630,10.4,1502,2.04,-9.0,1200,-9.0,-9.0,-9.0,10.3,7.3,921,509,34.88,0,,,,,0,
NON_177,36.42745652333362,127.38666155244825,대전광역시 유성구 관평동 1286,2024,1,19,16,4,winter,0,1,1,1,0.0,2024-01-19,0,0,0,1044,5.9,1256,2.08,-9.0,1200,0.0,-9.0,-9.0,5.5,3.1,955,602,19.93,0,,,,,0,
NON_178,36.3349050643189,127.42172815523097,대전광역시 중구 선화동 920,2025,10,30,20,3,autumn,0,5,5,5,0.0,2025-10-30,0,0,0,438,10.2,1356,1.69,-9.0,1200,-9.0,-9.0,-9.0,10.6,6.6,852,354,19.85,0,,,,,0,
NON_179,36.359500652337616,127.4176853214334,대전광역시 대덕구 오정동 41-2,2025,11,11,8,1,autumn,1,1,1,1,0.0,2025-11-11,0,0,0,1358,8.2,1509,2.21,-9.0,1100,-9.0,-9.0,-9.0,7.7,8.0,2220,351,14.57,0,,,,,0,
NON_180,36.32345139746069,127.31764878340462,대전광역시 유성구 용계동 400-4,2024,10,28,10,0,autumn,0,1,1,1,0.0,2024-10-28,0,0,0,2246,14.8,1145,1.41,0.0,1100,0.0,1.17,0.0,15.4,0.4,2309,779,6.41,0,,,,,0,
NON_181,36.37414061293929,127.35617130051153,대전광역시 유성구 어은동 52-7,2024,3,24,6,6,spring,0,1,1,1,0.0,2024-03-24,0,0,0,839,14.1,1602,2.03,-9.0,1400,-9.0,-9.0,-9.0,15.1,3.6,936,656,25.12,1,,,,,0,
NON_182,36.34265319466584,127.42396677946564,대전광역시 동구 삼성동 458,2025,11,11,8,1,autumn,1,4,5,5,0.0,2025-11-11,0,0,0,1358,8.2,1509,2.21,-9.0,1100,-9.0,-9.0,-9.0,7.7,8.0,2220,287,20.02,0,,,,,0,
NON_183,36.37806126719124,127.3761972740914,대전광역시 유성구 가정동 37,2024,3,19,15,1,spring,0,1,1,1,0.0,2024-03-19,0,0,0,1123,7.2,1433,1.48,0.0,1100,0.0,4.08,-9.0,8.7,3.2,50,360,35.97,0,,,,,0,
NON_184,36.36130792324733,127.35616944136554,대전광역시 유성구 어은동 311,2025,1,22,13,2,winter,0,1,1,5,0.0,2025-01-22,0,0,0,1305,3.4,1358,1.76,-9.0,1300,-9.0,-9.0,-9.0,2.2,5.6,1004,621,30.84,0,,,,,0,
NON_185,36.35507937498585,127.34202358679939,대전광역시 유성구 봉명동 574,2024,3,7,15,3,spring,0,4,5,5,0.0,2024-03-07,0,0,0,1334,4.6,1424,2.2,0.0,1000,-9.0,0.5,-9.0,6.9,6.7,2356,1129,12.45,0,,,,,0,
NON_186,36.36216475679627,127.39562377567051,대전광역시 서구 둔산동 1514,2025,11,2,12,6,autumn,0,2,2,2,0.0,2025-11-02,0,0,0,1336,9.4,1106,2.11,2.1,1100,-9.0,1.25,-9.0,9.9,6.7,2344,358,16.03,1,,,,,0,
NON_187,36.39518759894297,127.34925864742198,대전광역시 유성구 자운동 515-21,2024,2,14,13,2,winter,0,2,2,2,0.0,2024-02-14,0,0,0,1630,13.2,1441,1.57,0.0,1400,0.0,2.67,-9.0,10.8,2.8,11,1015,16.37,0,,,,,0,
NON_188,36.42048041258228,127.3856105818789,대전광역시 유성구 관평동 673,2024,12,2,14,0,winter,0,1,1,1,0.0,2024-12-02,0,0,0,1712,8.3,1354,1.66,0.0,1100,0.0,0.45,-9.0,6.6,5.1,2313,395,24.12,0,,,,,0,
NON_189,36.37719867986317,127.33045868379239,대전광역시 유성구 죽동 381,2025,1,13,16,0,winter,0,1,1,1,0.0,2025-01-13,0,0,0,1242,1.1,1532,1.96,-9.0,1200,0.1,-9.0,-9.0,-0.2,7.8,1008,415,48.26,0,,,,,0,
NON_190,36.36505620939613,127.33817349529161,대전광역시 유성구 장대동 302,2024,3,26,8,1,spring,1,1,1,1,0.0,2024-03-26,0,0,0,11,6.7,1523,1.95,19.5,1000,0.2,10.33,-9.0,9.5,3.0,2358,628,18.84,0,,,,,0,
NON_191,36.357272877020776,127.33285730702175,대전광역시 유성구 장대동 251-3,2024,3,25,8,0,spring,1,2,2,2,0.0,2024-03-25,0,0,0,2121,9.4,1033,1.45,6.8,1000,26.1,11.25,-9.0,10.0,0.0,12,319,38.83,0,,,,,0,
NON_192,36.39923315069149,127.31195756160668,대전광역시 유성구 외삼동 574-5,2024,3,6,9,2,spring,1,3,3,3,0.0,2024-03-06,0,0,0,2315,7.0,1522,2.15,-9.0,1200,0.0,-9.0,-9.0,7.2,5.8,2358,710,25.25,0,,,,,0,
NON_193,36.41876760097732,127.37852632445097,대전광역시 유성구 덕진동 51-4,2024,5,30,15,3,spring,0,1,1,1,0.0,2024-05-30,0,0,0,2334,21.1,1156,2.03,-9.0,1100,-9.0,-9.0,-9.0,24.6,0.9,2,501,20.72,0,,,,,0,
NON_194,36.398234271084945,127.3144562050749,대전광역시 유성구 외삼동 574-5,2024,3,6,9,2,spring,1,1,1,1,0.0,2024-03-06,0,0,0,2315,7.0,1522,2.15,-9.0,1200,0.0,-9.0,-9.0,7.2,5.8,2358,747,6.78,0,,,,,0,
NON_195,36.38120994941637,127.4060671832935,대전광역시 유성구 원촌동 90,2025,11,3,10,0,autumn,0,1,1,1,0.0,2025-11-03,0,0,0,54,7.0,1519,2.35,-9.0,1200,-9.0,-9.0,-9.0,7.3,9.7,856,959,17.36,0,,,,,0,
NON_196,36.38797361885422,127.41257953599481,대전광역시 대덕구 신대동 535,2024,3,28,10,3,spring,0,1,1,1,0.0,2024-03-28,0,0,0,1116,9.0,1,0.42,21.3,1100,20.1,13.75,-9.0,10.0,0.0,4,254,35.7,0,,,,,0,
NON_197,36.37067961170912,127.32398509390934,대전광역시 유성구 노은동 599,2024,3,23,6,5,spring,0,5,5,5,0.0,2024-03-23,0,0,0,1516,14.9,1457,3.14,0.3,1200,-9.0,2.25,-9.0,15.9,9.3,2254,737,30.76,1,,,,,0,
NON_198,36.377881604578505,127.3186422461148,대전광역시 유성구 지족동 946,2024,2,28,9,2,winter,1,1,1,1,0.0,2024-02-28,0,0,0,8,6.3,1637,2.16,-9.0,1200,-9.0,-9.0,-9.0,5.9,3.7,916,1035,17.55,0,,,,,0,
NON_199,36.34825301125873,127.33710478177339,대전광역시 유성구 상대동 556,2024,7,23,10,1,summer,0,3,3,3,0.0,2024-07-23,0,0,0,49,27.2,1,0.67,3.9,1300,6.0,10.03,2.5,26.9,0.0,1006,506,12.94,0,,,,,0,
NON_200,36.36727812079569,127.31825462371039,대전광역시 유성구 노은동 583,2024,4,6,8,5,spring,1,2,7,17,0.0,2024-04-06,0,0,0,1605,13.2,1609,2.2,-9.0,1200,-9.0,-9.0,-9.0,14.0,5.3,808,506,5.12,1,,,,,0,
NON_201,36.36131893932175,127.35772371740755,대전광역시 유성구 봉명동 1012-1,2024,3,6,10,2,spring,0,1,2,2,0.0,2024-03-06,0,0,0,2315,7.0,1522,2.15,-9.0,1200,0.0,-9.0,-9.0,7.2,5.8,2358,855,29.29,0,,,,,0,
NON_202,36.413790427199,127.29886599222287,대전광역시 유성구 안산동 275-1,2024,3,8,10,4,spring,0,1,1,1,0.0,2024-03-08,0,0,0,1350,2.9,1304,2.9,-9.0,1200,-9.0,-9.0,-9.0,4.4,10.2,2400,1011,7.52,0,,,,,0,
NON_203,36.35925745394662,127.33540217278332,대전광역시 유성구 장대동 290,2024,3,20,10,2,spring,0,6,6,6,0.0,2024-03-20,0,0,0,259,4.6,1337,3.01,-9.0,1100,-9.0,-9.0,-9.0,8.7,9.9,947,513,23.85,0,,,,,0,
NON_204,36.36756997974715,127.31983207900032,대전광역시 유성구 노은동 612,2024,4,5,14,4,spring,0,1,4,4,0.0,2024-04-05,0,0,0,28,13.3,1540,3.03,0.0,1300,0.0,0.5,0.0,14.6,6.1,921,494,28.15,0,,,,,0,
NON_205,36.35506111279644,127.35093339786137,대전광역시 유성구 봉명동 700,2024,4,5,8,4,spring,1,2,3,3,0.0,2024-04-05,0,0,0,28,13.3,1540,3.03,0.0,1300,0.0,0.5,0.0,14.6,6.1,921,1069,33.2,0,,,,,0,
NON_206,36.33584013275866,127.41966517708347,대전광역시 중구 선화동 903,2025,11,11,8,1,autumn,1,1,2,2,0.0,2025-11-11,0,0,0,1358,8.2,1509,2.21,-9.0,1100,-9.0,-9.0,-9.0,7.7,8.0,2220,732,21.0,0,,,,,0,
NON_207,36.37620643611543,127.41446262459299,대전광역시 대덕구 대화동 568-33,2025,11,10,18,0,autumn,1,1,1,1,0.0,2025-11-10,0,0,0,352,8.9,1447,2.31,-9.0,1200,-9.0,-9.0,-9.0,8.0,9.6,906,915,11.81,0,,,,,0,
NON_208,36.340635991594795,127.42244434057743,대전광역시 동구 삼성동 480-1,2025,11,11,8,1,autumn,1,2,2,2,0.0,2025-11-11,0,0,0,1358,8.2,1509,2.21,-9.0,1100,-9.0,-9.0,-9.0,7.7,8.0,2220,930,38.9,0,,,,,0,
NON_209,36.39164981390144,127.32738404881363,대전광역시 유성구 하기동 603,2024,2,28,15,2,winter,0,2,2,2,0.0,2024-02-28,0,0,0,8,6.3,1637,2.16,-9.0,1200,-9.0,-9.0,-9.0,5.9,3.7,916,857,34.91,0,,,,,0,
NON_210,36.32303788776582,127.43675473654389,대전광역시 동구 인동 352,2025,11,9,15,6,autumn,0,2,2,2,0.0,2025-11-09,0,0,0,1345,13.7,1305,1.95,0.0,1300,-9.0,0.75,-9.0,13.0,6.8,1,579,21.3,1,,,,,0,
NON_211,36.389610374049816,127.40559796386634,대전광역시 유성구 문지동 667,2024,4,30,13,1,spring,0,1,1,1,0.0,2024-04-30,0,0,0,1632,16.6,1430,1.96,0.0,1100,-9.0,0.33,0.0,19.3,0.4,2331,1149,13.77,0,,,,,0,
NON_212,36.44590351505252,127.3851117525466,대전광역시 유성구 봉산동 714,2024,5,29,15,2,spring,0,1,1,1,0.0,2024-05-29,0,0,0,1248,20.9,1606,3.59,-9.0,1200,-9.0,-9.0,-9.0,26.3,13.3,849,928,6.2,0,,,,,0,
NON_213,36.39379543482574,127.35043006016295,대전광역시 유성구 자운동 17-15,2024,4,19,10,4,spring,0,1,1,1,0.0,2024-04-19,0,0,0,1558,18.2,1528,3.11,-9.0,1100,0.1,-9.0,-9.0,22.8,11.0,757,681,13.83,0,,,,,0,
NON_214,36.43161834048356,127.38015701031152,대전광역시 유성구 송강동 557,2024,3,19,14,1,spring,0,2,2,2,0.0,2024-03-19,0,0,0,1123,7.2,1433,1.48,0.0,1100,0.0,4.08,-9.0,8.7,3.2,50,853,19.62,0,,,,,0,
NON_215,36.38088711394744,127.40591350664452,대전광역시 유성구 원촌동 90,2025,1,9,14,3,winter,0,1,1,1,0.0,2025-01-09,0,0,0,1524,-8.1,1,1.36,0.0,1000,0.0,5.1,-9.0,-3.3,4.8,2350,621,19.32,0,,,,,0,
NON_216,36.34855516632658,127.33777202922667,대전광역시 유성구 상대동 556,2024,7,23,10,1,summer,0,2,2,2,0.0,2024-07-23,0,0,0,49,27.2,1,0.67,3.9,1300,6.0,10.03,2.5,26.9,0.0,1006,528,35.36,0,,,,,0,
NON_217,36.43168943131854,127.38045142707483,대전광역시 유성구 송강동 산 4-43,2024,3,19,14,1,spring,0,2,2,2,0.0,2024-03-19,0,0,0,1123,7.2,1433,1.48,0.0,1100,0.0,4.08,-9.0,8.7,3.2,50,478,19.11,0,,,,,0,
NON_218,36.34871545438907,127.33279303097399,대전광역시 유성구 상대동 556,2024,10,30,9,2,autumn,1,1,1,1,0.0,2024-10-30,0,0,0,1945,14.7,1511,2.4,-9.0,1200,-9.0,-9.0,-9.0,14.2,9.6,2325,1009,23.42,0,,,,,0,
NON_219,36.33763261653815,127.32525627961947,대전광역시 유성구 복용동 458,2024,9,8,15,6,autumn,0,1,1,1,0.0,2024-09-08,0,0,0,1556,27.6,1504,3.17,-9.0,1200,-9.0,-9.0,-9.0,34.8,10.4,755,257,10.11,1,,,,,0,
NON_220,36.36883637541982,127.30710513691785,대전광역시 유성구 노은동 산 24-139,2025,2,21,9,4,winter,1,1,1,1,0.0,2025-02-21,0,0,0,1519,-1.5,1452,2.75,-9.0,1200,0.4,-9.0,-9.0,1.5,10.1,836,662,33.75,0,,,,,0,
NON_221,36.35498740544793,127.34133928615152,대전광역시 유성구 봉명동 574,2024,3,22,15,4,spring,0,7,12,12,0.0,2024-03-22,0,0,0,1442,10.1,1324,2.8,4.1,1100,4.4,6.33,-9.0,9.9,5.9,117,589,13.69,0,,,,,0,
NON_222,36.43036256898466,127.38036296765843,대전광역시 유성구 송강동 168-2,2024,3,19,14,1,spring,0,2,2,2,0.0,2024-03-19,0,0,0,1123,7.2,1433,1.48,0.0,1100,0.0,4.08,-9.0,8.7,3.2,50,625,14.93,0,,,,,0,
NON_223,36.37173288710954,127.34002198670684,대전광역시 유성구 궁동 331-2,2024,6,19,15,2,summer,0,1,1,1,0.0,2024-06-19,0,0,0,1600,27.5,1550,3.46,-9.0,1200,-9.0,-9.0,-9.0,36.0,12.4,715,513,7.21,0,,,,,0,
NON_224,36.32202421954857,127.41629349310178,대전광역시 중구 문화동 1-18,2025,11,8,10,5,autumn,0,2,3,3,0.0,2025-11-08,0,0,0,106,13.7,1407,1.13,0.4,1000,0.4,3.33,-9.0,13.1,0.4,628,454,21.03,1,,,,,0,
NON_225,36.348516822643425,127.3367220493961,대전광역시 유성구 상대동 556,2024,7,23,10,1,summer,0,2,2,2,0.0,2024-07-23,0,0,0,49,27.2,1,0.67,3.9,1300,6.0,10.03,2.5,26.9,0.0,1006,528,35.36,0,,,,,0,
NON_226,36.34903873227817,127.3261330161339,대전광역시 유성구 구암동 242-10,2024,10,31,14,3,autumn,0,1,1,1,0.0,2024-10-31,0,0,0,1137,14.5,1406,2.42,-9.0,1200,0.6,-9.0,-9.0,13.8,8.9,858,837,7.19,0,,,,,0,
NON_227,36.38427606909246,127.3223956536052,대전광역시 유성구 하기동 585,2024,2,28,15,2,winter,0,2,2,2,0.0,2024-02-28,0,0,0,8,6.3,1637,2.16,-9.0,1200,-9.0,-9.0,-9.0,5.9,3.7,916,1148,34.05,0,,,,,0,
NON_228,36.35782018298252,127.3405112479889,대전광역시 유성구 장대동 373,2024,11,27,14,2,autumn,0,2,2,2,0.0,2024-11-27,0,0,0,1200,2.3,1151,1.63,3.8,1300,3.9,13.75,-9.0,4.1,1.4,2207,422,12.11,0,,,,,0,
NON_229,36.32474554806468,127.31951978253122,대전광역시 유성구 용계동 623,2024,10,28,10,0,autumn,0,1,1,1,0.0,2024-10-28,0,0,0,2246,14.8,1145,1.41,0.0,1100,0.0,1.17,0.0,15.4,0.4,2309,1068,10.9,0,,,,,0,
NON_230,36.37481328257041,127.32101109092234,대전광역시 유성구 지족동 973,2024,3,21,9,3,spring,1,1,1,1,0.0,2024-03-21,0,0,0,1212,5.2,1448,3.14,-9.0,1200,-9.0,-9.0,-9.0,9.6,11.0,1,1016,22.26,0,,,,,0,
NON_231,36.40898812818326,127.37717631629928,대전광역시 유성구 화암동 109-11,2024,6,20,10,3,summer,0,1,1,1,0.0,2024-06-20,0,0,0,1354,25.7,1457,2.67,-9.0,1400,-9.0,-9.0,-9.0,33.4,6.3,6,998,34.66,0,,,,,0,
NON_232,36.35864390079352,127.4149683133301,대전광역시 대덕구 오정동 707,2025,11,3,11,0,autumn,0,1,1,1,0.0,2025-11-03,0,0,0,54,7.0,1519,2.35,-9.0,1200,-9.0,-9.0,-9.0,7.3,9.7,856,1087,21.65,0,,,,,0,
NON_233,36.40335442376942,127.30970728752916,대전광역시 유성구 외삼동 408-1,2024,3,25,10,0,spring,0,1,1,1,0.0,2024-03-25,0,0,0,2121,9.4,1033,1.45,6.8,1000,26.1,11.25,-9.0,10.0,0.0,12,427,31.78,0,,,,,0,
NON_234,36.37136215917692,127.3217615958689,대전광역시 유성구 노은동 569,2024,3,25,6,0,spring,0,3,3,3,0.0,2024-03-25,0,0,0,2121,9.4,1033,1.45,6.8,1000,26.1,11.25,-9.0,10.0,0.0,12,707,45.79,0,,,,,0,
NON_235,36.36121924419073,127.35464409747657,대전광역시 유성구 어은동 311,2024,3,28,9,3,spring,1,1,1,1,0.0,2024-03-28,0,0,0,1116,9.0,1,0.42,21.3,1100,20.1,13.75,-9.0,10.0,0.0,4,280,35.47,0,,,,,0,
NON_236,36.344105220068926,127.42601059588588,대전광역시 동구 홍도동 16-35,2025,11,10,18,0,autumn,1,1,1,1,0.0,2025-11-10,0,0,0,352,8.9,1447,2.31,-9.0,1200,-9.0,-9.0,-9.0,8.0,9.6,906,950,36.85,0,,,,,0,
NON_237,36.299939290132926,127.3162660896898,대전광역시 유성구 원내동 735,2024,7,23,10,1,summer,0,3,3,3,0.0,2024-07-23,0,0,0,49,27.2,1,0.67,3.9,1300,6.0,10.03,2.5,26.9,0.0,1006,714,18.15,0,,,,,0,
NON_238,36.394196423795954,127.35208607865928,대전광역시 유성구 신성동 549,2024,3,19,15,1,spring,0,1,1,1,0.0,2024-03-19,0,0,0,1123,7.2,1433,1.48,0.0,1100,0.0,4.08,-9.0,8.7,3.2,50,414,30.05,0,,,,,0,
NON_239,36.35717218811086,127.33616429141746,대전광역시 유성구 봉명동 496-16,2024,4,4,13,3,spring,0,1,1,1,0.0,2024-04-04,0,0,0,2335,13.4,1031,1.56,0.0,1000,0.0,0.8,0.0,14.2,0.2,2355,1113,25.41,0,,,,,0,
NON_240,36.385544447962936,127.35119840023847,대전광역시 유성구 신성동 281-5,2024,3,20,5,2,spring,0,2,2,2,0.0,2024-03-20,0,0,0,259,4.6,1337,3.01,-9.0,1100,-9.0,-9.0,-9.0,8.7,9.9,947,560,40.03,0,,,,,0,
NON_241,36.40083444001991,127.36268375050129,대전광역시 유성구 장동 241-5,2025,2,24,14,0,winter,0,1,1,1,0.0,2025-02-24,0,0,0,1413,-0.7,1434,2.82,-9.0,1200,-9.0,-9.0,-9.0,1.4,10.3,926,1088,25.51,0,,,,,0,
NON_242,36.399161743520324,127.3583437772783,대전광역시 유성구 장동 202-11,2024,1,19,16,4,winter,0,1,1,1,0.0,2024-01-19,0,0,0,1044,5.9,1256,2.08,-9.0,1200,0.0,-9.0,-9.0,5.5,3.1,955,717,6.51,0,,,,,0,
NON_243,36.358752159653385,127.32803244722581,대전광역시 유성구 장대동 258,2024,8,1,9,3,summer,1,1,1,1,0.0,2024-08-01,0,0,0,1028,30.0,1448,2.84,-9.0,1300,-9.0,-9.0,-9.0,34.4,5.9,156,700,15.48,0,,,,,0,
NON_244,36.38532803240079,127.35035423102596,대전광역시 유성구 신성동 281-5,2024,3,20,5,2,spring,0,1,1,1,0.0,2024-03-20,0,0,0,259,4.6,1337,3.01,-9.0,1100,-9.0,-9.0,-9.0,8.7,9.9,947,310,21.37,0,,,,,0,
NON_245,36.39111846624126,127.33647464661206,대전광역시 유성구 하기동 산 51-9,2024,2,14,13,2,winter,0,1,1,1,0.0,2024-02-14,0,0,0,1630,13.2,1441,1.57,0.0,1400,0.0,2.67,-9.0,10.8,2.8,11,603,17.48,0,,,,,0,
NON_246,36.374802121120254,127.3056322634419,대전광역시 유성구 지족동 1060-1,2024,7,5,10,4,summer,0,1,1,1,0.0,2024-07-05,0,0,0,121,25.8,1555,3.5,3.9,1100,-9.0,2.67,3.7,27.4,7.9,2128,684,27.49,0,,,,,0,
NON_247,36.35905766914319,127.33696572422107,대전광역시 유성구 장대동 290,2024,3,16,7,5,spring,0,5,5,5,0.0,2024-03-16,0,0,0,1616,11.4,1456,2.99,0.0,1200,0.0,1.25,-9.0,12.9,8.8,236,199,8.4,1,,,,,0,
NON_248,36.390400323293434,127.33188517286527,대전광역시 유성구 하기동 603,2024,4,4,10,3,spring,0,1,5,8,0.0,2024-04-04,0,0,0,2335,13.4,1031,1.56,0.0,1000,0.0,0.8,0.0,14.2,0.2,2355,1048,23.66,0,,,,,0,
NON_249,36.33245911420682,127.33358968131522,대전광역시 유성구 원신흥동 608,2024,7,4,11,3,summer,0,1,1,1,0.0,2024-07-04,0,0,0,2250,28.1,1507,3.46,-9.0,1200,3.9,-9.0,-9.0,29.2,10.0,1,381,8.17,0,,,,,0,
NON_250,36.40584676661678,127.4018602840968,대전광역시 유성구 전민동 산 5-15,2024,3,4,13,0,spring,0,1,1,1,0.0,2024-03-04,0,0,0,1729,6.7,1428,2.21,-9.0,1100,2.2,-9.0,-9.0,6.7,5.7,956,262,7.47,0,,,,,0,
NON_251,36.31254552043038,127.44128323377714,대전광역시 동구 천동 117-2,2025,11,9,14,6,autumn,0,1,1,1,0.0,2025-11-09,0,0,0,1345,13.7,1305,1.95,0.0,1300,-9.0,0.75,-9.0,13.0,6.8,1,349,32.2,1,,,,,0,
NON_252,36.369649018353954,127.32705973573191,대전광역시 유성구 노은동 107-39,2024,3,23,8,5,spring,1,1,1,1,0.0,2024-03-23,0,0,0,1516,14.9,1457,3.14,0.3,1200,-9.0,2.25,-9.0,15.9,9.3,2254,328,15.13,1,,,,,0,
NON_253,36.32256586483643,127.41558682901953,대전광역시 중구 문화동 1-9,2025,11,8,10,5,autumn,0,2,2,2,0.0,2025-11-08,0,0,0,106,13.7,1407,1.13,0.4,1000,0.4,3.33,-9.0,13.1,0.4,628,467,33.63,1,,,,,0,
NON_254,36.40714641025496,127.37263189954835,대전광역시 유성구 방현동 9-12,2024,4,19,14,4,spring,0,1,1,3,0.0,2024-04-19,0,0,0,1558,18.2,1528,3.11,-9.0,1100,0.1,-9.0,-9.0,22.8,11.0,757,666,38.29,0,,,,,0,
NON_255,36.28584049062362,127.31014595929277,대전광역시 유성구 방동 19-25,2024,2,19,10,0,winter,0,2,2,2,0.0,2024-02-19,0,0,0,1349,9.8,1344,0.59,16.6,1300,1.2,13.83,-9.0,9.7,0.0,2253,274,33.33,0,,,,,0,
NON_256,36.388900656459455,127.3452561784657,대전광역시 유성구 하기동 26-3,2024,2,28,10,2,winter,0,1,1,1,0.0,2024-02-28,0,0,0,8,6.3,1637,2.16,-9.0,1200,-9.0,-9.0,-9.0,5.9,3.7,916,451,28.99,0,,,,,0,
NON_257,36.35922735872658,127.41512165624314,대전광역시 대덕구 오정동 707,2025,11,3,11,0,autumn,0,1,1,1,0.0,2025-11-03,0,0,0,54,7.0,1519,2.35,-9.0,1200,-9.0,-9.0,-9.0,7.3,9.7,856,1087,21.65,0,,,,,0,
NON_258,36.322714326705054,127.31700226330689,대전광역시 유성구 용계동 400-4,2024,10,28,10,0,autumn,0,1,1,1,0.0,2024-10-28,0,0,0,2246,14.8,1145,1.41,0.0,1100,0.0,1.17,0.0,15.4,0.4,2309,779,6.41,0,,,,,0,
NON_259,36.40525662870158,127.40302389672016,대전광역시 유성구 전민동 791-19,2024,3,19,14,1,spring,0,1,1,1,0.0,2024-03-19,0,0,0,1123,7.2,1433,1.48,0.0,1100,0.0,4.08,-9.0,8.7,3.2,50,828,27.85,0,,,,,0,
NON_260,36.3830028503071,127.4063488368659,대전광역시 유성구 원촌동 90,2024,2,29,13,3,winter,0,3,3,3,0.0,2024-02-29,0,0,0,2400,5.1,1247,0.6,0.2,1400,0.2,3.0,-9.0,5.5,0.0,49,695,9.83,0,,,,,0,
NON_261,36.36039381708952,127.35913723682101,대전광역시 유성구 봉명동 1012-1,2024,3,6,10,2,spring,0,1,2,2,0.0,2024-03-06,0,0,0,2315,7.0,1522,2.15,-9.0,1200,0.0,-9.0,-9.0,7.2,5.8,2358,855,29.29,0,,,,,0,
NON_262,36.35477302735468,127.33811973058278,대전광역시 유성구 봉명동 529,2024,8,5,10,0,summer,0,1,1,1,0.0,2024-08-05,0,0,0,1537,27.4,1354,2.94,34.3,1300,33.2,3.38,27.8,30.1,5.4,2231,779,43.35,0,,,,,0,
NON_263,36.33574227675367,127.42053162980343,대전광역시 중구 선화동 920,2025,11,10,18,0,autumn,1,9,14,14,0.0,2025-11-10,0,0,0,352,8.9,1447,2.31,-9.0,1200,-9.0,-9.0,-9.0,8.0,9.6,906,998,21.92,0,,,,,0,
NON_264,36.389711370012805,127.40502014238437,대전광역시 유성구 문지동 667,2025,11,3,10,0,autumn,0,2,2,2,0.0,2025-11-03,0,0,0,54,7.0,1519,2.35,-9.0,1200,-9.0,-9.0,-9.0,7.3,9.7,856,576,19.78,0,,,,,0,
NON_265,36.32688705794328,127.31193090823757,대전광역시 유성구 용계동 산 50-6,2024,7,23,10,1,summer,0,1,1,1,0.0,2024-07-23,0,0,0,49,27.2,1,0.67,3.9,1300,6.0,10.03,2.5,26.9,0.0,1006,256,33.68,0,,,,,0,
NON_266,36.3595071110287,127.30793378442553,대전광역시 유성구 구암동 686,2025,11,2,11,6,autumn,0,2,2,2,0.0,2025-11-02,0,0,0,1336,9.4,1106,2.11,2.1,1100,-9.0,1.25,-9.0,9.9,6.7,2344,662,15.39,1,,,,,0,
NON_267,36.391021524074304,127.4078367192175,대전광역시 유성구 문지동 661-3,2024,7,29,15,0,summer,0,1,2,2,0.0,2024-07-29,0,0,0,1131,28.6,1457,2.74,-9.0,1400,-9.0,-9.0,-9.0,32.0,5.6,36,723,39.58,0,,,,,0,
NON_268,36.419482127798304,127.38228041837677,대전광역시 유성구 관평동 681,2024,7,5,10,4,summer,0,1,1,1,0.0,2024-07-05,0,0,0,121,25.8,1555,3.5,3.9,1100,-9.0,2.67,3.7,27.4,7.9,2128,652,32.51,0,,,,,0,
NON_269,36.32435634756051,127.4285492667056,대전광역시 중구 대흥동 630,2025,11,2,16,6,autumn,0,3,3,3,0.0,2025-11-02,0,0,0,1336,9.4,1106,2.11,2.1,1100,-9.0,1.25,-9.0,9.9,6.7,2344,769,19.13,1,,,,,0,
NON_270,36.3135011151008,127.33124449541926,대전광역시 유성구 대정동 679-1,2024,3,8,14,4,spring,0,1,1,1,0.0,2024-03-08,0,0,0,1350,2.9,1304,2.9,-9.0,1200,-9.0,-9.0,-9.0,4.4,10.2,2400,501,25.12,0,,,,,0,
NON_271,36.42008581774315,127.38581527258118,대전광역시 유성구 관평동 673,2024,12,2,14,0,winter,0,2,2,2,0.0,2024-12-02,0,0,0,1712,8.3,1354,1.66,0.0,1100,0.0,0.45,-9.0,6.6,5.1,2313,902,17.24,0,,,,,0,
NON_272,36.379151666064104,127.39120527192097,대전광역시 유성구 도룡동 3-6,2024,3,27,14,2,spring,0,1,1,1,0.0,2024-03-27,0,0,0,1639,10.2,1438,2.79,-9.0,1200,1.2,-9.0,-9.0,11.6,9.0,711,244,31.41,0,,,,,0,
NON_273,36.35818881007464,127.33753805135201,대전광역시 유성구 장대동 290,2024,7,30,9,1,summer,1,1,1,1,0.0,2024-07-30,0,0,0,44,28.7,1339,3.44,-9.0,1300,-9.0,-9.0,-9.0,33.9,7.4,735,1058,12.47,0,,,,,0,
NON_274,36.39606087625182,127.39971338195633,대전광역시 유성구 전민동 460-3,2024,3,19,15,1,spring,0,1,1,1,0.0,2024-03-19,0,0,0,1123,7.2,1433,1.48,0.0,1100,0.0,4.08,-9.0,8.7,3.2,50,480,6.56,0,,,,,0,
NON_275,36.399104945241554,127.35794610652289,대전광역시 유성구 장동 202-11,2024,1,19,16,4,winter,0,2,2,2,0.0,2024-01-19,0,0,0,1044,5.9,1256,2.08,-9.0,1200,0.0,-9.0,-9.0,5.5,3.1,955,540,28.26,0,,,,,0,
NON_276,36.35173619336747,127.34155426745404,대전광역시 유성구 봉명동 1058,2024,7,4,10,3,summer,0,1,1,1,0.0,2024-07-04,0,0,0,2250,28.1,1507,3.46,-9.0,1200,3.9,-9.0,-9.0,29.2,10.0,1,514,43.81,0,,,,,0,
NON_277,36.320527739361566,127.31393988568415,대전광역시 유성구 대정동 산 38-1,2024,7,23,10,1,summer,0,1,1,1,0.0,2024-07-23,0,0,0,49,27.2,1,0.67,3.9,1300,6.0,10.03,2.5,26.9,0.0,1006,734,20.55,0,,,,,0,
NON_278,36.40019751968522,127.39600041422358,대전광역시 유성구 전민동 592-2,2024,3,19,15,1,spring,0,1,1,1,0.0,2024-03-19,0,0,0,1123,7.2,1433,1.48,0.0,1100,0.0,4.08,-9.0,8.7,3.2,50,483,21.6,0,,,,,0,
NON_279,36.35189866214018,127.41882429739238,대전광역시 대덕구 오정동 445-9,2025,11,10,18,0,autumn,1,1,1,1,0.0,2025-11-10,0,0,0,352,8.9,1447,2.31,-9.0,1200,-9.0,-9.0,-9.0,8.0,9.6,906,1039,24.92,0,,,,,0,
NON_280,36.39377461912164,127.35107950907917,대전광역시 유성구 자운동 17-15,2024,8,5,17,0,summer,0,1,1,1,0.0,2024-08-05,0,0,0,1537,27.4,1354,2.94,34.3,1300,33.2,3.38,27.8,30.1,5.4,2231,336,13.47,0,,,,,0,
NON_281,36.28029230822528,127.25632922425952,대전광역시 유성구 송정동 334-1,2025,2,19,15,2,winter,0,1,1,1,0.0,2025-02-19,0,0,0,1534,-1.6,1409,2.71,-9.0,1200,-9.0,-9.0,-9.0,1.5,10.1,2345,938,29.35,0,,,,,0,
NON_282,36.3411438407006,127.31292372643034,대전광역시 유성구 학하동 827,2024,5,9,15,3,spring,0,1,1,1,0.0,2024-05-09,0,0,0,1232,15.6,1506,3.46,-9.0,1200,-9.0,-9.0,-9.0,19.0,12.8,638,1095,23.01,0,,,,,0,
NON_283,36.38496094848541,127.35793035212956,대전광역시 유성구 신성동 421,2024,2,28,15,2,winter,0,2,2,2,0.0,2024-02-28,0,0,0,8,6.3,1637,2.16,-9.0,1200,-9.0,-9.0,-9.0,5.9,3.7,916,982,36.25,0,,,,,0,
NON_284,36.33921095642167,127.31666920233954,대전광역시 유성구 학하동 685-139,2024,9,8,15,6,autumn,0,1,1,1,0.0,2024-09-08,0,0,0,1556,27.6,1504,3.17,-9.0,1200,-9.0,-9.0,-9.0,34.8,10.4,755,610,24.66,1,,,,,0,
NON_285,36.300493629554246,127.31994783891295,대전광역시 유성구 원내동 735,2024,4,4,6,3,spring,0,1,1,1,0.0,2024-04-04,0,0,0,2335,13.4,1031,1.56,0.0,1000,0.0,0.8,0.0,14.2,0.2,2355,785,6.66,0,,,,,0,
NON_286,36.36020201589824,127.34283900477104,대전광역시 유성구 봉명동 601,2024,8,1,9,3,summer,1,1,1,1,0.0,2024-08-01,0,0,0,1028,30.0,1448,2.84,-9.0,1300,-9.0,-9.0,-9.0,34.4,5.9,156,666,17.75,0,,,,,0,
NON_287,36.3232543067825,127.31760753301602,대전광역시 유성구 용계동 400-4,2024,10,28,10,0,autumn,0,1,1,1,0.0,2024-10-28,0,0,0,2246,14.8,1145,1.41,0.0,1100,0.0,1.17,0.0,15.4,0.4,2309,779,6.41,0,,,,,0,
NON_288,36.351447243024126,127.41949099816877,대전광역시 대덕구 오정동 735,2025,11,10,8,0,autumn,1,4,6,6,0.0,2025-11-10,0,0,0,352,8.9,1447,2.31,-9.0,1200,-9.0,-9.0,-9.0,8.0,9.6,906,993,27.46,0,,,,,0,
NON_289,36.336756878700214,127.42072253976677,대전광역시 중구 선화동 920,2025,11,9,15,6,autumn,0,6,11,11,0.0,2025-11-09,0,0,0,1345,13.7,1305,1.95,0.0,1300,-9.0,0.75,-9.0,13.0,6.8,1,569,24.39,1,,,,,0,
NON_290,36.398735798349264,127.3154789739931,대전광역시 유성구 외삼동 574-5,2024,3,20,10,2,spring,0,2,5,5,0.0,2024-03-20,0,0,0,259,4.6,1337,3.01,-9.0,1100,-9.0,-9.0,-9.0,8.7,9.9,947,859,29.15,0,,,,,0,
NON_291,36.3607298273657,127.35881749943752,대전광역시 유성구 봉명동 1012-1,2024,3,6,10,2,spring,0,1,2,2,0.0,2024-03-06,0,0,0,2315,7.0,1522,2.15,-9.0,1200,0.0,-9.0,-9.0,7.2,5.8,2358,855,29.29,0,,,,,0,
NON_292,36.36864886937678,127.31804537007677,대전광역시 유성구 노은동 583,2024,3,19,10,1,spring,0,1,11,11,0.0,2024-03-19,0,0,0,1123,7.2,1433,1.48,0.0,1100,0.0,4.08,-9.0,8.7,3.2,50,938,37.37,0,,,,,0,
NON_293,36.36016768887947,127.34706315009534,대전광역시 유성구 궁동 491,2024,3,25,13,0,spring,0,1,1,1,0.0,2024-03-25,0,0,0,2121,9.4,1033,1.45,6.8,1000,26.1,11.25,-9.0,10.0,0.0,12,574,13.25,0,,,,,0,
NON_294,36.373956930509564,127.32074604244681,대전광역시 유성구 지족동 973,2024,3,21,9,3,spring,1,1,1,1,0.0,2024-03-21,0,0,0,1212,5.2,1448,3.14,-9.0,1200,-9.0,-9.0,-9.0,9.6,11.0,1,1016,22.26,0,,,,,0,
NON_295,36.34877992253038,127.32366195331628,대전광역시 유성구 구암동 222-1,2024,3,27,10,2,spring,0,1,1,1,0.0,2024-03-27,0,0,0,1639,10.2,1438,2.79,-9.0,1200,1.2,-9.0,-9.0,11.6,9.0,711,602,40.23,0,,,,,0,
NON_296,36.39050579152424,127.3947835664582,대전광역시 유성구 문지동 103-15,2024,3,23,7,5,spring,0,7,7,7,0.0,2024-03-23,0,0,0,1516,14.9,1457,3.14,0.3,1200,-9.0,2.25,-9.0,15.9,9.3,2254,723,32.34,1,,,,,0,
NON_297,36.39056648361093,127.33702611010942,대전광역시 유성구 하기동 산 51-9,2024,2,14,13,2,winter,0,1,1,1,0.0,2024-02-14,0,0,0,1630,13.2,1441,1.57,0.0,1400,0.0,2.67,-9.0,10.8,2.8,11,603,17.48,0,,,,,0,
NON_298,36.362069948467045,127.34405331076633,대전광역시 유성구 궁동 479-5,2024,3,26,7,1,spring,0,1,1,1,0.0,2024-03-26,0,0,0,11,6.7,1523,1.95,19.5,1000,0.2,10.33,-9.0,9.5,3.0,2358,635,23.89,0,,,,,0,
NON_299,36.440515922291816,127.31526131932158,세종특별자치시 금남면 금천리 371-1,2025,1,17,10,4,winter,0,1,1,1,0.0,2025-01-17,0,0,0,1609,1.3,1551,2.02,-9.0,1200,-9.0,-9.0,-9.0,1.9,8.6,942,732,11.81,0,,,,,0,
NON_300,36.35818672576378,127.41670922106421,대전광역시 대덕구 오정동 41-2,2025,11,11,8,1,autumn,1,1,1,1,0.0,2025-11-11,0,0,0,1358,8.2,1509,2.21,-9.0,1100,-9.0,-9.0,-9.0,7.7,8.0,2220,351,14.57,0,,,,,0,
NON_301,36.38081248666581,127.32371049643093,대전광역시 유성구 죽동 636,2024,3,22,16,4,spring,0,2,2,2,0.0,2024-03-22,0,0,0,1442,10.1,1324,2.8,4.1,1100,4.4,6.33,-9.0,9.9,5.9,117,240,19.21,0,,,,,0,
NON_302,36.360429348691525,127.34299210440042,대전광역시 유성구 궁동 473,2024,3,24,7,6,spring,0,1,1,1,0.0,2024-03-24,0,0,0,839,14.1,1602,2.03,-9.0,1400,-9.0,-9.0,-9.0,15.1,3.6,936,372,13.63,1,,,,,0,
NON_303,36.36629896615451,127.33224485629711,대전광역시 유성구 장대동 17-4,2024,3,25,10,0,spring,0,3,3,4,0.0,2024-03-25,0,0,0,2121,9.4,1033,1.45,6.8,1000,26.1,11.25,-9.0,10.0,0.0,12,256,9.5,0,,,,,0,
NON_304,36.441616936094086,127.42829054472645,대전광역시 대덕구 덕암동 31,2024,3,26,10,1,spring,0,1,1,1,0.0,2024-03-26,0,0,0,11,6.7,1523,1.95,19.5,1000,0.2,10.33,-9.0,9.5,3.0,2358,589,29.18,0,,,,,0,
NON_305,36.35856351142221,127.33778911002697,대전광역시 유성구 장대동 290,2024,3,16,7,5,spring,0,2,2,2,0.0,2024-03-16,0,0,0,1616,11.4,1456,2.99,0.0,1200,0.0,1.25,-9.0,12.9,8.8,236,785,21.7,1,,,,,0,
NON_306,36.41786764722347,127.29649404090304,대전광역시 유성구 안산동 351-2,2024,3,15,15,4,spring,0,1,1,1,0.0,2024-03-15,0,0,0,1451,9.5,1609,3.06,-9.0,1200,-9.0,-9.0,-9.0,10.5,11.0,2301,890,29.18,0,,,,,0,
NON_307,36.34911891604505,127.3267136895453,대전광역시 유성구 상대동 556,2024,12,3,10,1,winter,0,1,1,2,0.0,2024-12-03,0,0,0,1429,2.1,1414,2.02,-9.0,1200,-9.0,-9.0,-9.0,2.5,6.7,1052,396,13.73,0,,,,,0,
NON_308,36.366557439102415,127.31694182670641,대전광역시 유성구 노은동 602,2024,6,17,14,0,summer,0,1,1,2,0.0,2024-06-17,0,0,0,1633,23.4,1619,2.9,-9.0,1100,-9.0,-9.0,-9.0,27.7,7.5,813,557,31.36,0,,,,,0,
NON_309,36.36731683348603,127.33110173720497,대전광역시 유성구 장대동 116-5,2024,3,5,6,1,spring,0,1,1,1,0.0,2024-03-05,0,0,0,1830,5.9,1,0.29,2.5,1000,0.3,15.42,-9.0,5.8,0.0,208,757,45.01,0,,,,,0,
NON_310,36.384294671016235,127.40522677673825,대전광역시 유성구 원촌동 135-2,2024,2,29,13,3,winter,0,3,3,3,0.0,2024-02-29,0,0,0,2400,5.1,1247,0.6,0.2,1400,0.2,3.0,-9.0,5.5,0.0,49,575,30.63,0,,,,,0,
NON_311,36.4512939591658,127.42789514837492,대전광역시 대덕구 석봉동 388-1,2024,3,26,11,1,spring,0,1,1,1,0.0,2024-03-26,0,0,0,11,6.7,1523,1.95,19.5,1000,0.2,10.33,-9.0,9.5,3.0,2358,443,27.76,0,,,,,0,
NON_312,36.36293177780154,127.34117493209887,대전광역시 유성구 궁동 352,2024,3,28,9,3,spring,1,1,1,1,0.0,2024-03-28,0,0,0,1116,9.0,1,0.42,21.3,1100,20.1,13.75,-9.0,10.0,0.0,4,652,28.82,0,,,,,0,
NON_313,36.398442096313595,127.31383533106361,대전광역시 유성구 외삼동 577,2024,3,6,9,2,spring,1,1,1,1,0.0,2024-03-06,0,0,0,2315,7.0,1522,2.15,-9.0,1200,0.0,-9.0,-9.0,7.2,5.8,2358,601,14.98,0,,,,,0,
NON_314,36.346648891106994,127.42154282211695,대전광역시 동구 홍도동 826-3,2025,11,10,18,0,autumn,1,2,2,2,0.0,2025-11-10,0,0,0,352,8.9,1447,2.31,-9.0,1200,-9.0,-9.0,-9.0,8.0,9.6,906,724,35.73,0,,,,,0,
NON_315,36.36983313669617,127.32774147863758,대전광역시 유성구 노은동 112-17,2024,3,16,8,5,spring,1,1,1,1,0.0,2024-03-16,0,0,0,1616,11.4,1456,2.99,0.0,1200,0.0,1.25,-9.0,12.9,8.8,236,492,12.48,1,,,,,0,
NON_316,36.3833239737039,127.31767098752701,대전광역시 유성구 지족동 926,2024,7,1,15,0,summer,0,1,1,1,0.0,2024-07-01,0,0,0,1537,26.2,1700,2.97,-9.0,1300,49.3,-9.0,-9.0,29.7,8.7,2224,364,33.78,0,,,,,0,
NON_317,36.36303732619851,127.34075449288272,대전광역시 유성구 궁동 352,2024,3,28,9,3,spring,1,1,1,1,0.0,2024-03-28,0,0,0,1116,9.0,1,0.42,21.3,1100,20.1,13.75,-9.0,10.0,0.0,4,652,28.82,0,,,,,0,
NON_318,36.37599177048284,127.33859632595941,대전광역시 유성구 죽동 799,2024,10,30,15,2,autumn,0,1,1,1,0.0,2024-10-30,0,0,0,1945,14.7,1511,2.4,-9.0,1200,-9.0,-9.0,-9.0,14.2,9.6,2325,599,35.75,0,,,,,0,
NON_319,36.36139098062444,127.34922663145447,대전광역시 유성구 궁동 367-2,2024,12,30,10,0,winter,0,1,1,1,0.0,2024-12-30,0,0,0,1620,6.7,1341,1.59,0.0,1300,-9.0,0.57,-9.0,3.9,2.1,1,772,28.63,0,,,,,0,
NON_320,36.36686897879096,127.33245406497181,대전광역시 유성구 장대동 17-4,2024,3,25,10,0,spring,0,3,3,4,0.0,2024-03-25,0,0,0,2121,9.4,1033,1.45,6.8,1000,26.1,11.25,-9.0,10.0,0.0,12,256,9.5,0,,,,,0,
NON_321,36.3403792173426,127.3376409094421,대전광역시 유성구 상대동 498,2025,1,23,14,3,winter,0,2,2,2,0.0,2025-01-23,0,0,0,1854,2.9,1543,1.98,-9.0,1200,-9.0,-9.0,-9.0,3.1,8.5,922,335,9.4,0,,,,,0,
NON_322,36.401864054939395,127.38900895072732,대전광역시 유성구 전민동 891-2,2024,3,19,15,1,spring,0,1,1,1,0.0,2024-03-19,0,0,0,1123,7.2,1433,1.48,0.0,1100,0.0,4.08,-9.0,8.7,3.2,50,436,20.72,0,,,,,0,
NON_323,36.311828892109524,127.31942753439293,대전광역시 유성구 대정동 274,2024,3,17,6,6,spring,0,4,4,4,0.0,2024-03-17,0,0,0,1109,9.7,1337,2.64,0.0,1100,-9.0,0.42,-9.0,13.4,6.8,2359,740,24.06,1,,,,,0,
NON_324,36.35202806773037,127.33789029956043,대전광역시 유성구 봉명동 528,2024,4,4,9,3,spring,1,1,1,2,0.0,2024-04-04,0,0,0,2335,13.4,1031,1.56,0.0,1000,0.0,0.8,0.0,14.2,0.2,2355,497,36.88,0,,,,,0,
NON_325,36.34478705735426,127.2966790727223,대전광역시 유성구 계산동 242,2024,4,5,7,4,spring,0,1,1,1,0.0,2024-04-05,0,0,0,28,13.3,1540,3.03,0.0,1300,0.0,0.5,0.0,14.6,6.1,921,648,30.55,0,,,,,0,
NON_326,36.300451637835195,127.32047604670467,대전광역시 유성구 원내동 738,2024,4,4,6,3,spring,0,1,1,1,0.0,2024-04-04,0,0,0,2335,13.4,1031,1.56,0.0,1000,0.0,0.8,0.0,14.2,0.2,2355,788,16.28,0,,,,,0,
NON_327,36.38998864385346,127.406871812759,대전광역시 유성구 문지동 667,2025,11,10,18,0,autumn,1,3,5,5,0.0,2025-11-10,0,0,0,352,8.9,1447,2.31,-9.0,1200,-9.0,-9.0,-9.0,8.0,9.6,906,492,19.4,0,,,,,0,
NON_328,36.36273583576324,127.35578702418294,대전광역시 유성구 어은동 109,2024,7,22,14,0,summer,0,2,2,2,0.0,2024-07-22,0,0,0,2330,28.9,1240,2.46,-9.0,1200,0.0,-9.0,-9.0,29.3,2.8,113,895,37.47,0,,,,,0,
NON_329,36.36764416974282,127.3176109933104,대전광역시 유성구 노은동 583,2024,4,6,8,5,spring,1,3,8,18,0.0,2024-04-06,0,0,0,1605,13.2,1609,2.2,-9.0,1200,-9.0,-9.0,-9.0,14.0,5.3,808,485,15.54,1,,,,,0,
NON_330,36.36097096179419,127.3580547418161,대전광역시 유성구 봉명동 1012,2024,2,26,10,0,winter,0,1,1,1,0.0,2024-02-26,0,0,0,1620,3.7,1608,2.62,-9.0,1200,-9.0,-9.0,-9.0,4.9,7.3,806,299,25.97,0,,,,,0,
NON_331,36.375203531184034,127.4152684439314,대전광역시 대덕구 대화동 63-36,2025,11,10,8,0,autumn,1,2,3,3,0.0,2025-11-10,0,0,0,352,8.9,1447,2.31,-9.0,1200,-9.0,-9.0,-9.0,8.0,9.6,906,553,16.04,0,,,,,0,
NON_332,36.35797973557663,127.4161371421894,대전광역시 대덕구 오정동 728,2025,11,4,7,1,autumn,0,3,6,6,0.0,2025-11-04,0,0,0,1627,10.5,1504,2.27,-9.0,1200,-9.0,-9.0,-9.0,9.7,8.0,1,1099,12.48,0,,,,,0,
NON_333,36.36925810233246,127.41957209350673,대전광역시 대덕구 읍내동 463-2,2025,11,3,13,0,autumn,0,1,1,1,0.0,2025-11-03,0,0,0,54,7.0,1519,2.35,-9.0,1200,-9.0,-9.0,-9.0,7.3,9.7,856,474,31.64,0,,,,,0,
NON_334,36.37814715209288,127.30562824418202,대전광역시 유성구 지족동 1062-1,2024,2,29,13,3,winter,0,1,1,1,0.0,2024-02-29,0,0,0,2400,5.1,1247,0.6,0.2,1400,0.2,3.0,-9.0,5.5,0.0,49,310,29.3,0,,,,,0,
NON_335,36.37796862787552,127.30593441401832,대전광역시 유성구 지족동 1062-1,2024,2,29,13,3,winter,0,1,1,1,0.0,2024-02-29,0,0,0,2400,5.1,1247,0.6,0.2,1400,0.2,3.0,-9.0,5.5,0.0,49,310,29.3,0,,,,,0,
NON_336,36.37551590674565,127.34122487079884,대전광역시 유성구 궁동 115,2024,11,27,13,2,autumn,0,1,1,1,0.0,2024-11-27,0,0,0,1200,2.3,1151,1.63,3.8,1300,3.9,13.75,-9.0,4.1,1.4,2207,462,23.1,0,,,,,0,
NON_337,36.44288207951465,127.43355566366475,대전광역시 대덕구 신탄진동 272-2,2024,3,26,11,1,spring,0,6,6,6,0.0,2024-03-26,0,0,0,11,6.7,1523,1.95,19.5,1000,0.2,10.33,-9.0,9.5,3.0,2358,675,46.56,0,,,,,0,
NON_338,36.39036830604124,127.40724659275799,대전광역시 유성구 문지동 661-3,2025,11,10,18,0,autumn,1,3,3,3,0.0,2025-11-10,0,0,0,352,8.9,1447,2.31,-9.0,1200,-9.0,-9.0,-9.0,8.0,9.6,906,794,28.78,0,,,,,0,
NON_339,36.38166582012596,127.40581841053351,대전광역시 유성구 원촌동 90,2024,2,29,13,3,winter,0,2,2,2,0.0,2024-02-29,0,0,0,2400,5.1,1247,0.6,0.2,1400,0.2,3.0,-9.0,5.5,0.0,49,308,36.69,0,,,,,0,
NON_340,36.32795875367423,127.31192312006287,대전광역시 유성구 용계동 산 50-6,2024,7,23,10,1,summer,0,1,1,1,0.0,2024-07-23,0,0,0,49,27.2,1,0.67,3.9,1300,6.0,10.03,2.5,26.9,0.0,1006,256,33.68,0,,,,,0,
NON_341,36.387123741340595,127.33779464557627,대전광역시 유성구 하기동 145-1,2024,3,21,10,3,spring,0,1,1,1,0.0,2024-03-21,0,0,0,1212,5.2,1448,3.14,-9.0,1200,-9.0,-9.0,-9.0,9.6,11.0,1,969,23.96,0,,,,,0,
NON_342,36.29290873532674,127.29955743405151,대전광역시 유성구 성북동 731-6,2024,12,13,14,4,winter,0,1,1,1,0.0,2024-12-13,0,0,0,1254,0.6,1235,0.74,0.0,1000,0.0,1.5,-9.0,0.9,0.3,226,716,35.93,0,,,,,0,
NON_343,36.363652963842256,127.31319923576066,대전광역시 유성구 노은동 603,2024,3,20,10,2,spring,0,3,3,3,0.0,2024-03-20,0,0,0,259,4.6,1337,3.01,-9.0,1100,-9.0,-9.0,-9.0,8.7,9.9,947,726,29.82,0,,,,,0,
NON_344,36.33577643001353,127.42060022808866,대전광역시 중구 선화동 920,2025,10,29,23,2,autumn,0,3,3,3,0.0,2025-10-29,0,0,0,1533,9.6,1506,2.4,-9.0,1200,-9.0,-9.0,-9.0,9.7,9.7,849,1064,11.8,0,,,,,0,
NON_345,36.34133817052116,127.42888664489259,대전광역시 동구 삼성동 466-5,2025,11,10,18,0,autumn,1,1,1,1,0.0,2025-11-10,0,0,0,352,8.9,1447,2.31,-9.0,1200,-9.0,-9.0,-9.0,8.0,9.6,906,569,26.02,0,,,,,0,
NON_346,36.36398188475124,127.31508051356687,대전광역시 유성구 노은동 557-6,2024,3,25,14,0,spring,0,1,1,1,0.0,2024-03-25,0,0,0,2121,9.4,1033,1.45,6.8,1000,26.1,11.25,-9.0,10.0,0.0,12,630,28.06,0,,,,,0,
NON_347,36.38722262413673,127.32553443292286,대전광역시 유성구 하기동 599,2024,3,6,15,2,spring,0,1,1,1,0.0,2024-03-06,0,0,0,2315,7.0,1522,2.15,-9.0,1200,0.0,-9.0,-9.0,7.2,5.8,2358,1137,18.75,0,,,,,0,
NON_348,36.361217616019836,127.35320513703778,대전광역시 유성구 궁동 434,2024,5,8,9,2,spring,1,1,1,2,0.0,2024-05-08,0,0,0,1450,14.4,1629,3.32,1.8,1200,-9.0,2.33,1.1,18.6,10.5,1029,1080,41.79,0,,,,,0,
NON_349,36.384062836983595,127.36426988805697,대전광역시 유성구 가정동 산 16-5,2024,2,28,12,2,winter,0,2,2,2,0.0,2024-02-28,0,0,0,8,6.3,1637,2.16,-9.0,1200,-9.0,-9.0,-9.0,5.9,3.7,916,852,22.85,0,,,,,0,
NON_350,36.36919811088738,127.32377104343996,대전광역시 유성구 노은동 599,2024,3,23,6,5,spring,0,6,6,6,0.0,2024-03-23,0,0,0,1516,14.9,1457,3.14,0.3,1200,-9.0,2.25,-9.0,15.9,9.3,2254,264,28.6,1,,,,,0,
NON_351,36.397741358690546,127.31285897386032,대전광역시 유성구 외삼동 282-3,2025,1,20,10,0,winter,0,1,1,1,0.0,2025-01-20,0,0,0,1412,2.8,1427,1.59,-9.0,1400,-9.0,-9.0,-9.0,2.1,3.0,2343,940,8.45,0,,,,,0,
NON_352,36.366418607380105,127.33158875455271,대전광역시 유성구 장대동 17-4,2024,3,25,6,0,spring,0,1,1,2,0.0,2024-03-25,0,0,0,2121,9.4,1033,1.45,6.8,1000,26.1,11.25,-9.0,10.0,0.0,12,319,47.31,0,,,,,0,
NON_353,36.37982238508578,127.40659663696714,대전광역시 유성구 원촌동 90,2025,11,10,18,0,autumn,1,3,4,4,0.0,2025-11-10,0,0,0,352,8.9,1447,2.31,-9.0,1200,-9.0,-9.0,-9.0,8.0,9.6,906,292,15.54,0,,,,,0,
NON_354,36.378031193468814,127.32962624951941,대전광역시 유성구 죽동 369,2025,1,13,16,0,winter,0,1,1,1,0.0,2025-01-13,0,0,0,1242,1.1,1532,1.96,-9.0,1200,0.1,-9.0,-9.0,-0.2,7.8,1008,747,44.87,0,,,,,0,
NON_355,36.31445594593874,127.42414145003907,대전광역시 중구 대사동 644-20,2025,11,2,16,6,autumn,0,1,1,1,0.0,2025-11-02,0,0,0,1336,9.4,1106,2.11,2.1,1100,-9.0,1.25,-9.0,9.9,6.7,2344,475,8.28,1,,,,,0,
NON_356,36.39841105639912,127.31474909977977,대전광역시 유성구 외삼동 574-5,2024,3,20,10,2,spring,0,1,4,4,0.0,2024-03-20,0,0,0,259,4.6,1337,3.01,-9.0,1100,-9.0,-9.0,-9.0,8.7,9.9,947,448,39.84,0,,,,,0,
NON_357,36.35775771005539,127.33915317528746,대전광역시 유성구 장대동 373,2024,11,27,14,2,autumn,0,2,2,2,0.0,2024-11-27,0,0,0,1200,2.3,1151,1.63,3.8,1300,3.9,13.75,-9.0,4.1,1.4,2207,422,12.11,0,,,,,0,
NON_358,36.35228679110847,127.33363827407844,대전광역시 유성구 구암동 636,2024,3,23,7,5,spring,0,1,1,1,0.0,2024-03-23,0,0,0,1516,14.9,1457,3.14,0.3,1200,-9.0,2.25,-9.0,15.9,9.3,2254,429,25.34,1,,,,,0,
NON_359,36.40653417306738,127.37050434460069,대전광역시 유성구 방현동 386,2024,2,28,14,2,winter,0,1,1,1,0.0,2024-02-28,0,0,0,8,6.3,1637,2.16,-9.0,1200,-9.0,-9.0,-9.0,5.9,3.7,916,385,16.09,0,,,,,0,
NON_360,36.36299580984711,127.39452656873189,대전광역시 서구 둔산동 1514,2025,11,2,12,6,autumn,0,1,1,1,0.0,2025-11-02,0,0,0,1336,9.4,1106,2.11,2.1,1100,-9.0,1.25,-9.0,9.9,6.7,2344,294,27.85,1,,,,,0,
NON_361,36.38440348845272,127.3208715473428,대전광역시 유성구 하기동 585,2024,2,28,15,2,winter,0,1,1,1,0.0,2024-02-28,0,0,0,8,6.3,1637,2.16,-9.0,1200,-9.0,-9.0,-9.0,5.9,3.7,916,1038,34.71,0,,,,,0,
NON_362,36.39802504642242,127.31572894349299,대전광역시 유성구 외삼동 574-5,2024,3,20,10,2,spring,0,3,6,6,0.0,2024-03-20,0,0,0,259,4.6,1337,3.01,-9.0,1100,-9.0,-9.0,-9.0,8.7,9.9,947,784,29.59,0,,,,,0,
NON_363,36.3548649997007,127.3345891400593,대전광역시 유성구 봉명동 570,2024,5,8,14,2,spring,0,1,1,1,0.0,2024-05-08,0,0,0,1450,14.4,1629,3.32,1.8,1200,-9.0,2.33,1.1,18.6,10.5,1029,328,27.65,0,,,,,0,
NON_364,36.35822036120263,127.33755623415534,대전광역시 유성구 장대동 290,2024,7,30,9,1,summer,1,1,1,1,0.0,2024-07-30,0,0,0,44,28.7,1339,3.44,-9.0,1300,-9.0,-9.0,-9.0,33.9,7.4,735,1058,12.47,0,,,,,0,
NON_365,36.370610071923714,127.31868925853377,대전광역시 유성구 노은동 583,2024,2,28,9,2,winter,1,5,5,5,0.0,2024-02-28,0,0,0,8,6.3,1637,2.16,-9.0,1200,-9.0,-9.0,-9.0,5.9,3.7,916,591,22.57,0,,,,,0,
NON_366,36.32365365222558,127.3125747863836,대전광역시 유성구 용계동 402-11,2024,7,23,10,1,summer,0,1,1,1,0.0,2024-07-23,0,0,0,49,27.2,1,0.67,3.9,1300,6.0,10.03,2.5,26.9,0.0,1006,549,47.34,0,,,,,0,
NON_367,36.395913260391424,127.40477130663943,대전광역시 유성구 전민동 271-5,2024,2,29,13,3,winter,0,1,1,1,0.0,2024-02-29,0,0,0,2400,5.1,1247,0.6,0.2,1400,0.2,3.0,-9.0,5.5,0.0,49,654,9.85,0,,,,,0,
NON_368,36.34374016720182,127.322964182651,대전광역시 유성구 복용동 산 14-18,2024,4,5,7,4,spring,0,1,1,1,0.0,2024-04-05,0,0,0,28,13.3,1540,3.03,0.0,1300,0.0,0.5,0.0,14.6,6.1,921,1070,34.25,0,,,,,0,
NON_369,36.36280823567281,127.33518783788395,대전광역시 유성구 장대동 144-3,2024,4,5,8,4,spring,1,1,1,1,0.0,2024-04-05,0,0,0,28,13.3,1540,3.03,0.0,1300,0.0,0.5,0.0,14.6,6.1,921,476,18.5,0,,,,,0,
NON_370,36.34261850948534,127.29887778459027,대전광역시 유성구 계산동 781,2024,4,4,13,3,spring,0,1,2,2,0.0,2024-04-04,0,0,0,2335,13.4,1031,1.56,0.0,1000,0.0,0.8,0.0,14.2,0.2,2355,508,20.07,0,,,,,0,
NON_371,36.44286388649371,127.3847898794713,대전광역시 유성구 봉산동 산 37-4,2024,5,29,15,2,spring,0,1,1,1,0.0,2024-05-29,0,0,0,1248,20.9,1606,3.59,-9.0,1200,-9.0,-9.0,-9.0,26.3,13.3,849,448,24.3,0,,,,,0,
NON_372,36.405392401587804,127.36772229617091,대전광역시 유성구 방현동 350,2025,2,24,14,0,winter,0,1,1,1,0.0,2025-02-24,0,0,0,1413,-0.7,1434,2.82,-9.0,1200,-9.0,-9.0,-9.0,1.4,10.3,926,631,23.22,0,,,,,0,
NON_373,36.36001770172819,127.3345931778719,대전광역시 유성구 장대동 289,2024,12,19,10,3,winter,0,1,1,1,0.0,2024-12-19,0,0,0,1500,-1.9,1407,1.93,-9.0,1200,-9.0,-9.0,-9.0,-2.5,8.5,913,438,6.6,0,,,,,0,
NON_374,36.31168488766292,127.31984798286673,대전광역시 유성구 대정동 274,2024,3,17,6,6,spring,0,4,4,4,0.0,2024-03-17,0,0,0,1109,9.7,1337,2.64,0.0,1100,-9.0,0.42,-9.0,13.4,6.8,2359,740,24.06,1,,,,,0,
NON_375,36.37406266000031,127.3045011440018,대전광역시 유성구 지족동 1060-1,2024,3,7,14,3,spring,0,1,1,1,0.0,2024-03-07,0,0,0,1334,4.6,1424,2.2,0.0,1000,-9.0,0.5,-9.0,6.9,6.7,2356,1120,21.18,0,,,,,0,
NON_376,36.390299548672125,127.40566352252735,대전광역시 유성구 문지동 667,2024,4,30,13,1,spring,0,1,1,1,0.0,2024-04-30,0,0,0,1632,16.6,1430,1.96,0.0,1100,-9.0,0.33,0.0,19.3,0.4,2331,1149,13.77,0,,,,,0,
NON_377,36.34241069935692,127.42241070282829,대전광역시 동구 삼성동 480-1,2025,11,6,8,3,autumn,1,1,1,1,0.0,2025-11-06,0,0,0,1337,11.3,1438,2.13,-9.0,1200,-9.0,-9.0,-9.0,10.8,6.4,838,437,13.57,0,,,,,0,
NON_378,36.33682303690828,127.33381732627483,대전광역시 유성구 상대동 498,2024,9,10,9,1,autumn,1,1,1,2,0.0,2024-09-10,0,0,0,215,29.5,1506,3.1,-9.0,1200,-9.0,-9.0,-9.0,36.0,11.4,911,1123,40.57,0,,,,,0,
NON_379,36.37557211254624,127.32975570908835,대전광역시 유성구 죽동 222-2,2025,1,17,15,4,winter,0,1,1,1,0.0,2025-01-17,0,0,0,1609,1.3,1551,2.02,-9.0,1200,-9.0,-9.0,-9.0,1.9,8.6,942,378,37.52,0,,,,,0,
NON_380,36.2852891253501,127.31046941831501,대전광역시 유성구 방동 19-25,2024,2,19,10,0,winter,0,2,2,2,0.0,2024-02-19,0,0,0,1349,9.8,1344,0.59,16.6,1300,1.2,13.83,-9.0,9.7,0.0,2253,274,33.33,0,,,,,0,
NON_381,36.39527949538766,127.34917717954798,대전광역시 유성구 자운동 515-21,2024,2,14,13,2,winter,0,2,2,2,0.0,2024-02-14,0,0,0,1630,13.2,1441,1.57,0.0,1400,0.0,2.67,-9.0,10.8,2.8,11,1015,16.37,0,,,,,0,
NON_382,36.43166407282905,127.38043585618436,대전광역시 유성구 송강동 산 4-43,2024,3,19,14,1,spring,0,3,3,3,0.0,2024-03-19,0,0,0,1123,7.2,1433,1.48,0.0,1100,0.0,4.08,-9.0,8.7,3.2,50,324,32.3,0,,,,,0,
NON_383,36.384581797163776,127.34262728784728,대전광역시 유성구 신성동 산 26-8,2024,2,28,10,2,winter,0,1,1,1,0.0,2024-02-28,0,0,0,8,6.3,1637,2.16,-9.0,1200,-9.0,-9.0,-9.0,5.9,3.7,916,662,39.38,0,,,,,0,
NON_384,36.37245843924032,127.33575029274971,대전광역시 유성구 죽동 799,2024,7,22,7,0,summer,0,4,4,5,0.0,2024-07-22,0,0,0,2330,28.9,1240,2.46,-9.0,1200,0.0,-9.0,-9.0,29.3,2.8,113,743,21.5,0,,,,,0,
NON_385,36.28996096944937,127.30374566439419,대전광역시 유성구 방동 산 5-6,2024,2,19,10,0,winter,0,1,1,1,0.0,2024-02-19,0,0,0,1349,9.8,1344,0.59,16.6,1300,1.2,13.83,-9.0,9.7,0.0,2253,340,20.38,0,,,,,0,
NON_386,36.36201382764418,127.35821995183721,대전광역시 유성구 어은동 59-12,2024,4,4,6,3,spring,0,1,2,2,0.0,2024-04-04,0,0,0,2335,13.4,1031,1.56,0.0,1000,0.0,0.8,0.0,14.2,0.2,2355,940,27.17,0,,,,,0,
NON_387,36.363496374240704,127.31505888506827,대전광역시 유성구 노은동 557-6,2024,3,25,14,0,spring,0,1,1,1,0.0,2024-03-25,0,0,0,2121,9.4,1033,1.45,6.8,1000,26.1,11.25,-9.0,10.0,0.0,12,630,28.06,0,,,,,0,
NON_388,36.370569583695975,127.32691348241482,대전광역시 유성구 노은동 107-39,2024,3,23,8,5,spring,1,1,1,1,0.0,2024-03-23,0,0,0,1516,14.9,1457,3.14,0.3,1200,-9.0,2.25,-9.0,15.9,9.3,2254,328,15.13,1,,,,,0,
NON_389,36.35498643379345,127.33621818928576,대전광역시 유성구 봉명동 567-16,2024,3,16,7,5,spring,0,1,1,1,0.0,2024-03-16,0,0,0,1616,11.4,1456,2.99,0.0,1200,0.0,1.25,-9.0,12.9,8.8,236,691,29.83,1,,,,,0,
NON_390,36.3988800338405,127.39931242951407,대전광역시 유성구 전민동 491-3,2024,3,23,7,5,spring,0,1,1,1,0.0,2024-03-23,0,0,0,1516,14.9,1457,3.14,0.3,1200,-9.0,2.25,-9.0,15.9,9.3,2254,617,15.59,1,,,,,0,
NON_391,36.38714954885669,127.41202898333785,대전광역시 대덕구 신대동 535,2024,3,28,10,3,spring,0,1,1,1,0.0,2024-03-28,0,0,0,1116,9.0,1,0.42,21.3,1100,20.1,13.75,-9.0,10.0,0.0,4,254,35.7,0,,,,,0,
NON_392,36.349054702409354,127.33506859913027,대전광역시 유성구 상대동 556,2024,7,23,10,1,summer,0,4,4,4,0.0,2024-07-23,0,0,0,49,27.2,1,0.67,3.9,1300,6.0,10.03,2.5,26.9,0.0,1006,445,22.22,0,,,,,0,
NON_393,36.369782906778205,127.3155705728435,대전광역시 유성구 노은동 570,2024,3,26,8,1,spring,1,1,1,1,0.0,2024-03-26,0,0,0,11,6.7,1523,1.95,19.5,1000,0.2,10.33,-9.0,9.5,3.0,2358,686,20.2,0,,,,,0,
NON_394,36.400378357734446,127.39884996144406,대전광역시 유성구 전민동 491-3,2024,3,23,7,5,spring,0,1,1,1,0.0,2024-03-23,0,0,0,1516,14.9,1457,3.14,0.3,1200,-9.0,2.25,-9.0,15.9,9.3,2254,617,15.59,1,,,,,0,
NON_395,36.353818873978305,127.34117928234487,대전광역시 유성구 봉명동 553-2,2024,10,30,14,2,autumn,0,1,1,1,0.0,2024-10-30,0,0,0,1945,14.7,1511,2.4,-9.0,1200,-9.0,-9.0,-9.0,14.2,9.6,2325,830,37.21,0,,,,,0,
NON_396,36.36169540417211,127.35626344088269,대전광역시 유성구 어은동 311,2025,1,22,13,2,winter,0,1,1,5,0.0,2025-01-22,0,0,0,1305,3.4,1358,1.76,-9.0,1300,-9.0,-9.0,-9.0,2.2,5.6,1004,621,30.84,0,,,,,0,
NON_397,36.410624211995106,127.30049687115202,대전광역시 유성구 안산동 227-9,2024,3,21,14,3,spring,0,1,1,1,0.0,2024-03-21,0,0,0,1212,5.2,1448,3.14,-9.0,1200,-9.0,-9.0,-9.0,9.6,11.0,1,500,21.79,0,,,,,0,
NON_398,36.381200258449375,127.40663208270337,대전광역시 유성구 원촌동 90,2025,1,9,14,3,winter,0,1,1,1,0.0,2025-01-09,0,0,0,1524,-8.1,1,1.36,0.0,1000,0.0,5.1,-9.0,-3.3,4.8,2350,621,19.32,0,,,,,0,
NON_399,36.350071076038155,127.41980696252259,대전광역시 대덕구 오정동 735,2025,10,31,8,4,autumn,1,2,2,2,0.0,2025-10-31,0,0,0,1240,12.6,1451,2.31,0.0,1200,0.2,0.17,0.0,12.7,7.5,1,277,25.03,0,,,,,0,
NON_400,36.44198469032769,127.42801025694126,대전광역시 대덕구 덕암동 31,2024,3,26,10,1,spring,0,1,1,1,0.0,2024-03-26,0,0,0,11,6.7,1523,1.95,19.5,1000,0.2,10.33,-9.0,9.5,3.0,2358,589,29.18,0,,,,,0,
NON_401,36.35860186621202,127.33905290991203,대전광역시 유성구 장대동 373,2024,4,3,16,2,spring,0,1,6,7,0.0,2024-04-03,0,0,0,20,13.2,1405,0.47,16.0,1000,10.3,18.33,2.3,14.0,0.0,1,481,25.98,0,,,,,0,
NON_402,36.430845264490415,127.38008745431085,대전광역시 유성구 송강동 산 4-43,2024,3,19,14,1,spring,0,1,1,1,0.0,2024-03-19,0,0,0,1123,7.2,1433,1.48,0.0,1100,0.0,4.08,-9.0,8.7,3.2,50,470,11.49,0,,,,,0,
NON_403,36.3624827401401,127.34136774422221,대전광역시 유성구 궁동 352,2024,12,12,15,3,winter,0,1,1,1,0.0,2024-12-12,0,0,0,1320,1.2,1340,1.95,-9.0,1200,-9.0,-9.0,-9.0,0.6,6.7,934,447,20.38,0,,,,,0,
NON_404,36.36165504490724,127.34448747030947,대전광역시 유성구 궁동 481,2024,11,28,14,3,autumn,0,1,1,1,0.0,2024-11-28,0,0,0,1324,3.2,1126,1.34,4.7,1100,4.6,12.88,-9.0,4.2,2.6,13,308,11.14,0,,,,,0,
NON_405,36.36783018056905,127.31736278560129,대전광역시 유성구 노은동 583,2024,3,19,10,1,spring,0,1,11,11,0.0,2024-03-19,0,0,0,1123,7.2,1433,1.48,0.0,1100,0.0,4.08,-9.0,8.7,3.2,50,938,37.37,0,,,,,0,
NON_406,36.36750426809555,127.31771737139299,대전광역시 유성구 노은동 602,2024,6,17,14,0,summer,0,1,1,2,0.0,2024-06-17,0,0,0,1633,23.4,1619,2.9,-9.0,1100,-9.0,-9.0,-9.0,27.7,7.5,813,557,31.36,0,,,,,0,
NON_407,36.424733818367706,127.29319552604142,세종특별자치시 금남면 두만리 581-10,2024,3,15,14,4,spring,0,1,1,1,0.0,2024-03-15,0,0,0,1451,9.5,1609,3.06,-9.0,1200,-9.0,-9.0,-9.0,10.5,11.0,2301,533,34.01,0,,,,,0,
NON_408,36.41373055856822,127.29843568930633,대전광역시 유성구 안산동 275-1,2024,3,8,10,4,spring,0,1,1,1,0.0,2024-03-08,0,0,0,1350,2.9,1304,2.9,-9.0,1200,-9.0,-9.0,-9.0,4.4,10.2,2400,1011,7.52,0,,,,,0,
NON_409,36.37439477297463,127.3192510922456,대전광역시 유성구 지족동 965,2024,3,1,6,4,spring,0,1,1,1,0.0,2024-03-01,0,0,0,1424,-2.2,1,2.91,-9.0,1200,-9.0,-9.0,-9.0,2.1,10.2,2239,913,42.31,0,,,,,0,
NON_410,36.37018785688201,127.32775329925677,대전광역시 유성구 노은동 107-37,2024,5,3,11,4,spring,0,1,1,1,0.0,2024-05-03,0,0,0,1204,18.4,1634,3.62,-9.0,1200,-9.0,-9.0,-9.0,25.1,12.6,710,838,7.42,0,,,,,0,
NON_411,36.400840518076265,127.36142149177638,대전광역시 유성구 장동 393-10,2024,2,28,14,2,winter,0,1,1,1,0.0,2024-02-28,0,0,0,8,6.3,1637,2.16,-9.0,1200,-9.0,-9.0,-9.0,5.9,3.7,916,867,36.74,0,,,,,0,
NON_412,36.3847407241738,127.35827522828126,대전광역시 유성구 신성동 421,2024,2,28,15,2,winter,0,2,2,2,0.0,2024-02-28,0,0,0,8,6.3,1637,2.16,-9.0,1200,-9.0,-9.0,-9.0,5.9,3.7,916,982,36.25,0,,,,,0,
NON_413,36.372224454929004,127.31805265095328,대전광역시 유성구 노은동 583,2024,3,26,8,1,spring,1,3,13,13,0.0,2024-03-26,0,0,0,11,6.7,1523,1.95,19.5,1000,0.2,10.33,-9.0,9.5,3.0,2358,244,44.36,0,,,,,0,
NON_414,36.360281395946444,127.33648354437824,대전광역시 유성구 장대동 290,2024,3,16,7,5,spring,0,5,5,5,0.0,2024-03-16,0,0,0,1616,11.4,1456,2.99,0.0,1200,0.0,1.25,-9.0,12.9,8.8,236,199,8.4,1,,,,,0,
NON_415,36.3227332787101,127.4116750400491,대전광역시 중구 오류동 195,2025,10,25,15,5,autumn,0,1,1,1,0.0,2025-10-25,0,0,0,1704,14.3,1408,1.57,-9.0,1200,0.0,-9.0,-9.0,15.4,2.4,1,363,18.01,1,,,,,0,
NON_416,36.38236261257202,127.40548942866879,대전광역시 유성구 원촌동 90,2024,2,29,13,3,winter,0,1,1,1,0.0,2024-02-29,0,0,0,2400,5.1,1247,0.6,0.2,1400,0.2,3.0,-9.0,5.5,0.0,49,362,7.19,0,,,,,0,
NON_417,36.37546011222367,127.32993743464012,대전광역시 유성구 죽동 222-2,2025,1,17,15,4,winter,0,1,1,1,0.0,2025-01-17,0,0,0,1609,1.3,1551,2.02,-9.0,1200,-9.0,-9.0,-9.0,1.9,8.6,942,378,37.52,0,,,,,0,
NON_418,36.42831214090683,127.38757198649536,대전광역시 유성구 관평동 1286,2024,1,19,16,4,winter,0,1,1,1,0.0,2024-01-19,0,0,0,1044,5.9,1256,2.08,-9.0,1200,0.0,-9.0,-9.0,5.5,3.1,955,602,19.93,0,,,,,0,
NON_419,36.37129456372673,127.33511438045866,대전광역시 유성구 죽동 799,2024,7,22,7,0,summer,0,4,4,5,0.0,2024-07-22,0,0,0,2330,28.9,1240,2.46,-9.0,1200,0.0,-9.0,-9.0,29.3,2.8,113,743,21.5,0,,,,,0,
NON_420,36.33445493434218,127.41758318744748,대전광역시 중구 선화동 260-1,2025,11,4,20,1,autumn,0,1,3,3,0.0,2025-11-04,0,0,0,1627,10.5,1504,2.27,-9.0,1200,-9.0,-9.0,-9.0,9.7,8.0,1,901,18.37,0,,,,,0,
NON_421,36.35829718775291,127.33955899901274,대전광역시 유성구 장대동 373,2024,3,16,7,5,spring,0,3,5,6,0.0,2024-03-16,0,0,0,1616,11.4,1456,2.99,0.0,1200,0.0,1.25,-9.0,12.9,8.8,236,393,8.22,1,,,,,0,
NON_422,36.36412953837453,127.30860826064647,대전광역시 유성구 구암동 514,2024,2,29,13,3,winter,0,2,2,2,0.0,2024-02-29,0,0,0,2400,5.1,1247,0.6,0.2,1400,0.2,3.0,-9.0,5.5,0.0,49,234,7.35,0,,,,,0,
NON_423,36.41791801226797,127.37844824510942,대전광역시 유성구 관평동 657-3,2024,8,5,16,0,summer,0,1,1,1,0.0,2024-08-05,0,0,0,1537,27.4,1354,2.94,34.3,1300,33.2,3.38,27.8,30.1,5.4,2231,305,26.32,0,,,,,0,
NON_424,36.367309207103155,127.318087696925,대전광역시 유성구 노은동 583,2024,2,28,9,2,winter,1,2,2,2,0.0,2024-02-28,0,0,0,8,6.3,1637,2.16,-9.0,1200,-9.0,-9.0,-9.0,5.9,3.7,916,1112,10.71,0,,,,,0,
NON_425,36.36002551332757,127.33904286154399,대전광역시 유성구 장대동 373,2024,3,16,7,5,spring,0,1,3,4,0.0,2024-03-16,0,0,0,1616,11.4,1456,2.99,0.0,1200,0.0,1.25,-9.0,12.9,8.8,236,185,29.8,1,,,,,0,
NON_426,36.36929368011927,127.41960683661573,대전광역시 대덕구 대화동 1-29,2025,11,6,8,3,autumn,1,2,2,2,0.0,2025-11-06,0,0,0,1337,11.3,1438,2.13,-9.0,1200,-9.0,-9.0,-9.0,10.8,6.4,838,858,14.94,0,,,,,0,
NON_427,36.358285706709914,127.33703617556635,대전광역시 유성구 장대동 290,2024,3,16,7,5,spring,0,4,4,4,0.0,2024-03-16,0,0,0,1616,11.4,1456,2.99,0.0,1200,0.0,1.25,-9.0,12.9,8.8,236,301,14.72,1,,,,,0,
NON_428,36.358493503976156,127.41729445418137,대전광역시 대덕구 오정동 728,2025,11,4,7,1,autumn,0,3,6,6,0.0,2025-11-04,0,0,0,1627,10.5,1504,2.27,-9.0,1200,-9.0,-9.0,-9.0,9.7,8.0,1,1099,12.48,0,,,,,0,
NON_429,36.399489159298525,127.35734164744352,대전광역시 유성구 장동 202-11,2024,1,19,16,4,winter,0,1,1,1,0.0,2024-01-19,0,0,0,1044,5.9,1256,2.08,-9.0,1200,0.0,-9.0,-9.0,5.5,3.1,955,717,6.51,0,,,,,0,
NON_430,36.40019764786408,127.39491464046138,대전광역시 유성구 전민동 816-1,2024,3,19,15,1,spring,0,1,1,1,0.0,2024-03-19,0,0,0,1123,7.2,1433,1.48,0.0,1100,0.0,4.08,-9.0,8.7,3.2,50,1122,41.81,0,,,,,0,
NON_431,36.331741421388955,127.3338861340508,대전광역시 유성구 용계동 681,2025,1,23,14,3,winter,0,1,1,1,0.0,2025-01-23,0,0,0,1854,2.9,1543,1.98,-9.0,1200,-9.0,-9.0,-9.0,3.1,8.5,922,427,19.48,0,,,,,0,
NON_432,36.3006436150733,127.31979182189845,대전광역시 유성구 원내동 738,2024,4,4,6,3,spring,0,1,1,1,0.0,2024-04-04,0,0,0,2335,13.4,1031,1.56,0.0,1000,0.0,0.8,0.0,14.2,0.2,2355,788,16.28,0,,,,,0,
NON_433,36.36380954600034,127.3376762362888,대전광역시 유성구 장대동 321,2024,3,25,7,0,spring,0,1,1,1,0.0,2024-03-25,0,0,0,2121,9.4,1033,1.45,6.8,1000,26.1,11.25,-9.0,10.0,0.0,12,411,33.34,0,,,,,0,
NON_434,36.380155154089316,127.31675377102508,대전광역시 유성구 지족동 948,2024,7,1,15,0,summer,0,2,2,2,0.0,2024-07-01,0,0,0,1537,26.2,1700,2.97,-9.0,1300,49.3,-9.0,-9.0,29.7,8.7,2224,756,15.62,0,,,,,0,
NON_435,36.39421889846778,127.34882587455593,대전광역시 유성구 자운동 515-21,2024,2,29,10,3,winter,0,1,5,5,0.0,2024-02-29,0,0,0,2400,5.1,1247,0.6,0.2,1400,0.2,3.0,-9.0,5.5,0.0,49,523,41.21,0,,,,,0,
NON_436,36.3589531510652,127.33557238211078,대전광역시 유성구 장대동 290,2024,3,16,7,5,spring,0,3,3,3,0.0,2024-03-16,0,0,0,1616,11.4,1456,2.99,0.0,1200,0.0,1.25,-9.0,12.9,8.8,236,783,31.06,1,,,,,0,
NON_437,36.359596287869664,127.3262809980492,대전광역시 유성구 장대동 223-20,2024,8,1,10,3,summer,0,1,1,1,0.0,2024-08-01,0,0,0,1028,30.0,1448,2.84,-9.0,1300,-9.0,-9.0,-9.0,34.4,5.9,156,359,40.08,0,,,,,0,
NON_438,36.41057296796422,127.30086202199968,대전광역시 유성구 안산동 227-9,2024,3,21,14,3,spring,0,1,1,1,0.0,2024-03-21,0,0,0,1212,5.2,1448,3.14,-9.0,1200,-9.0,-9.0,-9.0,9.6,11.0,1,500,21.79,0,,,,,0,
NON_439,36.31833114046162,127.42291701390069,대전광역시 중구 대사동 227,2025,10,25,15,5,autumn,0,1,1,1,0.0,2025-10-25,0,0,0,1704,14.3,1408,1.57,-9.0,1200,0.0,-9.0,-9.0,15.4,2.4,1,210,15.84,1,,,,,0,
NON_440,36.36249369435665,127.33560314871151,대전광역시 유성구 장대동 328-1,2024,3,26,14,1,spring,0,1,1,1,0.0,2024-03-26,0,0,0,11,6.7,1523,1.95,19.5,1000,0.2,10.33,-9.0,9.5,3.0,2358,349,39.06,0,,,,,0,
NON_441,36.37067408351988,127.31445922759907,대전광역시 유성구 노은동 570,2024,3,26,8,1,spring,1,1,1,1,0.0,2024-03-26,0,0,0,11,6.7,1523,1.95,19.5,1000,0.2,10.33,-9.0,9.5,3.0,2358,686,20.2,0,,,,,0,
NON_442,36.354200970510064,127.41743331941991,대전광역시 대덕구 오정동 729,2025,10,29,8,2,autumn,1,1,1,1,0.0,2025-10-29,0,0,0,1533,9.6,1506,2.4,-9.0,1200,-9.0,-9.0,-9.0,9.7,9.7,849,512,21.86,0,,,,,0,
NON_443,36.34295508289098,127.32176930617669,대전광역시 유성구 복용동 산 14-18,2024,4,5,7,4,spring,0,1,1,1,0.0,2024-04-05,0,0,0,28,13.3,1540,3.03,0.0,1300,0.0,0.5,0.0,14.6,6.1,921,1070,34.25,0,,,,,0,
NON_444,36.35792764798992,127.33713138882075,대전광역시 유성구 장대동 290,2024,3,16,7,5,spring,0,2,2,2,0.0,2024-03-16,0,0,0,1616,11.4,1456,2.99,0.0,1200,0.0,1.25,-9.0,12.9,8.8,236,785,21.7,1,,,,,0,
NON_445,36.39491689227962,127.35693271267566,대전광역시 유성구 장동 372-2,2024,3,25,15,0,spring,0,1,1,1,0.0,2024-03-25,0,0,0,2121,9.4,1033,1.45,6.8,1000,26.1,11.25,-9.0,10.0,0.0,12,383,33.86,0,,,,,0,
NON_446,36.37533968136987,127.39443731234395,대전광역시 유성구 도룡동 8-59,2024,11,1,14,4,autumn,0,1,1,1,0.0,2024-11-01,0,0,0,1218,13.3,2316,0.54,1.6,1300,1.1,5.17,-9.0,13.9,0.0,857,528,12.05,0,,,,,0,
NON_447,36.38145573037172,127.40656143139228,대전광역시 유성구 원촌동 90,2024,2,29,13,3,winter,0,4,4,4,0.0,2024-02-29,0,0,0,2400,5.1,1247,0.6,0.2,1400,0.2,3.0,-9.0,5.5,0.0,49,377,9.09,0,,,,,0,
NON_448,36.351949591487845,127.41031876890348,대전광역시 대덕구 오정동 726,2025,11,8,12,5,autumn,0,1,1,1,0.0,2025-11-08,0,0,0,106,13.7,1407,1.13,0.4,1000,0.4,3.33,-9.0,13.1,0.4,628,228,18.43,1,,,,,0,
NON_449,36.378417401462514,127.40543059136098,대전광역시 유성구 원촌동 69-1,2024,3,27,14,2,spring,0,2,4,4,0.0,2024-03-27,0,0,0,1639,10.2,1438,2.79,-9.0,1200,1.2,-9.0,-9.0,11.6,9.0,711,476,18.08,0,,,,,0,
NON_450,36.38712621100237,127.34279466079042,대전광역시 유성구 하기동 산 2-7,2025,1,20,13,0,winter,0,1,1,1,0.0,2025-01-20,0,0,0,1412,2.8,1427,1.59,-9.0,1400,-9.0,-9.0,-9.0,2.1,3.0,2343,332,27.56,0,,,,,0,
NON_451,36.4424019340553,127.43389311040855,대전광역시 대덕구 신탄진동 272-2,2024,3,26,11,1,spring,0,4,4,4,0.0,2024-03-26,0,0,0,11,6.7,1523,1.95,19.5,1000,0.2,10.33,-9.0,9.5,3.0,2358,306,21.44,0,,,,,0,
NON_452,36.370900042817425,127.31539825406486,대전광역시 유성구 노은동 570,2024,3,26,8,1,spring,1,1,1,1,0.0,2024-03-26,0,0,0,11,6.7,1523,1.95,19.5,1000,0.2,10.33,-9.0,9.5,3.0,2358,686,20.2,0,,,,,0,
NON_453,36.327605554145066,127.42655407851619,대전광역시 중구 대흥동 630,2025,11,2,16,6,autumn,0,1,1,1,0.0,2025-11-02,0,0,0,1336,9.4,1106,2.11,2.1,1100,-9.0,1.25,-9.0,9.9,6.7,2344,663,19.23,1,,,,,0,
NON_454,36.36291352862875,127.33425866861532,대전광역시 유성구 장대동 144-3,2024,4,5,8,4,spring,1,1,1,1,0.0,2024-04-05,0,0,0,28,13.3,1540,3.03,0.0,1300,0.0,0.5,0.0,14.6,6.1,921,476,18.5,0,,,,,0,
NON_455,36.406881254811466,127.3691268437046,대전광역시 유성구 방현동 386,2024,2,28,14,2,winter,0,1,1,1,0.0,2024-02-28,0,0,0,8,6.3,1637,2.16,-9.0,1200,-9.0,-9.0,-9.0,5.9,3.7,916,385,16.09,0,,,,,0,
NON_456,36.364156866840226,127.34043533429343,대전광역시 유성구 궁동 335-27,2024,6,26,9,2,summer,1,1,1,1,0.0,2024-06-26,0,0,0,1637,24.3,1616,3.49,-9.0,1200,-9.0,-9.0,-9.0,32.2,12.5,806,929,23.15,0,,,,,0,
NON_457,36.42226095830758,127.40583665944804,대전광역시 유성구 용산동 605,2024,12,13,10,4,winter,0,1,1,1,0.0,2024-12-13,0,0,0,1254,0.6,1235,0.74,0.0,1000,0.0,1.5,-9.0,0.9,0.3,226,327,36.8,0,,,,,0,
NON_458,36.418869618249246,127.40720529344297,대전광역시 유성구 탑립동 709,2024,3,27,13,2,spring,0,1,1,1,0.0,2024-03-27,0,0,0,1639,10.2,1438,2.79,-9.0,1200,1.2,-9.0,-9.0,11.6,9.0,711,802,34.86,0,,,,,0,
NON_459,36.37557574906406,127.41468295933886,대전광역시 대덕구 대화동 568-39,2025,10,30,19,3,autumn,1,1,1,1,0.0,2025-10-30,0,0,0,438,10.2,1356,1.69,-9.0,1200,-9.0,-9.0,-9.0,10.6,6.6,852,570,23.37,0,,,,,0,
NON_460,36.342340471198185,127.34008794582522,대전광역시 유성구 봉명동 1058-2,2024,7,4,11,3,summer,0,1,1,1,0.0,2024-07-04,0,0,0,2250,28.1,1507,3.46,-9.0,1200,3.9,-9.0,-9.0,29.2,10.0,1,573,45.18,0,,,,,0,
NON_461,36.36257571964305,127.35736134233628,대전광역시 유성구 어은동 59-1,2024,12,5,14,3,winter,0,1,1,1,0.0,2024-12-05,0,0,0,1243,4.5,1429,1.54,0.0,1100,0.0,4.53,-9.0,4.0,3.7,54,834,41.26,0,,,,,0,
NON_462,36.361765841825694,127.35717551752845,대전광역시 유성구 어은동 59-1,2024,12,5,14,3,winter,0,1,1,1,0.0,2024-12-05,0,0,0,1243,4.5,1429,1.54,0.0,1100,0.0,4.53,-9.0,4.0,3.7,54,834,41.26,0,,,,,0,
NON_463,36.398705980325246,127.31538299308833,대전광역시 유성구 외삼동 577,2024,3,20,9,2,spring,1,2,4,4,0.0,2024-03-20,0,0,0,259,4.6,1337,3.01,-9.0,1100,-9.0,-9.0,-9.0,8.7,9.9,947,1046,16.36,0,,,,,0,
NON_464,36.36195274336634,127.35601501881328,대전광역시 유성구 어은동 109,2024,7,22,14,0,summer,0,2,2,2,0.0,2024-07-22,0,0,0,2330,28.9,1240,2.46,-9.0,1200,0.0,-9.0,-9.0,29.3,2.8,113,895,37.47,0,,,,,0,
NON_465,36.30617202690418,127.44820246732802,대전광역시 중구 석교동 102-7,2025,11,9,12,6,autumn,0,4,4,4,0.0,2025-11-09,0,0,0,1345,13.7,1305,1.95,0.0,1300,-9.0,0.75,-9.0,13.0,6.8,1,380,22.22,1,,,,,0,
NON_466,36.39168478194808,127.361916522725,대전광역시 유성구 장동 23-9,2024,3,25,15,0,spring,0,1,1,1,0.0,2024-03-25,0,0,0,2121,9.4,1033,1.45,6.8,1000,26.1,11.25,-9.0,10.0,0.0,12,769,16.73,0,,,,,0,
NON_467,36.376845855097024,127.33895565431914,대전광역시 유성구 죽동 799,2024,10,30,15,2,autumn,0,1,1,1,0.0,2024-10-30,0,0,0,1945,14.7,1511,2.4,-9.0,1200,-9.0,-9.0,-9.0,14.2,9.6,2325,599,35.75,0,,,,,0,
NON_468,36.369080268809306,127.31813893534442,대전광역시 유성구 노은동 583,2024,3,25,9,0,spring,1,2,12,12,0.0,2024-03-25,0,0,0,2121,9.4,1033,1.45,6.8,1000,26.1,11.25,-9.0,10.0,0.0,12,359,31.92,0,,,,,0,
NON_469,36.44165596615012,127.42988529210658,대전광역시 대덕구 신탄진동 264-64,2024,3,26,10,1,spring,0,2,2,2,0.0,2024-03-26,0,0,0,11,6.7,1523,1.95,19.5,1000,0.2,10.33,-9.0,9.5,3.0,2358,390,17.85,0,,,,,0,
NON_470,36.422873910737,127.40671871872993,대전광역시 유성구 용산동 605,2024,12,13,10,4,winter,0,1,1,1,0.0,2024-12-13,0,0,0,1254,0.6,1235,0.74,0.0,1000,0.0,1.5,-9.0,0.9,0.3,226,327,36.8,0,,,,,0,
NON_471,36.35632989509076,127.34861213211676,대전광역시 유성구 봉명동 693,2024,2,26,9,0,winter,1,1,1,1,0.0,2024-02-26,0,0,0,1620,3.7,1608,2.62,-9.0,1200,-9.0,-9.0,-9.0,4.9,7.3,806,462,22.81,0,,,,,0,
NON_472,36.32739708704599,127.43268273232636,대전광역시 동구 원동 85-1,2025,11,9,11,6,autumn,0,1,1,1,0.0,2025-11-09,0,0,0,1345,13.7,1305,1.95,0.0,1300,-9.0,0.75,-9.0,13.0,6.8,1,534,25.47,1,,,,,0,
NON_473,36.38238146500326,127.34279591594668,대전광역시 유성구 신성동 367-4,2025,1,31,14,4,winter,0,1,1,1,0.0,2025-01-31,0,0,0,1741,1.9,1554,1.23,0.0,1200,0.2,1.33,-9.0,1.6,1.3,831,463,12.69,0,,,,,0,
NON_474,36.396085650622865,127.3569079791442,대전광역시 유성구 장동 371-5,2024,7,4,10,3,summer,0,1,1,1,0.0,2024-07-04,0,0,0,2250,28.1,1507,3.46,-9.0,1200,3.9,-9.0,-9.0,29.2,10.0,1,822,39.83,0,,,,,0,
NON_475,36.43098737244009,127.38134060406288,대전광역시 유성구 송강동 168-2,2024,3,19,14,1,spring,0,2,2,2,0.0,2024-03-19,0,0,0,1123,7.2,1433,1.48,0.0,1100,0.0,4.08,-9.0,8.7,3.2,50,625,14.93,0,,,,,0,
NON_476,36.39878893539051,127.31434527153579,대전광역시 유성구 외삼동 574-5,2024,3,25,10,0,spring,0,4,7,7,0.0,2024-03-25,0,0,0,2121,9.4,1033,1.45,6.8,1000,26.1,11.25,-9.0,10.0,0.0,12,862,40.81,0,,,,,0,
NON_477,36.379836033922686,127.31561149693846,대전광역시 유성구 지족동 948,2024,3,25,9,0,spring,1,1,1,1,0.0,2024-03-25,0,0,0,2121,9.4,1033,1.45,6.8,1000,26.1,11.25,-9.0,10.0,0.0,12,649,41.61,0,,,,,0,
NON_478,36.39272516264995,127.35774090095299,대전광역시 유성구 장동 산 29-3,2024,3,23,7,5,spring,0,1,1,1,0.0,2024-03-23,0,0,0,1516,14.9,1457,3.14,0.3,1200,-9.0,2.25,-9.0,15.9,9.3,2254,616,12.36,1,,,,,0,
NON_479,36.36023907751271,127.35455903602944,대전광역시 유성구 어은동 311,2025,1,31,14,4,winter,0,1,3,7,0.0,2025-01-31,0,0,0,1741,1.9,1554,1.23,0.0,1200,0.2,1.33,-9.0,1.6,1.3,831,285,16.42,0,,,,,0,
NON_480,36.35935149259702,127.33501166022543,대전광역시 유성구 장대동 289,2024,12,19,10,3,winter,0,1,1,1,0.0,2024-12-19,0,0,0,1500,-1.9,1407,1.93,-9.0,1200,-9.0,-9.0,-9.0,-2.5,8.5,913,438,6.6,0,,,,,0,
NON_481,36.38997047554549,127.30095075553491,대전광역시 유성구 지족동 1104,2024,3,15,9,4,spring,1,1,1,1,0.0,2024-03-15,0,0,0,1451,9.5,1609,3.06,-9.0,1200,-9.0,-9.0,-9.0,10.5,11.0,2301,518,12.98,0,,,,,0,
NON_482,36.34977379299514,127.42035604105654,대전광역시 대덕구 오정동 677-9,2025,11,10,8,0,autumn,1,1,1,1,0.0,2025-11-10,0,0,0,352,8.9,1447,2.31,-9.0,1200,-9.0,-9.0,-9.0,8.0,9.6,906,587,36.82,0,,,,,0,
NON_483,36.356936343987236,127.34262827505341,대전광역시 유성구 봉명동 608,2024,7,23,10,1,summer,0,1,2,2,0.0,2024-07-23,0,0,0,49,27.2,1,0.67,3.9,1300,6.0,10.03,2.5,26.9,0.0,1006,417,16.5,0,,,,,0,
NON_484,36.33027263793408,127.46035583164233,대전광역시 동구 용운동 180-13,2025,10,28,16,1,autumn,0,1,1,1,0.0,2025-10-28,0,0,0,1513,8.5,1434,2.49,-9.0,1200,-9.0,-9.0,-9.0,9.6,10.0,2353,485,17.64,0,,,,,0,
NON_485,36.40036850028223,127.3974629375287,대전광역시 유성구 전민동 592-2,2024,3,19,15,1,spring,0,2,2,2,0.0,2024-03-19,0,0,0,1123,7.2,1433,1.48,0.0,1100,0.0,4.08,-9.0,8.7,3.2,50,316,31.26,0,,,,,0,
NON_486,36.38685110890912,127.40462612124286,대전광역시 유성구 원촌동 141-2,2025,11,10,18,0,autumn,1,1,1,1,0.0,2025-11-10,0,0,0,352,8.9,1447,2.31,-9.0,1200,-9.0,-9.0,-9.0,8.0,9.6,906,411,17.17,0,,,,,0,
NON_487,36.30127179232204,127.45302257550591,대전광역시 중구 옥계동 51-1,2025,11,9,12,6,autumn,0,1,1,1,0.0,2025-11-09,0,0,0,1345,13.7,1305,1.95,0.0,1300,-9.0,0.75,-9.0,13.0,6.8,1,270,13.85,1,,,,,0,
NON_488,36.3620323044991,127.35578402715916,대전광역시 유성구 어은동 109,2024,7,31,15,2,summer,0,2,7,7,0.0,2024-07-31,0,0,0,1438,29.5,1600,3.39,-9.0,1300,-9.0,-9.0,-9.0,36.0,6.6,621,380,13.66,0,,,,,0,
NON_489,36.441613639460364,127.3851781802967,대전광역시 유성구 봉산동 산 37-4,2024,5,29,15,2,spring,0,1,1,1,0.0,2024-05-29,0,0,0,1248,20.9,1606,3.59,-9.0,1200,-9.0,-9.0,-9.0,26.3,13.3,849,448,24.3,0,,,,,0,
NON_490,36.38460959556078,127.40630529393967,대전광역시 유성구 원촌동 135-2,2024,2,28,10,2,winter,0,1,1,1,0.0,2024-02-28,0,0,0,8,6.3,1637,2.16,-9.0,1200,-9.0,-9.0,-9.0,5.9,3.7,916,535,11.19,0,,,,,0,
NON_491,36.35604578952308,127.41694208705863,대전광역시 대덕구 오정동 728,2025,10,31,8,4,autumn,1,4,4,4,0.0,2025-10-31,0,0,0,1240,12.6,1451,2.31,0.0,1200,0.2,0.17,0.0,12.7,7.5,1,935,9.6,0,,,,,0,
NON_492,36.31396236854572,127.33114984680775,대전광역시 유성구 대정동 679-1,2024,3,8,14,4,spring,0,2,2,2,0.0,2024-03-08,0,0,0,1350,2.9,1304,2.9,-9.0,1200,-9.0,-9.0,-9.0,4.4,10.2,2400,914,25.83,0,,,,,0,
NON_493,36.37781207061788,127.31770643555751,대전광역시 유성구 지족동 946,2024,2,28,9,2,winter,1,1,1,1,0.0,2024-02-28,0,0,0,8,6.3,1637,2.16,-9.0,1200,-9.0,-9.0,-9.0,5.9,3.7,916,1035,17.55,0,,,,,0,
NON_494,36.366594923355414,127.32024335768219,대전광역시 유성구 노은동 612,2024,4,5,14,4,spring,0,1,4,4,0.0,2024-04-05,0,0,0,28,13.3,1540,3.03,0.0,1300,0.0,0.5,0.0,14.6,6.1,921,494,28.15,0,,,,,0,
NON_495,36.36401658436848,127.32677708890073,대전광역시 유성구 장대동 231-2,2024,8,1,10,3,summer,0,1,1,1,0.0,2024-08-01,0,0,0,1028,30.0,1448,2.84,-9.0,1300,-9.0,-9.0,-9.0,34.4,5.9,156,757,30.19,0,,,,,0,
NON_496,36.40496561124805,127.30592751099869,대전광역시 유성구 외삼동 441-4,2024,3,15,14,4,spring,0,1,1,1,0.0,2024-03-15,0,0,0,1451,9.5,1609,3.06,-9.0,1200,-9.0,-9.0,-9.0,10.5,11.0,2301,571,25.92,0,,,,,0,
NON_497,36.359939156486334,127.34345260526972,대전광역시 유성구 궁동 473,2024,3,24,7,6,spring,0,2,2,2,0.0,2024-03-24,0,0,0,839,14.1,1602,2.03,-9.0,1400,-9.0,-9.0,-9.0,15.1,3.6,936,462,11.45,1,,,,,0,
NON_498,36.35943087932395,127.30552699938194,대전광역시 유성구 덕명동 570,2024,3,17,7,6,spring,0,1,1,1,0.0,2024-03-17,0,0,0,1109,9.7,1337,2.64,0.0,1100,-9.0,0.42,-9.0,13.4,6.8,2359,338,13.28,1,,,,,0,
NON_499,36.3542158782685,127.41780760780286,대전광역시 대덕구 오정동 687-1,2025,11,11,8,1,autumn,1,1,1,1,0.0,2025-11-11,0,0,0,1358,8.2,1509,2.21,-9.0,1100,-9.0,-9.0,-9.0,7.7,8.0,2220,902,14.89,0,,,,,0,
NON_500,36.4153823527149,127.40693183977642,대전광역시 유성구 탑립동 945,2024,3,27,13,2,spring,0,2,2,2,0.0,2024-03-27,0,0,0,1639,10.2,1438,2.79,-9.0,1200,1.2,-9.0,-9.0,11.6,9.0,711,661,24.49,0,,,,,0,
NON_501,36.33642238991955,127.42130106837362,대전광역시 중구 선화동 920,2025,10,27,19,0,autumn,1,1,1,1,0.0,2025-10-27,0,0,0,1514,9.5,1327,2.55,-9.0,1200,-9.0,-9.0,-9.0,10.5,9.9,2341,885,26.29,0,,,,,0,
NON_502,36.34309834885526,127.42419698746231,대전광역시 동구 삼성동 458,2025,11,11,8,1,autumn,1,4,5,5,0.0,2025-11-11,0,0,0,1358,8.2,1509,2.21,-9.0,1100,-9.0,-9.0,-9.0,7.7,8.0,2220,287,20.02,0,,,,,0,
NON_503,36.34408334031714,127.30772717040095,대전광역시 유성구 복용동 629,2024,3,15,9,4,spring,1,1,1,1,0.0,2024-03-15,0,0,0,1451,9.5,1609,3.06,-9.0,1200,-9.0,-9.0,-9.0,10.5,11.0,2301,893,20.17,0,,,,,0,
NON_504,36.30471993441265,127.4497356511725,대전광역시 중구 호동 27-1,2025,11,9,12,6,autumn,0,2,2,2,0.0,2025-11-09,0,0,0,1345,13.7,1305,1.95,0.0,1300,-9.0,0.75,-9.0,13.0,6.8,1,544,25.99,1,,,,,0,
NON_505,36.35559431082959,127.34010767627423,대전광역시 유성구 봉명동 442-10,2024,3,7,15,3,spring,0,1,1,1,0.0,2024-03-07,0,0,0,1334,4.6,1424,2.2,0.0,1000,-9.0,0.5,-9.0,6.9,6.7,2356,774,26.04,0,,,,,0,
NON_506,36.40473619184777,127.36669113703915,대전광역시 유성구 방현동 52-2,2024,2,28,14,2,winter,0,1,1,1,0.0,2024-02-28,0,0,0,8,6.3,1637,2.16,-9.0,1200,-9.0,-9.0,-9.0,5.9,3.7,916,859,20.09,0,,,,,0,
NON_507,36.36163784809708,127.34306676159902,대전광역시 유성구 궁동 479-5,2024,3,26,7,1,spring,0,1,1,1,0.0,2024-03-26,0,0,0,11,6.7,1523,1.95,19.5,1000,0.2,10.33,-9.0,9.5,3.0,2358,635,23.89,0,,,,,0,
NON_508,36.37808971339061,127.41176219443109,대전광역시 대덕구 읍내동 505-23,2024,3,28,9,3,spring,1,1,1,1,0.0,2024-03-28,0,0,0,1116,9.0,1,0.42,21.3,1100,20.1,13.75,-9.0,10.0,0.0,4,536,18.18,0,,,,,0,
NON_509,36.29589005965156,127.45855523404556,대전광역시 동구 대성동 167-9,2025,11,9,12,6,autumn,0,1,1,1,0.0,2025-11-09,0,0,0,1345,13.7,1305,1.95,0.0,1300,-9.0,0.75,-9.0,13.0,6.8,1,592,27.85,1,,,,,0,
NON_510,36.35528704461155,127.34054344697613,대전광역시 유성구 봉명동 442-10,2024,3,7,15,3,spring,0,1,1,1,0.0,2024-03-07,0,0,0,1334,4.6,1424,2.2,0.0,1000,-9.0,0.5,-9.0,6.9,6.7,2356,774,26.04,0,,,,,0,
NON_511,36.35408020988906,127.34189828301092,대전광역시 유성구 봉명동 576,2024,3,7,10,3,spring,0,1,1,1,0.0,2024-03-07,0,0,0,1334,4.6,1424,2.2,0.0,1000,-9.0,0.5,-9.0,6.9,6.7,2356,1163,6.96,0,,,,,0,
NON_512,36.36086832445956,127.35349221944385,대전광역시 유성구 봉명동 496-1,2024,2,23,9,4,winter,1,1,1,1,0.0,2024-02-23,0,0,0,1253,3.0,1324,2.5,0.0,1200,0.0,9.5,-9.0,5.6,3.2,2056,587,19.88,0,,,,,0,
NON_513,36.392310441851315,127.311167553308,대전광역시 유성구 반석동 676,2024,3,21,14,3,spring,0,2,2,2,0.0,2024-03-21,0,0,0,1212,5.2,1448,3.14,-9.0,1200,-9.0,-9.0,-9.0,9.6,11.0,1,437,38.31,0,,,,,0,
NON_514,36.298456875384005,127.31572673819899,대전광역시 유성구 원내동 708,2024,7,23,10,1,summer,0,1,1,1,0.0,2024-07-23,0,0,0,49,27.2,1,0.67,3.9,1300,6.0,10.03,2.5,26.9,0.0,1006,687,18.56,0,,,,,0,
NON_515,36.44917852981408,127.42130137968616,대전광역시 대덕구 석봉동 766,2024,3,26,11,1,spring,0,1,1,1,0.0,2024-03-26,0,0,0,11,6.7,1523,1.95,19.5,1000,0.2,10.33,-9.0,9.5,3.0,2358,627,33.94,0,,,,,0,
NON_516,36.35145280657604,127.33482525732961,대전광역시 유성구 구암동 641,2024,3,23,6,5,spring,0,3,5,5,0.0,2024-03-23,0,0,0,1516,14.9,1457,3.14,0.3,1200,-9.0,2.25,-9.0,15.9,9.3,2254,284,7.29,1,,,,,0,
NON_517,36.37764164421578,127.41045657111289,대전광역시 대덕구 읍내동 505-3,2025,10,27,8,0,autumn,1,1,1,1,0.0,2025-10-27,0,0,0,1514,9.5,1327,2.55,-9.0,1200,-9.0,-9.0,-9.0,10.5,9.9,2341,290,17.04,0,,,,,0,
NON_518,36.403047853952415,127.40533298266588,대전광역시 유성구 전민동 464-3,2024,3,29,15,4,spring,0,2,2,2,0.0,2024-03-29,0,0,0,1336,9.3,1116,1.88,0.2,1000,0.2,2.92,-9.0,9.5,2.5,2359,571,25.98,0,,,,,0,
NON_519,36.36114275339087,127.35648270512523,대전광역시 유성구 어은동 109,2024,7,23,10,1,summer,0,5,5,5,0.0,2024-07-23,0,0,0,49,27.2,1,0.67,3.9,1300,6.0,10.03,2.5,26.9,0.0,1006,656,38.67,0,,,,,0,
NON_520,36.39978522299748,127.31252184846609,대전광역시 유성구 외삼동 574-5,2024,3,6,9,2,spring,1,3,3,3,0.0,2024-03-06,0,0,0,2315,7.0,1522,2.15,-9.0,1200,0.0,-9.0,-9.0,7.2,5.8,2358,710,25.25,0,,,,,0,
NON_521,36.361527883789634,127.35716414652089,대전광역시 유성구 어은동 59-1,2024,6,27,15,3,summer,0,1,1,1,0.0,2024-06-27,0,0,0,1601,23.7,1451,1.79,-9.0,1400,-9.0,-9.0,-9.0,28.5,2.1,17,967,9.09,0,,,,,0,
NON_522,36.365729783601296,127.33149380686586,대전광역시 유성구 장대동 17-4,2024,3,25,6,0,spring,0,1,1,2,0.0,2024-03-25,0,0,0,2121,9.4,1033,1.45,6.8,1000,26.1,11.25,-9.0,10.0,0.0,12,319,47.31,0,,,,,0,
NON_523,36.35778354328857,127.33584607318167,대전광역시 유성구 장대동 293,2024,4,5,8,4,spring,1,1,4,4,0.0,2024-04-05,0,0,0,28,13.3,1540,3.03,0.0,1300,0.0,0.5,0.0,14.6,6.1,921,346,25.06,0,,,,,0,
NON_524,36.34684403360232,127.41798397304004,대전광역시 대덕구 오정동 753,2025,11,5,12,2,autumn,0,2,2,2,0.0,2025-11-05,0,0,0,1630,10.4,1502,2.04,-9.0,1200,-9.0,-9.0,-9.0,10.3,7.3,921,316,28.9,0,,,,,0,
NON_525,36.38225379667481,127.32474433931412,대전광역시 유성구 죽동 648,2024,4,4,15,3,spring,0,4,5,5,0.0,2024-04-04,0,0,0,2335,13.4,1031,1.56,0.0,1000,0.0,0.8,0.0,14.2,0.2,2355,989,20.94,0,,,,,0,
NON_526,36.401979483569384,127.40425856668013,대전광역시 유성구 전민동 464-3,2024,3,29,15,4,spring,0,1,1,1,0.0,2024-03-29,0,0,0,1336,9.3,1116,1.88,0.2,1000,0.2,2.92,-9.0,9.5,2.5,2359,331,36.5,0,,,,,0,
NON_527,36.30147324140008,127.31470558150687,대전광역시 유성구 원내동 773,2024,7,23,10,1,summer,0,1,1,1,0.0,2024-07-23,0,0,0,49,27.2,1,0.67,3.9,1300,6.0,10.03,2.5,26.9,0.0,1006,761,26.59,0,,,,,0,
NON_528,36.35014380700603,127.41979343362026,대전광역시 대덕구 오정동 236-7,2025,11,7,8,4,autumn,1,1,1,1,0.0,2025-11-07,0,0,0,2128,13.3,1516,2.17,-9.0,1200,-9.0,-9.0,-9.0,11.9,6.3,811,431,34.9,0,,,,,0,
NON_529,36.35827007585289,127.33983133328766,대전광역시 유성구 장대동 371,2024,2,13,15,1,winter,0,2,2,2,0.0,2024-02-13,0,0,0,1302,8.4,1445,2.41,-9.0,1300,0.0,-9.0,-9.0,6.2,8.4,221,1107,8.79,0,,,,,0,
NON_530,36.361033640790076,127.33574542472063,대전광역시 유성구 장대동 63-2,2024,3,5,16,1,spring,0,1,1,1,0.0,2024-03-05,0,0,0,1830,5.9,1,0.29,2.5,1000,0.3,15.42,-9.0,5.8,0.0,208,213,17.82,0,,,,,0,
NON_531,36.374413444031674,127.3956828505317,대전광역시 유성구 도룡동 8-59,2024,11,1,14,4,autumn,0,1,1,1,0.0,2024-11-01,0,0,0,1218,13.3,2316,0.54,1.6,1300,1.1,5.17,-9.0,13.9,0.0,857,528,12.05,0,,,,,0,
NON_532,36.36543815172027,127.32290614280059,대전광역시 유성구 노은동 613,2024,3,26,8,1,spring,1,1,2,2,0.0,2024-03-26,0,0,0,11,6.7,1523,1.95,19.5,1000,0.2,10.33,-9.0,9.5,3.0,2358,247,16.02,0,,,,,0,
NON_533,36.409507494370345,127.29981879717387,대전광역시 유성구 안산동 227-9,2024,3,21,14,3,spring,0,2,2,2,0.0,2024-03-21,0,0,0,1212,5.2,1448,3.14,-9.0,1200,-9.0,-9.0,-9.0,9.6,11.0,1,714,18.31,0,,,,,0,
NON_534,36.4109355024982,127.30044641443047,대전광역시 유성구 안산동 227-9,2024,3,21,14,3,spring,0,1,1,1,0.0,2024-03-21,0,0,0,1212,5.2,1448,3.14,-9.0,1200,-9.0,-9.0,-9.0,9.6,11.0,1,500,21.79,0,,,,,0,
NON_535,36.3689732049152,127.41940641875321,대전광역시 대덕구 대화동 561-4,2025,11,6,8,3,autumn,1,1,1,1,0.0,2025-11-06,0,0,0,1337,11.3,1438,2.13,-9.0,1200,-9.0,-9.0,-9.0,10.8,6.4,838,666,34.68,0,,,,,0,
NON_536,36.314200111055456,127.31558550964984,대전광역시 유성구 대정동 509-9,2024,7,23,10,1,summer,0,1,1,1,0.0,2024-07-23,0,0,0,49,27.2,1,0.67,3.9,1300,6.0,10.03,2.5,26.9,0.0,1006,283,24.69,0,,,,,0,
NON_537,36.386421117785666,127.32540642012347,대전광역시 유성구 하기동 596,2024,3,18,15,0,spring,0,1,1,1,0.0,2024-03-18,0,0,0,1508,7.9,1604,3.08,-9.0,1200,0.0,-9.0,-9.0,11.1,10.2,836,397,21.39,0,,,,,0,
NON_538,36.40297368969797,127.40472403499112,대전광역시 유성구 전민동 464-3,2024,12,2,14,0,winter,0,1,1,1,0.0,2024-12-02,0,0,0,1712,8.3,1354,1.66,0.0,1100,0.0,0.45,-9.0,6.6,5.1,2313,1101,15.52,0,,,,,0,
NON_539,36.37646354736733,127.339603660664,대전광역시 유성구 죽동 799,2024,7,22,7,0,summer,0,1,1,2,0.0,2024-07-22,0,0,0,2330,28.9,1240,2.46,-9.0,1200,0.0,-9.0,-9.0,29.3,2.8,113,594,31.91,0,,,,,0,
NON_540,36.361188351759466,127.35394401696448,대전광역시 유성구 어은동 311,2024,12,6,13,4,winter,0,2,2,2,0.0,2024-12-06,0,0,0,1501,4.0,1354,2.01,0.0,1200,-9.0,0.33,-9.0,4.0,5.8,2219,417,10.14,0,,,,,0,
NON_541,36.40878792861668,127.37741904471203,대전광역시 유성구 화암동 109-11,2024,6,20,10,3,summer,0,1,1,1,0.0,2024-06-20,0,0,0,1354,25.7,1457,2.67,-9.0,1400,-9.0,-9.0,-9.0,33.4,6.3,6,998,34.66,0,,,,,0,
NON_542,36.32871698558823,127.44331310999978,대전광역시 동구 대동 138-56,2025,10,28,16,1,autumn,0,1,1,1,0.0,2025-10-28,0,0,0,1513,8.5,1434,2.49,-9.0,1200,-9.0,-9.0,-9.0,9.6,10.0,2353,541,28.34,0,,,,,0,
NON_543,36.39155521749029,127.32838233489748,대전광역시 유성구 하기동 603,2024,2,28,15,2,winter,0,2,2,2,0.0,2024-02-28,0,0,0,8,6.3,1637,2.16,-9.0,1200,-9.0,-9.0,-9.0,5.9,3.7,916,857,34.91,0,,,,,0,
NON_544,36.350885285362956,127.33588054307522,대전광역시 유성구 구암동 641,2024,3,22,14,4,spring,0,2,4,4,0.0,2024-03-22,0,0,0,1442,10.1,1324,2.8,4.1,1100,4.4,6.33,-9.0,9.9,5.9,117,286,40.43,0,,,,,0,
NON_545,36.31308338123628,127.44145879007581,대전광역시 동구 효동 122-5,2025,11,9,12,6,autumn,0,1,1,1,0.0,2025-11-09,0,0,0,1345,13.7,1305,1.95,0.0,1300,-9.0,0.75,-9.0,13.0,6.8,1,721,19.34,1,,,,,0,
NON_546,36.36199654983228,127.3635077508592,대전광역시 서구 월평동 1517,2025,11,2,9,6,autumn,1,1,1,1,0.0,2025-11-02,0,0,0,1336,9.4,1106,2.11,2.1,1100,-9.0,1.25,-9.0,9.9,6.7,2344,614,26.51,1,,,,,0,
NON_547,36.36799228850104,127.3272127437387,대전광역시 유성구 노은동 63-29,2024,3,16,8,5,spring,1,1,1,1,0.0,2024-03-16,0,0,0,1616,11.4,1456,2.99,0.0,1200,0.0,1.25,-9.0,12.9,8.8,236,722,5.71,1,,,,,0,
NON_548,36.39024555049171,127.40840921048202,대전광역시 유성구 문지동 661-3,2025,11,6,9,3,autumn,1,2,2,2,0.0,2025-11-06,0,0,0,1337,11.3,1438,2.13,-9.0,1200,-9.0,-9.0,-9.0,10.8,6.4,838,668,11.49,0,,,,,0,
NON_549,36.384373057359596,127.30667674706095,대전광역시 유성구 지족동 1062-1,2024,12,17,14,1,winter,0,1,1,1,0.0,2024-12-17,0,0,0,1528,1.6,1326,1.9,-9.0,1200,-9.0,-9.0,-9.0,1.6,6.6,948,904,34.84,0,,,,,0,
NON_550,36.36344357928981,127.32699801676749,대전광역시 유성구 장대동 231-2,2024,8,1,10,3,summer,0,1,1,1,0.0,2024-08-01,0,0,0,1028,30.0,1448,2.84,-9.0,1300,-9.0,-9.0,-9.0,34.4,5.9,156,757,30.19,0,,,,,0,
NON_551,36.36852301021947,127.34981381063967,대전광역시 유성구 궁동 220,2024,8,5,17,0,summer,0,1,1,1,0.0,2024-08-05,0,0,0,1537,27.4,1354,2.94,34.3,1300,33.2,3.38,27.8,30.1,5.4,2231,636,28.81,0,,,,,0,
NON_552,36.38164266367955,127.32440339794145,대전광역시 유성구 죽동 636,2024,4,4,10,3,spring,0,1,3,3,0.0,2024-04-04,0,0,0,2335,13.4,1031,1.56,0.0,1000,0.0,0.8,0.0,14.2,0.2,2355,1177,7.37,0,,,,,0,
NON_553,36.39089983287426,127.3992683608877,대전광역시 유성구 문지동 103-15,2024,3,25,7,0,spring,0,8,8,8,0.0,2024-03-25,0,0,0,2121,9.4,1033,1.45,6.8,1000,26.1,11.25,-9.0,10.0,0.0,12,722,38.37,0,,,,,0,
NON_554,36.43093176489332,127.3804570306567,대전광역시 유성구 송강동 168-2,2024,3,19,14,1,spring,0,2,2,2,0.0,2024-03-19,0,0,0,1123,7.2,1433,1.48,0.0,1100,0.0,4.08,-9.0,8.7,3.2,50,625,14.93,0,,,,,0,
NON_555,36.353117435130926,127.33656314119668,대전광역시 유성구 봉명동 534,2024,8,5,10,0,summer,0,1,1,1,0.0,2024-08-05,0,0,0,1537,27.4,1354,2.94,34.3,1300,33.2,3.38,27.8,30.1,5.4,2231,793,36.3,0,,,,,0,
NON_556,36.34015314612934,127.42004950910069,대전광역시 동구 삼성동 470,2025,10,27,8,0,autumn,1,1,1,1,0.0,2025-10-27,0,0,0,1514,9.5,1327,2.55,-9.0,1200,-9.0,-9.0,-9.0,10.5,9.9,2341,409,33.4,0,,,,,0,
NON_557,36.40210553153964,127.36341422032812,대전광역시 유성구 장동 12-16,2024,3,6,12,2,spring,0,4,4,4,0.0,2024-03-06,0,0,0,2315,7.0,1522,2.15,-9.0,1200,0.0,-9.0,-9.0,7.2,5.8,2358,745,18.01,0,,,,,0,
NON_558,36.37049091913074,127.41826513141548,대전광역시 대덕구 대화동 568-16,2025,11,3,18,0,autumn,1,1,1,1,0.0,2025-11-03,0,0,0,54,7.0,1519,2.35,-9.0,1200,-9.0,-9.0,-9.0,7.3,9.7,856,891,38.89,0,,,,,0,
NON_559,36.35605891443788,127.4175701477936,대전광역시 대덕구 오정동 728,2025,10,27,8,0,autumn,1,2,2,2,0.0,2025-10-27,0,0,0,1514,9.5,1327,2.55,-9.0,1200,-9.0,-9.0,-9.0,10.5,9.9,2341,977,10.67,0,,,,,0,
NON_560,36.35808498311515,127.33686037652372,대전광역시 유성구 장대동 290,2024,7,30,9,1,summer,1,1,1,1,0.0,2024-07-30,0,0,0,44,28.7,1339,3.44,-9.0,1300,-9.0,-9.0,-9.0,33.9,7.4,735,1058,12.47,0,,,,,0,
NON_561,36.33677720015158,127.42081104453088,대전광역시 중구 선화동 920,2025,11,5,11,2,autumn,0,7,8,8,0.0,2025-11-05,0,0,0,1630,10.4,1502,2.04,-9.0,1200,-9.0,-9.0,-9.0,10.3,7.3,921,839,31.13,0,,,,,0,
NON_562,36.32347716501432,127.31274081101651,대전광역시 유성구 용계동 402-11,2024,2,19,10,0,winter,0,1,1,1,0.0,2024-02-19,0,0,0,1349,9.8,1344,0.59,16.6,1300,1.2,13.83,-9.0,9.7,0.0,2253,408,15.8,0,,,,,0,
NON_563,36.35410073897783,127.41753541849224,대전광역시 대덕구 오정동 429-24,2025,11,10,18,0,autumn,1,1,1,1,0.0,2025-11-10,0,0,0,352,8.9,1447,2.31,-9.0,1200,-9.0,-9.0,-9.0,8.0,9.6,906,479,42.27,0,,,,,0,
NON_564,36.385235273125346,127.3737545751632,대전광역시 유성구 도룡동 404-2,2024,3,19,15,1,spring,0,1,1,1,0.0,2024-03-19,0,0,0,1123,7.2,1433,1.48,0.0,1100,0.0,4.08,-9.0,8.7,3.2,50,1015,20.2,0,,,,,0,
NON_565,36.32189753856416,127.41524492449935,대전광역시 중구 문화동 1-9,2025,11,8,10,5,autumn,0,1,1,1,0.0,2025-11-08,0,0,0,106,13.7,1407,1.13,0.4,1000,0.4,3.33,-9.0,13.1,0.4,628,582,11.34,1,,,,,0,
NON_566,36.390239162243745,127.34931468304264,대전광역시 유성구 신성동 468,2024,3,1,5,4,spring,0,1,1,1,0.0,2024-03-01,0,0,0,1424,-2.2,1,2.91,-9.0,1200,-9.0,-9.0,-9.0,2.1,10.2,2239,349,8.56,0,,,,,0,
NON_567,36.34048842120683,127.42186543932364,대전광역시 동구 삼성동 458,2025,11,11,8,1,autumn,1,3,4,4,0.0,2025-11-11,0,0,0,1358,8.2,1509,2.21,-9.0,1100,-9.0,-9.0,-9.0,7.7,8.0,2220,351,13.62,0,,,,,0,
NON_568,36.38647622548609,127.32554865817886,대전광역시 유성구 하기동 598,2024,2,28,15,2,winter,0,3,3,3,0.0,2024-02-28,0,0,0,8,6.3,1637,2.16,-9.0,1200,-9.0,-9.0,-9.0,5.9,3.7,916,514,12.04,0,,,,,0,
NON_569,36.3703257231137,127.31733412596398,대전광역시 유성구 노은동 583,2024,2,28,9,2,winter,1,8,8,8,0.0,2024-02-28,0,0,0,8,6.3,1637,2.16,-9.0,1200,-9.0,-9.0,-9.0,5.9,3.7,916,338,21.07,0,,,,,0,
NON_570,36.43170818487692,127.38090713016071,대전광역시 유성구 송강동 168-2,2024,3,19,14,1,spring,0,1,1,1,0.0,2024-03-19,0,0,0,1123,7.2,1433,1.48,0.0,1100,0.0,4.08,-9.0,8.7,3.2,50,307,17.08,0,,,,,0,
NON_571,36.3847547957191,127.32002726239584,대전광역시 유성구 하기동 585,2024,4,4,15,3,spring,0,1,1,7,0.0,2024-04-04,0,0,0,2335,13.4,1031,1.56,0.0,1000,0.0,0.8,0.0,14.2,0.2,2355,866,8.21,0,,,,,0,
NON_572,36.334953326586444,127.42021712687296,대전광역시 중구 선화동 920,2025,11,6,8,3,autumn,1,5,9,9,0.0,2025-11-06,0,0,0,1337,11.3,1438,2.13,-9.0,1200,-9.0,-9.0,-9.0,10.8,6.4,838,1109,11.21,0,,,,,0,
NON_573,36.376681883536364,127.4134654684981,대전광역시 대덕구 읍내동 509-9,2025,10,27,8,0,autumn,1,1,1,1,0.0,2025-10-27,0,0,0,1514,9.5,1327,2.55,-9.0,1200,-9.0,-9.0,-9.0,10.5,9.9,2341,1059,36.36,0,,,,,0,
NON_574,36.30388416465101,127.32024828597245,대전광역시 유성구 원내동 773,2024,7,23,11,1,summer,0,4,4,4,0.0,2024-07-23,0,0,0,49,27.2,1,0.67,3.9,1300,6.0,10.03,2.5,26.9,0.0,1006,240,41.22,0,,,,,0,
NON_575,36.39072136709737,127.3994349078569,대전광역시 유성구 문지동 103-15,2024,3,25,7,0,spring,0,8,8,8,0.0,2024-03-25,0,0,0,2121,9.4,1033,1.45,6.8,1000,26.1,11.25,-9.0,10.0,0.0,12,722,38.37,0,,,,,0,
NON_576,36.369838173501556,127.32635014378143,대전광역시 유성구 노은동 107-37,2024,5,3,11,4,spring,0,1,1,1,0.0,2024-05-03,0,0,0,1204,18.4,1634,3.62,-9.0,1200,-9.0,-9.0,-9.0,25.1,12.6,710,838,7.42,0,,,,,0,
NON_577,36.367315368109296,127.32993873226391,대전광역시 유성구 노은동 97,2024,3,20,14,2,spring,0,2,2,2,0.0,2024-03-20,0,0,0,259,4.6,1337,3.01,-9.0,1100,-9.0,-9.0,-9.0,8.7,9.9,947,645,26.3,0,,,,,0,
NON_578,36.390546819281205,127.40618754322561,대전광역시 유성구 문지동 667,2025,11,10,18,0,autumn,1,3,5,5,0.0,2025-11-10,0,0,0,352,8.9,1447,2.31,-9.0,1200,-9.0,-9.0,-9.0,8.0,9.6,906,492,19.4,0,,,,,0,
NON_579,36.35825368430591,127.35666703846515,대전광역시 유성구 봉명동 698,2024,4,22,13,0,spring,0,1,1,1,0.0,2024-04-22,0,0,0,1623,17.4,1414,3.34,0.0,1200,-9.0,0.37,0.0,20.9,6.2,2217,345,29.81,0,,,,,0,
NON_580,36.3451773093664,127.42426925813761,대전광역시 동구 홍도동 825-2,2025,11,10,18,0,autumn,1,1,1,1,0.0,2025-11-10,0,0,0,352,8.9,1447,2.31,-9.0,1200,-9.0,-9.0,-9.0,8.0,9.6,906,524,38.54,0,,,,,0,
NON_581,36.407210987451,127.38488473188244,대전광역시 유성구 화암동 57-3,2024,6,20,10,3,summer,0,1,1,1,0.0,2024-06-20,0,0,0,1354,25.7,1457,2.67,-9.0,1400,-9.0,-9.0,-9.0,33.4,6.3,6,833,32.78,0,,,,,0,
NON_582,36.399302734832666,127.40547222779793,대전광역시 유성구 전민동 394-16,2024,2,29,13,3,winter,0,2,2,2,0.0,2024-02-29,0,0,0,2400,5.1,1247,0.6,0.2,1400,0.2,3.0,-9.0,5.5,0.0,49,399,28.9,0,,,,,0,
NON_583,36.397176674476675,127.4041092528344,대전광역시 유성구 전민동 271-5,2024,2,29,13,3,winter,0,3,3,3,0.0,2024-02-29,0,0,0,2400,5.1,1247,0.6,0.2,1400,0.2,3.0,-9.0,5.5,0.0,49,315,7.96,0,,,,,0,
NON_584,36.4026840676065,127.40548622720573,대전광역시 유성구 전민동 464-3,2024,3,29,15,4,spring,0,1,1,1,0.0,2024-03-29,0,0,0,1336,9.3,1116,1.88,0.2,1000,0.2,2.92,-9.0,9.5,2.5,2359,331,36.5,0,,,,,0,
NON_585,36.390628800149976,127.33161141604293,대전광역시 유성구 하기동 603,2024,6,20,9,3,summer,1,3,3,5,0.0,2024-06-20,0,0,0,1354,25.7,1457,2.67,-9.0,1400,-9.0,-9.0,-9.0,33.4,6.3,6,722,34.8,0,,,,,0,
NON_586,36.390573798910346,127.36235067534193,대전광역시 유성구 장동 23-9,2024,3,25,15,0,spring,0,1,1,1,0.0,2024-03-25,0,0,0,2121,9.4,1033,1.45,6.8,1000,26.1,11.25,-9.0,10.0,0.0,12,769,16.73,0,,,,,0,
NON_587,36.36036600363075,127.3280646501996,대전광역시 유성구 장대동 223-10,2024,4,23,14,1,spring,0,1,1,1,0.0,2024-04-23,0,0,0,1341,16.4,1357,3.45,0.0,1300,4.3,1.58,0.0,20.8,7.8,1,383,15.3,0,,,,,0,
NON_588,36.389895235336446,127.32304850444498,대전광역시 유성구 하기동 603,2024,2,28,10,2,winter,0,1,1,1,0.0,2024-02-28,0,0,0,8,6.3,1637,2.16,-9.0,1200,-9.0,-9.0,-9.0,5.9,3.7,916,626,23.35,0,,,,,0,
NON_589,36.36347175123069,127.35576992500015,대전광역시 유성구 어은동 99,2024,2,28,9,2,winter,1,8,8,8,0.0,2024-02-28,0,0,0,8,6.3,1637,2.16,-9.0,1200,-9.0,-9.0,-9.0,5.9,3.7,916,945,40.34,0,,,,,0,
NON_590,36.362149661940435,127.3557955103345,대전광역시 유성구 어은동 59-1,2024,6,27,15,3,summer,0,1,1,1,0.0,2024-06-27,0,0,0,1601,23.7,1451,1.79,-9.0,1400,-9.0,-9.0,-9.0,28.5,2.1,17,967,9.09,0,,,,,0,
NON_591,36.353892129373,127.41803911009052,대전광역시 대덕구 오정동 728,2025,10,27,8,0,autumn,1,1,1,1,0.0,2025-10-27,0,0,0,1514,9.5,1327,2.55,-9.0,1200,-9.0,-9.0,-9.0,10.5,9.9,2341,1203,29.76,0,,,,,0,
NON_592,36.33804233193772,127.419605840013,대전광역시 동구 성남동 491-2,2025,11,8,14,5,autumn,0,1,1,1,0.0,2025-11-08,0,0,0,106,13.7,1407,1.13,0.4,1000,0.4,3.33,-9.0,13.1,0.4,628,204,37.49,1,,,,,0,
NON_593,36.42942201604848,127.38270919040332,대전광역시 유성구 송강동 556,2024,2,29,13,3,winter,0,2,2,2,0.0,2024-02-29,0,0,0,2400,5.1,1247,0.6,0.2,1400,0.2,3.0,-9.0,5.5,0.0,49,648,46.72,0,,,,,0,
NON_594,36.37040186954798,127.3175612429829,대전광역시 유성구 노은동 583,2024,2,28,9,2,winter,1,8,8,8,0.0,2024-02-28,0,0,0,8,6.3,1637,2.16,-9.0,1200,-9.0,-9.0,-9.0,5.9,3.7,916,338,21.07,0,,,,,0,
NON_595,36.3918211450872,127.31086173267228,대전광역시 유성구 반석동 676,2024,3,22,16,4,spring,0,2,3,3,0.0,2024-03-22,0,0,0,1442,10.1,1324,2.8,4.1,1100,4.4,6.33,-9.0,9.9,5.9,117,248,47.88,0,,,,,0,
NON_596,36.33673055302761,127.4201733411949,대전광역시 중구 선화동 920,2025,10,29,23,2,autumn,0,3,3,3,0.0,2025-10-29,0,0,0,1533,9.6,1506,2.4,-9.0,1200,-9.0,-9.0,-9.0,9.7,9.7,849,1064,11.8,0,,,,,0,
NON_597,36.36110060043566,127.35800747904004,대전광역시 유성구 어은동 262-1,2024,2,26,10,0,winter,0,1,1,1,0.0,2024-02-26,0,0,0,1620,3.7,1608,2.62,-9.0,1200,-9.0,-9.0,-9.0,4.9,7.3,806,349,18.79,0,,,,,0,
NON_598,36.44183879282939,127.4300703148051,대전광역시 대덕구 신탄진동 264-64,2024,3,26,10,1,spring,0,1,1,1,0.0,2024-03-26,0,0,0,11,6.7,1523,1.95,19.5,1000,0.2,10.33,-9.0,9.5,3.0,2358,621,31.8,0,,,,,0,
NON_599,36.35238321081941,127.34820369040834,대전광역시 유성구 봉명동 1058,2025,10,26,9,6,autumn,1,1,1,1,0.0,2025-10-26,0,0,0,1342,13.2,1226,2.13,0.0,1200,0.0,1.15,0.0,14.1,1.3,151,364,15.99,1,,,,,0,
NON_600,36.35810406197897,127.33430761083862,대전광역시 유성구 장대동 291,2024,3,25,8,0,spring,1,2,2,2,0.0,2024-03-25,0,0,0,2121,9.4,1033,1.45,6.8,1000,26.1,11.25,-9.0,10.0,0.0,12,361,19.8,0,,,,,0,
NON_601,36.38890807295877,127.36256408460436,대전광역시 유성구 장동 산 15-2,2024,3,25,15,0,spring,0,1,1,1,0.0,2024-03-25,0,0,0,2121,9.4,1033,1.45,6.8,1000,26.1,11.25,-9.0,10.0,0.0,12,297,42.11,0,,,,,0,
NON_602,36.393882072211674,127.3120430481108,대전광역시 유성구 반석동 687,2024,3,26,15,1,spring,0,1,1,1,0.0,2024-03-26,0,0,0,11,6.7,1523,1.95,19.5,1000,0.2,10.33,-9.0,9.5,3.0,2358,274,45.46,0,,,,,0,
NON_603,36.349165663344785,127.33476703184839,대전광역시 유성구 상대동 489,2025,1,23,10,3,winter,0,1,1,1,0.0,2025-01-23,0,0,0,1854,2.9,1543,1.98,-9.0,1200,-9.0,-9.0,-9.0,3.1,8.5,922,990,29.24,0,,,,,0,
NON_604,36.406463591116726,127.37360673857422,대전광역시 유성구 방현동 9-12,2024,7,26,10,4,summer,0,1,1,1,0.0,2024-07-26,0,0,0,1246,28.4,1341,2.79,1.3,1000,1.3,1.62,1.0,31.4,5.1,2328,418,17.11,0,,,,,0,
NON_605,36.3946482992202,127.34869586510703,대전광역시 유성구 자운동 515-21,2024,2,29,10,3,winter,0,1,5,5,0.0,2024-02-29,0,0,0,2400,5.1,1247,0.6,0.2,1400,0.2,3.0,-9.0,5.5,0.0,49,523,41.21,0,,,,,0,
NON_606,36.352913249528186,127.34147092187598,대전광역시 유성구 봉명동 1058,2024,7,4,10,3,summer,0,1,1,1,0.0,2024-07-04,0,0,0,2250,28.1,1507,3.46,-9.0,1200,3.9,-9.0,-9.0,29.2,10.0,1,514,43.81,0,,,,,0,
NON_607,36.4107816949545,127.30044479746957,대전광역시 유성구 안산동 227-9,2024,3,21,14,3,spring,0,2,2,2,0.0,2024-03-21,0,0,0,1212,5.2,1448,3.14,-9.0,1200,-9.0,-9.0,-9.0,9.6,11.0,1,714,18.31,0,,,,,0,
NON_608,36.36146136716923,127.35524663768658,대전광역시 유성구 어은동 311,2025,1,31,14,4,winter,0,1,3,7,0.0,2025-01-31,0,0,0,1741,1.9,1554,1.23,0.0,1200,0.2,1.33,-9.0,1.6,1.3,831,285,16.42,0,,,,,0,
NON_609,36.30546505773935,127.44894346931358,대전광역시 중구 호동 27-1,2025,11,9,12,6,autumn,0,1,1,1,0.0,2025-11-09,0,0,0,1345,13.7,1305,1.95,0.0,1300,-9.0,0.75,-9.0,13.0,6.8,1,582,7.72,1,,,,,0,
NON_610,36.39116043854772,127.40848307462043,대전광역시 유성구 문지동 661-3,2025,11,6,9,3,autumn,1,1,1,1,0.0,2025-11-06,0,0,0,1337,11.3,1438,2.13,-9.0,1200,-9.0,-9.0,-9.0,10.8,6.4,838,1032,24.48,0,,,,,0,
NON_611,36.411534938617805,127.3783382566262,대전광역시 유성구 화암동 25-13,2024,7,5,10,4,summer,0,1,1,1,0.0,2024-07-05,0,0,0,121,25.8,1555,3.5,3.9,1100,-9.0,2.67,3.7,27.4,7.9,2128,840,21.68,0,,,,,0,
NON_612,36.294250483318166,127.29930679078345,대전광역시 유성구 성북동 731-6,2024,12,13,14,4,winter,0,1,1,1,0.0,2024-12-13,0,0,0,1254,0.6,1235,0.74,0.0,1000,0.0,1.5,-9.0,0.9,0.3,226,716,35.93,0,,,,,0,
NON_613,36.375061313484245,127.3904104177482,대전광역시 유성구 도룡동 465-1,2024,2,22,14,3,winter,0,1,1,1,0.0,2024-02-22,0,0,0,1233,2.1,1350,0.58,3.7,1300,0.5,20.08,-9.0,3.8,0.0,2122,785,33.1,0,,,,,0,
NON_614,36.35422665652706,127.41844139322006,대전광역시 대덕구 오정동 687-1,2025,11,11,8,1,autumn,1,1,1,1,0.0,2025-11-11,0,0,0,1358,8.2,1509,2.21,-9.0,1100,-9.0,-9.0,-9.0,7.7,8.0,2220,902,14.89,0,,,,,0,
NON_615,36.26726573779633,127.28336555405477,대전광역시 유성구 방동 623-4,2024,3,8,15,4,spring,0,1,1,1,0.0,2024-03-08,0,0,0,1350,2.9,1304,2.9,-9.0,1200,-9.0,-9.0,-9.0,4.4,10.2,2400,650,12.39,0,,,,,0,
NON_616,36.375259513453045,127.41534189863323,대전광역시 대덕구 읍내동 543-1,2025,11,5,8,2,autumn,1,3,3,3,0.0,2025-11-05,0,0,0,1630,10.4,1502,2.04,-9.0,1200,-9.0,-9.0,-9.0,10.3,7.3,921,693,6.67,0,,,,,0,
NON_617,36.372777899223024,127.41642864093356,대전광역시 대덕구 대화동 568-6,2025,11,10,18,0,autumn,1,2,2,2,0.0,2025-11-10,0,0,0,352,8.9,1447,2.31,-9.0,1200,-9.0,-9.0,-9.0,8.0,9.6,906,1036,11.21,0,,,,,0,
NON_618,36.36916429185478,127.3184574928594,대전광역시 유성구 노은동 583,2024,2,28,9,2,winter,1,4,4,4,0.0,2024-02-28,0,0,0,8,6.3,1637,2.16,-9.0,1200,-9.0,-9.0,-9.0,5.9,3.7,916,398,9.87,0,,,,,0,
NON_619,36.390475942441746,127.33133144429272,대전광역시 유성구 하기동 603,2024,6,20,9,3,summer,1,3,3,5,0.0,2024-06-20,0,0,0,1354,25.7,1457,2.67,-9.0,1400,-9.0,-9.0,-9.0,33.4,6.3,6,722,34.8,0,,,,,0,
NON_620,36.384535466321005,127.32086957231932,대전광역시 유성구 하기동 585,2024,3,4,15,0,spring,0,6,6,6,0.0,2024-03-04,0,0,0,1729,6.7,1428,2.21,-9.0,1100,2.2,-9.0,-9.0,6.7,5.7,956,555,28.99,0,,,,,0,
NON_621,36.366170983154035,127.36514204985166,대전광역시 유성구 구성동 464,2025,2,18,14,1,winter,0,2,2,2,0.0,2025-02-18,0,0,0,1238,-0.9,1434,2.67,-9.0,1200,-9.0,-9.0,-9.0,1.8,10.1,902,1001,34.81,0,,,,,0,
NON_622,36.30146106436246,127.31557653136306,대전광역시 유성구 원내동 773,2024,7,23,10,1,summer,0,1,1,1,0.0,2024-07-23,0,0,0,49,27.2,1,0.67,3.9,1300,6.0,10.03,2.5,26.9,0.0,1006,761,26.59,0,,,,,0,
NON_623,36.40408645424705,127.40295097939848,대전광역시 유성구 전민동 462-8,2024,3,1,7,4,spring,0,1,1,1,0.0,2024-03-01,0,0,0,1424,-2.2,1,2.91,-9.0,1200,-9.0,-9.0,-9.0,2.1,10.2,2239,855,34.92,0,,,,,0,
NON_624,36.31211195784272,127.3201903685189,대전광역시 유성구 대정동 274,2024,3,17,6,6,spring,0,4,4,4,0.0,2024-03-17,0,0,0,1109,9.7,1337,2.64,0.0,1100,-9.0,0.42,-9.0,13.4,6.8,2359,740,24.06,1,,,,,0,
NON_625,36.3110097554101,127.26483933949626,대전광역시 유성구 세동 산 75-1,2025,2,19,16,2,winter,0,1,1,1,0.0,2025-02-19,0,0,0,1534,-1.6,1409,2.71,-9.0,1200,-9.0,-9.0,-9.0,1.5,10.1,2345,1005,15.22,0,,,,,0,
NON_626,36.36416133126696,127.31347539518902,대전광역시 유성구 노은동 603,2024,3,20,10,2,spring,0,3,3,3,0.0,2024-03-20,0,0,0,259,4.6,1337,3.01,-9.0,1100,-9.0,-9.0,-9.0,8.7,9.9,947,726,29.82,0,,,,,0,
NON_627,36.354936729702146,127.34562738959843,대전광역시 유성구 봉명동 574,2024,3,18,15,0,spring,0,4,9,9,0.0,2024-03-18,0,0,0,1508,7.9,1604,3.08,-9.0,1200,0.0,-9.0,-9.0,11.1,10.2,836,719,39.95,0,,,,,0,
NON_628,36.384554496576,127.32147875617466,대전광역시 유성구 하기동 585,2024,2,28,15,2,winter,0,4,4,4,0.0,2024-02-28,0,0,0,8,6.3,1637,2.16,-9.0,1200,-9.0,-9.0,-9.0,5.9,3.7,916,947,22.56,0,,,,,0,
NON_629,36.36195723968807,127.34326911695196,대전광역시 유성구 궁동 479-5,2024,3,26,7,1,spring,0,1,1,1,0.0,2024-03-26,0,0,0,11,6.7,1523,1.95,19.5,1000,0.2,10.33,-9.0,9.5,3.0,2358,635,23.89,0,,,,,0,
NON_630,36.36617997795878,127.32364810243656,대전광역시 유성구 노은동 613,2024,3,8,15,4,spring,0,1,1,1,0.0,2024-03-08,0,0,0,1350,2.9,1304,2.9,-9.0,1200,-9.0,-9.0,-9.0,4.4,10.2,2400,787,38.99,0,,,,,0,
NON_631,36.36307599465695,127.35544060184147,대전광역시 유성구 어은동 109,2024,7,22,14,0,summer,0,2,2,2,0.0,2024-07-22,0,0,0,2330,28.9,1240,2.46,-9.0,1200,0.0,-9.0,-9.0,29.3,2.8,113,895,37.47,0,,,,,0,
NON_632,36.34066361557993,127.31321953517728,대전광역시 유성구 학하동 827,2024,5,9,15,3,spring,0,1,1,1,0.0,2024-05-09,0,0,0,1232,15.6,1506,3.46,-9.0,1200,-9.0,-9.0,-9.0,19.0,12.8,638,1095,23.01,0,,,,,0,
NON_633,36.39934927283992,127.39925934371787,대전광역시 유성구 전민동 491-3,2024,3,23,7,5,spring,0,1,1,1,0.0,2024-03-23,0,0,0,1516,14.9,1457,3.14,0.3,1200,-9.0,2.25,-9.0,15.9,9.3,2254,617,15.59,1,,,,,0,
NON_634,36.37081929205789,127.41744529501817,대전광역시 대덕구 대화동 1-29,2025,10,30,19,3,autumn,1,1,1,1,0.0,2025-10-30,0,0,0,438,10.2,1356,1.69,-9.0,1200,-9.0,-9.0,-9.0,10.6,6.6,852,630,28.5,0,,,,,0,
NON_635,36.36606974770494,127.31226843665392,대전광역시 유성구 노은동 603,2024,3,20,10,2,spring,0,1,1,1,0.0,2024-03-20,0,0,0,259,4.6,1337,3.01,-9.0,1100,-9.0,-9.0,-9.0,8.7,9.9,947,636,39.63,0,,,,,0,
NON_636,36.34781711821418,127.33591704121454,대전광역시 유성구 상대동 489,2025,1,23,10,3,winter,0,1,1,1,0.0,2025-01-23,0,0,0,1854,2.9,1543,1.98,-9.0,1200,-9.0,-9.0,-9.0,3.1,8.5,922,990,29.24,0,,,,,0,
NON_637,36.3231382820719,127.31789634872366,대전광역시 유성구 용계동 400-4,2024,10,28,10,0,autumn,0,1,1,1,0.0,2024-10-28,0,0,0,2246,14.8,1145,1.41,0.0,1100,0.0,1.17,0.0,15.4,0.4,2309,779,6.41,0,,,,,0,
NON_638,36.39320838029893,127.31282668124469,대전광역시 유성구 반석동 687,2024,3,26,15,1,spring,0,1,1,1,0.0,2024-03-26,0,0,0,11,6.7,1523,1.95,19.5,1000,0.2,10.33,-9.0,9.5,3.0,2358,274,45.46,0,,,,,0,
NON_639,36.416675856212265,127.39278278512009,대전광역시 유성구 용산동 672,2024,7,5,10,4,summer,0,2,2,2,0.0,2024-07-05,0,0,0,121,25.8,1555,3.5,3.9,1100,-9.0,2.67,3.7,27.4,7.9,2128,308,26.66,0,,,,,0,
NON_640,36.36402788928328,127.36991388319342,대전광역시 서구 월평동 1501,2025,11,2,12,6,autumn,0,1,1,1,0.0,2025-11-02,0,0,0,1336,9.4,1106,2.11,2.1,1100,-9.0,1.25,-9.0,9.9,6.7,2344,684,29.87,1,,,,,0,
NON_641,36.36187886374261,127.3477391875279,대전광역시 유성구 궁동 438,2024,3,8,7,4,spring,0,3,3,3,0.0,2024-03-08,0,0,0,1350,2.9,1304,2.9,-9.0,1200,-9.0,-9.0,-9.0,4.4,10.2,2400,1067,15.6,0,,,,,0,
NON_642,36.36952758046053,127.31480728820206,대전광역시 유성구 노은동 570,2024,7,1,15,0,summer,0,1,1,1,0.0,2024-07-01,0,0,0,1537,26.2,1700,2.97,-9.0,1300,49.3,-9.0,-9.0,29.7,8.7,2224,347,34.2,0,,,,,0,
NON_643,36.41815857880344,127.37954618671795,대전광역시 유성구 관평동 657-3,2024,8,5,16,0,summer,0,1,1,1,0.0,2024-08-05,0,0,0,1537,27.4,1354,2.94,34.3,1300,33.2,3.38,27.8,30.1,5.4,2231,305,26.32,0,,,,,0,
NON_644,36.35697336754578,127.34122512298336,대전광역시 유성구 봉명동 531,2024,4,5,9,4,spring,1,1,1,1,0.0,2024-04-05,0,0,0,28,13.3,1540,3.03,0.0,1300,0.0,0.5,0.0,14.6,6.1,921,879,36.86,0,,,,,0,
NON_645,36.35526580675763,127.4169585144791,대전광역시 대덕구 오정동 728,2025,10,27,8,0,autumn,1,2,2,2,0.0,2025-10-27,0,0,0,1514,9.5,1327,2.55,-9.0,1200,-9.0,-9.0,-9.0,10.5,9.9,2341,977,10.67,0,,,,,0,
NON_646,36.43047993360309,127.38201416672777,대전광역시 유성구 송강동 168-2,2024,3,19,14,1,spring,0,4,4,4,0.0,2024-03-19,0,0,0,1123,7.2,1433,1.48,0.0,1100,0.0,4.08,-9.0,8.7,3.2,50,422,31.01,0,,,,,0,
NON_647,36.418115954158274,127.37944880658763,대전광역시 유성구 관평동 657-3,2024,8,5,16,0,summer,0,1,1,1,0.0,2024-08-05,0,0,0,1537,27.4,1354,2.94,34.3,1300,33.2,3.38,27.8,30.1,5.4,2231,305,26.32,0,,,,,0,
NON_648,36.38473249105111,127.32279256855308,대전광역시 유성구 하기동 585,2024,2,28,15,2,winter,0,5,5,5,0.0,2024-02-28,0,0,0,8,6.3,1637,2.16,-9.0,1200,-9.0,-9.0,-9.0,5.9,3.7,916,1100,19.4,0,,,,,0,
NON_649,36.412172861057535,127.38788516879161,대전광역시 유성구 용산동 764,2024,6,20,10,3,summer,0,1,1,1,0.0,2024-06-20,0,0,0,1354,25.7,1457,2.67,-9.0,1400,-9.0,-9.0,-9.0,33.4,6.3,6,617,17.81,0,,,,,0,
NON_650,36.33568651725233,127.42178310077274,대전광역시 중구 선화동 920,2025,10,30,20,3,autumn,0,5,5,5,0.0,2025-10-30,0,0,0,438,10.2,1356,1.69,-9.0,1200,-9.0,-9.0,-9.0,10.6,6.6,852,354,19.85,0,,,,,0,
NON_651,36.38532262724653,127.35886595014375,대전광역시 유성구 신성동 420-26,2024,2,28,15,2,winter,0,1,1,1,0.0,2024-02-28,0,0,0,8,6.3,1637,2.16,-9.0,1200,-9.0,-9.0,-9.0,5.9,3.7,916,773,6.23,0,,,,,0,
NON_652,36.38719212399984,127.40561830004641,대전광역시 유성구 원촌동 141-2,2025,11,10,18,0,autumn,1,1,1,1,0.0,2025-11-10,0,0,0,352,8.9,1447,2.31,-9.0,1200,-9.0,-9.0,-9.0,8.0,9.6,906,411,17.17,0,,,,,0,
NON_653,36.371510224775264,127.32347757241641,대전광역시 유성구 노은동 599,2024,4,22,14,0,spring,0,1,1,7,0.0,2024-04-22,0,0,0,1623,17.4,1414,3.34,0.0,1200,-9.0,0.37,0.0,20.9,6.2,2217,444,19.19,0,,,,,0,
NON_654,36.3687385166805,127.35068445061198,대전광역시 유성구 궁동 220,2024,8,5,17,0,summer,0,1,1,1,0.0,2024-08-05,0,0,0,1537,27.4,1354,2.94,34.3,1300,33.2,3.38,27.8,30.1,5.4,2231,636,28.81,0,,,,,0,
NON_655,36.36227763411761,127.35656156777137,대전광역시 유성구 어은동 316,2024,12,2,18,0,winter,1,1,1,1,0.0,2024-12-02,0,0,0,1712,8.3,1354,1.66,0.0,1100,0.0,0.45,-9.0,6.6,5.1,2313,917,8.88,0,,,,,0,
NON_656,36.37384924849606,127.30523406309516,대전광역시 유성구 지족동 1060-1,2024,3,7,14,3,spring,0,2,2,2,0.0,2024-03-07,0,0,0,1334,4.6,1424,2.2,0.0,1000,-9.0,0.5,-9.0,6.9,6.7,2356,880,26.36,0,,,,,0,
NON_657,36.34518359488543,127.42380039788394,대전광역시 동구 홍도동 17-1,2025,11,11,8,1,autumn,1,1,1,1,0.0,2025-11-11,0,0,0,1358,8.2,1509,2.21,-9.0,1100,-9.0,-9.0,-9.0,7.7,8.0,2220,358,9.68,0,,,,,0,
NON_658,36.33669645306435,127.31658199076645,대전광역시 유성구 학하동 687,2024,7,23,10,1,summer,0,1,1,1,0.0,2024-07-23,0,0,0,49,27.2,1,0.67,3.9,1300,6.0,10.03,2.5,26.9,0.0,1006,703,32.85,0,,,,,0,
NON_659,36.37211316011035,127.31750099498113,대전광역시 유성구 노은동 583,2024,3,26,8,1,spring,1,3,13,13,0.0,2024-03-26,0,0,0,11,6.7,1523,1.95,19.5,1000,0.2,10.33,-9.0,9.5,3.0,2358,244,44.36,0,,,,,0,
NON_660,36.33054134777835,127.37094031463491,대전광역시 서구 변동 254-478,2025,10,25,15,5,autumn,0,1,1,1,0.0,2025-10-25,0,0,0,1704,14.3,1408,1.57,-9.0,1200,0.0,-9.0,-9.0,15.4,2.4,1,588,21.83,1,,,,,0,
NON_661,36.37596614762222,127.4139779656896,대전광역시 대덕구 대화동 568-39,2025,10,30,19,3,autumn,1,1,1,1,0.0,2025-10-30,0,0,0,438,10.2,1356,1.69,-9.0,1200,-9.0,-9.0,-9.0,10.6,6.6,852,570,23.37,0,,,,,0,
NON_662,36.354130397770014,127.33061619633739,대전광역시 유성구 구암동 633,2024,3,4,11,0,spring,0,1,1,1,0.0,2024-03-04,0,0,0,1729,6.7,1428,2.21,-9.0,1100,2.2,-9.0,-9.0,6.7,5.7,956,467,12.63,0,,,,,0,
NON_663,36.3611634132564,127.35800664420688,대전광역시 유성구 봉명동 1012-1,2024,3,6,10,2,spring,0,1,2,2,0.0,2024-03-06,0,0,0,2315,7.0,1522,2.15,-9.0,1200,0.0,-9.0,-9.0,7.2,5.8,2358,855,29.29,0,,,,,0,
NON_664,36.36026292610017,127.35386448351456,대전광역시 유성구 어은동 311,2025,2,14,10,4,winter,0,1,4,8,0.0,2025-02-14,0,0,0,1344,3.5,1429,2.47,-9.0,1200,-9.0,-9.0,-9.0,3.0,9.7,240,682,38.68,0,,,,,0,
NON_665,36.41652173440365,127.37848807688194,대전광역시 유성구 화암동 203-7,2024,6,20,10,3,summer,0,1,1,1,0.0,2024-06-20,0,0,0,1354,25.7,1457,2.67,-9.0,1400,-9.0,-9.0,-9.0,33.4,6.3,6,876,38.4,0,,,,,0,
NON_666,36.36145894713452,127.33853217484496,대전광역시 유성구 장대동 351,2024,3,20,8,2,spring,1,1,1,1,0.0,2024-03-20,0,0,0,259,4.6,1337,3.01,-9.0,1100,-9.0,-9.0,-9.0,8.7,9.9,947,419,24.34,0,,,,,0,
NON_667,36.37059617729341,127.32713257738428,대전광역시 유성구 노은동 107-18,2024,3,16,8,5,spring,1,2,2,2,0.0,2024-03-16,0,0,0,1616,11.4,1456,2.99,0.0,1200,0.0,1.25,-9.0,12.9,8.8,236,369,13.24,1,,,,,0,
NON_668,36.3299405169326,127.31221777449244,대전광역시 유성구 용계동 390-3,2024,7,23,10,1,summer,0,2,2,2,0.0,2024-07-23,0,0,0,49,27.2,1,0.67,3.9,1300,6.0,10.03,2.5,26.9,0.0,1006,685,39.58,0,,,,,0,
NON_669,36.41942229010585,127.40666403193767,대전광역시 유성구 탑립동 709,2024,3,27,14,2,spring,0,3,3,3,0.0,2024-03-27,0,0,0,1639,10.2,1438,2.79,-9.0,1200,1.2,-9.0,-9.0,11.6,9.0,711,343,43.55,0,,,,,0,
NON_670,36.3642245565599,127.33812855820534,대전광역시 유성구 장대동 302,2024,3,26,8,1,spring,1,1,1,1,0.0,2024-03-26,0,0,0,11,6.7,1523,1.95,19.5,1000,0.2,10.33,-9.0,9.5,3.0,2358,628,18.84,0,,,,,0,
NON_671,36.37316763460914,127.41549624136212,대전광역시 대덕구 대화동 63-36,2025,11,3,18,0,autumn,1,2,2,2,0.0,2025-11-03,0,0,0,54,7.0,1519,2.35,-9.0,1200,-9.0,-9.0,-9.0,7.3,9.7,856,946,10.87,0,,,,,0,
NON_672,36.35929265178276,127.3291940407209,대전광역시 유성구 장대동 258,2024,8,1,9,3,summer,1,1,1,1,0.0,2024-08-01,0,0,0,1028,30.0,1448,2.84,-9.0,1300,-9.0,-9.0,-9.0,34.4,5.9,156,700,15.48,0,,,,,0,
NON_673,36.36375397487534,127.33947509204312,대전광역시 유성구 장대동 321,2024,10,29,9,1,autumn,1,1,1,1,0.0,2024-10-29,0,0,0,1054,14.9,1532,1.88,0.0,1100,0.0,0.58,0.0,15.2,3.1,2259,944,10.78,0,,,,,0,
NON_674,36.356232065798125,127.33548544007571,대전광역시 유성구 봉명동 570,2024,5,8,14,2,spring,0,1,1,1,0.0,2024-05-08,0,0,0,1450,14.4,1629,3.32,1.8,1200,-9.0,2.33,1.1,18.6,10.5,1029,328,27.65,0,,,,,0,
NON_675,36.399288773431195,127.31485028690044,대전광역시 유성구 외삼동 574-5,2024,3,20,10,2,spring,0,1,4,4,0.0,2024-03-20,0,0,0,259,4.6,1337,3.01,-9.0,1100,-9.0,-9.0,-9.0,8.7,9.9,947,448,39.84,0,,,,,0,
NON_676,36.39248654265318,127.35736127197846,대전광역시 유성구 장동 산 29-3,2024,3,23,7,5,spring,0,1,1,1,0.0,2024-03-23,0,0,0,1516,14.9,1457,3.14,0.3,1200,-9.0,2.25,-9.0,15.9,9.3,2254,616,12.36,1,,,,,0,
NON_677,36.36609148531263,127.35198720333277,대전광역시 유성구 궁동 220,2024,3,25,7,0,spring,0,1,1,1,0.0,2024-03-25,0,0,0,2121,9.4,1033,1.45,6.8,1000,26.1,11.25,-9.0,10.0,0.0,12,451,36.15,0,,,,,0,
NON_678,36.35773948100811,127.34104236201273,대전광역시 유성구 봉명동 603,2024,11,27,13,2,autumn,0,1,1,1,0.0,2024-11-27,0,0,0,1200,2.3,1151,1.63,3.8,1300,3.9,13.75,-9.0,4.1,1.4,2207,666,47.4,0,,,,,0,
NON_679,36.38968963344868,127.40590714166092,대전광역시 유성구 문지동 667,2024,4,30,13,1,spring,0,1,1,1,0.0,2024-04-30,0,0,0,1632,16.6,1430,1.96,0.0,1100,-9.0,0.33,0.0,19.3,0.4,2331,1149,13.77,0,,,,,0,
NON_680,36.389646998662435,127.3021921173306,대전광역시 유성구 지족동 1104,2024,3,15,9,4,spring,1,1,1,1,0.0,2024-03-15,0,0,0,1451,9.5,1609,3.06,-9.0,1200,-9.0,-9.0,-9.0,10.5,11.0,2301,518,12.98,0,,,,,0,
NON_681,36.3991444585409,127.35743367579809,대전광역시 유성구 장동 202-11,2024,1,19,16,4,winter,0,2,2,2,0.0,2024-01-19,0,0,0,1044,5.9,1256,2.08,-9.0,1200,0.0,-9.0,-9.0,5.5,3.1,955,540,28.26,0,,,,,0,
NON_682,36.38266052511982,127.34282413638047,대전광역시 유성구 신성동 367-4,2025,1,31,14,4,winter,0,1,1,1,0.0,2025-01-31,0,0,0,1741,1.9,1554,1.23,0.0,1200,0.2,1.33,-9.0,1.6,1.3,831,463,12.69,0,,,,,0,
NON_683,36.42357348765269,127.29564513863035,세종특별자치시 금남면 두만리 42-11,2024,3,15,14,4,spring,0,2,2,2,0.0,2024-03-15,0,0,0,1451,9.5,1609,3.06,-9.0,1200,-9.0,-9.0,-9.0,10.5,11.0,2301,423,7.05,0,,,,,0,
NON_684,36.38535837351231,127.37832689253776,대전광역시 유성구 도룡동 404,2024,3,19,15,1,spring,0,1,1,1,0.0,2024-03-19,0,0,0,1123,7.2,1433,1.48,0.0,1100,0.0,4.08,-9.0,8.7,3.2,50,450,32.4,0,,,,,0,
NON_685,36.44312704981573,127.43354483299748,대전광역시 대덕구 신탄진동 272-2,2024,3,26,11,1,spring,0,3,3,3,0.0,2024-03-26,0,0,0,11,6.7,1523,1.95,19.5,1000,0.2,10.33,-9.0,9.5,3.0,2358,249,8.35,0,,,,,0,
NON_686,36.35518213559453,127.34500802532474,대전광역시 유성구 봉명동 574,2024,3,7,9,3,spring,1,2,3,3,0.0,2024-03-07,0,0,0,1334,4.6,1424,2.2,0.0,1000,-9.0,0.5,-9.0,6.9,6.7,2356,1126,10.0,0,,,,,0,
NON_687,36.361425034082146,127.35411002032592,대전광역시 유성구 어은동 311,2024,6,21,10,4,summer,0,1,1,2,0.0,2024-06-21,0,0,0,2140,26.4,1512,3.55,-9.0,1300,0.2,-9.0,-9.0,34.5,10.9,2246,852,46.04,0,,,,,0,
NON_688,36.37349494196892,127.41518142680785,대전광역시 대덕구 대화동 63-36,2025,10,27,19,0,autumn,1,1,1,1,0.0,2025-10-27,0,0,0,1514,9.5,1327,2.55,-9.0,1200,-9.0,-9.0,-9.0,10.5,9.9,2341,818,7.96,0,,,,,0,
NON_689,36.34196873637118,127.42657652868897,대전광역시 동구 성남동 226-3,2025,11,10,18,0,autumn,1,1,2,2,0.0,2025-11-10,0,0,0,352,8.9,1447,2.31,-9.0,1200,-9.0,-9.0,-9.0,8.0,9.6,906,583,38.37,0,,,,,0,
NON_690,36.2949590061471,127.46120883551424,대전광역시 동구 대성동 205-5,2025,11,9,12,6,autumn,0,1,1,1,0.0,2025-11-09,0,0,0,1345,13.7,1305,1.95,0.0,1300,-9.0,0.75,-9.0,13.0,6.8,1,444,26.83,1,,,,,0,
NON_691,36.35741351106945,127.34208484824316,대전광역시 유성구 봉명동 608,2024,7,23,10,1,summer,0,1,2,2,0.0,2024-07-23,0,0,0,49,27.2,1,0.67,3.9,1300,6.0,10.03,2.5,26.9,0.0,1006,417,16.5,0,,,,,0,
NON_692,36.35963681973092,127.33985125694464,대전광역시 유성구 장대동 373,2024,3,6,14,2,spring,0,1,2,2,0.0,2024-03-06,0,0,0,2315,7.0,1522,2.15,-9.0,1200,0.0,-9.0,-9.0,7.2,5.8,2358,722,36.38,0,,,,,0,
NON_693,36.41737412197766,127.29567683486285,대전광역시 유성구 안산동 산 22-6,2024,3,20,10,2,spring,0,1,1,1,0.0,2024-03-20,0,0,0,259,4.6,1337,3.01,-9.0,1100,-9.0,-9.0,-9.0,8.7,9.9,947,413,39.36,0,,,,,0,
NON_694,36.38155520207481,127.3249472329708,대전광역시 유성구 죽동 648,2024,4,4,15,3,spring,0,4,5,5,0.0,2024-04-04,0,0,0,2335,13.4,1031,1.56,0.0,1000,0.0,0.8,0.0,14.2,0.2,2355,989,20.94,0,,,,,0,
NON_695,36.362485910578386,127.34111603560538,대전광역시 유성구 궁동 351,2024,6,20,9,3,summer,1,1,1,2,0.0,2024-06-20,0,0,0,1354,25.7,1457,2.67,-9.0,1400,-9.0,-9.0,-9.0,33.4,6.3,6,321,27.44,0,,,,,0,
NON_696,36.39271966184266,127.3125629997773,대전광역시 유성구 반석동 689,2024,3,15,15,4,spring,0,1,1,1,0.0,2024-03-15,0,0,0,1451,9.5,1609,3.06,-9.0,1200,-9.0,-9.0,-9.0,10.5,11.0,2301,446,17.3,0,,,,,0,
NON_697,36.390017147868775,127.4073294786898,대전광역시 유성구 문지동 668,2025,11,5,12,2,autumn,0,3,3,3,0.0,2025-11-05,0,0,0,1630,10.4,1502,2.04,-9.0,1200,-9.0,-9.0,-9.0,10.3,7.3,921,1135,15.04,0,,,,,0,
NON_698,36.36676944031086,127.36726558490523,대전광역시 유성구 구성동 464,2025,2,18,14,1,winter,0,1,1,1,0.0,2025-02-18,0,0,0,1238,-0.9,1434,2.67,-9.0,1200,-9.0,-9.0,-9.0,1.8,10.1,902,1002,35.33,0,,,,,0,
NON_699,36.32476289990606,127.42830075635632,대전광역시 중구 대흥동 630,2025,11,2,16,6,autumn,0,3,3,3,0.0,2025-11-02,0,0,0,1336,9.4,1106,2.11,2.1,1100,-9.0,1.25,-9.0,9.9,6.7,2344,769,19.13,1,,,,,0,
NON_700,36.30539268447973,127.32042502581314,대전광역시 유성구 교촌동 652,2024,7,23,10,1,summer,0,1,1,1,0.0,2024-07-23,0,0,0,49,27.2,1,0.67,3.9,1300,6.0,10.03,2.5,26.9,0.0,1006,607,32.02,0,,,,,0,
NON_701,36.33767539657582,127.428813651459,대전광역시 동구 삼성동 457,2025,11,10,18,0,autumn,1,1,1,1,0.0,2025-11-10,0,0,0,352,8.9,1447,2.31,-9.0,1200,-9.0,-9.0,-9.0,8.0,9.6,906,974,34.72,0,,,,,0,
NON_702,36.45034933572482,127.42234374602194,대전광역시 대덕구 석봉동 766,2024,3,26,11,1,spring,0,1,1,1,0.0,2024-03-26,0,0,0,11,6.7,1523,1.95,19.5,1000,0.2,10.33,-9.0,9.5,3.0,2358,627,33.94,0,,,,,0,
NON_703,36.362411432998286,127.358033543447,대전광역시 유성구 어은동 59-1,2024,12,5,14,3,winter,0,1,1,1,0.0,2024-12-05,0,0,0,1243,4.5,1429,1.54,0.0,1100,0.0,4.53,-9.0,4.0,3.7,54,834,41.26,0,,,,,0,
NON_704,36.360156090264006,127.35555829388599,대전광역시 유성구 어은동 311,2024,12,5,9,3,winter,1,1,1,1,0.0,2024-12-05,0,0,0,1243,4.5,1429,1.54,0.0,1100,0.0,4.53,-9.0,4.0,3.7,54,381,29.61,0,,,,,0,
NON_705,36.391100568900804,127.32462578891327,대전광역시 유성구 하기동 603,2024,3,6,6,2,spring,0,4,4,4,0.0,2024-03-06,0,0,0,2315,7.0,1522,2.15,-9.0,1200,0.0,-9.0,-9.0,7.2,5.8,2358,898,36.1,0,,,,,0,
NON_706,36.381302549067684,127.4071092680349,대전광역시 유성구 원촌동 90,2025,11,10,18,0,autumn,1,3,4,4,0.0,2025-11-10,0,0,0,352,8.9,1447,2.31,-9.0,1200,-9.0,-9.0,-9.0,8.0,9.6,906,292,15.54,0,,,,,0,
NON_707,36.347864431698916,127.33255194735673,대전광역시 유성구 상대동 556,2024,10,30,9,2,autumn,1,1,1,1,0.0,2024-10-30,0,0,0,1945,14.7,1511,2.4,-9.0,1200,-9.0,-9.0,-9.0,14.2,9.6,2325,1009,23.42,0,,,,,0,
NON_708,36.387122439410525,127.33819085952155,대전광역시 유성구 하기동 148-12,2024,2,28,10,2,winter,0,1,1,1,0.0,2024-02-28,0,0,0,8,6.3,1637,2.16,-9.0,1200,-9.0,-9.0,-9.0,5.9,3.7,916,982,9.31,0,,,,,0,
NON_709,36.39586893067632,127.35680743927102,대전광역시 유성구 장동 372-2,2024,3,25,15,0,spring,0,1,1,1,0.0,2024-03-25,0,0,0,2121,9.4,1033,1.45,6.8,1000,26.1,11.25,-9.0,10.0,0.0,12,383,33.86,0,,,,,0,
NON_710,36.38589556283407,127.3576265933169,대전광역시 유성구 신성동 421,2024,2,28,15,2,winter,0,1,1,1,0.0,2024-02-28,0,0,0,8,6.3,1637,2.16,-9.0,1200,-9.0,-9.0,-9.0,5.9,3.7,916,457,27.55,0,,,,,0,
NON_711,36.35766471753908,127.33531487980707,대전광역시 유성구 장대동 277-6,2024,3,8,11,4,spring,0,1,1,1,0.0,2024-03-08,0,0,0,1350,2.9,1304,2.9,-9.0,1200,-9.0,-9.0,-9.0,4.4,10.2,2400,794,22.56,0,,,,,0,
NON_712,36.36365404401438,127.33487414830138,대전광역시 유성구 장대동 328-1,2024,3,26,14,1,spring,0,1,1,1,0.0,2024-03-26,0,0,0,11,6.7,1523,1.95,19.5,1000,0.2,10.33,-9.0,9.5,3.0,2358,349,39.06,0,,,,,0,
NON_713,36.36115933100081,127.35709022790623,대전광역시 유성구 어은동 59-12,2024,3,16,8,5,spring,1,1,1,1,0.0,2024-03-16,0,0,0,1616,11.4,1456,2.99,0.0,1200,0.0,1.25,-9.0,12.9,8.8,236,338,8.13,1,,,,,0,
NON_714,36.35520551127147,127.34040626231983,대전광역시 유성구 봉명동 442-15,2024,3,7,15,3,spring,0,1,1,1,0.0,2024-03-07,0,0,0,1334,4.6,1424,2.2,0.0,1000,-9.0,0.5,-9.0,6.9,6.7,2356,596,41.27,0,,,,,0,
NON_715,36.34241331923747,127.42806787527631,대전광역시 동구 성남동 226-3,2025,11,10,18,0,autumn,1,1,2,2,0.0,2025-11-10,0,0,0,352,8.9,1447,2.31,-9.0,1200,-9.0,-9.0,-9.0,8.0,9.6,906,583,38.37,0,,,,,0,
NON_716,36.42665670340027,127.38657045742035,대전광역시 유성구 관평동 1292,2024,7,5,10,4,summer,0,1,1,1,0.0,2024-07-05,0,0,0,121,25.8,1555,3.5,3.9,1100,-9.0,2.67,3.7,27.4,7.9,2128,330,32.95,0,,,,,0,
NON_717,36.358209790439794,127.32852563029876,대전광역시 유성구 장대동 258,2024,8,1,9,3,summer,1,1,1,1,0.0,2024-08-01,0,0,0,1028,30.0,1448,2.84,-9.0,1300,-9.0,-9.0,-9.0,34.4,5.9,156,700,15.48,0,,,,,0,
NON_718,36.356106449411335,127.33616240973251,대전광역시 유성구 봉명동 496-16,2024,4,4,13,3,spring,0,1,1,1,0.0,2024-04-04,0,0,0,2335,13.4,1031,1.56,0.0,1000,0.0,0.8,0.0,14.2,0.2,2355,1113,25.41,0,,,,,0,
NON_719,36.362308602676414,127.35692395186658,대전광역시 유성구 어은동 109,2024,9,8,16,6,autumn,0,1,1,9,0.0,2024-09-08,0,0,0,1556,27.6,1504,3.17,-9.0,1200,-9.0,-9.0,-9.0,34.8,10.4,755,438,7.44,1,,,,,0,
NON_720,36.36287989382149,127.35758268169084,대전광역시 유성구 어은동 109,2024,9,8,16,6,autumn,0,1,1,9,0.0,2024-09-08,0,0,0,1556,27.6,1504,3.17,-9.0,1200,-9.0,-9.0,-9.0,34.8,10.4,755,438,7.44,1,,,,,0,
NON_721,36.29417448578705,127.4611731480768,대전광역시 동구 대성동 205-5,2025,11,9,12,6,autumn,0,1,1,1,0.0,2025-11-09,0,0,0,1345,13.7,1305,1.95,0.0,1300,-9.0,0.75,-9.0,13.0,6.8,1,444,26.83,1,,,,,0,
NON_722,36.34881144885922,127.33056453624656,대전광역시 유성구 상대동 556,2024,7,23,10,1,summer,0,6,6,6,0.0,2024-07-23,0,0,0,49,27.2,1,0.67,3.9,1300,6.0,10.03,2.5,26.9,0.0,1006,285,24.86,0,,,,,0,
NON_723,36.43067915154133,127.37973031847591,대전광역시 유성구 송강동 산 4-43,2024,3,19,14,1,spring,0,1,1,1,0.0,2024-03-19,0,0,0,1123,7.2,1433,1.48,0.0,1100,0.0,4.08,-9.0,8.7,3.2,50,470,11.49,0,,,,,0,
NON_724,36.361905892627384,127.35664769371309,대전광역시 유성구 어은동 109,2024,9,8,16,6,autumn,0,1,1,9,0.0,2024-09-08,0,0,0,1556,27.6,1504,3.17,-9.0,1200,-9.0,-9.0,-9.0,34.8,10.4,755,438,7.44,1,,,,,0,
NON_725,36.36248317036642,127.3413260075174,대전광역시 유성구 궁동 351,2024,6,20,9,3,summer,1,1,1,2,0.0,2024-06-20,0,0,0,1354,25.7,1457,2.67,-9.0,1400,-9.0,-9.0,-9.0,33.4,6.3,6,321,27.44,0,,,,,0,
NON_726,36.40752287901456,127.37354729113123,대전광역시 유성구 방현동 9-12,2024,4,19,14,4,spring,0,1,1,3,0.0,2024-04-19,0,0,0,1558,18.2,1528,3.11,-9.0,1100,0.1,-9.0,-9.0,22.8,11.0,757,666,38.29,0,,,,,0,
NON_727,36.34565347228189,127.41107804915448,대전광역시 중구 중촌동 413-19,2025,11,2,8,6,autumn,1,1,1,1,0.0,2025-11-02,0,0,0,1336,9.4,1106,2.11,2.1,1100,-9.0,1.25,-9.0,9.9,6.7,2344,681,29.27,1,,,,,0,
NON_728,36.314375343754364,127.44038245118443,대전광역시 동구 효동 127-3,2025,11,9,15,6,autumn,0,1,1,1,0.0,2025-11-09,0,0,0,1345,13.7,1305,1.95,0.0,1300,-9.0,0.75,-9.0,13.0,6.8,1,653,24.84,1,,,,,0,
NON_729,36.30490963092887,127.44862321775578,대전광역시 중구 호동 27-1,2025,11,9,12,6,autumn,0,1,1,1,0.0,2025-11-09,0,0,0,1345,13.7,1305,1.95,0.0,1300,-9.0,0.75,-9.0,13.0,6.8,1,582,7.72,1,,,,,0,
NON_730,36.392666371550064,127.31206435885774,대전광역시 유성구 반석동 676,2024,3,22,16,4,spring,0,2,3,3,0.0,2024-03-22,0,0,0,1442,10.1,1324,2.8,4.1,1100,4.4,6.33,-9.0,9.9,5.9,117,248,47.88,0,,,,,0,
NON_731,36.35661480173224,127.34021580517337,대전광역시 유성구 봉명동 442-11,2024,3,7,9,3,spring,1,1,1,1,0.0,2024-03-07,0,0,0,1334,4.6,1424,2.2,0.0,1000,-9.0,0.5,-9.0,6.9,6.7,2356,1070,7.62,0,,,,,0,
NON_732,36.415993398212755,127.40650187350126,대전광역시 유성구 탑립동 945,2024,3,27,13,2,spring,0,3,3,3,0.0,2024-03-27,0,0,0,1639,10.2,1438,2.79,-9.0,1200,1.2,-9.0,-9.0,11.6,9.0,711,298,46.13,0,,,,,0,
NON_733,36.36256387503368,127.35620573463824,대전광역시 유성구 어은동 109,2024,7,31,15,2,summer,0,1,6,6,0.0,2024-07-31,0,0,0,1438,29.5,1600,3.39,-9.0,1300,-9.0,-9.0,-9.0,36.0,6.6,621,943,22.27,0,,,,,0,
NON_734,36.32225870550887,127.31883379915318,대전광역시 유성구 용계동 332-8,2024,3,21,6,3,spring,0,1,1,1,0.0,2024-03-21,0,0,0,1212,5.2,1448,3.14,-9.0,1200,-9.0,-9.0,-9.0,9.6,11.0,1,1090,30.72,0,,,,,0,
NON_735,36.35059247508617,127.33446075067515,대전광역시 유성구 구암동 641,2024,3,23,6,5,spring,0,3,5,5,0.0,2024-03-23,0,0,0,1516,14.9,1457,3.14,0.3,1200,-9.0,2.25,-9.0,15.9,9.3,2254,284,7.29,1,,,,,0,
NON_736,36.3847794175515,127.32102529444684,대전광역시 유성구 하기동 585,2024,3,4,15,0,spring,0,6,6,6,0.0,2024-03-04,0,0,0,1729,6.7,1428,2.21,-9.0,1100,2.2,-9.0,-9.0,6.7,5.7,956,555,28.99,0,,,,,0,
NON_737,36.420712237314525,127.38684151576338,대전광역시 유성구 관평동 673,2024,12,2,14,0,winter,0,2,2,2,0.0,2024-12-02,0,0,0,1712,8.3,1354,1.66,0.0,1100,0.0,0.45,-9.0,6.6,5.1,2313,902,17.24,0,,,,,0,
NON_738,36.34993548348526,127.36787340612284,대전광역시 서구 갈마동 690,2025,11,6,19,3,autumn,1,1,1,1,0.0,2025-11-06,0,0,0,1337,11.3,1438,2.13,-9.0,1200,-9.0,-9.0,-9.0,10.8,6.4,838,964,34.88,0,,,,,0,
NON_739,36.38663839434948,127.32560709431182,대전광역시 유성구 하기동 598,2024,2,28,15,2,winter,0,1,1,1,0.0,2024-02-28,0,0,0,8,6.3,1637,2.16,-9.0,1200,-9.0,-9.0,-9.0,5.9,3.7,916,415,7.51,0,,,,,0,
NON_740,36.31393035157563,127.32998101564904,대전광역시 유성구 대정동 679-1,2024,3,8,14,4,spring,0,1,1,1,0.0,2024-03-08,0,0,0,1350,2.9,1304,2.9,-9.0,1200,-9.0,-9.0,-9.0,4.4,10.2,2400,501,25.12,0,,,,,0,
NON_741,36.320809026710805,127.41529775548253,대전광역시 중구 문화동 1-14,2025,11,8,15,5,autumn,0,1,1,1,0.0,2025-11-08,0,0,0,106,13.7,1407,1.13,0.4,1000,0.4,3.33,-9.0,13.1,0.4,628,499,20.04,1,,,,,0,
NON_742,36.36074877035614,127.35345902413181,대전광역시 유성구 어은동 311,2024,12,6,13,4,winter,0,2,2,2,0.0,2024-12-06,0,0,0,1501,4.0,1354,2.01,0.0,1200,-9.0,0.33,-9.0,4.0,5.8,2219,417,10.14,0,,,,,0,
NON_743,36.44420763947713,127.42560841717044,대전광역시 대덕구 덕암동 336,2024,3,26,10,1,spring,0,1,1,1,0.0,2024-03-26,0,0,0,11,6.7,1523,1.95,19.5,1000,0.2,10.33,-9.0,9.5,3.0,2358,457,12.28,0,,,,,0,
NON_744,36.401683926103836,127.3633466160299,대전광역시 유성구 장동 12-16,2024,3,6,12,2,spring,0,5,5,5,0.0,2024-03-06,0,0,0,2315,7.0,1522,2.15,-9.0,1200,0.0,-9.0,-9.0,7.2,5.8,2358,620,8.83,0,,,,,0,
NON_745,36.36096232783793,127.35490246406935,대전광역시 유성구 어은동 311,2025,1,31,14,4,winter,0,1,3,7,0.0,2025-01-31,0,0,0,1741,1.9,1554,1.23,0.0,1200,0.2,1.33,-9.0,1.6,1.3,831,285,16.42,0,,,,,0,
NON_746,36.355674083451376,127.34427014560514,대전광역시 유성구 봉명동 574,2024,4,5,7,4,spring,0,1,14,15,0.0,2024-04-05,0,0,0,28,13.3,1540,3.03,0.0,1300,0.0,0.5,0.0,14.6,6.1,921,400,11.13,0,,,,,0,
NON_747,36.37244787786389,127.31838284766344,대전광역시 유성구 노은동 583,2024,3,26,8,1,spring,1,3,13,13,0.0,2024-03-26,0,0,0,11,6.7,1523,1.95,19.5,1000,0.2,10.33,-9.0,9.5,3.0,2358,244,44.36,0,,,,,0,
NON_748,36.335350698333244,127.42072984867454,대전광역시 중구 선화동 920,2025,10,29,23,2,autumn,0,4,4,4,0.0,2025-10-29,0,0,0,1533,9.6,1506,2.4,-9.0,1200,-9.0,-9.0,-9.0,9.7,9.7,849,802,40.25,0,,,,,0,
NON_749,36.36271027795065,127.35696347547945,대전광역시 유성구 어은동 109,2024,7,22,15,0,summer,0,4,4,4,0.0,2024-07-22,0,0,0,2330,28.9,1240,2.46,-9.0,1200,0.0,-9.0,-9.0,29.3,2.8,113,520,27.26,0,,,,,0,
NON_750,36.386408095389044,127.31912568256278,대전광역시 유성구 지족동 1005,2025,1,17,15,4,winter,0,1,1,1,0.0,2025-01-17,0,0,0,1609,1.3,1551,2.02,-9.0,1200,-9.0,-9.0,-9.0,1.9,8.6,942,1210,30.05,0,,,,,0,
NON_751,36.38197987251356,127.4066052858697,대전광역시 유성구 원촌동 90,2025,11,10,18,0,autumn,1,2,3,3,0.0,2025-11-10,0,0,0,352,8.9,1447,2.31,-9.0,1200,-9.0,-9.0,-9.0,8.0,9.6,906,1101,34.2,0,,,,,0,
NON_752,36.38771544760416,127.32551887611899,대전광역시 유성구 하기동 597-1,2024,3,6,15,2,spring,0,1,1,1,0.0,2024-03-06,0,0,0,2315,7.0,1522,2.15,-9.0,1200,0.0,-9.0,-9.0,7.2,5.8,2358,370,15.51,0,,,,,0,
NON_753,36.35904875704448,127.41730690010938,대전광역시 대덕구 오정동 40-9,2025,11,11,8,1,autumn,1,1,1,1,0.0,2025-11-11,0,0,0,1358,8.2,1509,2.21,-9.0,1100,-9.0,-9.0,-9.0,7.7,8.0,2220,992,41.31,0,,,,,0,
NON_754,36.361020800012106,127.35457647044794,대전광역시 유성구 어은동 311,2024,7,22,13,0,summer,0,1,1,2,0.0,2024-07-22,0,0,0,2330,28.9,1240,2.46,-9.0,1200,0.0,-9.0,-9.0,29.3,2.8,113,559,22.3,0,,,,,0,
NON_755,36.38178878590244,127.40635421367095,대전광역시 유성구 원촌동 90,2024,2,29,13,3,winter,0,3,3,3,0.0,2024-02-29,0,0,0,2400,5.1,1247,0.6,0.2,1400,0.2,3.0,-9.0,5.5,0.0,49,695,9.83,0,,,,,0,
NON_756,36.34970941055468,127.34750848837484,대전광역시 유성구 봉명동 1061,2024,5,13,15,0,spring,0,2,2,2,0.0,2024-05-13,0,0,0,1616,17.6,1612,3.68,-9.0,1200,-9.0,-9.0,-9.0,21.9,13.4,2255,379,36.2,0,,,,,0,
NON_757,36.39884038761374,127.40439394820467,대전광역시 유성구 전민동 394-16,2024,3,23,7,5,spring,0,1,3,3,0.0,2024-03-23,0,0,0,1516,14.9,1457,3.14,0.3,1200,-9.0,2.25,-9.0,15.9,9.3,2254,496,29.39,1,,,,,0,
NON_758,36.391485432826606,127.39441306962304,대전광역시 유성구 문지동 103-15,2024,3,27,10,2,spring,0,5,9,9,0.0,2024-03-27,0,0,0,1639,10.2,1438,2.79,-9.0,1200,1.2,-9.0,-9.0,11.6,9.0,711,501,37.81,0,,,,,0,
NON_759,36.3807472154767,127.3238358454847,대전광역시 유성구 죽동 636,2024,4,4,15,3,spring,0,2,4,4,0.0,2024-04-04,0,0,0,2335,13.4,1031,1.56,0.0,1000,0.0,0.8,0.0,14.2,0.2,2355,822,22.96,0,,,,,0,
NON_760,36.37000189118217,127.31727667731155,대전광역시 유성구 노은동 583,2024,2,28,9,2,winter,1,6,6,6,0.0,2024-02-28,0,0,0,8,6.3,1637,2.16,-9.0,1200,-9.0,-9.0,-9.0,5.9,3.7,916,813,14.06,0,,,,,0,
NON_761,36.35417250199353,127.41813825455509,대전광역시 대덕구 오정동 728,2025,10,27,8,0,autumn,1,1,1,1,0.0,2025-10-27,0,0,0,1514,9.5,1327,2.55,-9.0,1200,-9.0,-9.0,-9.0,10.5,9.9,2341,1203,29.76,0,,,,,0,
NON_762,36.309508577321765,127.44292192743077,대전광역시 중구 석교동 102-7,2025,11,9,12,6,autumn,0,1,1,1,0.0,2025-11-09,0,0,0,1345,13.7,1305,1.95,0.0,1300,-9.0,0.75,-9.0,13.0,6.8,1,213,19.57,1,,,,,0,
NON_763,36.382340708369206,127.32478835266708,대전광역시 유성구 죽동 641,2024,3,15,16,4,spring,0,1,1,1,0.0,2024-03-15,0,0,0,1451,9.5,1609,3.06,-9.0,1200,-9.0,-9.0,-9.0,10.5,11.0,2301,713,28.23,0,,,,,0,
NON_764,36.33599146804831,127.42097709824594,대전광역시 중구 선화동 920,2025,10,29,23,2,autumn,0,4,4,4,0.0,2025-10-29,0,0,0,1533,9.6,1506,2.4,-9.0,1200,-9.0,-9.0,-9.0,9.7,9.7,849,802,40.25,0,,,,,0,
NON_765,36.41674908020069,127.39179465859718,대전광역시 유성구 용산동 672,2024,7,5,10,4,summer,0,2,2,2,0.0,2024-07-05,0,0,0,121,25.8,1555,3.5,3.9,1100,-9.0,2.67,3.7,27.4,7.9,2128,308,26.66,0,,,,,0,
NON_766,36.34663698064119,127.41803822725645,대전광역시 대덕구 오정동 753,2025,11,5,12,2,autumn,0,2,2,2,0.0,2025-11-05,0,0,0,1630,10.4,1502,2.04,-9.0,1200,-9.0,-9.0,-9.0,10.3,7.3,921,316,28.9,0,,,,,0,
NON_767,36.30404276653357,127.31971417451959,대전광역시 유성구 원내동 773,2024,7,23,11,1,summer,0,5,5,5,0.0,2024-07-23,0,0,0,49,27.2,1,0.67,3.9,1300,6.0,10.03,2.5,26.9,0.0,1006,236,16.11,0,,,,,0,
NON_768,36.36836194672396,127.41985373823326,대전광역시 대덕구 대화동 561-4,2025,11,6,8,3,autumn,1,1,1,1,0.0,2025-11-06,0,0,0,1337,11.3,1438,2.13,-9.0,1200,-9.0,-9.0,-9.0,10.8,6.4,838,666,34.68,0,,,,,0,
NON_769,36.39079827481386,127.40746270417243,대전광역시 유성구 문지동 667,2025,11,4,20,1,autumn,0,3,3,3,0.0,2025-11-04,0,0,0,1627,10.5,1504,2.27,-9.0,1200,-9.0,-9.0,-9.0,9.7,8.0,1,696,41.99,0,,,,,0,
NON_770,36.3710781685703,127.33476778777434,대전광역시 유성구 죽동 799,2024,7,22,7,0,summer,0,4,4,5,0.0,2024-07-22,0,0,0,2330,28.9,1240,2.46,-9.0,1200,0.0,-9.0,-9.0,29.3,2.8,113,743,21.5,0,,,,,0,
NON_771,36.3886863124583,127.34450439378199,대전광역시 유성구 하기동 14-3,2024,7,5,10,4,summer,0,1,1,1,0.0,2024-07-05,0,0,0,121,25.8,1555,3.5,3.9,1100,-9.0,2.67,3.7,27.4,7.9,2128,485,38.13,0,,,,,0,
NON_772,36.38797143587345,127.32561668156814,대전광역시 유성구 하기동 597-3,2024,3,6,15,2,spring,0,1,1,1,0.0,2024-03-06,0,0,0,2315,7.0,1522,2.15,-9.0,1200,0.0,-9.0,-9.0,7.2,5.8,2358,579,19.21,0,,,,,0,
NON_773,36.35028427488894,127.32184647982452,대전광역시 유성구 구암동 337-1,2024,3,27,10,2,spring,0,1,1,1,0.0,2024-03-27,0,0,0,1639,10.2,1438,2.79,-9.0,1200,1.2,-9.0,-9.0,11.6,9.0,711,229,47.27,0,,,,,0,
NON_774,36.299080848605236,127.3160426175054,대전광역시 유성구 원내동 736,2024,7,23,10,1,summer,0,1,1,1,0.0,2024-07-23,0,0,0,49,27.2,1,0.67,3.9,1300,6.0,10.03,2.5,26.9,0.0,1006,554,26.51,0,,,,,0,
NON_775,36.40748998976099,127.37276488196395,대전광역시 유성구 방현동 9-12,2024,4,19,14,4,spring,0,1,1,3,0.0,2024-04-19,0,0,0,1558,18.2,1528,3.11,-9.0,1100,0.1,-9.0,-9.0,22.8,11.0,757,666,38.29,0,,,,,0,
NON_776,36.36043119347963,127.34821404048404,대전광역시 유성구 궁동 496,2024,3,8,7,4,spring,0,1,1,1,0.0,2024-03-08,0,0,0,1350,2.9,1304,2.9,-9.0,1200,-9.0,-9.0,-9.0,4.4,10.2,2400,536,23.82,0,,,,,0,
NON_777,36.39023157859104,127.33041599588681,대전광역시 유성구 하기동 603,2024,3,20,5,2,spring,0,2,6,6,0.0,2024-03-20,0,0,0,259,4.6,1337,3.01,-9.0,1100,-9.0,-9.0,-9.0,8.7,9.9,947,340,22.71,0,,,,,0,
NON_778,36.349289442630656,127.33305967203114,대전광역시 유성구 상대동 556,2024,10,30,9,2,autumn,1,1,1,1,0.0,2024-10-30,0,0,0,1945,14.7,1511,2.4,-9.0,1200,-9.0,-9.0,-9.0,14.2,9.6,2325,1009,23.42,0,,,,,0,
NON_779,36.32519079185355,127.31276128004761,대전광역시 유성구 용계동 402-11,2024,7,23,10,1,summer,0,1,1,1,0.0,2024-07-23,0,0,0,49,27.2,1,0.67,3.9,1300,6.0,10.03,2.5,26.9,0.0,1006,549,47.34,0,,,,,0,
NON_780,36.354351375895,127.33443961775107,대전광역시 유성구 봉명동 571,2024,3,16,7,5,spring,0,1,1,1,0.0,2024-03-16,0,0,0,1616,11.4,1456,2.99,0.0,1200,0.0,1.25,-9.0,12.9,8.8,236,544,11.21,1,,,,,0,
NON_781,36.39350231343805,127.3503979422707,대전광역시 유성구 자운동 515-22,2024,2,29,14,3,winter,0,1,1,1,0.0,2024-02-29,0,0,0,2400,5.1,1247,0.6,0.2,1400,0.2,3.0,-9.0,5.5,0.0,49,781,32.81,0,,,,,0,
NON_782,36.40434543581552,127.4024538558841,대전광역시 유성구 전민동 462-8,2024,3,1,7,4,spring,0,2,2,2,0.0,2024-03-01,0,0,0,1424,-2.2,1,2.91,-9.0,1200,-9.0,-9.0,-9.0,2.1,10.2,2239,886,38.63,0,,,,,0,
NON_783,36.425293397679226,127.39311958408186,대전광역시 유성구 관평동 1290,2024,3,22,9,4,spring,1,1,1,1,0.0,2024-03-22,0,0,0,1442,10.1,1324,2.8,4.1,1100,4.4,6.33,-9.0,9.9,5.9,117,725,30.79,0,,,,,0,
NON_784,36.3011893428064,127.32061335992776,대전광역시 유성구 원내동 781,2024,3,8,6,4,spring,0,1,1,1,0.0,2024-03-08,0,0,0,1350,2.9,1304,2.9,-9.0,1200,-9.0,-9.0,-9.0,4.4,10.2,2400,311,7.16,0,,,,,0,
NON_785,36.355427730046905,127.34445202459472,대전광역시 유성구 봉명동 574,2024,4,5,9,4,spring,1,2,15,16,0.0,2024-04-05,0,0,0,28,13.3,1540,3.03,0.0,1300,0.0,0.5,0.0,14.6,6.1,921,1005,18.72,0,,,,,0,
NON_786,36.360751192539624,127.34473369241499,대전광역시 유성구 궁동 501,2024,5,28,15,1,spring,0,1,1,1,0.0,2024-05-28,0,0,0,1449,18.8,1506,3.64,-9.0,1200,-9.0,-9.0,-9.0,24.0,11.3,2345,798,17.71,0,,,,,0,
NON_787,36.336133914574795,127.42102589677425,대전광역시 중구 선화동 920,2025,11,8,15,5,autumn,0,5,10,10,0.0,2025-11-08,0,0,0,106,13.7,1407,1.13,0.4,1000,0.4,3.33,-9.0,13.1,0.4,628,260,8.08,1,,,,,0,
NON_788,36.37076499387501,127.31819280371565,대전광역시 유성구 노은동 583,2024,2,28,9,2,winter,1,10,10,10,0.0,2024-02-28,0,0,0,8,6.3,1637,2.16,-9.0,1200,-9.0,-9.0,-9.0,5.9,3.7,916,383,16.15,0,,,,,0,
NON_789,36.38425193828089,127.40606881743767,대전광역시 유성구 원촌동 135-2,2024,2,28,10,2,winter,0,1,1,1,0.0,2024-02-28,0,0,0,8,6.3,1637,2.16,-9.0,1200,-9.0,-9.0,-9.0,5.9,3.7,916,535,11.19,0,,,,,0,
NON_790,36.367091007512265,127.3179156324124,대전광역시 유성구 노은동 602,2024,6,17,14,0,summer,0,1,1,2,0.0,2024-06-17,0,0,0,1633,23.4,1619,2.9,-9.0,1100,-9.0,-9.0,-9.0,27.7,7.5,813,557,31.36,0,,,,,0,
NON_791,36.35834830985998,127.33964013521826,대전광역시 유성구 장대동 374,2024,3,22,8,4,spring,1,1,1,1,0.0,2024-03-22,0,0,0,1442,10.1,1324,2.8,4.1,1100,4.4,6.33,-9.0,9.9,5.9,117,337,43.71,0,,,,,0,
NON_792,36.385128368524626,127.35878818264828,대전광역시 유성구 신성동 420-26,2024,2,28,15,2,winter,0,1,1,1,0.0,2024-02-28,0,0,0,8,6.3,1637,2.16,-9.0,1200,-9.0,-9.0,-9.0,5.9,3.7,916,773,6.23,0,,,,,0,
NON_793,36.35026653697293,127.33659901399574,대전광역시 유성구 구암동 641,2024,4,4,10,3,spring,0,1,4,6,0.0,2024-04-04,0,0,0,2335,13.4,1031,1.56,0.0,1000,0.0,0.8,0.0,14.2,0.2,2355,341,12.48,0,,,,,0,
NON_794,36.35691632382957,127.3406878844839,대전광역시 유성구 봉명동 531,2024,4,5,9,4,spring,1,1,1,1,0.0,2024-04-05,0,0,0,28,13.3,1540,3.03,0.0,1300,0.0,0.5,0.0,14.6,6.1,921,879,36.86,0,,,,,0,
NON_795,36.35515488351499,127.33952651276458,대전광역시 유성구 봉명동 442-10,2024,4,5,8,4,spring,1,1,2,2,0.0,2024-04-05,0,0,0,28,13.3,1540,3.03,0.0,1300,0.0,0.5,0.0,14.6,6.1,921,1002,23.88,0,,,,,0,
NON_796,36.4153204932412,127.40758976334575,대전광역시 유성구 탑립동 945,2024,3,27,13,2,spring,0,3,3,3,0.0,2024-03-27,0,0,0,1639,10.2,1438,2.79,-9.0,1200,1.2,-9.0,-9.0,11.6,9.0,711,298,46.13,0,,,,,0,
NON_797,36.35166304090021,127.33784146670067,대전광역시 유성구 구암동 638,2025,2,5,14,2,winter,0,1,1,1,0.0,2025-02-05,0,0,0,1536,-6.4,1446,2.25,0.0,1300,0.0,3.0,-9.0,-1.5,9.1,2354,304,9.97,0,,,,,0,
NON_798,36.37826670453983,127.37736124941743,대전광역시 유성구 가정동 37,2024,3,19,15,1,spring,0,1,1,1,0.0,2024-03-19,0,0,0,1123,7.2,1433,1.48,0.0,1100,0.0,4.08,-9.0,8.7,3.2,50,360,35.97,0,,,,,0,
NON_799,36.42375682147887,127.41948638754387,대전광역시 대덕구 상서동 349-92,2024,3,28,10,3,spring,0,1,1,1,0.0,2024-03-28,0,0,0,1116,9.0,1,0.42,21.3,1100,20.1,13.75,-9.0,10.0,0.0,4,696,41.75,0,,,,,0,
NON_800,36.38448763004215,127.32236110253922,대전광역시 유성구 하기동 585,2024,2,28,15,2,winter,0,4,4,4,0.0,2024-02-28,0,0,0,8,6.3,1637,2.16,-9.0,1200,-9.0,-9.0,-9.0,5.9,3.7,916,947,22.56,0,,,,,0,
NON_801,36.35562842050772,127.41700449755758,대전광역시 대덕구 오정동 728,2025,11,11,8,1,autumn,1,4,10,10,0.0,2025-11-11,0,0,0,1358,8.2,1509,2.21,-9.0,1100,-9.0,-9.0,-9.0,7.7,8.0,2220,931,9.28,0,,,,,0,
NON_802,36.322263354608815,127.41311360890113,대전광역시 중구 문화동 1-18,2025,11,8,10,5,autumn,0,1,2,2,0.0,2025-11-08,0,0,0,106,13.7,1407,1.13,0.4,1000,0.4,3.33,-9.0,13.1,0.4,628,185,6.89,1,,,,,0,
NON_803,36.39224026583272,127.32544540774528,대전광역시 유성구 하기동 327-1,2024,2,14,13,2,winter,0,1,1,1,0.0,2024-02-14,0,0,0,1630,13.2,1441,1.57,0.0,1400,0.0,2.67,-9.0,10.8,2.8,11,710,37.2,0,,,,,0,
NON_804,36.37092200687728,127.33467638175485,대전광역시 유성구 죽동 799,2024,7,22,7,0,summer,0,4,4,5,0.0,2024-07-22,0,0,0,2330,28.9,1240,2.46,-9.0,1200,0.0,-9.0,-9.0,29.3,2.8,113,743,21.5,0,,,,,0,
NON_805,36.39827333989257,127.31316787247292,대전광역시 유성구 외삼동 281-12,2025,1,20,10,0,winter,0,1,1,1,0.0,2025-01-20,0,0,0,1412,2.8,1427,1.59,-9.0,1400,-9.0,-9.0,-9.0,2.1,3.0,2343,1108,37.06,0,,,,,0,
NON_806,36.393657576553814,127.35011263528894,대전광역시 유성구 자운동 25-3,2025,1,31,14,4,winter,0,1,1,1,0.0,2025-01-31,0,0,0,1741,1.9,1554,1.23,0.0,1200,0.2,1.33,-9.0,1.6,1.3,831,438,38.98,0,,,,,0,
NON_807,36.34436463294052,127.32349456558084,대전광역시 유성구 복용동 152-8,2024,3,17,7,6,spring,0,1,1,1,0.0,2024-03-17,0,0,0,1109,9.7,1337,2.64,0.0,1100,-9.0,0.42,-9.0,13.4,6.8,2359,704,28.48,1,,,,,0,
NON_808,36.375797565450796,127.33897004180952,대전광역시 유성구 죽동 799,2024,7,22,7,0,summer,0,1,1,2,0.0,2024-07-22,0,0,0,2330,28.9,1240,2.46,-9.0,1200,0.0,-9.0,-9.0,29.3,2.8,113,594,31.91,0,,,,,0,
NON_809,36.36021105999629,127.33657988767713,대전광역시 유성구 장대동 290,2024,3,16,7,5,spring,0,5,5,5,0.0,2024-03-16,0,0,0,1616,11.4,1456,2.99,0.0,1200,0.0,1.25,-9.0,12.9,8.8,236,199,8.4,1,,,,,0,
NON_810,36.36173423343639,127.33679088357123,대전광역시 유성구 장대동 352-3,2024,3,26,10,1,spring,0,1,1,1,0.0,2024-03-26,0,0,0,11,6.7,1523,1.95,19.5,1000,0.2,10.33,-9.0,9.5,3.0,2358,239,10.87,0,,,,,0,
NON_811,36.412132190866835,127.29776790899845,대전광역시 유성구 안산동 257-2,2024,3,15,14,4,spring,0,1,1,1,0.0,2024-03-15,0,0,0,1451,9.5,1609,3.06,-9.0,1200,-9.0,-9.0,-9.0,10.5,11.0,2301,897,19.05,0,,,,,0,
NON_812,36.36315841687355,127.35571481006376,대전광역시 유성구 어은동 109,2024,7,31,15,2,summer,0,2,7,7,0.0,2024-07-31,0,0,0,1438,29.5,1600,3.39,-9.0,1300,-9.0,-9.0,-9.0,36.0,6.6,621,380,13.66,0,,,,,0,
NON_813,36.37793301263446,127.40619960294441,대전광역시 유성구 원촌동 64-2,2024,2,28,10,2,winter,0,1,1,1,0.0,2024-02-28,0,0,0,8,6.3,1637,2.16,-9.0,1200,-9.0,-9.0,-9.0,5.9,3.7,916,1099,24.78,0,,,,,0,
NON_814,36.405155131481365,127.30589674424616,대전광역시 유성구 외삼동 441-4,2024,3,15,14,4,spring,0,1,1,1,0.0,2024-03-15,0,0,0,1451,9.5,1609,3.06,-9.0,1200,-9.0,-9.0,-9.0,10.5,11.0,2301,571,25.92,0,,,,,0,
NON_815,36.35762946149684,127.3430945141072,대전광역시 유성구 봉명동 574,2024,3,25,13,0,spring,0,6,14,14,0.0,2024-03-25,0,0,0,2121,9.4,1033,1.45,6.8,1000,26.1,11.25,-9.0,10.0,0.0,12,501,44.14,0,,,,,0,
NON_816,36.35249025588602,127.33364600159626,대전광역시 유성구 구암동 636,2024,3,23,7,5,spring,0,1,1,1,0.0,2024-03-23,0,0,0,1516,14.9,1457,3.14,0.3,1200,-9.0,2.25,-9.0,15.9,9.3,2254,429,25.34,1,,,,,0,
NON_817,36.38711310395659,127.3253786247999,대전광역시 유성구 하기동 599,2024,3,6,15,2,spring,0,1,1,1,0.0,2024-03-06,0,0,0,2315,7.0,1522,2.15,-9.0,1200,0.0,-9.0,-9.0,7.2,5.8,2358,1137,18.75,0,,,,,0,
NON_818,36.348744674211915,127.32633927653829,대전광역시 유성구 구암동 522-6,2024,3,27,9,2,spring,1,1,1,1,0.0,2024-03-27,0,0,0,1639,10.2,1438,2.79,-9.0,1200,1.2,-9.0,-9.0,11.6,9.0,711,180,27.88,0,,,,,0,
NON_819,36.30970525194066,127.30801634779442,대전광역시 유성구 교촌동 422-1,2024,4,4,10,3,spring,0,1,1,1,0.0,2024-04-04,0,0,0,2335,13.4,1031,1.56,0.0,1000,0.0,0.8,0.0,14.2,0.2,2355,290,10.92,0,,,,,0,
NON_820,36.384438884097236,127.36449794728927,대전광역시 유성구 가정동 산 16-5,2024,2,28,12,2,winter,0,2,2,2,0.0,2024-02-28,0,0,0,8,6.3,1637,2.16,-9.0,1200,-9.0,-9.0,-9.0,5.9,3.7,916,852,22.85,0,,,,,0,
NON_821,36.36203360283985,127.34306288686759,대전광역시 유성구 궁동 479-5,2024,3,26,7,1,spring,0,1,1,1,0.0,2024-03-26,0,0,0,11,6.7,1523,1.95,19.5,1000,0.2,10.33,-9.0,9.5,3.0,2358,635,23.89,0,,,,,0,
NON_822,36.44346892006513,127.43384973723305,대전광역시 대덕구 신탄진동 272-2,2024,3,26,11,1,spring,0,5,5,5,0.0,2024-03-26,0,0,0,11,6.7,1523,1.95,19.5,1000,0.2,10.33,-9.0,9.5,3.0,2358,699,8.83,0,,,,,0,
NON_823,36.40149307961535,127.40534965882024,대전광역시 유성구 전민동 464-3,2024,4,1,14,0,spring,0,4,4,4,0.0,2024-04-01,0,0,0,1553,13.1,1447,3.22,-9.0,1200,-9.0,-9.0,-9.0,13.5,11.6,1043,498,32.39,0,,,,,0,
NON_824,36.37159252661739,127.3210499219917,대전광역시 유성구 노은동 569,2024,3,25,6,0,spring,0,3,3,3,0.0,2024-03-25,0,0,0,2121,9.4,1033,1.45,6.8,1000,26.1,11.25,-9.0,10.0,0.0,12,707,45.79,0,,,,,0,
NON_825,36.390357274558,127.39554763540706,대전광역시 유성구 문지동 103-15,2024,3,23,7,5,spring,0,7,7,7,0.0,2024-03-23,0,0,0,1516,14.9,1457,3.14,0.3,1200,-9.0,2.25,-9.0,15.9,9.3,2254,723,32.34,1,,,,,0,
NON_826,36.369486903206365,127.32755213540652,대전광역시 유성구 노은동 62-1,2024,3,23,8,5,spring,1,1,2,2,0.0,2024-03-23,0,0,0,1516,14.9,1457,3.14,0.3,1200,-9.0,2.25,-9.0,15.9,9.3,2254,296,6.55,1,,,,,0,
NON_827,36.33689751935687,127.42020778220358,대전광역시 중구 선화동 920,2025,11,9,21,6,autumn,0,7,12,12,0.0,2025-11-09,0,0,0,1345,13.7,1305,1.95,0.0,1300,-9.0,0.75,-9.0,13.0,6.8,1,374,17.76,1,,,,,0,
NON_828,36.367486534526414,127.31168152207351,대전광역시 유성구 노은동 413-3,2024,2,29,13,3,winter,0,1,1,1,0.0,2024-02-29,0,0,0,2400,5.1,1247,0.6,0.2,1400,0.2,3.0,-9.0,5.5,0.0,49,235,46.06,0,,,,,0,
NON_829,36.35336067687769,127.41826979008408,대전광역시 대덕구 오정동 728,2025,11,10,18,0,autumn,1,4,8,8,0.0,2025-11-10,0,0,0,352,8.9,1447,2.31,-9.0,1200,-9.0,-9.0,-9.0,8.0,9.6,906,941,39.55,0,,,,,0,
NON_830,36.36321865084043,127.36102175059831,대전광역시 유성구 구성동 294-6,2024,6,24,16,0,summer,0,1,1,1,0.0,2024-06-24,0,0,0,1111,25.3,1500,3.34,-9.0,1200,-9.0,-9.0,-9.0,30.1,8.1,2400,1041,25.05,0,,,,,0,
NON_831,36.3430288876986,127.41186308872311,대전광역시 중구 중촌동 127,2025,11,2,8,6,autumn,1,1,1,1,0.0,2025-11-02,0,0,0,1336,9.4,1106,2.11,2.1,1100,-9.0,1.25,-9.0,9.9,6.7,2344,629,16.71,1,,,,,0,
NON_832,36.36080126555127,127.34573003357026,대전광역시 유성구 궁동 486-4,2024,3,25,13,0,spring,0,1,1,1,0.0,2024-03-25,0,0,0,2121,9.4,1033,1.45,6.8,1000,26.1,11.25,-9.0,10.0,0.0,12,646,35.73,0,,,,,0,
NON_833,36.31024684461243,127.26385002570548,대전광역시 유성구 세동 산 75-1,2025,2,19,16,2,winter,0,1,1,1,0.0,2025-02-19,0,0,0,1534,-1.6,1409,2.71,-9.0,1200,-9.0,-9.0,-9.0,1.5,10.1,2345,1005,15.22,0,,,,,0,
NON_834,36.39168918241397,127.3587979463237,대전광역시 유성구 장동 132-4,2024,3,19,15,1,spring,0,1,1,1,0.0,2024-03-19,0,0,0,1123,7.2,1433,1.48,0.0,1100,0.0,4.08,-9.0,8.7,3.2,50,1106,18.94,0,,,,,0,
NON_835,36.39772373326407,127.35746317347585,대전광역시 유성구 장동 364-4,2024,2,29,12,3,winter,0,1,1,1,0.0,2024-02-29,0,0,0,2400,5.1,1247,0.6,0.2,1400,0.2,3.0,-9.0,5.5,0.0,49,832,39.59,0,,,,,0,
NON_836,36.303423414212084,127.31983899160073,대전광역시 유성구 원내동 773,2024,7,23,11,1,summer,0,5,5,5,0.0,2024-07-23,0,0,0,49,27.2,1,0.67,3.9,1300,6.0,10.03,2.5,26.9,0.0,1006,236,16.11,0,,,,,0,
NON_837,36.35978642014836,127.3400710301966,대전광역시 유성구 장대동 373,2024,3,6,14,2,spring,0,1,2,2,0.0,2024-03-06,0,0,0,2315,7.0,1522,2.15,-9.0,1200,0.0,-9.0,-9.0,7.2,5.8,2358,722,36.38,0,,,,,0,
NON_838,36.35079785564181,127.3347757132086,대전광역시 유성구 구암동 638,2024,2,29,12,3,winter,0,1,1,1,0.0,2024-02-29,0,0,0,2400,5.1,1247,0.6,0.2,1400,0.2,3.0,-9.0,5.5,0.0,49,437,47.7,0,,,,,0,
NON_839,36.3596212723126,127.30535197045812,대전광역시 유성구 덕명동 570,2024,3,17,7,6,spring,0,1,1,1,0.0,2024-03-17,0,0,0,1109,9.7,1337,2.64,0.0,1100,-9.0,0.42,-9.0,13.4,6.8,2359,338,13.28,1,,,,,0,
NON_840,36.34798968788306,127.42137517231414,대전광역시 동구 홍도동 826-3,2025,11,10,18,0,autumn,1,2,2,2,0.0,2025-11-10,0,0,0,352,8.9,1447,2.31,-9.0,1200,-9.0,-9.0,-9.0,8.0,9.6,906,724,35.73,0,,,,,0,
NON_841,36.35449212492074,127.3505625858764,대전광역시 유성구 봉명동 700,2024,4,5,8,4,spring,1,2,3,3,0.0,2024-04-05,0,0,0,28,13.3,1540,3.03,0.0,1300,0.0,0.5,0.0,14.6,6.1,921,1069,33.2,0,,,,,0,
NON_842,36.39894494750333,127.35768587629488,대전광역시 유성구 장동 202-11,2024,1,19,16,4,winter,0,2,2,2,0.0,2024-01-19,0,0,0,1044,5.9,1256,2.08,-9.0,1200,0.0,-9.0,-9.0,5.5,3.1,955,540,28.26,0,,,,,0,
NON_843,36.39421380658332,127.35102425621129,대전광역시 유성구 자운동 515-22,2024,12,16,10,0,winter,0,1,1,1,0.0,2024-12-16,0,0,0,1520,2.7,1503,1.93,0.1,1200,0.1,2.83,-9.0,2.3,6.8,820,490,7.18,0,,,,,0,
NON_844,36.34469293031575,127.33862621551404,대전광역시 유성구 상대동 495,2024,9,8,15,6,autumn,0,1,1,1,0.0,2024-09-08,0,0,0,1556,27.6,1504,3.17,-9.0,1200,-9.0,-9.0,-9.0,34.8,10.4,755,514,5.71,1,,,,,0,
NON_845,36.354980633030806,127.35022367974845,대전광역시 유성구 봉명동 700,2024,3,26,14,1,spring,0,1,1,1,0.0,2024-03-26,0,0,0,11,6.7,1523,1.95,19.5,1000,0.2,10.33,-9.0,9.5,3.0,2358,325,20.73,0,,,,,0,
NON_846,36.44522869464,127.38551508302022,대전광역시 유성구 봉산동 714,2024,5,29,15,2,spring,0,1,1,1,0.0,2024-05-29,0,0,0,1248,20.9,1606,3.59,-9.0,1200,-9.0,-9.0,-9.0,26.3,13.3,849,928,6.2,0,,,,,0,
NON_847,36.36133627377381,127.35728009825702,대전광역시 유성구 어은동 59-12,2024,4,4,6,3,spring,0,1,2,2,0.0,2024-04-04,0,0,0,2335,13.4,1031,1.56,0.0,1000,0.0,0.8,0.0,14.2,0.2,2355,940,27.17,0,,,,,0,
NON_848,36.36398268763833,127.35691646355139,대전광역시 유성구 어은동 99,2024,2,28,9,2,winter,1,5,5,5,0.0,2024-02-28,0,0,0,8,6.3,1637,2.16,-9.0,1200,-9.0,-9.0,-9.0,5.9,3.7,916,340,20.63,0,,,,,0,
NON_849,36.35601983021255,127.3407122843885,대전광역시 유성구 봉명동 442-10,2024,4,5,8,4,spring,1,1,2,2,0.0,2024-04-05,0,0,0,28,13.3,1540,3.03,0.0,1300,0.0,0.5,0.0,14.6,6.1,921,1002,23.88,0,,,,,0,
NON_850,36.3650236170285,127.37074947695936,대전광역시 서구 월평동 1501,2025,11,2,12,6,autumn,0,1,1,1,0.0,2025-11-02,0,0,0,1336,9.4,1106,2.11,2.1,1100,-9.0,1.25,-9.0,9.9,6.7,2344,684,29.87,1,,,,,0,
NON_851,36.36142761837861,127.35603166220619,대전광역시 유성구 어은동 311,2025,1,22,13,2,winter,0,1,1,5,0.0,2025-01-22,0,0,0,1305,3.4,1358,1.76,-9.0,1300,-9.0,-9.0,-9.0,2.2,5.6,1004,621,30.84,0,,,,,0,
NON_852,36.327421263270374,127.31166315575447,대전광역시 유성구 용계동 산 50-6,2024,7,23,10,1,summer,0,1,1,1,0.0,2024-07-23,0,0,0,49,27.2,1,0.67,3.9,1300,6.0,10.03,2.5,26.9,0.0,1006,256,33.68,0,,,,,0,
NON_853,36.34918491455301,127.33645872054518,대전광역시 유성구 상대동 556,2025,7,12,15,5,summer,0,1,1,1,0.0,2025-07-12,0,0,0,726,28.6,1550,3.54,-9.0,1200,-9.0,-9.0,-9.0,37.8,13.9,1,237,31.46,1,,,,,0,
NON_854,36.36950871618961,127.32901511167539,대전광역시 유성구 노은동 97,2024,3,20,14,2,spring,0,3,3,3,0.0,2024-03-20,0,0,0,259,4.6,1337,3.01,-9.0,1100,-9.0,-9.0,-9.0,8.7,9.9,947,1181,17.91,0,,,,,0,
NON_855,36.35629672517268,127.341915173973,대전광역시 유성구 봉명동 574,2024,3,23,8,5,spring,1,5,13,13,0.0,2024-03-23,0,0,0,1516,14.9,1457,3.14,0.3,1200,-9.0,2.25,-9.0,15.9,9.3,2254,714,16.67,1,,,,,0,
NON_856,36.35331466964369,127.41718108538281,대전광역시 대덕구 오정동 429-24,2025,11,10,18,0,autumn,1,1,1,1,0.0,2025-11-10,0,0,0,352,8.9,1447,2.31,-9.0,1200,-9.0,-9.0,-9.0,8.0,9.6,906,479,42.27,0,,,,,0,
NON_857,36.3924176387724,127.35856885250826,대전광역시 유성구 장동 130-3,2024,3,20,9,2,spring,1,2,2,2,0.0,2024-03-20,0,0,0,259,4.6,1337,3.01,-9.0,1100,-9.0,-9.0,-9.0,8.7,9.9,947,1021,40.51,0,,,,,0,
NON_858,36.38375511046841,127.32293037796846,대전광역시 유성구 죽동 630,2024,2,28,15,2,winter,0,3,3,3,0.0,2024-02-28,0,0,0,8,6.3,1637,2.16,-9.0,1200,-9.0,-9.0,-9.0,5.9,3.7,916,651,37.0,0,,,,,0,
NON_859,36.34362097959984,127.3058210209932,대전광역시 유성구 복용동 557-2,2024,3,15,14,4,spring,0,1,1,1,0.0,2024-03-15,0,0,0,1451,9.5,1609,3.06,-9.0,1200,-9.0,-9.0,-9.0,10.5,11.0,2301,903,11.39,0,,,,,0,
NON_860,36.37031458852652,127.31497806562002,대전광역시 유성구 노은동 570,2024,3,26,8,1,spring,1,1,1,1,0.0,2024-03-26,0,0,0,11,6.7,1523,1.95,19.5,1000,0.2,10.33,-9.0,9.5,3.0,2358,686,20.2,0,,,,,0,
NON_861,36.44002812493268,127.31444175527207,세종특별자치시 금남면 금천리 371-1,2025,1,17,10,4,winter,0,1,1,1,0.0,2025-01-17,0,0,0,1609,1.3,1551,2.02,-9.0,1200,-9.0,-9.0,-9.0,1.9,8.6,942,732,11.81,0,,,,,0,
NON_862,36.375214339485524,127.32962047366291,대전광역시 유성구 죽동 552-39,2024,4,22,14,0,spring,0,1,1,1,0.0,2024-04-22,0,0,0,1623,17.4,1414,3.34,0.0,1200,-9.0,0.37,0.0,20.9,6.2,2217,526,16.52,0,,,,,0,
NON_863,36.37653212234062,127.41355738464914,대전광역시 대덕구 대화동 568-39,2025,10,30,19,3,autumn,1,1,1,1,0.0,2025-10-30,0,0,0,438,10.2,1356,1.69,-9.0,1200,-9.0,-9.0,-9.0,10.6,6.6,852,570,23.37,0,,,,,0,
NON_864,36.30433382354059,127.45056965103834,대전광역시 중구 호동 27-1,2025,11,9,14,6,autumn,0,3,3,3,0.0,2025-11-09,0,0,0,1345,13.7,1305,1.95,0.0,1300,-9.0,0.75,-9.0,13.0,6.8,1,636,32.47,1,,,,,0,
NON_865,36.362104186708294,127.39603980546877,대전광역시 서구 둔산동 1514,2025,11,2,12,6,autumn,0,2,2,2,0.0,2025-11-02,0,0,0,1336,9.4,1106,2.11,2.1,1100,-9.0,1.25,-9.0,9.9,6.7,2344,358,16.03,1,,,,,0,
NON_866,36.39400407911855,127.35004170226856,대전광역시 유성구 자운동 515-22,2024,12,16,10,0,winter,0,1,1,1,0.0,2024-12-16,0,0,0,1520,2.7,1503,1.93,0.1,1200,0.1,2.83,-9.0,2.3,6.8,820,490,7.18,0,,,,,0,
NON_867,36.36188112112472,127.33424098959941,대전광역시 유성구 장대동 144-3,2024,4,5,8,4,spring,1,1,1,1,0.0,2024-04-05,0,0,0,28,13.3,1540,3.03,0.0,1300,0.0,0.5,0.0,14.6,6.1,921,476,18.5,0,,,,,0,
NON_868,36.35812965062026,127.33691236376445,대전광역시 유성구 장대동 290,2024,3,16,7,5,spring,0,4,4,4,0.0,2024-03-16,0,0,0,1616,11.4,1456,2.99,0.0,1200,0.0,1.25,-9.0,12.9,8.8,236,301,14.72,1,,,,,0,
NON_869,36.42493951172322,127.29229843079591,세종특별자치시 금남면 두만리 581-10,2024,3,15,14,4,spring,0,1,1,1,0.0,2024-03-15,0,0,0,1451,9.5,1609,3.06,-9.0,1200,-9.0,-9.0,-9.0,10.5,11.0,2301,533,34.01,0,,,,,0,
NON_870,36.36610535992884,127.33112524812648,대전광역시 유성구 장대동 17-4,2024,3,25,6,0,spring,0,1,1,2,0.0,2024-03-25,0,0,0,2121,9.4,1033,1.45,6.8,1000,26.1,11.25,-9.0,10.0,0.0,12,319,47.31,0,,,,,0,
NON_871,36.34730682145238,127.42071564194916,대전광역시 동구 홍도동 862,2025,11,7,8,4,autumn,1,1,1,1,0.0,2025-11-07,0,0,0,2128,13.3,1516,2.17,-9.0,1200,-9.0,-9.0,-9.0,11.9,6.3,811,944,9.78,0,,,,,0,
NON_872,36.36178122460114,127.34367657176884,대전광역시 유성구 궁동 481,2024,11,28,14,3,autumn,0,1,1,1,0.0,2024-11-28,0,0,0,1324,3.2,1126,1.34,4.7,1100,4.6,12.88,-9.0,4.2,2.6,13,308,11.14,0,,,,,0,
NON_873,36.38486435657024,127.35831462246226,대전광역시 유성구 신성동 421,2024,2,28,15,2,winter,0,1,1,1,0.0,2024-02-28,0,0,0,8,6.3,1637,2.16,-9.0,1200,-9.0,-9.0,-9.0,5.9,3.7,916,457,27.55,0,,,,,0,
NON_874,36.336301054970036,127.3341034461319,대전광역시 유성구 상대동 589,2024,12,5,9,3,winter,1,1,1,1,0.0,2024-12-05,0,0,0,1243,4.5,1429,1.54,0.0,1100,0.0,4.53,-9.0,4.0,3.7,54,756,24.3,0,,,,,0,
NON_875,36.34642839658691,127.41084812394995,대전광역시 중구 중촌동 166-3,2025,11,4,20,1,autumn,0,1,1,1,0.0,2025-11-04,0,0,0,1627,10.5,1504,2.27,-9.0,1200,-9.0,-9.0,-9.0,9.7,8.0,1,738,7.37,0,,,,,0,
NON_876,36.40418021842967,127.40287457365685,대전광역시 유성구 전민동 462-8,2024,3,1,7,4,spring,0,2,2,2,0.0,2024-03-01,0,0,0,1424,-2.2,1,2.91,-9.0,1200,-9.0,-9.0,-9.0,2.1,10.2,2239,886,38.63,0,,,,,0,
NON_877,36.36243077446303,127.35772645912245,대전광역시 유성구 어은동 59-1,2024,12,5,14,3,winter,0,1,1,1,0.0,2024-12-05,0,0,0,1243,4.5,1429,1.54,0.0,1100,0.0,4.53,-9.0,4.0,3.7,54,834,41.26,0,,,,,0,
NON_878,36.322018087001474,127.41495373153815,대전광역시 중구 문화동 1-18,2025,11,8,10,5,autumn,0,2,3,3,0.0,2025-11-08,0,0,0,106,13.7,1407,1.13,0.4,1000,0.4,3.33,-9.0,13.1,0.4,628,454,21.03,1,,,,,0,
NON_879,36.33617339141414,127.41990488059386,대전광역시 중구 선화동 260-1,2025,11,9,21,6,autumn,0,4,6,6,0.0,2025-11-09,0,0,0,1345,13.7,1305,1.95,0.0,1300,-9.0,0.75,-9.0,13.0,6.8,1,601,25.19,1,,,,,0,
NON_880,36.424928850969806,127.29446579504764,세종특별자치시 금남면 두만리 52-8,2024,3,15,14,4,spring,0,2,2,2,0.0,2024-03-15,0,0,0,1451,9.5,1609,3.06,-9.0,1200,-9.0,-9.0,-9.0,10.5,11.0,2301,1174,35.46,0,,,,,0,
NON_881,36.327827951045016,127.37170178468675,대전광역시 서구 도마동 487,2025,10,25,15,5,autumn,0,1,1,1,0.0,2025-10-25,0,0,0,1704,14.3,1408,1.57,-9.0,1200,0.0,-9.0,-9.0,15.4,2.4,1,303,16.59,1,,,,,0,
NON_882,36.36291249735216,127.35635479964843,대전광역시 유성구 어은동 109,2024,7,22,14,0,summer,0,3,3,3,0.0,2024-07-22,0,0,0,2330,28.9,1240,2.46,-9.0,1200,0.0,-9.0,-9.0,29.3,2.8,113,1211,12.82,0,,,,,0,
NON_883,36.391329086984726,127.39561206202235,대전광역시 유성구 문지동 103-15,2024,3,23,7,5,spring,0,6,6,6,0.0,2024-03-23,0,0,0,1516,14.9,1457,3.14,0.3,1200,-9.0,2.25,-9.0,15.9,9.3,2254,562,29.39,1,,,,,0,
NON_884,36.3485801459942,127.33391424388036,대전광역시 유성구 상대동 556,2024,7,23,10,1,summer,0,5,5,5,0.0,2024-07-23,0,0,0,49,27.2,1,0.67,3.9,1300,6.0,10.03,2.5,26.9,0.0,1006,400,40.97,0,,,,,0,
NON_885,36.32712485192545,127.43230038854048,대전광역시 동구 원동 85-1,2025,11,9,11,6,autumn,0,1,1,1,0.0,2025-11-09,0,0,0,1345,13.7,1305,1.95,0.0,1300,-9.0,0.75,-9.0,13.0,6.8,1,534,25.47,1,,,,,0,
NON_886,36.38376264114623,127.32210661120295,대전광역시 유성구 죽동 630,2024,2,28,15,2,winter,0,3,3,3,0.0,2024-02-28,0,0,0,8,6.3,1637,2.16,-9.0,1200,-9.0,-9.0,-9.0,5.9,3.7,916,651,37.0,0,,,,,0,
NON_887,36.349450323213595,127.32641133709183,대전광역시 유성구 구암동 240,2024,12,4,14,2,winter,0,1,1,1,0.0,2024-12-04,0,0,0,1424,3.6,1408,1.98,0.0,1200,0.0,1.67,-9.0,3.0,8.3,1,391,8.41,0,,,,,0,
NON_888,36.3595719969875,127.3439689005501,대전광역시 유성구 궁동 473,2024,3,24,7,6,spring,0,1,1,1,0.0,2024-03-24,0,0,0,839,14.1,1602,2.03,-9.0,1400,-9.0,-9.0,-9.0,15.1,3.6,936,372,13.63,1,,,,,0,
NON_889,36.35797180776384,127.34147296283527,대전광역시 유성구 봉명동 531,2024,4,5,9,4,spring,1,1,1,1,0.0,2024-04-05,0,0,0,28,13.3,1540,3.03,0.0,1300,0.0,0.5,0.0,14.6,6.1,921,879,36.86,0,,,,,0,
NON_890,36.31385696456731,127.33026125840202,대전광역시 유성구 대정동 679-1,2024,3,8,14,4,spring,0,1,1,1,0.0,2024-03-08,0,0,0,1350,2.9,1304,2.9,-9.0,1200,-9.0,-9.0,-9.0,4.4,10.2,2400,501,25.12,0,,,,,0,
NON_891,36.37762668259136,127.3780918037457,대전광역시 유성구 가정동 20-13,2024,3,23,8,5,spring,1,1,1,1,0.0,2024-03-23,0,0,0,1516,14.9,1457,3.14,0.3,1200,-9.0,2.25,-9.0,15.9,9.3,2254,385,14.15,1,,,,,0,
NON_892,36.44538187266451,127.43070664206745,대전광역시 대덕구 신탄진동 745,2024,3,26,10,1,spring,0,2,2,2,0.0,2024-03-26,0,0,0,11,6.7,1523,1.95,19.5,1000,0.2,10.33,-9.0,9.5,3.0,2358,450,47.6,0,,,,,0,
NON_893,36.37083140067383,127.31820039809871,대전광역시 유성구 노은동 583,2024,2,28,9,2,winter,1,7,7,7,0.0,2024-02-28,0,0,0,8,6.3,1637,2.16,-9.0,1200,-9.0,-9.0,-9.0,5.9,3.7,916,648,10.1,0,,,,,0,
NON_894,36.4311520168306,127.38046832865673,대전광역시 유성구 송강동 557,2024,3,19,14,1,spring,0,2,2,2,0.0,2024-03-19,0,0,0,1123,7.2,1433,1.48,0.0,1100,0.0,4.08,-9.0,8.7,3.2,50,853,19.62,0,,,,,0,
NON_895,36.345350412418604,127.42363014074594,대전광역시 동구 홍도동 825-2,2025,11,10,18,0,autumn,1,1,1,1,0.0,2025-11-10,0,0,0,352,8.9,1447,2.31,-9.0,1200,-9.0,-9.0,-9.0,8.0,9.6,906,524,38.54,0,,,,,0,
NON_896,36.360214481387565,127.35425208167617,대전광역시 유성구 어은동 311,2024,3,28,9,3,spring,1,1,1,1,0.0,2024-03-28,0,0,0,1116,9.0,1,0.42,21.3,1100,20.1,13.75,-9.0,10.0,0.0,4,280,35.47,0,,,,,0,
NON_897,36.3534512252267,127.33586050405505,대전광역시 유성구 봉명동 567-16,2024,3,16,7,5,spring,0,1,1,1,0.0,2024-03-16,0,0,0,1616,11.4,1456,2.99,0.0,1200,0.0,1.25,-9.0,12.9,8.8,236,691,29.83,1,,,,,0,
NON_898,36.35705033659933,127.33204539930324,대전광역시 유성구 구암동 527-66,2024,2,19,10,0,winter,0,1,1,1,0.0,2024-02-19,0,0,0,1349,9.8,1344,0.59,16.6,1300,1.2,13.83,-9.0,9.7,0.0,2253,581,20.54,0,,,,,0,
NON_899,36.35635685755942,127.31081778501866,대전광역시 유성구 구암동 495-3,2025,11,2,11,6,autumn,0,1,1,1,0.0,2025-11-02,0,0,0,1336,9.4,1106,2.11,2.1,1100,-9.0,1.25,-9.0,9.9,6.7,2344,585,13.29,1,,,,,0,
NON_900,36.34965531262924,127.41959202824793,대전광역시 대덕구 오정동 748-1,2025,11,3,8,0,autumn,1,2,2,2,0.0,2025-11-03,0,0,0,54,7.0,1519,2.35,-9.0,1200,-9.0,-9.0,-9.0,7.3,9.7,856,609,18.89,0,,,,,0,
NON_901,36.391669139745105,127.35939155420992,대전광역시 유성구 장동 130-3,2024,3,20,9,2,spring,1,1,1,1,0.0,2024-03-20,0,0,0,259,4.6,1337,3.01,-9.0,1100,-9.0,-9.0,-9.0,8.7,9.9,947,639,12.49,0,,,,,0,
NON_902,36.37725402794838,127.31792250237716,대전광역시 유성구 지족동 946,2024,2,28,9,2,winter,1,1,1,1,0.0,2024-02-28,0,0,0,8,6.3,1637,2.16,-9.0,1200,-9.0,-9.0,-9.0,5.9,3.7,916,1035,17.55,0,,,,,0,
NON_903,36.39218377340156,127.31212037020114,대전광역시 유성구 반석동 676,2024,3,22,16,4,spring,0,2,3,3,0.0,2024-03-22,0,0,0,1442,10.1,1324,2.8,4.1,1100,4.4,6.33,-9.0,9.9,5.9,117,248,47.88,0,,,,,0,
NON_904,36.34872082718806,127.33069407839433,대전광역시 유성구 상대동 556,2024,7,23,10,1,summer,0,7,7,7,0.0,2024-07-23,0,0,0,49,27.2,1,0.67,3.9,1300,6.0,10.03,2.5,26.9,0.0,1006,506,10.42,0,,,,,0,
NON_905,36.38864052061293,127.30928448335011,대전광역시 유성구 지족동 1060-1,2024,3,22,10,4,spring,0,1,4,4,0.0,2024-03-22,0,0,0,1442,10.1,1324,2.8,4.1,1100,4.4,6.33,-9.0,9.9,5.9,117,263,7.76,0,,,,,0,
NON_906,36.36859705751065,127.42010944923209,대전광역시 대덕구 읍내동 463-2,2025,11,3,13,0,autumn,0,1,1,1,0.0,2025-11-03,0,0,0,54,7.0,1519,2.35,-9.0,1200,-9.0,-9.0,-9.0,7.3,9.7,856,474,31.64,0,,,,,0,
NON_907,36.36998194110123,127.31805906606427,대전광역시 유성구 노은동 583,2024,2,28,9,2,winter,1,4,4,4,0.0,2024-02-28,0,0,0,8,6.3,1637,2.16,-9.0,1200,-9.0,-9.0,-9.0,5.9,3.7,916,398,9.87,0,,,,,0,
NON_908,36.31275429994564,127.31977731638965,대전광역시 유성구 대정동 318,2024,3,6,15,2,spring,0,1,1,1,0.0,2024-03-06,0,0,0,2315,7.0,1522,2.15,-9.0,1200,0.0,-9.0,-9.0,7.2,5.8,2358,525,23.21,0,,,,,0,
NON_909,36.41296436223227,127.37804523923832,대전광역시 유성구 화암동 120-3,2024,2,28,14,2,winter,0,1,1,1,0.0,2024-02-28,0,0,0,8,6.3,1637,2.16,-9.0,1200,-9.0,-9.0,-9.0,5.9,3.7,916,446,32.38,0,,,,,0,
NON_910,36.38382784877189,127.31786774387042,대전광역시 유성구 지족동 926,2024,7,1,15,0,summer,0,1,1,1,0.0,2024-07-01,0,0,0,1537,26.2,1700,2.97,-9.0,1300,49.3,-9.0,-9.0,29.7,8.7,2224,364,33.78,0,,,,,0,
NON_911,36.34931851219295,127.33700948769257,대전광역시 유성구 상대동 556,2024,7,23,10,1,summer,0,2,2,2,0.0,2024-07-23,0,0,0,49,27.2,1,0.67,3.9,1300,6.0,10.03,2.5,26.9,0.0,1006,528,35.36,0,,,,,0,
NON_912,36.32815781272209,127.33257402560858,대전광역시 유성구 용계동 688,2024,7,4,10,3,summer,0,1,1,1,0.0,2024-07-04,0,0,0,2250,28.1,1507,3.46,-9.0,1200,3.9,-9.0,-9.0,29.2,10.0,1,672,48.25,0,,,,,0,
NON_913,36.39027652660409,127.32313265556755,대전광역시 유성구 하기동 603,2024,3,25,15,0,spring,0,3,7,7,0.0,2024-03-25,0,0,0,2121,9.4,1033,1.45,6.8,1000,26.1,11.25,-9.0,10.0,0.0,12,657,20.29,0,,,,,0,
NON_914,36.331040437697055,127.38896811986828,대전광역시 서구 가장동 190,2025,11,8,10,5,autumn,0,1,1,1,0.0,2025-11-08,0,0,0,106,13.7,1407,1.13,0.4,1000,0.4,3.33,-9.0,13.1,0.4,628,511,19.88,1,,,,,0,
NON_915,36.403724997135974,127.36379956135471,대전광역시 유성구 장동 산 1-17,2024,2,28,14,2,winter,0,1,1,1,0.0,2024-02-28,0,0,0,8,6.3,1637,2.16,-9.0,1200,-9.0,-9.0,-9.0,5.9,3.7,916,1088,38.96,0,,,,,0,
NON_916,36.29932231062088,127.31979659895755,대전광역시 유성구 원내동 735,2024,4,4,6,3,spring,0,2,2,2,0.0,2024-04-04,0,0,0,2335,13.4,1031,1.56,0.0,1000,0.0,0.8,0.0,14.2,0.2,2355,577,30.97,0,,,,,0,
NON_917,36.35455676643312,127.41630400006996,대전광역시 대덕구 오정동 728,2025,10,27,8,0,autumn,1,2,2,2,0.0,2025-10-27,0,0,0,1514,9.5,1327,2.55,-9.0,1200,-9.0,-9.0,-9.0,10.5,9.9,2341,977,10.67,0,,,,,0,
NON_918,36.395304549422434,127.35606709283157,대전광역시 유성구 장동 371-5,2024,7,4,10,3,summer,0,1,1,1,0.0,2024-07-04,0,0,0,2250,28.1,1507,3.46,-9.0,1200,3.9,-9.0,-9.0,29.2,10.0,1,822,39.83,0,,,,,0,
NON_919,36.34523233501478,127.4210901679632,대전광역시 동구 홍도동 138-24,2025,11,3,8,0,autumn,1,1,1,1,0.0,2025-11-03,0,0,0,54,7.0,1519,2.35,-9.0,1200,-9.0,-9.0,-9.0,7.3,9.7,856,301,35.55,0,,,,,0,
NON_920,36.36866036910901,127.34984851393376,대전광역시 유성구 궁동 220,2024,8,5,17,0,summer,0,1,1,1,0.0,2024-08-05,0,0,0,1537,27.4,1354,2.94,34.3,1300,33.2,3.38,27.8,30.1,5.4,2231,636,28.81,0,,,,,0,
NON_921,36.371166893468285,127.33240268414222,대전광역시 유성구 죽동 747,2024,7,22,7,0,summer,0,2,2,2,0.0,2024-07-22,0,0,0,2330,28.9,1240,2.46,-9.0,1200,0.0,-9.0,-9.0,29.3,2.8,113,387,12.11,0,,,,,0,
NON_922,36.30422571420232,127.44964821233094,대전광역시 중구 호동 27-1,2025,11,9,12,6,autumn,0,1,1,1,0.0,2025-11-09,0,0,0,1345,13.7,1305,1.95,0.0,1300,-9.0,0.75,-9.0,13.0,6.8,1,582,7.72,1,,,,,0,
NON_923,36.42481745584849,127.3888182383897,대전광역시 유성구 관평동 1291,2024,7,5,10,4,summer,0,1,1,1,0.0,2024-07-05,0,0,0,121,25.8,1555,3.5,3.9,1100,-9.0,2.67,3.7,27.4,7.9,2128,888,14.88,0,,,,,0,
NON_924,36.37527859671751,127.30433456286691,대전광역시 유성구 지족동 1060-1,2024,3,7,14,3,spring,0,2,2,2,0.0,2024-03-07,0,0,0,1334,4.6,1424,2.2,0.0,1000,-9.0,0.5,-9.0,6.9,6.7,2356,880,26.36,0,,,,,0,
NON_925,36.35270743316315,127.33462128905728,대전광역시 유성구 구암동 635,2024,2,29,12,3,winter,0,1,1,1,0.0,2024-02-29,0,0,0,2400,5.1,1247,0.6,0.2,1400,0.2,3.0,-9.0,5.5,0.0,49,747,7.58,0,,,,,0,
NON_926,36.33325749731728,127.41982154478315,대전광역시 중구 선화동 260-1,2025,11,8,10,5,autumn,0,3,5,5,0.0,2025-11-08,0,0,0,106,13.7,1407,1.13,0.4,1000,0.4,3.33,-9.0,13.1,0.4,628,171,27.4,1,,,,,0,
NON_927,36.36205305157473,127.3471317198137,대전광역시 유성구 궁동 438,2024,3,5,6,1,spring,0,1,1,1,0.0,2024-03-05,0,0,0,1830,5.9,1,0.29,2.5,1000,0.3,15.42,-9.0,5.8,0.0,208,834,39.17,0,,,,,0,
NON_928,36.36302392531524,127.35690372229993,대전광역시 유성구 어은동 99,2024,2,28,9,2,winter,1,4,4,4,0.0,2024-02-28,0,0,0,8,6.3,1637,2.16,-9.0,1200,-9.0,-9.0,-9.0,5.9,3.7,916,1070,10.02,0,,,,,0,
NON_929,36.33815649609324,127.41337557907794,대전광역시 중구 중촌동 18-6,2025,10,25,11,5,autumn,0,1,1,1,0.0,2025-10-25,0,0,0,1704,14.3,1408,1.57,-9.0,1200,0.0,-9.0,-9.0,15.4,2.4,1,636,25.78,1,,,,,0,
NON_930,36.37085433995796,127.30693943744168,대전광역시 유성구 노은동 산 24-139,2024,7,5,10,4,summer,0,1,1,1,0.0,2024-07-05,0,0,0,121,25.8,1555,3.5,3.9,1100,-9.0,2.67,3.7,27.4,7.9,2128,582,29.44,0,,,,,0,
NON_931,36.44643558064687,127.38508577638987,대전광역시 유성구 봉산동 714,2024,7,29,15,0,summer,0,1,1,2,0.0,2024-07-29,0,0,0,1131,28.6,1457,2.74,-9.0,1400,-9.0,-9.0,-9.0,32.0,5.6,36,449,16.04,0,,,,,0,
NON_932,36.35792242245213,127.33942346124937,대전광역시 유성구 장대동 371,2024,2,13,15,1,winter,0,1,1,1,0.0,2024-02-13,0,0,0,1302,8.4,1445,2.41,-9.0,1300,0.0,-9.0,-9.0,6.2,8.4,221,535,37.34,0,,,,,0,
NON_933,36.34909577893683,127.33346359351812,대전광역시 유성구 상대동 556,2024,7,23,10,1,summer,0,5,5,5,0.0,2024-07-23,0,0,0,49,27.2,1,0.67,3.9,1300,6.0,10.03,2.5,26.9,0.0,1006,400,40.97,0,,,,,0,
NON_934,36.30161159670699,127.31986572894307,대전광역시 유성구 원내동 781,2024,3,8,6,4,spring,0,1,1,1,0.0,2024-03-08,0,0,0,1350,2.9,1304,2.9,-9.0,1200,-9.0,-9.0,-9.0,4.4,10.2,2400,311,7.16,0,,,,,0,
NON_935,36.345475059507976,127.4222020589934,대전광역시 동구 홍도동 138-24,2025,11,3,8,0,autumn,1,1,1,1,0.0,2025-11-03,0,0,0,54,7.0,1519,2.35,-9.0,1200,-9.0,-9.0,-9.0,7.3,9.7,856,301,35.55,0,,,,,0,
NON_936,36.41044284235376,127.30075142421764,대전광역시 유성구 안산동 227-9,2024,3,21,14,3,spring,0,1,1,1,0.0,2024-03-21,0,0,0,1212,5.2,1448,3.14,-9.0,1200,-9.0,-9.0,-9.0,9.6,11.0,1,500,21.79,0,,,,,0,
NON_937,36.39159567741336,127.34954915702238,대전광역시 유성구 신성동 466,2024,12,11,13,2,winter,0,2,2,2,0.0,2024-12-11,0,0,0,2144,2.5,1546,1.35,-9.0,1200,-9.0,-9.0,-9.0,1.8,5.0,2325,870,6.34,0,,,,,0,
NON_938,36.374580406179064,127.32078541511831,대전광역시 유성구 지족동 973,2024,3,21,9,3,spring,1,2,2,2,0.0,2024-03-21,0,0,0,1212,5.2,1448,3.14,-9.0,1200,-9.0,-9.0,-9.0,9.6,11.0,1,326,38.83,0,,,,,0,
NON_939,36.288144687562365,127.26526981580905,대전광역시 유성구 송정동 150-1,2025,2,19,15,2,winter,0,1,1,1,0.0,2025-02-19,0,0,0,1534,-1.6,1409,2.71,-9.0,1200,-9.0,-9.0,-9.0,1.5,10.1,2345,968,6.61,0,,,,,0,
NON_940,36.3454888875562,127.42441683877469,대전광역시 동구 홍도동 825-2,2025,11,10,18,0,autumn,1,1,1,1,0.0,2025-11-10,0,0,0,352,8.9,1447,2.31,-9.0,1200,-9.0,-9.0,-9.0,8.0,9.6,906,524,38.54,0,,,,,0,
NON_941,36.42162786557836,127.38096289556411,대전광역시 유성구 관평동 산 8-5,2025,1,17,14,4,winter,0,1,1,1,0.0,2025-01-17,0,0,0,1609,1.3,1551,2.02,-9.0,1200,-9.0,-9.0,-9.0,1.9,8.6,942,1133,23.29,0,,,,,0,
NON_942,36.38987357639742,127.34861306665603,대전광역시 유성구 신성동 468,2024,3,1,5,4,spring,0,1,1,1,0.0,2024-03-01,0,0,0,1424,-2.2,1,2.91,-9.0,1200,-9.0,-9.0,-9.0,2.1,10.2,2239,349,8.56,0,,,,,0,
NON_943,36.3844464935187,127.3210128837326,대전광역시 유성구 하기동 585,2024,2,28,15,2,winter,0,1,1,1,0.0,2024-02-28,0,0,0,8,6.3,1637,2.16,-9.0,1200,-9.0,-9.0,-9.0,5.9,3.7,916,1038,34.71,0,,,,,0,
NON_944,36.36358886315874,127.35605044883116,대전광역시 유성구 어은동 99,2024,2,28,9,2,winter,1,7,7,7,0.0,2024-02-28,0,0,0,8,6.3,1637,2.16,-9.0,1200,-9.0,-9.0,-9.0,5.9,3.7,916,304,36.65,0,,,,,0,
NON_945,36.39037352619471,127.40854000241342,대전광역시 유성구 문지동 661-3,2025,11,6,9,3,autumn,1,2,2,2,0.0,2025-11-06,0,0,0,1337,11.3,1438,2.13,-9.0,1200,-9.0,-9.0,-9.0,10.8,6.4,838,668,11.49,0,,,,,0,
NON_946,36.41584287852333,127.4070367780865,대전광역시 유성구 탑립동 945,2024,3,27,13,2,spring,0,1,1,1,0.0,2024-03-27,0,0,0,1639,10.2,1438,2.79,-9.0,1200,1.2,-9.0,-9.0,11.6,9.0,711,409,12.09,0,,,,,0,
NON_947,36.43223522739836,127.38072232140256,대전광역시 유성구 송강동 557,2024,3,19,14,1,spring,0,1,1,1,0.0,2024-03-19,0,0,0,1123,7.2,1433,1.48,0.0,1100,0.0,4.08,-9.0,8.7,3.2,50,634,13.35,0,,,,,0,
NON_948,36.35602197338369,127.3411799395252,대전광역시 유성구 봉명동 442-15,2024,3,7,15,3,spring,0,1,1,1,0.0,2024-03-07,0,0,0,1334,4.6,1424,2.2,0.0,1000,-9.0,0.5,-9.0,6.9,6.7,2356,596,41.27,0,,,,,0,
NON_949,36.42540318227138,127.29256766874626,세종특별자치시 금남면 두만리 581-10,2024,3,15,14,4,spring,0,1,1,1,0.0,2024-03-15,0,0,0,1451,9.5,1609,3.06,-9.0,1200,-9.0,-9.0,-9.0,10.5,11.0,2301,533,34.01,0,,,,,0,
NON_950,36.392296896828384,127.31111432824896,대전광역시 유성구 반석동 689,2024,3,26,15,1,spring,0,2,3,3,0.0,2024-03-26,0,0,0,11,6.7,1523,1.95,19.5,1000,0.2,10.33,-9.0,9.5,3.0,2358,615,17.08,0,,,,,0,
NON_951,36.36086637302731,127.3344571141993,대전광역시 유성구 장대동 63-2,2024,3,5,16,1,spring,0,1,1,1,0.0,2024-03-05,0,0,0,1830,5.9,1,0.29,2.5,1000,0.3,15.42,-9.0,5.8,0.0,208,213,17.82,0,,,,,0,
NON_952,36.36955298480424,127.340375030035,대전광역시 유성구 궁동 358,2024,7,5,10,4,summer,0,1,1,1,0.0,2024-07-05,0,0,0,121,25.8,1555,3.5,3.9,1100,-9.0,2.67,3.7,27.4,7.9,2128,301,31.76,0,,,,,0,
NON_953,36.34349435447869,127.29867792752019,대전광역시 유성구 계산동 719,2024,4,4,13,3,spring,0,1,1,1,0.0,2024-04-04,0,0,0,2335,13.4,1031,1.56,0.0,1000,0.0,0.8,0.0,14.2,0.2,2355,963,34.2,0,,,,,0,
NON_954,36.38778786489707,127.3191918592778,대전광역시 유성구 하기동 575,2024,3,6,9,2,spring,1,1,1,1,0.0,2024-03-06,0,0,0,2315,7.0,1522,2.15,-9.0,1200,0.0,-9.0,-9.0,7.2,5.8,2358,751,18.35,0,,,,,0,
NON_955,36.35930172335423,127.33873011630254,대전광역시 유성구 장대동 373,2024,3,6,14,2,spring,0,2,3,3,0.0,2024-03-06,0,0,0,2315,7.0,1522,2.15,-9.0,1200,0.0,-9.0,-9.0,7.2,5.8,2358,419,34.98,0,,,,,0,
NON_956,36.42200361945695,127.40344135667769,대전광역시 유성구 용산동 604,2024,3,22,9,4,spring,1,1,2,2,0.0,2024-03-22,0,0,0,1442,10.1,1324,2.8,4.1,1100,4.4,6.33,-9.0,9.9,5.9,117,684,25.18,0,,,,,0,
NON_957,36.41880684968952,127.38089581086577,대전광역시 유성구 관평동 681,2024,7,5,10,4,summer,0,1,1,1,0.0,2024-07-05,0,0,0,121,25.8,1555,3.5,3.9,1100,-9.0,2.67,3.7,27.4,7.9,2128,652,32.51,0,,,,,0,
NON_958,36.369714994863386,127.32387851139028,대전광역시 유성구 노은동 599,2024,3,22,16,4,spring,0,3,3,3,0.0,2024-03-22,0,0,0,1442,10.1,1324,2.8,4.1,1100,4.4,6.33,-9.0,9.9,5.9,117,434,6.99,0,,,,,0,
NON_959,36.33837869721107,127.42856974304084,대전광역시 동구 삼성동 457,2025,11,10,18,0,autumn,1,1,1,1,0.0,2025-11-10,0,0,0,352,8.9,1447,2.31,-9.0,1200,-9.0,-9.0,-9.0,8.0,9.6,906,974,34.72,0,,,,,0,
NON_960,36.39026134125285,127.3314712353709,대전광역시 유성구 하기동 603,2024,6,20,9,3,summer,1,3,3,5,0.0,2024-06-20,0,0,0,1354,25.7,1457,2.67,-9.0,1400,-9.0,-9.0,-9.0,33.4,6.3,6,722,34.8,0,,,,,0,
NON_961,36.37547822558981,127.33923480025035,대전광역시 유성구 죽동 799,2024,10,30,15,2,autumn,0,1,1,1,0.0,2024-10-30,0,0,0,1945,14.7,1511,2.4,-9.0,1200,-9.0,-9.0,-9.0,14.2,9.6,2325,599,35.75,0,,,,,0,
NON_962,36.35165185939284,127.41777058107205,대전광역시 대덕구 오정동 728,2025,10,27,19,0,autumn,1,3,3,3,0.0,2025-10-27,0,0,0,1514,9.5,1327,2.55,-9.0,1200,-9.0,-9.0,-9.0,10.5,9.9,2341,718,28.04,0,,,,,0,
NON_963,36.32436763926868,127.3121642880668,대전광역시 유성구 용계동 402-11,2024,10,30,14,2,autumn,0,1,1,1,0.0,2024-10-30,0,0,0,1945,14.7,1511,2.4,-9.0,1200,-9.0,-9.0,-9.0,14.2,9.6,2325,1097,9.92,0,,,,,0,
NON_964,36.354678466802994,127.34111892707118,대전광역시 유성구 봉명동 576,2024,3,7,10,3,spring,0,1,1,1,0.0,2024-03-07,0,0,0,1334,4.6,1424,2.2,0.0,1000,-9.0,0.5,-9.0,6.9,6.7,2356,1163,6.96,0,,,,,0,
NON_965,36.3846308618677,127.32148063815023,대전광역시 유성구 하기동 585,2024,2,28,15,2,winter,0,3,3,3,0.0,2024-02-28,0,0,0,8,6.3,1637,2.16,-9.0,1200,-9.0,-9.0,-9.0,5.9,3.7,916,650,33.61,0,,,,,0,
NON_966,36.35527572947966,127.34275464984864,대전광역시 유성구 봉명동 574,2024,6,21,10,4,summer,0,1,1,5,0.0,2024-06-21,0,0,0,2140,26.4,1512,3.55,-9.0,1300,0.2,-9.0,-9.0,34.5,10.9,2246,677,34.84,0,,,,,0,
NON_967,36.40294613432676,127.30949530451976,대전광역시 유성구 외삼동 408-1,2024,3,25,10,0,spring,0,1,1,1,0.0,2024-03-25,0,0,0,2121,9.4,1033,1.45,6.8,1000,26.1,11.25,-9.0,10.0,0.0,12,427,31.78,0,,,,,0,
NON_968,36.36695226692974,127.31799114645725,대전광역시 유성구 노은동 602,2024,6,17,14,0,summer,0,1,1,2,0.0,2024-06-17,0,0,0,1633,23.4,1619,2.9,-9.0,1100,-9.0,-9.0,-9.0,27.7,7.5,813,557,31.36,0,,,,,0,
NON_969,36.347816709626485,127.32544177956355,대전광역시 유성구 구암동 522-6,2024,3,27,9,2,spring,1,1,1,1,0.0,2024-03-27,0,0,0,1639,10.2,1438,2.79,-9.0,1200,1.2,-9.0,-9.0,11.6,9.0,711,180,27.88,0,,,,,0,
NON_970,36.394995594362356,127.35004566808465,대전광역시 유성구 자운동 515-21,2024,2,29,10,3,winter,0,1,5,5,0.0,2024-02-29,0,0,0,2400,5.1,1247,0.6,0.2,1400,0.2,3.0,-9.0,5.5,0.0,49,523,41.21,0,,,,,0,
NON_971,36.38958671820959,127.34541769825174,대전광역시 유성구 하기동 20-7,2024,2,28,10,2,winter,0,1,1,1,0.0,2024-02-28,0,0,0,8,6.3,1637,2.16,-9.0,1200,-9.0,-9.0,-9.0,5.9,3.7,916,385,13.05,0,,,,,0,
NON_972,36.42983488414143,127.38230735591863,대전광역시 유성구 송강동 556,2024,2,29,13,3,winter,0,2,2,2,0.0,2024-02-29,0,0,0,2400,5.1,1247,0.6,0.2,1400,0.2,3.0,-9.0,5.5,0.0,49,648,46.72,0,,,,,0,
NON_973,36.34361554931695,127.40787862061589,대전광역시 중구 중촌동 266-11,2025,10,25,12,5,autumn,0,1,1,1,0.0,2025-10-25,0,0,0,1704,14.3,1408,1.57,-9.0,1200,0.0,-9.0,-9.0,15.4,2.4,1,672,32.22,1,,,,,0,
NON_974,36.346236276067174,127.33993119916614,대전광역시 유성구 상대동 498,2025,1,23,14,3,winter,0,1,1,1,0.0,2025-01-23,0,0,0,1854,2.9,1543,1.98,-9.0,1200,-9.0,-9.0,-9.0,3.1,8.5,922,966,26.25,0,,,,,0,
NON_975,36.42002686733902,127.38554773658959,대전광역시 유성구 관평동 673,2024,12,2,14,0,winter,0,1,1,1,0.0,2024-12-02,0,0,0,1712,8.3,1354,1.66,0.0,1100,0.0,0.45,-9.0,6.6,5.1,2313,395,24.12,0,,,,,0,
NON_976,36.35998217697066,127.30346391486798,대전광역시 유성구 덕명동 555,2024,8,1,9,3,summer,1,1,1,1,0.0,2024-08-01,0,0,0,1028,30.0,1448,2.84,-9.0,1300,-9.0,-9.0,-9.0,34.4,5.9,156,748,31.22,0,,,,,0,
NON_977,36.389012579094214,127.34694206061462,대전광역시 유성구 하기동 18-15,2024,3,25,8,0,spring,1,1,1,1,0.0,2024-03-25,0,0,0,2121,9.4,1033,1.45,6.8,1000,26.1,11.25,-9.0,10.0,0.0,12,759,12.53,0,,,,,0,
NON_978,36.36182405924332,127.34273685780673,대전광역시 유성구 궁동 479-5,2024,3,26,7,1,spring,0,1,1,1,0.0,2024-03-26,0,0,0,11,6.7,1523,1.95,19.5,1000,0.2,10.33,-9.0,9.5,3.0,2358,635,23.89,0,,,,,0,
NON_979,36.40827287029487,127.37584309732262,대전광역시 유성구 방현동 349-3,2024,6,20,10,3,summer,0,1,1,1,0.0,2024-06-20,0,0,0,1354,25.7,1457,2.67,-9.0,1400,-9.0,-9.0,-9.0,33.4,6.3,6,606,23.68,0,,,,,0,
NON_980,36.37048732153155,127.32277937579545,대전광역시 유성구 노은동 599,2024,3,23,6,5,spring,0,5,5,5,0.0,2024-03-23,0,0,0,1516,14.9,1457,3.14,0.3,1200,-9.0,2.25,-9.0,15.9,9.3,2254,737,30.76,1,,,,,0,
NON_981,36.344465126302595,127.42417211821333,대전광역시 동구 홍도동 17-1,2025,11,11,8,1,autumn,1,1,1,1,0.0,2025-11-11,0,0,0,1358,8.2,1509,2.21,-9.0,1100,-9.0,-9.0,-9.0,7.7,8.0,2220,358,9.68,0,,,,,0,
NON_982,36.357855080268,127.33449540047538,대전광역시 유성구 장대동 290,2024,3,20,10,2,spring,0,6,6,6,0.0,2024-03-20,0,0,0,259,4.6,1337,3.01,-9.0,1100,-9.0,-9.0,-9.0,8.7,9.9,947,513,23.85,0,,,,,0,
NON_983,36.41945160849911,127.40672578708619,대전광역시 유성구 탑립동 709,2024,3,27,14,2,spring,0,2,2,2,0.0,2024-03-27,0,0,0,1639,10.2,1438,2.79,-9.0,1200,1.2,-9.0,-9.0,11.6,9.0,711,551,29.9,0,,,,,0,
NON_984,36.38552478734697,127.35123578863265,대전광역시 유성구 신성동 281-5,2024,3,20,5,2,spring,0,1,1,1,0.0,2024-03-20,0,0,0,259,4.6,1337,3.01,-9.0,1100,-9.0,-9.0,-9.0,8.7,9.9,947,310,21.37,0,,,,,0,
NON_985,36.3760050689516,127.34044243901774,대전광역시 유성구 죽동 799,2024,6,17,14,0,summer,0,1,1,1,0.0,2024-06-17,0,0,0,1633,23.4,1619,2.9,-9.0,1100,-9.0,-9.0,-9.0,27.7,7.5,813,954,36.24,0,,,,,0,
NON_986,36.38643080697783,127.337894343662,대전광역시 유성구 하기동 145-1,2024,3,21,10,3,spring,0,1,1,1,0.0,2024-03-21,0,0,0,1212,5.2,1448,3.14,-9.0,1200,-9.0,-9.0,-9.0,9.6,11.0,1,969,23.96,0,,,,,0,
NON_987,36.36296726111917,127.35567260404736,대전광역시 유성구 어은동 109,2024,7,31,15,2,summer,0,2,7,7,0.0,2024-07-31,0,0,0,1438,29.5,1600,3.39,-9.0,1300,-9.0,-9.0,-9.0,36.0,6.6,621,380,13.66,0,,,,,0,
NON_988,36.322520685904394,127.41621635024234,대전광역시 중구 문화동 1-9,2025,11,8,10,5,autumn,0,1,1,1,0.0,2025-11-08,0,0,0,106,13.7,1407,1.13,0.4,1000,0.4,3.33,-9.0,13.1,0.4,628,582,11.34,1,,,,,0,
NON_989,36.42397731493543,127.29457334233571,세종특별자치시 금남면 두만리 42-3,2024,3,15,14,4,spring,0,1,1,1,0.0,2024-03-15,0,0,0,1451,9.5,1609,3.06,-9.0,1200,-9.0,-9.0,-9.0,10.5,11.0,2301,609,41.13,0,,,,,0,
NON_990,36.36065459212033,127.35786616549639,대전광역시 유성구 어은동 262-1,2024,2,26,10,0,winter,0,1,1,1,0.0,2024-02-26,0,0,0,1620,3.7,1608,2.62,-9.0,1200,-9.0,-9.0,-9.0,4.9,7.3,806,349,18.79,0,,,,,0,
NON_991,36.355508743645636,127.34006679726713,대전광역시 유성구 봉명동 442-11,2024,3,7,9,3,spring,1,1,1,1,0.0,2024-03-07,0,0,0,1334,4.6,1424,2.2,0.0,1000,-9.0,0.5,-9.0,6.9,6.7,2356,1070,7.62,0,,,,,0,
NON_992,36.30006472002966,127.31503614272343,대전광역시 유성구 원내동 735,2024,7,23,10,1,summer,0,2,2,2,0.0,2024-07-23,0,0,0,49,27.2,1,0.67,3.9,1300,6.0,10.03,2.5,26.9,0.0,1006,320,43.87,0,,,,,0,
NON_993,36.34485232716923,127.3079499143232,대전광역시 유성구 복용동 629,2024,3,15,9,4,spring,1,1,1,1,0.0,2024-03-15,0,0,0,1451,9.5,1609,3.06,-9.0,1200,-9.0,-9.0,-9.0,10.5,11.0,2301,893,20.17,0,,,,,0,
NON_994,36.37505327978384,127.39438691693508,대전광역시 유성구 도룡동 8-59,2024,11,1,14,4,autumn,0,1,1,1,0.0,2024-11-01,0,0,0,1218,13.3,2316,0.54,1.6,1300,1.1,5.17,-9.0,13.9,0.0,857,528,12.05,0,,,,,0,
NON_995,36.38629550644458,127.37854870338774,대전광역시 유성구 도룡동 409,2024,5,7,13,1,spring,0,1,1,3,0.0,2024-05-07,0,0,0,1952,12.9,1319,1.26,14.1,1200,14.7,17.97,3.7,14.7,0.0,2336,327,40.08,0,,,,,0,
NON_996,36.44232553972012,127.42956535900272,대전광역시 대덕구 신탄진동 264-64,2024,3,26,10,1,spring,0,2,2,2,0.0,2024-03-26,0,0,0,11,6.7,1523,1.95,19.5,1000,0.2,10.33,-9.0,9.5,3.0,2358,390,17.85,0,,,,,0,
NON_997,36.424024270494094,127.29393110105006,세종특별자치시 금남면 두만리 39-1,2024,3,15,14,4,spring,0,1,1,1,0.0,2024-03-15,0,0,0,1451,9.5,1609,3.06,-9.0,1200,-9.0,-9.0,-9.0,10.5,11.0,2301,834,22.9,0,,,,,0,
NON_998,36.34875000593707,127.42066232618212,대전광역시 대덕구 오정동 748-1,2025,10,31,19,4,autumn,1,1,1,1,0.0,2025-10-31,0,0,0,1240,12.6,1451,2.31,0.0,1200,0.2,0.17,0.0,12.7,7.5,1,669,24.24,0,,,,,0,
NON_999,36.37082676371094,127.3236522563331,대전광역시 유성구 노은동 599,2024,4,22,14,0,spring,0,1,1,7,0.0,2024-04-22,0,0,0,1623,17.4,1414,3.34,0.0,1200,-9.0,0.37,0.0,20.9,6.2,2217,444,19.19,0,,,,,0,
NON_1000,36.336453090327105,127.4207546039596,대전광역시 중구 선화동 920,2025,11,9,15,6,autumn,0,6,11,11,0.0,2025-11-09,0,0,0,1345,13.7,1305,1.95,0.0,1300,-9.0,0.75,-9.0,13.0,6.8,1,569,24.39,1,,,,,0,
NON_1001,36.33607383782803,127.4204451187897,대전광역시 중구 선화동 903,2025,10,31,8,4,autumn,1,1,1,1,0.0,2025-10-31,0,0,0,1240,12.6,1451,2.31,0.0,1200,0.2,0.17,0.0,12.7,7.5,1,851,42.26,0,,,,,0,
NON_1002,36.35457921755284,127.34542008429858,대전광역시 유성구 봉명동 574,2024,3,16,7,5,spring,0,2,7,7,0.0,2024-03-16,0,0,0,1616,11.4,1456,2.99,0.0,1200,0.0,1.25,-9.0,12.9,8.8,236,695,5.71,1,,,,,0,
NON_1003,36.357748604569295,127.33618304603124,대전광역시 유성구 장대동 293,2024,4,5,8,4,spring,1,1,4,4,0.0,2024-04-05,0,0,0,28,13.3,1540,3.03,0.0,1300,0.0,0.5,0.0,14.6,6.1,921,346,25.06,0,,,,,0,
NON_1004,36.379244252339866,127.3286588996813,대전광역시 유성구 죽동 369,2025,1,13,16,0,winter,0,1,1,1,0.0,2025-01-13,0,0,0,1242,1.1,1532,1.96,-9.0,1200,0.1,-9.0,-9.0,-0.2,7.8,1008,747,44.87,0,,,,,0,
NON_1005,36.378840577992655,127.40613413941398,대전광역시 유성구 원촌동 69-1,2024,3,27,14,2,spring,0,1,3,3,0.0,2024-03-27,0,0,0,1639,10.2,1438,2.79,-9.0,1200,1.2,-9.0,-9.0,11.6,9.0,711,475,15.79,0,,,,,0,
NON_1006,36.352603108885894,127.34132959788835,대전광역시 유성구 봉명동 1058,2024,2,27,9,1,winter,1,1,1,1,0.0,2024-02-27,0,0,0,952,5.3,1428,2.68,-9.0,1200,-9.0,-9.0,-9.0,5.6,7.3,1001,521,29.06,0,,,,,0,
NON_1007,36.41541521458026,127.40629102015727,대전광역시 유성구 탑립동 945,2024,3,27,13,2,spring,0,1,1,1,0.0,2024-03-27,0,0,0,1639,10.2,1438,2.79,-9.0,1200,1.2,-9.0,-9.0,11.6,9.0,711,409,12.09,0,,,,,0,
NON_1008,36.38735385893547,127.32158193111125,대전광역시 유성구 하기동 603,2024,6,20,9,3,summer,1,1,1,3,0.0,2024-06-20,0,0,0,1354,25.7,1457,2.67,-9.0,1400,-9.0,-9.0,-9.0,33.4,6.3,6,848,40.28,0,,,,,0,
NON_1009,36.38542456867388,127.32146131337248,대전광역시 유성구 하기동 585,2024,2,28,15,2,winter,0,2,2,2,0.0,2024-02-28,0,0,0,8,6.3,1637,2.16,-9.0,1200,-9.0,-9.0,-9.0,5.9,3.7,916,1148,34.05,0,,,,,0,
NON_1010,36.38745969343029,127.3261751538622,대전광역시 유성구 하기동 598,2024,2,28,15,2,winter,0,1,1,1,0.0,2024-02-28,0,0,0,8,6.3,1637,2.16,-9.0,1200,-9.0,-9.0,-9.0,5.9,3.7,916,415,7.51,0,,,,,0,
NON_1011,36.36002105427329,127.3444780954009,대전광역시 유성구 궁동 501,2024,5,28,15,1,spring,0,1,1,1,0.0,2024-05-28,0,0,0,1449,18.8,1506,3.64,-9.0,1200,-9.0,-9.0,-9.0,24.0,11.3,2345,798,17.71,0,,,,,0,
NON_1012,36.35889810175371,127.32335624125216,대전광역시 유성구 장대동 295,2024,8,1,9,3,summer,1,1,1,1,0.0,2024-08-01,0,0,0,1028,30.0,1448,2.84,-9.0,1300,-9.0,-9.0,-9.0,34.4,5.9,156,1152,35.62,0,,,,,0,
NON_1013,36.36879135825518,127.31860171578086,대전광역시 유성구 노은동 591,2024,3,7,9,3,spring,1,1,1,1,0.0,2024-03-07,0,0,0,1334,4.6,1424,2.2,0.0,1000,-9.0,0.5,-9.0,6.9,6.7,2356,925,9.77,0,,,,,0,
NON_1014,36.310939692522886,127.29112617503255,대전광역시 유성구 성북동 731-11,2025,2,17,11,0,winter,0,1,1,2,0.0,2025-02-17,0,0,0,1336,1.3,1346,2.7,-9.0,1200,-9.0,-9.0,-9.0,2.9,10.0,855,797,36.79,0,,,,,0,
NON_1015,36.35964138876702,127.3349291207263,대전광역시 유성구 장대동 291,2024,3,25,7,0,spring,0,1,1,1,0.0,2024-03-25,0,0,0,2121,9.4,1033,1.45,6.8,1000,26.1,11.25,-9.0,10.0,0.0,12,456,39.01,0,,,,,0,
NON_1016,36.341158246406536,127.33772963638141,대전광역시 유성구 상대동 498,2025,1,23,14,3,winter,0,2,2,2,0.0,2025-01-23,0,0,0,1854,2.9,1543,1.98,-9.0,1200,-9.0,-9.0,-9.0,3.1,8.5,922,335,9.4,0,,,,,0,
NON_1017,36.44427261693582,127.4300081744883,대전광역시 대덕구 신탄진동 745,2024,3,26,10,1,spring,0,1,1,1,0.0,2024-03-26,0,0,0,11,6.7,1523,1.95,19.5,1000,0.2,10.33,-9.0,9.5,3.0,2358,696,35.19,0,,,,,0,
NON_1018,36.35818067750186,127.34372948377103,대전광역시 유성구 봉명동 608,2024,6,27,15,3,summer,0,1,1,1,0.0,2024-06-27,0,0,0,1601,23.7,1451,1.79,-9.0,1400,-9.0,-9.0,-9.0,28.5,2.1,17,1075,15.26,0,,,,,0,
NON_1019,36.34958577341431,127.33942223647016,대전광역시 유성구 봉명동 576-1,2024,3,16,7,5,spring,0,1,1,1,0.0,2024-03-16,0,0,0,1616,11.4,1456,2.99,0.0,1200,0.0,1.25,-9.0,12.9,8.8,236,603,18.01,1,,,,,0,
NON_1020,36.39917187613818,127.3152152174015,대전광역시 유성구 외삼동 574-5,2024,3,20,10,2,spring,0,1,4,4,0.0,2024-03-20,0,0,0,259,4.6,1337,3.01,-9.0,1100,-9.0,-9.0,-9.0,8.7,9.9,947,448,39.84,0,,,,,0,
NON_1021,36.350545231800076,127.33565509607291,대전광역시 유성구 구암동 641,2024,3,23,6,5,spring,0,3,5,5,0.0,2024-03-23,0,0,0,1516,14.9,1457,3.14,0.3,1200,-9.0,2.25,-9.0,15.9,9.3,2254,284,7.29,1,,,,,0,
NON_1022,36.298516840835035,127.31580405578364,대전광역시 유성구 원내동 280,2024,7,23,10,1,summer,0,1,1,1,0.0,2024-07-23,0,0,0,49,27.2,1,0.67,3.9,1300,6.0,10.03,2.5,26.9,0.0,1006,396,36.38,0,,,,,0,
NON_1023,36.35568357443419,127.41651520274542,대전광역시 대덕구 오정동 728,2025,11,11,8,1,autumn,1,3,9,9,0.0,2025-11-11,0,0,0,1358,8.2,1509,2.21,-9.0,1100,-9.0,-9.0,-9.0,7.7,8.0,2220,746,11.88,0,,,,,0,
NON_1024,36.351731819230245,127.41858204185552,대전광역시 대덕구 오정동 728,2025,10,27,19,0,autumn,1,3,3,3,0.0,2025-10-27,0,0,0,1514,9.5,1327,2.55,-9.0,1200,-9.0,-9.0,-9.0,10.5,9.9,2341,718,28.04,0,,,,,0,
NON_1025,36.34862180041561,127.32353210802872,대전광역시 유성구 구암동 222-1,2024,3,27,10,2,spring,0,1,1,1,0.0,2024-03-27,0,0,0,1639,10.2,1438,2.79,-9.0,1200,1.2,-9.0,-9.0,11.6,9.0,711,602,40.23,0,,,,,0,
NON_1026,36.37022742450633,127.41874787184874,대전광역시 대덕구 대화동 1-29,2025,11,6,8,3,autumn,1,2,2,2,0.0,2025-11-06,0,0,0,1337,11.3,1438,2.13,-9.0,1200,-9.0,-9.0,-9.0,10.8,6.4,838,858,14.94,0,,,,,0,
NON_1027,36.39019877563913,127.32351414066778,대전광역시 유성구 하기동 603,2024,3,6,6,2,spring,0,4,4,4,0.0,2024-03-06,0,0,0,2315,7.0,1522,2.15,-9.0,1200,0.0,-9.0,-9.0,7.2,5.8,2358,898,36.1,0,,,,,0,
NON_1028,36.34582073719864,127.42166225405242,대전광역시 동구 홍도동 138-8,2025,11,7,8,4,autumn,1,1,1,1,0.0,2025-11-07,0,0,0,2128,13.3,1516,2.17,-9.0,1200,-9.0,-9.0,-9.0,11.9,6.3,811,914,36.03,0,,,,,0,
NON_1029,36.37049392273848,127.41852150143518,대전광역시 대덕구 대화동 1-29,2025,10,30,19,3,autumn,1,1,1,1,0.0,2025-10-30,0,0,0,438,10.2,1356,1.69,-9.0,1200,-9.0,-9.0,-9.0,10.6,6.6,852,630,28.5,0,,,,,0,
NON_1030,36.373368715466036,127.31899208874083,대전광역시 유성구 지족동 965,2024,4,5,8,4,spring,1,1,1,3,0.0,2024-04-05,0,0,0,28,13.3,1540,3.03,0.0,1300,0.0,0.5,0.0,14.6,6.1,921,997,29.94,0,,,,,0,
NON_1031,36.351956298190096,127.34059547267205,대전광역시 유성구 봉명동 1058,2024,2,27,9,1,winter,1,1,1,1,0.0,2024-02-27,0,0,0,952,5.3,1428,2.68,-9.0,1200,-9.0,-9.0,-9.0,5.6,7.3,1001,521,29.06,0,,,,,0,
NON_1032,36.35629931538364,127.33951830828534,대전광역시 유성구 봉명동 442-11,2024,3,7,9,3,spring,1,1,1,1,0.0,2024-03-07,0,0,0,1334,4.6,1424,2.2,0.0,1000,-9.0,0.5,-9.0,6.9,6.7,2356,1070,7.62,0,,,,,0,
NON_1033,36.36673982899863,127.31742766888682,대전광역시 유성구 노은동 583,2024,4,6,8,5,spring,1,2,7,17,0.0,2024-04-06,0,0,0,1605,13.2,1609,2.2,-9.0,1200,-9.0,-9.0,-9.0,14.0,5.3,808,506,5.12,1,,,,,0,
NON_1034,36.357025427946965,127.34302806777852,대전광역시 유성구 봉명동 574,2024,3,25,13,0,spring,0,6,14,14,0.0,2024-03-25,0,0,0,2121,9.4,1033,1.45,6.8,1000,26.1,11.25,-9.0,10.0,0.0,12,501,44.14,0,,,,,0,
NON_1035,36.36829993760054,127.31857457154891,대전광역시 유성구 노은동 583,2024,3,26,8,1,spring,1,4,14,14,0.0,2024-03-26,0,0,0,11,6.7,1523,1.95,19.5,1000,0.2,10.33,-9.0,9.5,3.0,2358,735,16.77,0,,,,,0,
NON_1036,36.3818413237048,127.32470603941562,대전광역시 유성구 죽동 648,2024,4,4,15,3,spring,0,4,5,5,0.0,2024-04-04,0,0,0,2335,13.4,1031,1.56,0.0,1000,0.0,0.8,0.0,14.2,0.2,2355,989,20.94,0,,,,,0,
NON_1037,36.340983320051514,127.33921279700863,대전광역시 유성구 상대동 498,2024,4,24,10,2,spring,0,1,1,1,0.0,2024-04-24,0,0,0,1341,13.8,1340,3.47,4.3,1100,0.0,5.2,3.7,15.8,4.1,2352,375,39.53,0,,,,,0,
NON_1038,36.322456443480434,127.41314490580272,대전광역시 중구 문화동 1-18,2025,11,8,10,5,autumn,0,1,2,2,0.0,2025-11-08,0,0,0,106,13.7,1407,1.13,0.4,1000,0.4,3.33,-9.0,13.1,0.4,628,185,6.89,1,,,,,0,
NON_1039,36.341976365215146,127.30517784680217,대전광역시 유성구 계산동 803-11,2024,3,1,6,4,spring,0,1,1,1,0.0,2024-03-01,0,0,0,1424,-2.2,1,2.91,-9.0,1200,-9.0,-9.0,-9.0,2.1,10.2,2239,1009,39.66,0,,,,,0,
NON_1040,36.34433996403875,127.42049719321217,대전광역시 동구 삼성동 458,2025,11,10,8,0,autumn,1,2,3,3,0.0,2025-11-10,0,0,0,352,8.9,1447,2.31,-9.0,1200,-9.0,-9.0,-9.0,8.0,9.6,906,917,20.48,0,,,,,0,
NON_1041,36.37264675569367,127.32179179802212,대전광역시 유성구 노은동 569,2024,3,23,6,5,spring,0,2,2,2,0.0,2024-03-23,0,0,0,1516,14.9,1457,3.14,0.3,1200,-9.0,2.25,-9.0,15.9,9.3,2254,577,5.0,1,,,,,0,
NON_1042,36.32631993891243,127.42840197506997,대전광역시 중구 대흥동 630,2025,11,2,16,6,autumn,0,2,2,2,0.0,2025-11-02,0,0,0,1336,9.4,1106,2.11,2.1,1100,-9.0,1.25,-9.0,9.9,6.7,2344,659,8.62,1,,,,,0,
NON_1043,36.36493411895771,127.31671257828658,대전광역시 유성구 노은동 609,2024,3,22,13,4,spring,0,1,1,1,0.0,2024-03-22,0,0,0,1442,10.1,1324,2.8,4.1,1100,4.4,6.33,-9.0,9.9,5.9,117,332,29.45,0,,,,,0,
NON_1044,36.313467239080495,127.31919061224612,대전광역시 유성구 대정동 318,2024,3,6,15,2,spring,0,1,1,1,0.0,2024-03-06,0,0,0,2315,7.0,1522,2.15,-9.0,1200,0.0,-9.0,-9.0,7.2,5.8,2358,525,23.21,0,,,,,0,
NON_1045,36.363662158667,127.31370120911872,대전광역시 유성구 노은동 603,2024,3,20,10,2,spring,0,2,2,2,0.0,2024-03-20,0,0,0,259,4.6,1337,3.01,-9.0,1100,-9.0,-9.0,-9.0,8.7,9.9,947,1014,17.25,0,,,,,0,
NON_1046,36.38682145381767,127.33837331962017,대전광역시 유성구 하기동 145-1,2024,3,21,10,3,spring,0,1,1,1,0.0,2024-03-21,0,0,0,1212,5.2,1448,3.14,-9.0,1200,-9.0,-9.0,-9.0,9.6,11.0,1,969,23.96,0,,,,,0,
NON_1047,36.35529379579505,127.34047634716025,대전광역시 유성구 봉명동 442-10,2024,4,5,8,4,spring,1,1,2,2,0.0,2024-04-05,0,0,0,28,13.3,1540,3.03,0.0,1300,0.0,0.5,0.0,14.6,6.1,921,1002,23.88,0,,,,,0,
NON_1048,36.3606616908539,127.34866808887676,대전광역시 유성구 궁동 496,2024,3,8,7,4,spring,0,1,1,1,0.0,2024-03-08,0,0,0,1350,2.9,1304,2.9,-9.0,1200,-9.0,-9.0,-9.0,4.4,10.2,2400,536,23.82,0,,,,,0,
NON_1049,36.339262446053596,127.30395506310482,대전광역시 유성구 학하동 793,2024,5,9,14,3,spring,0,1,1,2,0.0,2024-05-09,0,0,0,1232,15.6,1506,3.46,-9.0,1200,-9.0,-9.0,-9.0,19.0,12.8,638,618,41.88,0,,,,,0,
NON_1050,36.391255722800224,127.3626621149093,대전광역시 유성구 장동 23-9,2024,3,25,15,0,spring,0,1,1,1,0.0,2024-03-25,0,0,0,2121,9.4,1033,1.45,6.8,1000,26.1,11.25,-9.0,10.0,0.0,12,769,16.73,0,,,,,0,
NON_1051,36.348831727427076,127.42052416617722,대전광역시 대덕구 오정동 677-9,2025,11,10,8,0,autumn,1,1,1,1,0.0,2025-11-10,0,0,0,352,8.9,1447,2.31,-9.0,1200,-9.0,-9.0,-9.0,8.0,9.6,906,587,36.82,0,,,,,0,
NON_1052,36.44537859675932,127.38608378570221,대전광역시 유성구 봉산동 714,2024,5,29,15,2,spring,0,1,1,1,0.0,2024-05-29,0,0,0,1248,20.9,1606,3.59,-9.0,1200,-9.0,-9.0,-9.0,26.3,13.3,849,928,6.2,0,,,,,0,
NON_1053,36.35910752108347,127.31002306546715,대전광역시 유성구 구암동 692,2025,2,11,14,1,winter,0,1,1,1,0.0,2025-02-11,0,0,0,1152,0.3,1551,2.46,-9.0,1200,3.9,-9.0,-9.0,1.0,9.7,826,194,16.91,0,,,,,0,
NON_1054,36.29403678092672,127.46108490340367,대전광역시 동구 대성동 208-9,2025,11,9,12,6,autumn,0,1,1,1,0.0,2025-11-09,0,0,0,1345,13.7,1305,1.95,0.0,1300,-9.0,0.75,-9.0,13.0,6.8,1,287,7.28,1,,,,,0,
NON_1055,36.36117970036303,127.35055348567259,대전광역시 유성구 궁동 27-2,2025,1,13,14,0,winter,0,1,1,1,0.0,2025-01-13,0,0,0,1242,1.1,1532,1.96,-9.0,1200,0.1,-9.0,-9.0,-0.2,7.8,1008,237,18.21,0,,,,,0,
NON_1056,36.35520794669571,127.34159895687534,대전광역시 유성구 봉명동 574,2024,3,7,10,3,spring,0,3,4,4,0.0,2024-03-07,0,0,0,1334,4.6,1424,2.2,0.0,1000,-9.0,0.5,-9.0,6.9,6.7,2356,567,10.02,0,,,,,0,
NON_1057,36.329584395519895,127.31363943329974,대전광역시 유성구 용계동 390-3,2024,7,23,10,1,summer,0,1,1,1,0.0,2024-07-23,0,0,0,49,27.2,1,0.67,3.9,1300,6.0,10.03,2.5,26.9,0.0,1006,341,18.88,0,,,,,0,
NON_1058,36.355806271674496,127.4157453676042,대전광역시 대덕구 오정동 686-5,2025,11,10,18,0,autumn,1,2,2,2,0.0,2025-11-10,0,0,0,352,8.9,1447,2.31,-9.0,1200,-9.0,-9.0,-9.0,8.0,9.6,906,1072,14.98,0,,,,,0,
NON_1059,36.353885671582546,127.41705426756204,대전광역시 대덕구 오정동 729,2025,10,29,8,2,autumn,1,1,1,1,0.0,2025-10-29,0,0,0,1533,9.6,1506,2.4,-9.0,1200,-9.0,-9.0,-9.0,9.7,9.7,849,512,21.86,0,,,,,0,
NON_1060,36.386289772010684,127.35554592721077,대전광역시 유성구 신성동 산 5-7,2024,3,19,15,1,spring,0,1,1,1,0.0,2024-03-19,0,0,0,1123,7.2,1433,1.48,0.0,1100,0.0,4.08,-9.0,8.7,3.2,50,1010,14.85,0,,,,,0,
NON_1061,36.41926895633238,127.37897788389009,대전광역시 유성구 덕진동 51-4,2024,5,30,15,3,spring,0,1,1,1,0.0,2024-05-30,0,0,0,2334,21.1,1156,2.03,-9.0,1100,-9.0,-9.0,-9.0,24.6,0.9,2,501,20.72,0,,,,,0,
NON_1062,36.39796415223449,127.3581328523855,대전광역시 유성구 장동 202-11,2024,1,19,16,4,winter,0,1,1,1,0.0,2024-01-19,0,0,0,1044,5.9,1256,2.08,-9.0,1200,0.0,-9.0,-9.0,5.5,3.1,955,717,6.51,0,,,,,0,
NON_1063,36.37473574665916,127.35548815635339,대전광역시 유성구 어은동 52-7,2024,3,24,6,6,spring,0,1,1,1,0.0,2024-03-24,0,0,0,839,14.1,1602,2.03,-9.0,1400,-9.0,-9.0,-9.0,15.1,3.6,936,656,25.12,1,,,,,0,
NON_1064,36.38997604172913,127.40586987914426,대전광역시 유성구 문지동 667,2025,11,3,10,0,autumn,0,2,2,2,0.0,2025-11-03,0,0,0,54,7.0,1519,2.35,-9.0,1200,-9.0,-9.0,-9.0,7.3,9.7,856,576,19.78,0,,,,,0,
NON_1065,36.38115674872932,127.40697041559632,대전광역시 유성구 원촌동 90,2025,11,10,18,0,autumn,1,3,4,4,0.0,2025-11-10,0,0,0,352,8.9,1447,2.31,-9.0,1200,-9.0,-9.0,-9.0,8.0,9.6,906,292,15.54,0,,,,,0,
NON_1066,36.340216204141505,127.32054869338478,대전광역시 유성구 복용동 175-3,2024,9,20,15,4,autumn,0,1,1,1,0.0,2024-09-20,0,0,0,823,25.5,1,0.65,45.6,1300,148.6,13.0,12.9,26.6,0.0,1,552,18.95,0,,,,,0,
NON_1067,36.30441961722995,127.45010966304105,대전광역시 중구 호동 27-1,2025,11,9,14,6,autumn,0,3,3,3,0.0,2025-11-09,0,0,0,1345,13.7,1305,1.95,0.0,1300,-9.0,0.75,-9.0,13.0,6.8,1,636,32.47,1,,,,,0,
NON_1068,36.35786484717338,127.3397619879788,대전광역시 유성구 장대동 371,2024,2,13,15,1,winter,0,1,1,1,0.0,2024-02-13,0,0,0,1302,8.4,1445,2.41,-9.0,1300,0.0,-9.0,-9.0,6.2,8.4,221,535,37.34,0,,,,,0,
NON_1069,36.29763789497451,127.31575531108555,대전광역시 유성구 원내동 280,2024,7,23,10,1,summer,0,1,1,1,0.0,2024-07-23,0,0,0,49,27.2,1,0.67,3.9,1300,6.0,10.03,2.5,26.9,0.0,1006,396,36.38,0,,,,,0,
NON_1070,36.367891103776095,127.31948937385742,대전광역시 유성구 노은동 591,2024,3,7,9,3,spring,1,1,1,1,0.0,2024-03-07,0,0,0,1334,4.6,1424,2.2,0.0,1000,-9.0,0.5,-9.0,6.9,6.7,2356,925,9.77,0,,,,,0,
NON_1071,36.34744992197749,127.42091786199592,대전광역시 동구 홍도동 862,2025,11,7,8,4,autumn,1,1,1,1,0.0,2025-11-07,0,0,0,2128,13.3,1516,2.17,-9.0,1200,-9.0,-9.0,-9.0,11.9,6.3,811,944,9.78,0,,,,,0,
NON_1072,36.40683343556086,127.3744770483163,대전광역시 유성구 방현동 349,2024,2,28,14,2,winter,0,1,1,1,0.0,2024-02-28,0,0,0,8,6.3,1637,2.16,-9.0,1200,-9.0,-9.0,-9.0,5.9,3.7,916,764,9.05,0,,,,,0,
NON_1073,36.36756652208401,127.41781283825811,대전광역시 대덕구 대화동 16-333,2025,11,11,8,1,autumn,1,1,1,1,0.0,2025-11-11,0,0,0,1358,8.2,1509,2.21,-9.0,1100,-9.0,-9.0,-9.0,7.7,8.0,2220,603,21.62,0,,,,,0,
NON_1074,36.39983144702689,127.31265045809988,대전광역시 유성구 외삼동 574-5,2024,3,6,9,2,spring,1,3,3,3,0.0,2024-03-06,0,0,0,2315,7.0,1522,2.15,-9.0,1200,0.0,-9.0,-9.0,7.2,5.8,2358,710,25.25,0,,,,,0,
NON_1075,36.360424684098945,127.34287034576741,대전광역시 유성구 궁동 473,2024,3,24,7,6,spring,0,1,1,1,0.0,2024-03-24,0,0,0,839,14.1,1602,2.03,-9.0,1400,-9.0,-9.0,-9.0,15.1,3.6,936,372,13.63,1,,,,,0,
NON_1076,36.384548236606854,127.32200352662109,대전광역시 유성구 하기동 585,2024,2,28,15,2,winter,0,1,1,1,0.0,2024-02-28,0,0,0,8,6.3,1637,2.16,-9.0,1200,-9.0,-9.0,-9.0,5.9,3.7,916,1038,34.71,0,,,,,0,
NON_1077,36.39056258162001,127.40509721617745,대전광역시 유성구 문지동 667,2024,4,30,13,1,spring,0,1,1,1,0.0,2024-04-30,0,0,0,1632,16.6,1430,1.96,0.0,1100,-9.0,0.33,0.0,19.3,0.4,2331,1149,13.77,0,,,,,0,
NON_1078,36.337072780638316,127.42850631821779,대전광역시 동구 삼성동 457,2025,11,10,18,0,autumn,1,1,1,1,0.0,2025-11-10,0,0,0,352,8.9,1447,2.31,-9.0,1200,-9.0,-9.0,-9.0,8.0,9.6,906,974,34.72,0,,,,,0,
NON_1079,36.36301348083677,127.39475857223036,대전광역시 서구 둔산동 1514,2025,11,2,12,6,autumn,0,1,1,1,0.0,2025-11-02,0,0,0,1336,9.4,1106,2.11,2.1,1100,-9.0,1.25,-9.0,9.9,6.7,2344,294,27.85,1,,,,,0,
NON_1080,36.3995138635398,127.3146502353517,대전광역시 유성구 외삼동 574-5,2024,3,25,10,0,spring,0,5,8,8,0.0,2024-03-25,0,0,0,2121,9.4,1033,1.45,6.8,1000,26.1,11.25,-9.0,10.0,0.0,12,570,37.2,0,,,,,0,
NON_1081,36.422705318598666,127.40601329986795,대전광역시 유성구 용산동 605,2024,12,13,10,4,winter,0,1,1,1,0.0,2024-12-13,0,0,0,1254,0.6,1235,0.74,0.0,1000,0.0,1.5,-9.0,0.9,0.3,226,327,36.8,0,,,,,0,
NON_1082,36.39054007864412,127.40564708749699,대전광역시 유성구 문지동 667,2025,10,29,8,2,autumn,1,1,1,1,0.0,2025-10-29,0,0,0,1533,9.6,1506,2.4,-9.0,1200,-9.0,-9.0,-9.0,9.7,9.7,849,709,29.89,0,,,,,0,
NON_1083,36.3631321681736,127.34196503624499,대전광역시 유성구 궁동 351,2024,5,7,14,1,spring,0,1,1,1,0.0,2024-05-07,0,0,0,1952,12.9,1319,1.26,14.1,1200,14.7,17.97,3.7,14.7,0.0,2336,584,8.9,0,,,,,0,
NON_1084,36.34567693661296,127.41005531684789,대전광역시 중구 중촌동 413-99,2025,11,2,8,6,autumn,1,1,1,1,0.0,2025-11-02,0,0,0,1336,9.4,1106,2.11,2.1,1100,-9.0,1.25,-9.0,9.9,6.7,2344,406,20.31,1,,,,,0,
NON_1085,36.37455672126045,127.3254985773058,대전광역시 유성구 노은동 138-45,2024,3,23,8,5,spring,1,1,1,1,0.0,2024-03-23,0,0,0,1516,14.9,1457,3.14,0.3,1200,-9.0,2.25,-9.0,15.9,9.3,2254,712,29.72,1,,,,,0,
NON_1086,36.38779202808509,127.32544107100189,대전광역시 유성구 하기동 597-1,2024,3,6,15,2,spring,0,1,1,1,0.0,2024-03-06,0,0,0,2315,7.0,1522,2.15,-9.0,1200,0.0,-9.0,-9.0,7.2,5.8,2358,370,15.51,0,,,,,0,
NON_1087,36.343788734776716,127.42331757741854,대전광역시 동구 홍도동 17-1,2025,11,11,8,1,autumn,1,1,1,1,0.0,2025-11-11,0,0,0,1358,8.2,1509,2.21,-9.0,1100,-9.0,-9.0,-9.0,7.7,8.0,2220,358,9.68,0,,,,,0,
NON_1088,36.3545871266689,127.34480898452108,대전광역시 유성구 봉명동 574,2024,3,7,9,3,spring,1,1,2,2,0.0,2024-03-07,0,0,0,1334,4.6,1424,2.2,0.0,1000,-9.0,0.5,-9.0,6.9,6.7,2356,587,30.15,0,,,,,0,
NON_1089,36.36055867998121,127.30515598276584,대전광역시 유성구 덕명동 570,2024,3,17,7,6,spring,0,1,1,1,0.0,2024-03-17,0,0,0,1109,9.7,1337,2.64,0.0,1100,-9.0,0.42,-9.0,13.4,6.8,2359,338,13.28,1,,,,,0,
NON_1090,36.4220168155039,127.40273665013049,대전광역시 유성구 용산동 604,2024,3,22,9,4,spring,1,1,2,2,0.0,2024-03-22,0,0,0,1442,10.1,1324,2.8,4.1,1100,4.4,6.33,-9.0,9.9,5.9,117,684,25.18,0,,,,,0,
NON_1091,36.37188878315467,127.41705772633298,대전광역시 대덕구 대화동 568-6,2025,11,3,18,0,autumn,1,1,1,1,0.0,2025-11-03,0,0,0,54,7.0,1519,2.35,-9.0,1200,-9.0,-9.0,-9.0,7.3,9.7,856,695,35.5,0,,,,,0,
NON_1092,36.301446991072474,127.45273480310031,대전광역시 중구 옥계동 51-1,2025,11,9,12,6,autumn,0,1,1,1,0.0,2025-11-09,0,0,0,1345,13.7,1305,1.95,0.0,1300,-9.0,0.75,-9.0,13.0,6.8,1,270,13.85,1,,,,,0,
NON_1093,36.36386270673368,127.34150700296577,대전광역시 유성구 궁동 351,2024,5,7,14,1,spring,0,1,1,1,0.0,2024-05-07,0,0,0,1952,12.9,1319,1.26,14.1,1200,14.7,17.97,3.7,14.7,0.0,2336,584,8.9,0,,,,,0,
NON_1094,36.371001914035425,127.31701758214639,대전광역시 유성구 노은동 583,2024,3,26,8,1,spring,1,3,13,13,0.0,2024-03-26,0,0,0,11,6.7,1523,1.95,19.5,1000,0.2,10.33,-9.0,9.5,3.0,2358,244,44.36,0,,,,,0,
NON_1095,36.379401200291525,127.40856754768862,대전광역시 유성구 원촌동 269-10,2025,10,30,19,3,autumn,1,1,1,1,0.0,2025-10-30,0,0,0,438,10.2,1356,1.69,-9.0,1200,-9.0,-9.0,-9.0,10.6,6.6,852,346,35.6,0,,,,,0,
NON_1096,36.38730541890739,127.32526930220399,대전광역시 유성구 하기동 596,2024,3,18,15,0,spring,0,1,1,1,0.0,2024-03-18,0,0,0,1508,7.9,1604,3.08,-9.0,1200,0.0,-9.0,-9.0,11.1,10.2,836,397,21.39,0,,,,,0,
NON_1097,36.34037860865189,127.34308981480073,대전광역시 유성구 원신흥동 586,2024,12,11,10,2,winter,0,1,1,1,0.0,2024-12-11,0,0,0,2144,2.5,1546,1.35,-9.0,1200,-9.0,-9.0,-9.0,1.8,5.0,2325,893,6.89,0,,,,,0,
NON_1098,36.35059148781354,127.33544393849715,대전광역시 유성구 구암동 641,2024,3,23,6,5,spring,0,3,5,5,0.0,2024-03-23,0,0,0,1516,14.9,1457,3.14,0.3,1200,-9.0,2.25,-9.0,15.9,9.3,2254,284,7.29,1,,,,,0,
NON_1099,36.31083005413919,127.26411342026321,대전광역시 유성구 세동 산 75-1,2025,2,19,16,2,winter,0,1,1,1,0.0,2025-02-19,0,0,0,1534,-1.6,1409,2.71,-9.0,1200,-9.0,-9.0,-9.0,1.5,10.1,2345,1005,15.22,0,,,,,0,
NON_1100,36.35466386206588,127.34458006326248,대전광역시 유성구 봉명동 574,2024,3,16,7,5,spring,0,1,6,6,0.0,2024-03-16,0,0,0,1616,11.4,1456,2.99,0.0,1200,0.0,1.25,-9.0,12.9,8.8,236,322,19.97,1,,,,,0,
NON_1101,36.35583061502595,127.3333245581062,대전광역시 유성구 구암동 631,2024,3,17,7,6,spring,0,1,1,1,0.0,2024-03-17,0,0,0,1109,9.7,1337,2.64,0.0,1100,-9.0,0.42,-9.0,13.4,6.8,2359,729,18.73,1,,,,,0,
NON_1102,36.354793166330936,127.3387267188678,대전광역시 유성구 봉명동 529,2024,8,5,10,0,summer,0,1,1,1,0.0,2024-08-05,0,0,0,1537,27.4,1354,2.94,34.3,1300,33.2,3.38,27.8,30.1,5.4,2231,779,43.35,0,,,,,0,
NON_1103,36.37540539242472,127.41411855520404,대전광역시 대덕구 읍내동 543-1,2025,10,30,8,3,autumn,1,2,2,2,0.0,2025-10-30,0,0,0,438,10.2,1356,1.69,-9.0,1200,-9.0,-9.0,-9.0,10.6,6.6,852,1004,39.28,0,,,,,0,
NON_1104,36.40291134241142,127.40474466591014,대전광역시 유성구 전민동 464-3,2024,3,29,15,4,spring,0,2,2,2,0.0,2024-03-29,0,0,0,1336,9.3,1116,1.88,0.2,1000,0.2,2.92,-9.0,9.5,2.5,2359,571,25.98,0,,,,,0,
NON_1105,36.35429513262408,127.34684921894747,대전광역시 유성구 봉명동 574,2024,3,16,7,5,spring,0,3,8,8,0.0,2024-03-16,0,0,0,1616,11.4,1456,2.99,0.0,1200,0.0,1.25,-9.0,12.9,8.8,236,407,15.9,1,,,,,0,
NON_1106,36.40566815579627,127.40302343653889,대전광역시 유성구 전민동 841-6,2024,3,4,13,0,spring,0,1,1,1,0.0,2024-03-04,0,0,0,1729,6.7,1428,2.21,-9.0,1100,2.2,-9.0,-9.0,6.7,5.7,956,190,39.23,0,,,,,0,
NON_1107,36.362804327926014,127.35708404972367,대전광역시 유성구 어은동 59-1,2024,12,5,14,3,winter,0,1,1,1,0.0,2024-12-05,0,0,0,1243,4.5,1429,1.54,0.0,1100,0.0,4.53,-9.0,4.0,3.7,54,834,41.26,0,,,,,0,
NON_1108,36.400017632751876,127.36227023921919,대전광역시 유성구 장동 393-10,2024,2,28,14,2,winter,0,1,1,1,0.0,2024-02-28,0,0,0,8,6.3,1637,2.16,-9.0,1200,-9.0,-9.0,-9.0,5.9,3.7,916,867,36.74,0,,,,,0,
NON_1109,36.37426288876554,127.30597747143007,대전광역시 유성구 지족동 1060-1,2024,3,7,14,3,spring,0,3,3,3,0.0,2024-03-07,0,0,0,1334,4.6,1424,2.2,0.0,1000,-9.0,0.5,-9.0,6.9,6.7,2356,1046,14.08,0,,,,,0,
NON_1110,36.4057835823615,127.36693817642531,대전광역시 유성구 방현동 46-3,2024,2,28,14,2,winter,0,1,1,1,0.0,2024-02-28,0,0,0,8,6.3,1637,2.16,-9.0,1200,-9.0,-9.0,-9.0,5.9,3.7,916,391,23.2,0,,,,,0,
NON_1111,36.38480232379964,127.32219318952978,대전광역시 유성구 하기동 585,2024,2,28,15,2,winter,0,5,5,5,0.0,2024-02-28,0,0,0,8,6.3,1637,2.16,-9.0,1200,-9.0,-9.0,-9.0,5.9,3.7,916,1100,19.4,0,,,,,0,
NON_1112,36.363411520182694,127.33986298165556,대전광역시 유성구 장대동 321,2024,10,29,9,1,autumn,1,1,1,1,0.0,2024-10-29,0,0,0,1054,14.9,1532,1.88,0.0,1100,0.0,0.58,0.0,15.2,3.1,2259,944,10.78,0,,,,,0,
NON_1113,36.389077128586194,127.32299617980267,대전광역시 유성구 하기동 603,2024,2,28,10,2,winter,0,1,1,1,0.0,2024-02-28,0,0,0,8,6.3,1637,2.16,-9.0,1200,-9.0,-9.0,-9.0,5.9,3.7,916,626,23.35,0,,,,,0,
NON_1114,36.3515431526824,127.2982178299344,대전광역시 유성구 덕명동 154-15,2024,10,28,10,0,autumn,0,1,1,1,0.0,2024-10-28,0,0,0,2246,14.8,1145,1.41,0.0,1100,0.0,1.17,0.0,15.4,0.4,2309,1065,32.93,0,,,,,0,
NON_1115,36.383520634620645,127.32307399185447,대전광역시 유성구 죽동 630,2024,2,28,15,2,winter,0,4,4,4,0.0,2024-02-28,0,0,0,8,6.3,1637,2.16,-9.0,1200,-9.0,-9.0,-9.0,5.9,3.7,916,320,12.29,0,,,,,0,
NON_1116,36.37247992811427,127.41593780415373,대전광역시 대덕구 읍내동 450-6,2025,11,10,18,0,autumn,1,1,2,2,0.0,2025-11-10,0,0,0,352,8.9,1447,2.31,-9.0,1200,-9.0,-9.0,-9.0,8.0,9.6,906,546,13.03,0,,,,,0,
NON_1117,36.354264711362084,127.34978913556421,대전광역시 유성구 봉명동 700,2024,4,5,8,4,spring,1,1,2,2,0.0,2024-04-05,0,0,0,28,13.3,1540,3.03,0.0,1300,0.0,0.5,0.0,14.6,6.1,921,1119,17.35,0,,,,,0,
NON_1118,36.39238335590093,127.32590657843352,대전광역시 유성구 하기동 327-1,2024,2,14,13,2,winter,0,1,1,1,0.0,2024-02-14,0,0,0,1630,13.2,1441,1.57,0.0,1400,0.0,2.67,-9.0,10.8,2.8,11,710,37.2,0,,,,,0,
NON_1119,36.34304481344261,127.34032642481135,대전광역시 유성구 봉명동 1058-2,2024,7,4,11,3,summer,0,1,1,1,0.0,2024-07-04,0,0,0,2250,28.1,1507,3.46,-9.0,1200,3.9,-9.0,-9.0,29.2,10.0,1,573,45.18,0,,,,,0,
NON_1120,36.339451349652016,127.41231596569064,대전광역시 중구 중촌동 466,2025,11,9,21,6,autumn,0,1,1,1,0.0,2025-11-09,0,0,0,1345,13.7,1305,1.95,0.0,1300,-9.0,0.75,-9.0,13.0,6.8,1,412,18.48,1,,,,,0,
NON_1121,36.373647319482046,127.39062388526966,대전광역시 유성구 도룡동 465-1,2024,2,22,14,3,winter,0,1,1,1,0.0,2024-02-22,0,0,0,1233,2.1,1350,0.58,3.7,1300,0.5,20.08,-9.0,3.8,0.0,2122,785,33.1,0,,,,,0,
NON_1122,36.408289609878665,127.37514822491738,대전광역시 유성구 화암동 99-6,2025,1,22,15,2,winter,0,1,1,1,0.0,2025-01-22,0,0,0,1305,3.4,1358,1.76,-9.0,1300,-9.0,-9.0,-9.0,2.2,5.6,1004,925,11.02,0,,,,,0,
NON_1123,36.365718892379746,127.31233366896743,대전광역시 유성구 노은동 603,2024,3,20,10,2,spring,0,1,1,1,0.0,2024-03-20,0,0,0,259,4.6,1337,3.01,-9.0,1100,-9.0,-9.0,-9.0,8.7,9.9,947,636,39.63,0,,,,,0,
NON_1124,36.36934191615501,127.32413085468568,대전광역시 유성구 노은동 599,2024,3,22,16,4,spring,0,3,3,3,0.0,2024-03-22,0,0,0,1442,10.1,1324,2.8,4.1,1100,4.4,6.33,-9.0,9.9,5.9,117,434,6.99,0,,,,,0,
NON_1125,36.35871775597601,127.30968130512714,대전광역시 유성구 구암동 692,2025,2,11,14,1,winter,0,1,1,1,0.0,2025-02-11,0,0,0,1152,0.3,1551,2.46,-9.0,1200,3.9,-9.0,-9.0,1.0,9.7,826,194,16.91,0,,,,,0,
NON_1126,36.36055795683398,127.35391944965055,대전광역시 유성구 어은동 311,2024,12,6,13,4,winter,0,2,2,2,0.0,2024-12-06,0,0,0,1501,4.0,1354,2.01,0.0,1200,-9.0,0.33,-9.0,4.0,5.8,2219,417,10.14,0,,,,,0,
NON_1127,36.40650230995727,127.40267113244688,대전광역시 유성구 전민동 841-6,2024,3,4,13,0,spring,0,1,1,1,0.0,2024-03-04,0,0,0,1729,6.7,1428,2.21,-9.0,1100,2.2,-9.0,-9.0,6.7,5.7,956,190,39.23,0,,,,,0,
NON_1128,36.38149364982126,127.40679318612912,대전광역시 유성구 원촌동 90,2025,1,9,14,3,winter,0,2,2,2,0.0,2025-01-09,0,0,0,1524,-8.1,1,1.36,0.0,1000,0.0,5.1,-9.0,-3.3,4.8,2350,1087,18.97,0,,,,,0,
NON_1129,36.36979815183845,127.35040522965973,대전광역시 유성구 궁동 220,2024,8,5,17,0,summer,0,1,1,1,0.0,2024-08-05,0,0,0,1537,27.4,1354,2.94,34.3,1300,33.2,3.38,27.8,30.1,5.4,2231,636,28.81,0,,,,,0,
NON_1130,36.3616297823706,127.35618049758948,대전광역시 유성구 어은동 109,2025,1,24,11,4,winter,0,1,1,2,0.0,2025-01-24,0,0,0,1412,2.6,1407,2.17,-9.0,1200,-9.0,-9.0,-9.0,1.9,9.2,1021,896,7.82,0,,,,,0,
NON_1131,36.450538166373775,127.42759813903348,대전광역시 대덕구 석봉동 388-1,2024,3,26,11,1,spring,0,1,1,1,0.0,2024-03-26,0,0,0,11,6.7,1523,1.95,19.5,1000,0.2,10.33,-9.0,9.5,3.0,2358,443,27.76,0,,,,,0,
NON_1132,36.42367140110389,127.29349061549568,세종특별자치시 금남면 두만리 52-8,2024,3,15,14,4,spring,0,2,2,2,0.0,2024-03-15,0,0,0,1451,9.5,1609,3.06,-9.0,1200,-9.0,-9.0,-9.0,10.5,11.0,2301,1174,35.46,0,,,,,0,
NON_1133,36.33266539473738,127.33273973085711,대전광역시 유성구 원신흥동 608,2024,7,4,11,3,summer,0,1,1,1,0.0,2024-07-04,0,0,0,2250,28.1,1507,3.46,-9.0,1200,3.9,-9.0,-9.0,29.2,10.0,1,381,8.17,0,,,,,0,
NON_1134,36.391074746389705,127.33142742469893,대전광역시 유성구 하기동 603,2024,3,20,5,2,spring,0,2,6,6,0.0,2024-03-20,0,0,0,259,4.6,1337,3.01,-9.0,1100,-9.0,-9.0,-9.0,8.7,9.9,947,340,22.71,0,,,,,0,
NON_1135,36.3475945186232,127.42169014431579,대전광역시 동구 홍도동 826-3,2025,11,10,18,0,autumn,1,2,2,2,0.0,2025-11-10,0,0,0,352,8.9,1447,2.31,-9.0,1200,-9.0,-9.0,-9.0,8.0,9.6,906,724,35.73,0,,,,,0,
NON_1136,36.395752152235694,127.40503298161838,대전광역시 유성구 전민동 271-5,2024,2,29,13,3,winter,0,2,2,2,0.0,2024-02-29,0,0,0,2400,5.1,1247,0.6,0.2,1400,0.2,3.0,-9.0,5.5,0.0,49,831,28.41,0,,,,,0,
NON_1137,36.37183987412584,127.41790501153604,대전광역시 대덕구 대화동 1-9,2025,11,10,18,0,autumn,1,1,1,1,0.0,2025-11-10,0,0,0,352,8.9,1447,2.31,-9.0,1200,-9.0,-9.0,-9.0,8.0,9.6,906,496,34.68,0,,,,,0,
NON_1138,36.391529613881836,127.39347019696685,대전광역시 유성구 문지동 103-15,2024,3,19,8,1,spring,1,1,1,1,0.0,2024-03-19,0,0,0,1123,7.2,1433,1.48,0.0,1100,0.0,4.08,-9.0,8.7,3.2,50,1199,39.57,0,,,,,0,
NON_1139,36.36838705847727,127.31808037610733,대전광역시 유성구 노은동 583,2024,3,26,8,1,spring,1,4,14,14,0.0,2024-03-26,0,0,0,11,6.7,1523,1.95,19.5,1000,0.2,10.33,-9.0,9.5,3.0,2358,735,16.77,0,,,,,0,
NON_1140,36.386121475775184,127.37904502710835,대전광역시 유성구 도룡동 404,2024,3,19,15,1,spring,0,1,1,1,0.0,2024-03-19,0,0,0,1123,7.2,1433,1.48,0.0,1100,0.0,4.08,-9.0,8.7,3.2,50,450,32.4,0,,,,,0,
NON_1141,36.41324447898237,127.3880808031067,대전광역시 유성구 용산동 764,2024,6,20,10,3,summer,0,1,1,1,0.0,2024-06-20,0,0,0,1354,25.7,1457,2.67,-9.0,1400,-9.0,-9.0,-9.0,33.4,6.3,6,617,17.81,0,,,,,0,
NON_1142,36.38968139632267,127.40602509132262,대전광역시 유성구 문지동 667,2024,4,30,13,1,spring,0,1,1,1,0.0,2024-04-30,0,0,0,1632,16.6,1430,1.96,0.0,1100,-9.0,0.33,0.0,19.3,0.4,2331,1149,13.77,0,,,,,0,
NON_1143,36.4426609880035,127.38544382918728,대전광역시 유성구 봉산동 973,2024,5,29,15,2,spring,0,1,1,1,0.0,2024-05-29,0,0,0,1248,20.9,1606,3.59,-9.0,1200,-9.0,-9.0,-9.0,26.3,13.3,849,867,10.99,0,,,,,0,
NON_1144,36.41320234193667,127.29837081962701,대전광역시 유성구 안산동 273-2,2024,3,6,10,2,spring,0,1,1,1,0.0,2024-03-06,0,0,0,2315,7.0,1522,2.15,-9.0,1200,0.0,-9.0,-9.0,7.2,5.8,2358,950,33.1,0,,,,,0,
NON_1145,36.40752408162968,127.37317261890527,대전광역시 유성구 방현동 349,2024,2,28,14,2,winter,0,1,1,1,0.0,2024-02-28,0,0,0,8,6.3,1637,2.16,-9.0,1200,-9.0,-9.0,-9.0,5.9,3.7,916,764,9.05,0,,,,,0,
NON_1146,36.35221732797205,127.40217388418054,대전광역시 서구 둔산동 2168,2025,11,5,19,2,autumn,1,1,1,1,0.0,2025-11-05,0,0,0,1630,10.4,1502,2.04,-9.0,1200,-9.0,-9.0,-9.0,10.3,7.3,921,443,27.06,0,,,,,0,
NON_1147,36.39106978276027,127.33264950680847,대전광역시 유성구 하기동 603,2024,6,20,9,3,summer,1,3,3,5,0.0,2024-06-20,0,0,0,1354,25.7,1457,2.67,-9.0,1400,-9.0,-9.0,-9.0,33.4,6.3,6,722,34.8,0,,,,,0,
NON_1148,36.31172016901966,127.32047102887823,대전광역시 유성구 대정동 274,2024,3,17,6,6,spring,0,1,1,1,0.0,2024-03-17,0,0,0,1109,9.7,1337,2.64,0.0,1100,-9.0,0.42,-9.0,13.4,6.8,2359,463,14.11,1,,,,,0,
NON_1149,36.38177765155116,127.40613347740396,대전광역시 유성구 원촌동 90,2024,2,29,13,3,winter,0,3,3,3,0.0,2024-02-29,0,0,0,2400,5.1,1247,0.6,0.2,1400,0.2,3.0,-9.0,5.5,0.0,49,695,9.83,0,,,,,0,
NON_1150,36.37455850494247,127.34096517226334,대전광역시 유성구 궁동 115,2024,11,27,13,2,autumn,0,1,1,1,0.0,2024-11-27,0,0,0,1200,2.3,1151,1.63,3.8,1300,3.9,13.75,-9.0,4.1,1.4,2207,462,23.1,0,,,,,0,
NON_1151,36.359267929125295,127.33991467284977,대전광역시 유성구 장대동 373,2024,3,6,14,2,spring,0,2,3,3,0.0,2024-03-06,0,0,0,2315,7.0,1522,2.15,-9.0,1200,0.0,-9.0,-9.0,7.2,5.8,2358,419,34.98,0,,,,,0,
NON_1152,36.41276139507713,127.37738070316183,대전광역시 유성구 화암동 120-3,2024,2,28,14,2,winter,0,1,1,1,0.0,2024-02-28,0,0,0,8,6.3,1637,2.16,-9.0,1200,-9.0,-9.0,-9.0,5.9,3.7,916,446,32.38,0,,,,,0,
NON_1153,36.32271502001303,127.41478578431324,대전광역시 중구 문화동 1-18,2025,11,8,10,5,autumn,0,2,3,3,0.0,2025-11-08,0,0,0,106,13.7,1407,1.13,0.4,1000,0.4,3.33,-9.0,13.1,0.4,628,454,21.03,1,,,,,0,
NON_1154,36.43182589798941,127.37986529546852,대전광역시 유성구 송강동 557,2024,3,19,14,1,spring,0,1,1,1,0.0,2024-03-19,0,0,0,1123,7.2,1433,1.48,0.0,1100,0.0,4.08,-9.0,8.7,3.2,50,634,13.35,0,,,,,0,
NON_1155,36.293718137424065,127.32168997602852,대전광역시 서구 관저동 978-7,2024,3,27,13,2,spring,0,1,1,1,0.0,2024-03-27,0,0,0,1639,10.2,1438,2.79,-9.0,1200,1.2,-9.0,-9.0,11.6,9.0,711,541,10.36,0,,,,,0,
NON_1156,36.38432166878341,127.36476226712371,대전광역시 유성구 가정동 산 16-5,2024,2,28,12,2,winter,0,1,1,1,0.0,2024-02-28,0,0,0,8,6.3,1637,2.16,-9.0,1200,-9.0,-9.0,-9.0,5.9,3.7,916,335,27.57,0,,,,,0,
NON_1157,36.36555243755794,127.35131512988778,대전광역시 유성구 궁동 220,2024,3,25,7,0,spring,0,1,1,1,0.0,2024-03-25,0,0,0,2121,9.4,1033,1.45,6.8,1000,26.1,11.25,-9.0,10.0,0.0,12,451,36.15,0,,,,,0,
NON_1158,36.36644919807138,127.33237105420119,대전광역시 유성구 장대동 121-2,2024,3,20,10,2,spring,0,3,3,3,0.0,2024-03-20,0,0,0,259,4.6,1337,3.01,-9.0,1100,-9.0,-9.0,-9.0,8.7,9.9,947,326,10.61,0,,,,,0,
NON_1159,36.3134101228721,127.33126281832043,대전광역시 유성구 대정동 679-1,2024,3,8,14,4,spring,0,2,2,2,0.0,2024-03-08,0,0,0,1350,2.9,1304,2.9,-9.0,1200,-9.0,-9.0,-9.0,4.4,10.2,2400,914,25.83,0,,,,,0,
NON_1160,36.369596292432945,127.32800517687828,대전광역시 유성구 노은동 97,2024,3,20,14,2,spring,0,3,3,3,0.0,2024-03-20,0,0,0,259,4.6,1337,3.01,-9.0,1100,-9.0,-9.0,-9.0,8.7,9.9,947,1181,17.91,0,,,,,0,
NON_1161,36.425600013241976,127.39288730500525,대전광역시 유성구 관평동 1290,2024,3,22,9,4,spring,1,1,1,1,0.0,2024-03-22,0,0,0,1442,10.1,1324,2.8,4.1,1100,4.4,6.33,-9.0,9.9,5.9,117,725,30.79,0,,,,,0,
NON_1162,36.403591121196456,127.40524040476959,대전광역시 유성구 전민동 464-3,2024,3,29,15,4,spring,0,2,2,2,0.0,2024-03-29,0,0,0,1336,9.3,1116,1.88,0.2,1000,0.2,2.92,-9.0,9.5,2.5,2359,571,25.98,0,,,,,0,
NON_1163,36.35725079159069,127.33858560182053,대전광역시 유성구 장대동 293,2024,3,7,9,3,spring,1,1,1,1,0.0,2024-03-07,0,0,0,1334,4.6,1424,2.2,0.0,1000,-9.0,0.5,-9.0,6.9,6.7,2356,384,11.46,0,,,,,0,
NON_1164,36.401208178073006,127.3619102830984,대전광역시 유성구 장동 393-10,2024,2,28,14,2,winter,0,1,1,1,0.0,2024-02-28,0,0,0,8,6.3,1637,2.16,-9.0,1200,-9.0,-9.0,-9.0,5.9,3.7,916,867,36.74,0,,,,,0,
NON_1165,36.36545732494153,127.33912288213797,대전광역시 유성구 장대동 311,2024,6,19,15,2,summer,0,2,2,2,0.0,2024-06-19,0,0,0,1600,27.5,1550,3.46,-9.0,1200,-9.0,-9.0,-9.0,36.0,12.4,715,866,37.37,0,,,,,0,
NON_1166,36.35990128279627,127.30474059567766,대전광역시 유성구 덕명동 570,2024,3,17,7,6,spring,0,1,1,1,0.0,2024-03-17,0,0,0,1109,9.7,1337,2.64,0.0,1100,-9.0,0.42,-9.0,13.4,6.8,2359,338,13.28,1,,,,,0,
NON_1167,36.34017657262561,127.42123366228677,대전광역시 동구 삼성동 470,2025,10,27,8,0,autumn,1,1,1,1,0.0,2025-10-27,0,0,0,1514,9.5,1327,2.55,-9.0,1200,-9.0,-9.0,-9.0,10.5,9.9,2341,409,33.4,0,,,,,0,
NON_1168,36.34832829812722,127.33269270675947,대전광역시 유성구 상대동 556,2024,10,30,9,2,autumn,1,1,1,1,0.0,2024-10-30,0,0,0,1945,14.7,1511,2.4,-9.0,1200,-9.0,-9.0,-9.0,14.2,9.6,2325,1009,23.42,0,,,,,0,
NON_1169,36.35759093840556,127.33901499424375,대전광역시 유성구 장대동 286-10,2024,3,7,9,3,spring,1,1,1,1,0.0,2024-03-07,0,0,0,1334,4.6,1424,2.2,0.0,1000,-9.0,0.5,-9.0,6.9,6.7,2356,546,21.26,0,,,,,0,
NON_1170,36.39110506236645,127.32803449671873,대전광역시 유성구 하기동 603,2024,2,28,15,2,winter,0,2,2,2,0.0,2024-02-28,0,0,0,8,6.3,1637,2.16,-9.0,1200,-9.0,-9.0,-9.0,5.9,3.7,916,857,34.91,0,,,,,0,
NON_1171,36.41852047025668,127.37954875818073,대전광역시 유성구 덕진동 산 14-3,2024,7,29,15,0,summer,0,1,1,1,0.0,2024-07-29,0,0,0,1131,28.6,1457,2.74,-9.0,1400,-9.0,-9.0,-9.0,32.0,5.6,36,428,6.71,0,,,,,0,
NON_1172,36.38651237558154,127.40438756361692,대전광역시 유성구 원촌동 141-2,2025,11,10,18,0,autumn,1,1,1,1,0.0,2025-11-10,0,0,0,352,8.9,1447,2.31,-9.0,1200,-9.0,-9.0,-9.0,8.0,9.6,906,411,17.17,0,,,,,0,
NON_1173,36.363443943145114,127.34102665036094,대전광역시 유성구 궁동 335-27,2024,6,26,9,2,summer,1,1,1,1,0.0,2024-06-26,0,0,0,1637,24.3,1616,3.49,-9.0,1200,-9.0,-9.0,-9.0,32.2,12.5,806,929,23.15,0,,,,,0,
NON_1174,36.35923888346726,127.33743454436032,대전광역시 유성구 장대동 290,2024,7,30,9,1,summer,1,1,1,1,0.0,2024-07-30,0,0,0,44,28.7,1339,3.44,-9.0,1300,-9.0,-9.0,-9.0,33.9,7.4,735,1058,12.47,0,,,,,0,
NON_1175,36.36236824429821,127.3952232691604,대전광역시 서구 둔산동 1514,2025,11,2,12,6,autumn,0,1,1,1,0.0,2025-11-02,0,0,0,1336,9.4,1106,2.11,2.1,1100,-9.0,1.25,-9.0,9.9,6.7,2344,294,27.85,1,,,,,0,
NON_1176,36.358420676665745,127.33294119809065,대전광역시 유성구 장대동 291,2024,3,25,8,0,spring,1,2,2,2,0.0,2024-03-25,0,0,0,2121,9.4,1033,1.45,6.8,1000,26.1,11.25,-9.0,10.0,0.0,12,361,19.8,0,,,,,0,
NON_1177,36.31435231734535,127.33024746382199,대전광역시 유성구 대정동 679-1,2024,3,8,14,4,spring,0,1,1,1,0.0,2024-03-08,0,0,0,1350,2.9,1304,2.9,-9.0,1200,-9.0,-9.0,-9.0,4.4,10.2,2400,501,25.12,0,,,,,0,
NON_1178,36.363776632270195,127.35636115670253,대전광역시 유성구 어은동 99,2024,2,28,9,2,winter,1,3,3,3,0.0,2024-02-28,0,0,0,8,6.3,1637,2.16,-9.0,1200,-9.0,-9.0,-9.0,5.9,3.7,916,591,24.47,0,,,,,0,
NON_1179,36.35710515767458,127.33293659707934,대전광역시 유성구 장대동 251-3,2024,3,25,8,0,spring,1,2,2,2,0.0,2024-03-25,0,0,0,2121,9.4,1033,1.45,6.8,1000,26.1,11.25,-9.0,10.0,0.0,12,319,38.83,0,,,,,0,
NON_1180,36.38170284111699,127.32446955153723,대전광역시 유성구 죽동 648,2024,4,4,15,3,spring,0,4,5,5,0.0,2024-04-04,0,0,0,2335,13.4,1031,1.56,0.0,1000,0.0,0.8,0.0,14.2,0.2,2355,989,20.94,0,,,,,0,
NON_1181,36.35583753543463,127.34312079814809,대전광역시 유성구 봉명동 574,2024,3,19,8,1,spring,1,5,10,10,0.0,2024-03-19,0,0,0,1123,7.2,1433,1.48,0.0,1100,0.0,4.08,-9.0,8.7,3.2,50,603,34.87,0,,,,,0,
NON_1182,36.34479581427908,127.42491067835448,대전광역시 동구 홍도동 18-9,2025,10,27,19,0,autumn,1,1,1,1,0.0,2025-10-27,0,0,0,1514,9.5,1327,2.55,-9.0,1200,-9.0,-9.0,-9.0,10.5,9.9,2341,886,33.18,0,,,,,0,
NON_1183,36.35899861585802,127.3349185832099,대전광역시 유성구 장대동 291,2024,3,25,7,0,spring,0,1,1,1,0.0,2024-03-25,0,0,0,2121,9.4,1033,1.45,6.8,1000,26.1,11.25,-9.0,10.0,0.0,12,456,39.01,0,,,,,0,
NON_1184,36.359822349202666,127.33891893980082,대전광역시 유성구 장대동 373,2024,3,16,7,5,spring,0,1,3,4,0.0,2024-03-16,0,0,0,1616,11.4,1456,2.99,0.0,1200,0.0,1.25,-9.0,12.9,8.8,236,185,29.8,1,,,,,0,
NON_1185,36.33527315609048,127.42100277482723,대전광역시 중구 선화동 920,2025,11,10,18,0,autumn,1,8,13,13,0.0,2025-11-10,0,0,0,352,8.9,1447,2.31,-9.0,1200,-9.0,-9.0,-9.0,8.0,9.6,906,430,21.11,0,,,,,0,
NON_1186,36.36816314175653,127.31763396850171,대전광역시 유성구 노은동 583,2024,3,26,8,1,spring,1,4,14,14,0.0,2024-03-26,0,0,0,11,6.7,1523,1.95,19.5,1000,0.2,10.33,-9.0,9.5,3.0,2358,735,16.77,0,,,,,0,
NON_1187,36.36253852762399,127.34499414153134,대전광역시 유성구 궁동 220,2025,1,20,13,0,winter,0,1,1,1,0.0,2025-01-20,0,0,0,1412,2.8,1427,1.59,-9.0,1400,-9.0,-9.0,-9.0,2.1,3.0,2343,567,15.77,0,,,,,0,
NON_1188,36.34243365991247,127.30502170935904,대전광역시 유성구 계산동 807,2024,3,20,10,2,spring,0,1,1,1,0.0,2024-03-20,0,0,0,259,4.6,1337,3.01,-9.0,1100,-9.0,-9.0,-9.0,8.7,9.9,947,1065,6.64,0,,,,,0,
NON_1189,36.355525831298145,127.41626572040225,대전광역시 대덕구 오정동 686-5,2025,11,4,7,1,autumn,0,1,1,1,0.0,2025-11-04,0,0,0,1627,10.5,1504,2.27,-9.0,1200,-9.0,-9.0,-9.0,9.7,8.0,1,412,23.37,0,,,,,0,
NON_1190,36.35613227879028,127.33196629138699,대전광역시 유성구 구암동 631,2024,3,17,7,6,spring,0,1,1,1,0.0,2024-03-17,0,0,0,1109,9.7,1337,2.64,0.0,1100,-9.0,0.42,-9.0,13.4,6.8,2359,729,18.73,1,,,,,0,
NON_1191,36.358397265806374,127.3402491407613,대전광역시 유성구 장대동 373,2024,3,16,7,5,spring,0,2,4,5,0.0,2024-03-16,0,0,0,1616,11.4,1456,2.99,0.0,1200,0.0,1.25,-9.0,12.9,8.8,236,599,7.5,1,,,,,0,
NON_1192,36.3655555708301,127.33794734941907,대전광역시 유성구 장대동 302,2024,3,26,8,1,spring,1,1,1,1,0.0,2024-03-26,0,0,0,11,6.7,1523,1.95,19.5,1000,0.2,10.33,-9.0,9.5,3.0,2358,628,18.84,0,,,,,0,
NON_1193,36.35638252443138,127.34244786688771,대전광역시 유성구 봉명동 574,2024,4,30,10,1,spring,0,1,3,17,0.0,2024-04-30,0,0,0,1632,16.6,1430,1.96,0.0,1100,-9.0,0.33,0.0,19.3,0.4,2331,694,18.32,0,,,,,0,
NON_1194,36.36332837000941,127.36075198174352,대전광역시 유성구 구성동 294-6,2024,6,24,16,0,summer,0,1,1,1,0.0,2024-06-24,0,0,0,1111,25.3,1500,3.34,-9.0,1200,-9.0,-9.0,-9.0,30.1,8.1,2400,1041,25.05,0,,,,,0,
NON_1195,36.424530279901525,127.29421806231372,세종특별자치시 금남면 두만리 581-10,2024,3,15,14,4,spring,0,2,2,2,0.0,2024-03-15,0,0,0,1451,9.5,1609,3.06,-9.0,1200,-9.0,-9.0,-9.0,10.5,11.0,2301,856,34.98,0,,,,,0,
NON_1196,36.38703872076156,127.32168486120452,대전광역시 유성구 하기동 603,2024,6,20,9,3,summer,1,1,1,3,0.0,2024-06-20,0,0,0,1354,25.7,1457,2.67,-9.0,1400,-9.0,-9.0,-9.0,33.4,6.3,6,848,40.28,0,,,,,0,
NON_1197,36.360462942138085,127.35819370519386,대전광역시 유성구 봉명동 1012,2024,2,26,10,0,winter,0,1,1,1,0.0,2024-02-26,0,0,0,1620,3.7,1608,2.62,-9.0,1200,-9.0,-9.0,-9.0,4.9,7.3,806,299,25.97,0,,,,,0,
NON_1198,36.42173790830864,127.38061487184697,대전광역시 유성구 관평동 산 8-5,2025,1,17,14,4,winter,0,1,1,1,0.0,2025-01-17,0,0,0,1609,1.3,1551,2.02,-9.0,1200,-9.0,-9.0,-9.0,1.9,8.6,942,1133,23.29,0,,,,,0,
NON_1199,36.39233738385813,127.31198374418129,대전광역시 유성구 반석동 676,2024,4,5,15,4,spring,0,1,7,7,0.0,2024-04-05,0,0,0,28,13.3,1540,3.03,0.0,1300,0.0,0.5,0.0,14.6,6.1,921,998,22.34,0,,,,,0,
NON_1200,36.34810663152637,127.33165125862605,대전광역시 유성구 상대동 556,2024,7,23,10,1,summer,0,7,7,7,0.0,2024-07-23,0,0,0,49,27.2,1,0.67,3.9,1300,6.0,10.03,2.5,26.9,0.0,1006,506,10.42,0,,,,,0,
NON_1201,36.33582757206113,127.42077823482114,대전광역시 중구 선화동 920,2025,11,8,15,5,autumn,0,5,10,10,0.0,2025-11-08,0,0,0,106,13.7,1407,1.13,0.4,1000,0.4,3.33,-9.0,13.1,0.4,628,260,8.08,1,,,,,0,
NON_1202,36.345728851753016,127.42181373885703,대전광역시 동구 홍도동 138-25,2025,11,10,8,0,autumn,1,1,1,1,0.0,2025-11-10,0,0,0,352,8.9,1447,2.31,-9.0,1200,-9.0,-9.0,-9.0,8.0,9.6,906,712,18.75,0,,,,,0,
NON_1203,36.34338235594874,127.406962738696,대전광역시 중구 중촌동 266-11,2025,10,25,12,5,autumn,0,1,1,1,0.0,2025-10-25,0,0,0,1704,14.3,1408,1.57,-9.0,1200,0.0,-9.0,-9.0,15.4,2.4,1,672,32.22,1,,,,,0,
NON_1204,36.39839941796678,127.4050386711732,대전광역시 유성구 전민동 394-16,2024,2,29,13,3,winter,0,2,2,2,0.0,2024-02-29,0,0,0,2400,5.1,1247,0.6,0.2,1400,0.2,3.0,-9.0,5.5,0.0,49,399,28.9,0,,,,,0,
NON_1205,36.37632857448926,127.4155802965275,대전광역시 대덕구 읍내동 543-1,2025,10,30,8,3,autumn,1,2,2,2,0.0,2025-10-30,0,0,0,438,10.2,1356,1.69,-9.0,1200,-9.0,-9.0,-9.0,10.6,6.6,852,1004,39.28,0,,,,,0,
NON_1206,36.361051650995044,127.30796817009802,대전광역시 유성구 구암동 686,2025,11,2,11,6,autumn,0,1,1,1,0.0,2025-11-02,0,0,0,1336,9.4,1106,2.11,2.1,1100,-9.0,1.25,-9.0,9.9,6.7,2344,516,13.76,1,,,,,0,
NON_1207,36.36791660084973,127.32881675096607,대전광역시 유성구 노은동 97,2024,3,20,14,2,spring,0,1,1,1,0.0,2024-03-20,0,0,0,259,4.6,1337,3.01,-9.0,1100,-9.0,-9.0,-9.0,8.7,9.9,947,774,7.91,0,,,,,0,
NON_1208,36.390109185206725,127.406115651695,대전광역시 유성구 문지동 667,2025,11,5,8,2,autumn,1,4,4,4,0.0,2025-11-05,0,0,0,1630,10.4,1502,2.04,-9.0,1200,-9.0,-9.0,-9.0,10.3,7.3,921,331,26.79,0,,,,,0,
NON_1209,36.37922578311316,127.40787500726053,대전광역시 유성구 원촌동 45-12,2025,11,3,18,0,autumn,1,1,1,1,0.0,2025-11-03,0,0,0,54,7.0,1519,2.35,-9.0,1200,-9.0,-9.0,-9.0,7.3,9.7,856,802,9.02,0,,,,,0,
NON_1210,36.38987862730065,127.3010003043345,대전광역시 유성구 지족동 1104,2024,3,15,9,4,spring,1,1,1,1,0.0,2024-03-15,0,0,0,1451,9.5,1609,3.06,-9.0,1200,-9.0,-9.0,-9.0,10.5,11.0,2301,518,12.98,0,,,,,0,
NON_1211,36.37075591389774,127.3237693081811,대전광역시 유성구 노은동 599,2024,3,22,16,4,spring,0,4,4,4,0.0,2024-03-22,0,0,0,1442,10.1,1324,2.8,4.1,1100,4.4,6.33,-9.0,9.9,5.9,117,673,29.78,0,,,,,0,
NON_1212,36.33559401294316,127.42155774708634,대전광역시 중구 선화동 920,2025,11,10,18,0,autumn,1,8,13,13,0.0,2025-11-10,0,0,0,352,8.9,1447,2.31,-9.0,1200,-9.0,-9.0,-9.0,8.0,9.6,906,430,21.11,0,,,,,0,
NON_1213,36.37493869125927,127.32627881589383,대전광역시 유성구 노은동 138-45,2024,3,23,8,5,spring,1,1,1,1,0.0,2024-03-23,0,0,0,1516,14.9,1457,3.14,0.3,1200,-9.0,2.25,-9.0,15.9,9.3,2254,712,29.72,1,,,,,0,
NON_1214,36.384801638428485,127.37321597726843,대전광역시 유성구 도룡동 451-3,2024,3,19,15,1,spring,0,1,1,1,0.0,2024-03-19,0,0,0,1123,7.2,1433,1.48,0.0,1100,0.0,4.08,-9.0,8.7,3.2,50,1125,36.31,0,,,,,0,
NON_1215,36.360554732192234,127.35897850046595,대전광역시 유성구 봉명동 1012-1,2024,3,6,10,2,spring,0,1,2,2,0.0,2024-03-06,0,0,0,2315,7.0,1522,2.15,-9.0,1200,0.0,-9.0,-9.0,7.2,5.8,2358,855,29.29,0,,,,,0,
NON_1216,36.366341984357476,127.33133125469213,대전광역시 유성구 장대동 17-4,2024,3,25,6,0,spring,0,1,1,2,0.0,2024-03-25,0,0,0,2121,9.4,1033,1.45,6.8,1000,26.1,11.25,-9.0,10.0,0.0,12,319,47.31,0,,,,,0,
NON_1217,36.40265475462767,127.36406648136709,대전광역시 유성구 장동 산 1-17,2024,2,28,14,2,winter,0,1,1,1,0.0,2024-02-28,0,0,0,8,6.3,1637,2.16,-9.0,1200,-9.0,-9.0,-9.0,5.9,3.7,916,1088,38.96,0,,,,,0,
NON_1218,36.39936773750229,127.31378312633187,대전광역시 유성구 외삼동 577,2024,3,6,9,2,spring,1,1,1,1,0.0,2024-03-06,0,0,0,2315,7.0,1522,2.15,-9.0,1200,0.0,-9.0,-9.0,7.2,5.8,2358,601,14.98,0,,,,,0,
NON_1219,36.42385870338368,127.4201816292203,대전광역시 대덕구 상서동 349-92,2024,3,28,10,3,spring,0,1,1,1,0.0,2024-03-28,0,0,0,1116,9.0,1,0.42,21.3,1100,20.1,13.75,-9.0,10.0,0.0,4,696,41.75,0,,,,,0,
NON_1220,36.42324558957006,127.2955661117479,세종특별자치시 금남면 두만리 42-11,2024,3,15,14,4,spring,0,2,2,2,0.0,2024-03-15,0,0,0,1451,9.5,1609,3.06,-9.0,1200,-9.0,-9.0,-9.0,10.5,11.0,2301,423,7.05,0,,,,,0,
NON_1221,36.36255501266627,127.35725773696535,대전광역시 유성구 어은동 109,2024,9,8,16,6,autumn,0,1,1,9,0.0,2024-09-08,0,0,0,1556,27.6,1504,3.17,-9.0,1200,-9.0,-9.0,-9.0,34.8,10.4,755,438,7.44,1,,,,,0,
NON_1222,36.35436879121069,127.41722258415398,대전광역시 대덕구 오정동 728,2025,11,10,8,0,autumn,1,3,7,7,0.0,2025-11-10,0,0,0,352,8.9,1447,2.31,-9.0,1200,-9.0,-9.0,-9.0,8.0,9.6,906,639,19.47,0,,,,,0,
NON_1223,36.3044848347887,127.44973978119441,대전광역시 중구 호동 27-1,2025,11,9,12,6,autumn,0,1,1,1,0.0,2025-11-09,0,0,0,1345,13.7,1305,1.95,0.0,1300,-9.0,0.75,-9.0,13.0,6.8,1,582,7.72,1,,,,,0,
NON_1224,36.363056251739266,127.35601705749407,대전광역시 유성구 어은동 109,2024,7,31,15,2,summer,0,2,7,7,0.0,2024-07-31,0,0,0,1438,29.5,1600,3.39,-9.0,1300,-9.0,-9.0,-9.0,36.0,6.6,621,380,13.66,0,,,,,0,
NON_1225,36.37300998134964,127.3212620260333,대전광역시 유성구 지족동 976,2024,4,22,14,0,spring,0,1,1,1,0.0,2024-04-22,0,0,0,1623,17.4,1414,3.34,0.0,1200,-9.0,0.37,0.0,20.9,6.2,2217,571,30.46,0,,,,,0,
NON_1226,36.40241966967864,127.36412050323824,대전광역시 유성구 장동 산 1-17,2024,2,28,14,2,winter,0,1,1,1,0.0,2024-02-28,0,0,0,8,6.3,1637,2.16,-9.0,1200,-9.0,-9.0,-9.0,5.9,3.7,916,1088,38.96,0,,,,,0,
NON_1227,36.35723127248661,127.34234557766779,대전광역시 유성구 봉명동 574,2024,3,25,13,0,spring,0,6,14,14,0.0,2024-03-25,0,0,0,2121,9.4,1033,1.45,6.8,1000,26.1,11.25,-9.0,10.0,0.0,12,501,44.14,0,,,,,0,
NON_1228,36.35058561328086,127.34791759596251,대전광역시 유성구 봉명동 1061,2024,5,13,15,0,spring,0,1,1,1,0.0,2024-05-13,0,0,0,1616,17.6,1612,3.68,-9.0,1200,-9.0,-9.0,-9.0,21.9,13.4,2255,745,19.9,0,,,,,0,
NON_1229,36.336907687802196,127.42126719598764,대전광역시 중구 선화동 920,2025,11,11,8,1,autumn,1,8,15,15,0.0,2025-11-11,0,0,0,1358,8.2,1509,2.21,-9.0,1100,-9.0,-9.0,-9.0,7.7,8.0,2220,697,25.95,0,,,,,0,
NON_1230,36.39007764514121,127.32408229927469,대전광역시 유성구 하기동 603,2024,3,6,6,2,spring,0,4,4,4,0.0,2024-03-06,0,0,0,2315,7.0,1522,2.15,-9.0,1200,0.0,-9.0,-9.0,7.2,5.8,2358,898,36.1,0,,,,,0,
NON_1231,36.335678265524706,127.42027489071936,대전광역시 중구 선화동 920,2025,10,29,23,2,autumn,0,2,2,2,0.0,2025-10-29,0,0,0,1533,9.6,1506,2.4,-9.0,1200,-9.0,-9.0,-9.0,9.7,9.7,849,430,30.44,0,,,,,0,
NON_1232,36.39414424993479,127.34963910512633,대전광역시 유성구 자운동 515-22,2024,2,29,14,3,winter,0,4,4,4,0.0,2024-02-29,0,0,0,2400,5.1,1247,0.6,0.2,1400,0.2,3.0,-9.0,5.5,0.0,49,544,41.18,0,,,,,0,
NON_1233,36.43209043018554,127.38079674060437,대전광역시 유성구 송강동 557,2024,3,19,14,1,spring,0,2,2,2,0.0,2024-03-19,0,0,0,1123,7.2,1433,1.48,0.0,1100,0.0,4.08,-9.0,8.7,3.2,50,853,19.62,0,,,,,0,
NON_1234,36.34936596063453,127.419686990808,대전광역시 대덕구 오정동 748-1,2025,11,3,8,0,autumn,1,2,2,2,0.0,2025-11-03,0,0,0,54,7.0,1519,2.35,-9.0,1200,-9.0,-9.0,-9.0,7.3,9.7,856,609,18.89,0,,,,,0,
NON_1235,36.360391111747326,127.3534734012187,대전광역시 유성구 궁동 445,2024,3,4,14,0,spring,0,1,1,1,0.0,2024-03-04,0,0,0,1729,6.7,1428,2.21,-9.0,1100,2.2,-9.0,-9.0,6.7,5.7,956,809,20.12,0,,,,,0,
NON_1236,36.4504168448031,127.42122479719134,대전광역시 대덕구 석봉동 766,2024,3,26,11,1,spring,0,3,3,3,0.0,2024-03-26,0,0,0,11,6.7,1523,1.95,19.5,1000,0.2,10.33,-9.0,9.5,3.0,2358,292,13.21,0,,,,,0,
NON_1237,36.35775175888539,127.3332017106935,대전광역시 유성구 장대동 191-7,2024,3,25,8,0,spring,1,1,1,1,0.0,2024-03-25,0,0,0,2121,9.4,1033,1.45,6.8,1000,26.1,11.25,-9.0,10.0,0.0,12,608,39.83,0,,,,,0,
NON_1238,36.34804874234422,127.32348489274874,대전광역시 유성구 구암동 221-4,2024,3,27,10,2,spring,0,1,1,1,0.0,2024-03-27,0,0,0,1639,10.2,1438,2.79,-9.0,1200,1.2,-9.0,-9.0,11.6,9.0,711,713,11.31,0,,,,,0,
NON_1239,36.35560044443165,127.34461364883092,대전광역시 유성구 봉명동 574,2024,3,16,7,5,spring,0,1,6,6,0.0,2024-03-16,0,0,0,1616,11.4,1456,2.99,0.0,1200,0.0,1.25,-9.0,12.9,8.8,236,322,19.97,1,,,,,0,
NON_1240,36.3551930940517,127.34167462323187,대전광역시 유성구 봉명동 574,2024,3,7,15,3,spring,0,4,5,5,0.0,2024-03-07,0,0,0,1334,4.6,1424,2.2,0.0,1000,-9.0,0.5,-9.0,6.9,6.7,2356,1129,12.45,0,,,,,0,
NON_1241,36.402421829879955,127.40434216424829,대전광역시 유성구 전민동 464-3,2024,12,2,14,0,winter,0,1,1,1,0.0,2024-12-02,0,0,0,1712,8.3,1354,1.66,0.0,1100,0.0,0.45,-9.0,6.6,5.1,2313,1101,15.52,0,,,,,0,
NON_1242,36.307510692880214,127.44678594912506,대전광역시 중구 석교동 102-7,2025,11,9,12,6,autumn,0,3,3,3,0.0,2025-11-09,0,0,0,1345,13.7,1305,1.95,0.0,1300,-9.0,0.75,-9.0,13.0,6.8,1,520,20.86,1,,,,,0,
NON_1243,36.33914300818348,127.41281199185468,대전광역시 중구 중촌동 466,2025,11,9,21,6,autumn,0,1,1,1,0.0,2025-11-09,0,0,0,1345,13.7,1305,1.95,0.0,1300,-9.0,0.75,-9.0,13.0,6.8,1,412,18.48,1,,,,,0,
NON_1244,36.34233417128562,127.30441880648314,대전광역시 유성구 계산동 803-11,2024,3,1,6,4,spring,0,1,1,1,0.0,2024-03-01,0,0,0,1424,-2.2,1,2.91,-9.0,1200,-9.0,-9.0,-9.0,2.1,10.2,2239,1009,39.66,0,,,,,0,
NON_1245,36.36630105228625,127.33168393848949,대전광역시 유성구 장대동 17-4,2024,3,25,6,0,spring,0,1,1,2,0.0,2024-03-25,0,0,0,2121,9.4,1033,1.45,6.8,1000,26.1,11.25,-9.0,10.0,0.0,12,319,47.31,0,,,,,0,
NON_1246,36.392174657527256,127.40765576247102,대전광역시 유성구 문지동 659-2,2025,10,29,23,2,autumn,0,1,1,1,0.0,2025-10-29,0,0,0,1533,9.6,1506,2.4,-9.0,1200,-9.0,-9.0,-9.0,9.7,9.7,849,728,37.16,0,,,,,0,
NON_1247,36.35577781667161,127.34578976333518,대전광역시 유성구 봉명동 574,2024,3,22,15,4,spring,0,6,11,11,0.0,2024-03-22,0,0,0,1442,10.1,1324,2.8,4.1,1100,4.4,6.33,-9.0,9.9,5.9,117,690,7.14,0,,,,,0,
NON_1248,36.39712222188146,127.35487616509694,대전광역시 유성구 장동 362-2,2024,8,5,17,0,summer,0,1,1,1,0.0,2024-08-05,0,0,0,1537,27.4,1354,2.94,34.3,1300,33.2,3.38,27.8,30.1,5.4,2231,220,24.52,0,,,,,0,
NON_1249,36.39489120986493,127.31308246340934,대전광역시 유성구 반석동 685,2025,1,13,16,0,winter,0,1,1,1,0.0,2025-01-13,0,0,0,1242,1.1,1532,1.96,-9.0,1200,0.1,-9.0,-9.0,-0.2,7.8,1008,194,22.84,0,,,,,0,
NON_1250,36.450762640360686,127.42810367265946,대전광역시 대덕구 석봉동 388-1,2024,3,26,11,1,spring,0,1,1,1,0.0,2024-03-26,0,0,0,11,6.7,1523,1.95,19.5,1000,0.2,10.33,-9.0,9.5,3.0,2358,443,27.76,0,,,,,0,
NON_1251,36.35345667403262,127.34075682357785,대전광역시 유성구 봉명동 553-2,2024,10,30,14,2,autumn,0,1,1,1,0.0,2024-10-30,0,0,0,1945,14.7,1511,2.4,-9.0,1200,-9.0,-9.0,-9.0,14.2,9.6,2325,830,37.21,0,,,,,0,
NON_1252,36.358342132212094,127.33660516359431,대전광역시 유성구 장대동 290,2024,3,16,7,5,spring,0,1,1,1,0.0,2024-03-16,0,0,0,1616,11.4,1456,2.99,0.0,1200,0.0,1.25,-9.0,12.9,8.8,236,791,8.17,1,,,,,0,
NON_1253,36.39292947640932,127.40685831430221,대전광역시 유성구 문지동 668,2024,10,30,14,2,autumn,0,1,1,1,0.0,2024-10-30,0,0,0,1945,14.7,1511,2.4,-9.0,1200,-9.0,-9.0,-9.0,14.2,9.6,2325,1169,36.28,0,,,,,0,
NON_1254,36.335565207398645,127.42461226812729,대전광역시 동구 삼성동 280-1,2025,10,26,11,6,autumn,0,1,1,1,0.0,2025-10-26,0,0,0,1342,13.2,1226,2.13,0.0,1200,0.0,1.15,0.0,14.1,1.3,151,277,16.54,1,,,,,0,
NON_1255,36.38965812292121,127.32355092794319,대전광역시 유성구 하기동 603,2024,6,20,9,3,summer,1,2,2,4,0.0,2024-06-20,0,0,0,1354,25.7,1457,2.67,-9.0,1400,-9.0,-9.0,-9.0,33.4,6.3,6,614,38.01,0,,,,,0,
NON_1256,36.39099272175261,127.40712618419549,대전광역시 유성구 문지동 659-2,2025,10,29,23,2,autumn,0,1,1,1,0.0,2025-10-29,0,0,0,1533,9.6,1506,2.4,-9.0,1200,-9.0,-9.0,-9.0,9.7,9.7,849,728,37.16,0,,,,,0,
NON_1257,36.3471551589972,127.35446174658756,대전광역시 서구 월평동 114-4,2025,7,14,8,0,summer,1,1,1,1,0.0,2025-07-14,0,0,0,1544,23.4,1436,3.02,20.9,1200,22.9,2.33,18.3,29.4,4.0,3,365,19.45,0,,,,,0,
NON_1258,36.350627811815166,127.41929314872415,대전광역시 대덕구 오정동 735,2025,10,27,19,0,autumn,1,1,1,1,0.0,2025-10-27,0,0,0,1514,9.5,1327,2.55,-9.0,1200,-9.0,-9.0,-9.0,10.5,9.9,2341,855,9.54,0,,,,,0,
NON_1259,36.26771241582752,127.28340639648978,대전광역시 유성구 방동 623-4,2024,3,8,15,4,spring,0,1,1,1,0.0,2024-03-08,0,0,0,1350,2.9,1304,2.9,-9.0,1200,-9.0,-9.0,-9.0,4.4,10.2,2400,650,12.39,0,,,,,0,
NON_1260,36.360532469274936,127.3498783309903,대전광역시 유성구 궁동 29-4,2024,12,10,12,1,winter,0,1,1,1,0.0,2024-12-10,0,0,0,1443,3.9,1343,1.95,-9.0,1200,-9.0,-9.0,-9.0,2.2,8.5,853,846,41.0,0,,,,,0,
NON_1261,36.38651878654437,127.3639730243519,대전광역시 유성구 장동 62-2,2024,3,23,7,5,spring,0,1,1,1,0.0,2024-03-23,0,0,0,1516,14.9,1457,3.14,0.3,1200,-9.0,2.25,-9.0,15.9,9.3,2254,615,11.92,1,,,,,0,
NON_1262,36.335581954089,127.41990048152148,대전광역시 중구 선화동 920,2025,11,5,11,2,autumn,0,7,8,8,0.0,2025-11-05,0,0,0,1630,10.4,1502,2.04,-9.0,1200,-9.0,-9.0,-9.0,10.3,7.3,921,839,31.13,0,,,,,0,
NON_1263,36.442378237810686,127.43304501330664,대전광역시 대덕구 신탄진동 272-2,2024,3,26,11,1,spring,0,3,3,3,0.0,2024-03-26,0,0,0,11,6.7,1523,1.95,19.5,1000,0.2,10.33,-9.0,9.5,3.0,2358,249,8.35,0,,,,,0,
NON_1264,36.415861145074864,127.29845180676614,대전광역시 유성구 안산동 284-1,2024,3,20,10,2,spring,0,2,2,2,0.0,2024-03-20,0,0,0,259,4.6,1337,3.01,-9.0,1100,-9.0,-9.0,-9.0,8.7,9.9,947,940,27.25,0,,,,,0,
NON_1265,36.34583999827598,127.41909474577461,대전광역시 대덕구 오정동 753,2025,11,5,12,2,autumn,0,2,2,2,0.0,2025-11-05,0,0,0,1630,10.4,1502,2.04,-9.0,1200,-9.0,-9.0,-9.0,10.3,7.3,921,316,28.9,0,,,,,0,
NON_1266,36.37436807339963,127.32563501660108,대전광역시 유성구 노은동 138-45,2024,3,23,8,5,spring,1,1,1,1,0.0,2024-03-23,0,0,0,1516,14.9,1457,3.14,0.3,1200,-9.0,2.25,-9.0,15.9,9.3,2254,712,29.72,1,,,,,0,
NON_1267,36.3748678390715,127.30504576418663,대전광역시 유성구 지족동 1060-1,2024,3,7,14,3,spring,0,1,1,1,0.0,2024-03-07,0,0,0,1334,4.6,1424,2.2,0.0,1000,-9.0,0.5,-9.0,6.9,6.7,2356,1120,21.18,0,,,,,0,
NON_1268,36.34898351626957,127.33517523974666,대전광역시 유성구 상대동 489,2024,3,22,10,4,spring,0,1,1,1,0.0,2024-03-22,0,0,0,1442,10.1,1324,2.8,4.1,1100,4.4,6.33,-9.0,9.9,5.9,117,486,28.68,0,,,,,0,
NON_1269,36.40323157146022,127.36371218575816,대전광역시 유성구 장동 산 1-17,2024,2,28,14,2,winter,0,1,1,1,0.0,2024-02-28,0,0,0,8,6.3,1637,2.16,-9.0,1200,-9.0,-9.0,-9.0,5.9,3.7,916,1088,38.96,0,,,,,0,
NON_1270,36.40188572185909,127.36329459190094,대전광역시 유성구 장동 12-16,2024,2,28,14,2,winter,0,1,1,1,0.0,2024-02-28,0,0,0,8,6.3,1637,2.16,-9.0,1200,-9.0,-9.0,-9.0,5.9,3.7,916,519,14.59,0,,,,,0,
NON_1271,36.395535236063665,127.40419234355878,대전광역시 유성구 전민동 271-5,2024,2,29,13,3,winter,0,4,4,4,0.0,2024-02-29,0,0,0,2400,5.1,1247,0.6,0.2,1400,0.2,3.0,-9.0,5.5,0.0,49,885,11.63,0,,,,,0,
NON_1272,36.30920413456433,127.3085447815357,대전광역시 유성구 교촌동 422-1,2024,4,4,10,3,spring,0,1,1,1,0.0,2024-04-04,0,0,0,2335,13.4,1031,1.56,0.0,1000,0.0,0.8,0.0,14.2,0.2,2355,290,10.92,0,,,,,0,
NON_1273,36.31378132972989,127.3300046730742,대전광역시 유성구 대정동 679-1,2024,3,8,14,4,spring,0,2,2,2,0.0,2024-03-08,0,0,0,1350,2.9,1304,2.9,-9.0,1200,-9.0,-9.0,-9.0,4.4,10.2,2400,914,25.83,0,,,,,0,
NON_1274,36.37505941063568,127.41501925458455,대전광역시 대덕구 읍내동 543-1,2025,10,30,8,3,autumn,1,2,2,2,0.0,2025-10-30,0,0,0,438,10.2,1356,1.69,-9.0,1200,-9.0,-9.0,-9.0,10.6,6.6,852,1004,39.28,0,,,,,0,
NON_1275,36.38528333208239,127.37896590962198,대전광역시 유성구 도룡동 409,2024,5,7,13,1,spring,0,1,1,3,0.0,2024-05-07,0,0,0,1952,12.9,1319,1.26,14.1,1200,14.7,17.97,3.7,14.7,0.0,2336,327,40.08,0,,,,,0,
NON_1276,36.35779094189108,127.34008547987062,대전광역시 유성구 장대동 373,2024,3,16,7,5,spring,0,3,5,6,0.0,2024-03-16,0,0,0,1616,11.4,1456,2.99,0.0,1200,0.0,1.25,-9.0,12.9,8.8,236,393,8.22,1,,,,,0,
NON_1277,36.35213755784426,127.33091760616817,대전광역시 유성구 구암동 641,2024,3,4,13,0,spring,0,1,2,2,0.0,2024-03-04,0,0,0,1729,6.7,1428,2.21,-9.0,1100,2.2,-9.0,-9.0,6.7,5.7,956,393,45.28,0,,,,,0,
NON_1278,36.38704519021119,127.33850333063974,대전광역시 유성구 하기동 145-1,2024,3,21,10,3,spring,0,1,1,1,0.0,2024-03-21,0,0,0,1212,5.2,1448,3.14,-9.0,1200,-9.0,-9.0,-9.0,9.6,11.0,1,969,23.96,0,,,,,0,
NON_1279,36.36624977215054,127.31788426774817,대전광역시 유성구 노은동 602,2024,6,17,14,0,summer,0,1,1,2,0.0,2024-06-17,0,0,0,1633,23.4,1619,2.9,-9.0,1100,-9.0,-9.0,-9.0,27.7,7.5,813,557,31.36,0,,,,,0,
NON_1280,36.384132442474325,127.37802455989981,대전광역시 유성구 도룡동 409,2024,8,1,16,3,summer,0,1,1,2,0.0,2024-08-01,0,0,0,1028,30.0,1448,2.84,-9.0,1300,-9.0,-9.0,-9.0,34.4,5.9,156,865,32.98,0,,,,,0,
NON_1281,36.40228209645521,127.36295746167167,대전광역시 유성구 장동 12-16,2024,2,28,14,2,winter,0,1,1,1,0.0,2024-02-28,0,0,0,8,6.3,1637,2.16,-9.0,1200,-9.0,-9.0,-9.0,5.9,3.7,916,519,14.59,0,,,,,0,
NON_1282,36.33683566792187,127.41978676440387,대전광역시 중구 선화동 903,2025,11,11,8,1,autumn,1,1,2,2,0.0,2025-11-11,0,0,0,1358,8.2,1509,2.21,-9.0,1100,-9.0,-9.0,-9.0,7.7,8.0,2220,732,21.0,0,,,,,0,
NON_1283,36.36117628956006,127.3507781668588,대전광역시 유성구 궁동 27-2,2025,1,13,14,0,winter,0,1,1,1,0.0,2025-01-13,0,0,0,1242,1.1,1532,1.96,-9.0,1200,0.1,-9.0,-9.0,-0.2,7.8,1008,237,18.21,0,,,,,0,
NON_1284,36.3632929879625,127.34802256612105,대전광역시 유성구 궁동 438,2024,3,5,6,1,spring,0,1,1,1,0.0,2024-03-05,0,0,0,1830,5.9,1,0.29,2.5,1000,0.3,15.42,-9.0,5.8,0.0,208,834,39.17,0,,,,,0,
NON_1285,36.342160077627845,127.42783077422031,대전광역시 동구 성남동 226-3,2025,11,10,18,0,autumn,1,1,2,2,0.0,2025-11-10,0,0,0,352,8.9,1447,2.31,-9.0,1200,-9.0,-9.0,-9.0,8.0,9.6,906,583,38.37,0,,,,,0,
NON_1286,36.35274857192647,127.33747271674969,대전광역시 유성구 봉명동 528,2024,4,4,9,3,spring,1,1,1,2,0.0,2024-04-04,0,0,0,2335,13.4,1031,1.56,0.0,1000,0.0,0.8,0.0,14.2,0.2,2355,497,36.88,0,,,,,0,
NON_1287,36.36043050178614,127.35834191596315,대전광역시 유성구 봉명동 1012-1,2024,3,6,10,2,spring,0,1,2,2,0.0,2024-03-06,0,0,0,2315,7.0,1522,2.15,-9.0,1200,0.0,-9.0,-9.0,7.2,5.8,2358,855,29.29,0,,,,,0,
NON_1288,36.39925918095363,127.31169973606666,대전광역시 유성구 외삼동 574-5,2024,3,6,9,2,spring,1,3,3,3,0.0,2024-03-06,0,0,0,2315,7.0,1522,2.15,-9.0,1200,0.0,-9.0,-9.0,7.2,5.8,2358,710,25.25,0,,,,,0,
NON_1289,36.411840266051,127.29792569486081,대전광역시 유성구 안산동 257-2,2024,3,15,14,4,spring,0,1,1,1,0.0,2024-03-15,0,0,0,1451,9.5,1609,3.06,-9.0,1200,-9.0,-9.0,-9.0,10.5,11.0,2301,897,19.05,0,,,,,0,
NON_1290,36.386395974613514,127.30318542050782,대전광역시 유성구 지족동 1057,2024,3,7,14,3,spring,0,1,1,1,0.0,2024-03-07,0,0,0,1334,4.6,1424,2.2,0.0,1000,-9.0,0.5,-9.0,6.9,6.7,2356,966,11.86,0,,,,,0,
NON_1291,36.3502165893005,127.36734022745769,대전광역시 서구 갈마동 690,2025,11,6,19,3,autumn,1,1,1,1,0.0,2025-11-06,0,0,0,1337,11.3,1438,2.13,-9.0,1200,-9.0,-9.0,-9.0,10.8,6.4,838,964,34.88,0,,,,,0,
NON_1292,36.4233929013972,127.39382601416015,대전광역시 유성구 관평동 1288,2024,2,29,13,3,winter,0,1,1,1,0.0,2024-02-29,0,0,0,2400,5.1,1247,0.6,0.2,1400,0.2,3.0,-9.0,5.5,0.0,49,858,34.6,0,,,,,0,
NON_1293,36.3659879083704,127.3331930250915,대전광역시 유성구 장대동 121-2,2024,3,19,10,1,spring,0,1,1,1,0.0,2024-03-19,0,0,0,1123,7.2,1433,1.48,0.0,1100,0.0,4.08,-9.0,8.7,3.2,50,1052,41.55,0,,,,,0,
NON_1294,36.304608839907836,127.3210839207525,대전광역시 유성구 원내동 773,2024,7,23,11,1,summer,0,5,5,5,0.0,2024-07-23,0,0,0,49,27.2,1,0.67,3.9,1300,6.0,10.03,2.5,26.9,0.0,1006,236,16.11,0,,,,,0,
NON_1295,36.393949295082344,127.35088079528674,대전광역시 유성구 자운동 515-22,2024,2,29,14,3,winter,0,3,3,3,0.0,2024-02-29,0,0,0,2400,5.1,1247,0.6,0.2,1400,0.2,3.0,-9.0,5.5,0.0,49,730,39.22,0,,,,,0,
NON_1296,36.390004679851586,127.40873469217468,대전광역시 유성구 문지동 661-3,2025,11,10,18,0,autumn,1,3,3,3,0.0,2025-11-10,0,0,0,352,8.9,1447,2.31,-9.0,1200,-9.0,-9.0,-9.0,8.0,9.6,906,794,28.78,0,,,,,0,
NON_1297,36.37993179911657,127.40560748783847,대전광역시 유성구 원촌동 69-1,2024,3,27,14,2,spring,0,2,4,4,0.0,2024-03-27,0,0,0,1639,10.2,1438,2.79,-9.0,1200,1.2,-9.0,-9.0,11.6,9.0,711,476,18.08,0,,,,,0,
NON_1298,36.423490897180194,127.29587901113621,세종특별자치시 금남면 두만리 42-11,2024,3,15,14,4,spring,0,2,2,2,0.0,2024-03-15,0,0,0,1451,9.5,1609,3.06,-9.0,1200,-9.0,-9.0,-9.0,10.5,11.0,2301,423,7.05,0,,,,,0,
NON_1299,36.298409008601006,127.3154111775151,대전광역시 유성구 원내동 280,2024,7,23,10,1,summer,0,1,1,1,0.0,2024-07-23,0,0,0,49,27.2,1,0.67,3.9,1300,6.0,10.03,2.5,26.9,0.0,1006,396,36.38,0,,,,,0,
NON_1300,36.39443248428102,127.34989266462591,대전광역시 유성구 자운동 17-15,2024,8,5,17,0,summer,0,1,1,1,0.0,2024-08-05,0,0,0,1537,27.4,1354,2.94,34.3,1300,33.2,3.38,27.8,30.1,5.4,2231,336,13.47,0,,,,,0,
NON_1301,36.35563828549029,127.33492050658505,대전광역시 유성구 봉명동 570,2024,5,8,14,2,spring,0,1,1,1,0.0,2024-05-08,0,0,0,1450,14.4,1629,3.32,1.8,1200,-9.0,2.33,1.1,18.6,10.5,1029,328,27.65,0,,,,,0,
NON_1302,36.41554103060986,127.29838549909438,대전광역시 유성구 안산동 284-1,2024,3,20,10,2,spring,0,2,2,2,0.0,2024-03-20,0,0,0,259,4.6,1337,3.01,-9.0,1100,-9.0,-9.0,-9.0,8.7,9.9,947,940,27.25,0,,,,,0,
NON_1303,36.37351072820778,127.32012071280761,대전광역시 유성구 지족동 965,2024,4,5,8,4,spring,1,2,2,4,0.0,2024-04-05,0,0,0,28,13.3,1540,3.03,0.0,1300,0.0,0.5,0.0,14.6,6.1,921,877,32.84,0,,,,,0,
NON_1304,36.35850086583506,127.33796574067051,대전광역시 유성구 장대동 290,2024,3,16,7,5,spring,0,2,2,2,0.0,2024-03-16,0,0,0,1616,11.4,1456,2.99,0.0,1200,0.0,1.25,-9.0,12.9,8.8,236,785,21.7,1,,,,,0,
NON_1305,36.35696980144315,127.33843078964344,대전광역시 유성구 장대동 293,2024,3,7,9,3,spring,1,1,1,1,0.0,2024-03-07,0,0,0,1334,4.6,1424,2.2,0.0,1000,-9.0,0.5,-9.0,6.9,6.7,2356,384,11.46,0,,,,,0,
NON_1306,36.36902099146934,127.3273064174766,대전광역시 유성구 노은동 112-16,2024,3,23,8,5,spring,1,1,1,1,0.0,2024-03-23,0,0,0,1516,14.9,1457,3.14,0.3,1200,-9.0,2.25,-9.0,15.9,9.3,2254,422,8.53,1,,,,,0,
NON_1307,36.39144807352404,127.36263837979666,대전광역시 유성구 장동 23-9,2024,3,25,15,0,spring,0,1,1,1,0.0,2024-03-25,0,0,0,2121,9.4,1033,1.45,6.8,1000,26.1,11.25,-9.0,10.0,0.0,12,769,16.73,0,,,,,0,
NON_1308,36.39110110117518,127.33133928739886,대전광역시 유성구 하기동 603,2024,4,4,10,3,spring,0,1,5,8,0.0,2024-04-04,0,0,0,2335,13.4,1031,1.56,0.0,1000,0.0,0.8,0.0,14.2,0.2,2355,1048,23.66,0,,,,,0,
NON_1309,36.38951120458096,127.34404170530972,대전광역시 유성구 하기동 14-3,2024,7,5,10,4,summer,0,1,1,1,0.0,2024-07-05,0,0,0,121,25.8,1555,3.5,3.9,1100,-9.0,2.67,3.7,27.4,7.9,2128,485,38.13,0,,,,,0,
NON_1310,36.397751695058474,127.35430945630988,대전광역시 유성구 장동 362-2,2024,8,5,17,0,summer,0,1,1,1,0.0,2024-08-05,0,0,0,1537,27.4,1354,2.94,34.3,1300,33.2,3.38,27.8,30.1,5.4,2231,220,24.52,0,,,,,0,
NON_1311,36.34357466688702,127.42169154278761,대전광역시 동구 삼성동 458,2025,11,10,8,0,autumn,1,2,3,3,0.0,2025-11-10,0,0,0,352,8.9,1447,2.31,-9.0,1200,-9.0,-9.0,-9.0,8.0,9.6,906,917,20.48,0,,,,,0,
NON_1312,36.35837881185708,127.33580217286854,대전광역시 유성구 장대동 290,2024,3,16,7,5,spring,0,3,3,3,0.0,2024-03-16,0,0,0,1616,11.4,1456,2.99,0.0,1200,0.0,1.25,-9.0,12.9,8.8,236,783,31.06,1,,,,,0,
NON_1313,36.37557282587708,127.41410215029033,대전광역시 대덕구 읍내동 543-1,2025,10,30,8,3,autumn,1,2,2,2,0.0,2025-10-30,0,0,0,438,10.2,1356,1.69,-9.0,1200,-9.0,-9.0,-9.0,10.6,6.6,852,1004,39.28,0,,,,,0,
NON_1314,36.349152956394384,127.32694848848791,대전광역시 유성구 상대동 556,2024,12,3,10,1,winter,0,1,1,2,0.0,2024-12-03,0,0,0,1429,2.1,1414,2.02,-9.0,1200,-9.0,-9.0,-9.0,2.5,6.7,1052,396,13.73,0,,,,,0,
NON_1315,36.38569402580319,127.33835564954204,대전광역시 유성구 하기동 145-1,2024,3,21,10,3,spring,0,1,1,1,0.0,2024-03-21,0,0,0,1212,5.2,1448,3.14,-9.0,1200,-9.0,-9.0,-9.0,9.6,11.0,1,969,23.96,0,,,,,0,
NON_1316,36.39968160220035,127.39734345272943,대전광역시 유성구 전민동 592-2,2024,3,19,15,1,spring,0,1,1,1,0.0,2024-03-19,0,0,0,1123,7.2,1433,1.48,0.0,1100,0.0,4.08,-9.0,8.7,3.2,50,483,21.6,0,,,,,0,
NON_1317,36.413804192075844,127.29836570322259,대전광역시 유성구 안산동 275-1,2024,3,8,10,4,spring,0,1,1,1,0.0,2024-03-08,0,0,0,1350,2.9,1304,2.9,-9.0,1200,-9.0,-9.0,-9.0,4.4,10.2,2400,1011,7.52,0,,,,,0,
NON_1318,36.32182234454643,127.31862907806355,대전광역시 유성구 용계동 332-8,2024,3,21,6,3,spring,0,1,1,1,0.0,2024-03-21,0,0,0,1212,5.2,1448,3.14,-9.0,1200,-9.0,-9.0,-9.0,9.6,11.0,1,1090,30.72,0,,,,,0,
NON_1319,36.37525572225837,127.41439415387033,대전광역시 대덕구 대화동 568-39,2025,11,3,18,0,autumn,1,2,2,2,0.0,2025-11-03,0,0,0,54,7.0,1519,2.35,-9.0,1200,-9.0,-9.0,-9.0,7.3,9.7,856,887,11.99,0,,,,,0,
NON_1320,36.38505166369491,127.3785302322208,대전광역시 유성구 도룡동 409,2024,3,19,15,1,spring,0,1,1,1,0.0,2024-03-19,0,0,0,1123,7.2,1433,1.48,0.0,1100,0.0,4.08,-9.0,8.7,3.2,50,1038,42.17,0,,,,,0,
NON_1321,36.358459382783565,127.32940096720584,대전광역시 유성구 장대동 258,2024,8,1,9,3,summer,1,1,1,1,0.0,2024-08-01,0,0,0,1028,30.0,1448,2.84,-9.0,1300,-9.0,-9.0,-9.0,34.4,5.9,156,700,15.48,0,,,,,0,
NON_1322,36.40792347077275,127.37559482927904,대전광역시 유성구 방현동 349-3,2024,6,20,10,3,summer,0,1,1,1,0.0,2024-06-20,0,0,0,1354,25.7,1457,2.67,-9.0,1400,-9.0,-9.0,-9.0,33.4,6.3,6,606,23.68,0,,,,,0,
NON_1323,36.36146992986741,127.34551981161022,대전광역시 유성구 궁동 220,2025,1,20,13,0,winter,0,1,1,1,0.0,2025-01-20,0,0,0,1412,2.8,1427,1.59,-9.0,1400,-9.0,-9.0,-9.0,2.1,3.0,2343,567,15.77,0,,,,,0,
NON_1324,36.33976451582603,127.31259486537498,대전광역시 유성구 학하동 827,2024,5,9,15,3,spring,0,1,1,1,0.0,2024-05-09,0,0,0,1232,15.6,1506,3.46,-9.0,1200,-9.0,-9.0,-9.0,19.0,12.8,638,1095,23.01,0,,,,,0,
NON_1325,36.38906663007012,127.3475372287368,대전광역시 유성구 하기동 18-15,2024,3,25,8,0,spring,1,1,1,1,0.0,2024-03-25,0,0,0,2121,9.4,1033,1.45,6.8,1000,26.1,11.25,-9.0,10.0,0.0,12,759,12.53,0,,,,,0,
NON_1326,36.38762942987531,127.32256486901322,대전광역시 유성구 하기동 603,2024,3,1,5,4,spring,0,3,3,3,0.0,2024-03-01,0,0,0,1424,-2.2,1,2.91,-9.0,1200,-9.0,-9.0,-9.0,2.1,10.2,2239,1140,6.47,0,,,,,0,
NON_1327,36.385393957744405,127.32181929708342,대전광역시 유성구 하기동 585,2024,2,28,15,2,winter,0,2,2,2,0.0,2024-02-28,0,0,0,8,6.3,1637,2.16,-9.0,1200,-9.0,-9.0,-9.0,5.9,3.7,916,1148,34.05,0,,,,,0,
NON_1328,36.348589358219485,127.33181831130472,대전광역시 유성구 상대동 556,2024,10,30,9,2,autumn,1,1,1,1,0.0,2024-10-30,0,0,0,1945,14.7,1511,2.4,-9.0,1200,-9.0,-9.0,-9.0,14.2,9.6,2325,1009,23.42,0,,,,,0,
NON_1329,36.36109226656594,127.34006379332163,대전광역시 유성구 궁동 455,2024,3,15,7,4,spring,0,1,1,1,0.0,2024-03-15,0,0,0,1451,9.5,1609,3.06,-9.0,1200,-9.0,-9.0,-9.0,10.5,11.0,2301,892,12.52,0,,,,,0,
NON_1330,36.369058376779776,127.41982983816884,대전광역시 대덕구 대화동 561-4,2025,11,6,8,3,autumn,1,1,1,1,0.0,2025-11-06,0,0,0,1337,11.3,1438,2.13,-9.0,1200,-9.0,-9.0,-9.0,10.8,6.4,838,666,34.68,0,,,,,0,
NON_1331,36.39414283334397,127.35008230234772,대전광역시 유성구 자운동 24-7,2024,3,7,15,3,spring,0,1,1,1,0.0,2024-03-07,0,0,0,1334,4.6,1424,2.2,0.0,1000,-9.0,0.5,-9.0,6.9,6.7,2356,742,13.51,0,,,,,0,
NON_1332,36.40632749751128,127.4015707033735,대전광역시 유성구 전민동 산 5-15,2024,3,19,14,1,spring,0,1,3,3,0.0,2024-03-19,0,0,0,1123,7.2,1433,1.48,0.0,1100,0.0,4.08,-9.0,8.7,3.2,50,331,34.66,0,,,,,0,
NON_1333,36.36507153330728,127.33269631000391,대전광역시 유성구 장대동 121-2,2024,3,19,10,1,spring,0,1,1,1,0.0,2024-03-19,0,0,0,1123,7.2,1433,1.48,0.0,1100,0.0,4.08,-9.0,8.7,3.2,50,1052,41.55,0,,,,,0,
NON_1334,36.35000829426539,127.32279166653953,대전광역시 유성구 구암동 337-1,2024,3,27,10,2,spring,0,1,1,1,0.0,2024-03-27,0,0,0,1639,10.2,1438,2.79,-9.0,1200,1.2,-9.0,-9.0,11.6,9.0,711,229,47.27,0,,,,,0,
NON_1335,36.32197342288013,127.41531674365505,대전광역시 중구 문화동 1-18,2025,11,8,15,5,autumn,0,3,4,4,0.0,2025-11-08,0,0,0,106,13.7,1407,1.13,0.4,1000,0.4,3.33,-9.0,13.1,0.4,628,515,21.29,1,,,,,0,
NON_1336,36.386932390667994,127.33873611579443,대전광역시 유성구 하기동 148-12,2024,2,28,10,2,winter,0,1,1,1,0.0,2024-02-28,0,0,0,8,6.3,1637,2.16,-9.0,1200,-9.0,-9.0,-9.0,5.9,3.7,916,982,9.31,0,,,,,0,
NON_1337,36.35389921601506,127.41787616096765,대전광역시 대덕구 오정동 687-1,2025,11,11,8,1,autumn,1,1,1,1,0.0,2025-11-11,0,0,0,1358,8.2,1509,2.21,-9.0,1100,-9.0,-9.0,-9.0,7.7,8.0,2220,902,14.89,0,,,,,0,
NON_1338,36.356180257183944,127.33501374460039,대전광역시 유성구 봉명동 570,2024,5,8,14,2,spring,0,1,1,1,0.0,2024-05-08,0,0,0,1450,14.4,1629,3.32,1.8,1200,-9.0,2.33,1.1,18.6,10.5,1029,328,27.65,0,,,,,0,
NON_1339,36.387246190578686,127.32273522721634,대전광역시 유성구 하기동 603,2024,6,20,9,3,summer,1,1,1,3,0.0,2024-06-20,0,0,0,1354,25.7,1457,2.67,-9.0,1400,-9.0,-9.0,-9.0,33.4,6.3,6,848,40.28,0,,,,,0,
NON_1340,36.39209798590869,127.31165227070026,대전광역시 유성구 반석동 674,2024,4,5,10,4,spring,0,1,1,1,0.0,2024-04-05,0,0,0,28,13.3,1540,3.03,0.0,1300,0.0,0.5,0.0,14.6,6.1,921,1025,27.46,0,,,,,0,
NON_1341,36.34621819503691,127.35427004612806,대전광역시 서구 월평동 114-4,2025,7,14,8,0,summer,1,1,1,1,0.0,2025-07-14,0,0,0,1544,23.4,1436,3.02,20.9,1200,22.9,2.33,18.3,29.4,4.0,3,365,19.45,0,,,,,0,
NON_1342,36.34943546004934,127.33784880957484,대전광역시 유성구 상대동 556,2024,7,23,10,1,summer,0,2,2,2,0.0,2024-07-23,0,0,0,49,27.2,1,0.67,3.9,1300,6.0,10.03,2.5,26.9,0.0,1006,528,35.36,0,,,,,0,
NON_1343,36.36630097301708,127.31083022933463,대전광역시 유성구 노은동 413-3,2024,2,29,13,3,winter,0,1,1,1,0.0,2024-02-29,0,0,0,2400,5.1,1247,0.6,0.2,1400,0.2,3.0,-9.0,5.5,0.0,49,235,46.06,0,,,,,0,
NON_1344,36.40601246697186,127.40253450447591,대전광역시 유성구 전민동 산 5-15,2024,3,4,13,0,spring,0,1,1,1,0.0,2024-03-04,0,0,0,1729,6.7,1428,2.21,-9.0,1100,2.2,-9.0,-9.0,6.7,5.7,956,262,7.47,0,,,,,0,
NON_1345,36.33511837441125,127.4206007761263,대전광역시 중구 선화동 920,2025,11,10,18,0,autumn,1,8,13,13,0.0,2025-11-10,0,0,0,352,8.9,1447,2.31,-9.0,1200,-9.0,-9.0,-9.0,8.0,9.6,906,430,21.11,0,,,,,0,
NON_1346,36.31087672919408,127.26439481789212,대전광역시 유성구 세동 산 75-1,2025,2,19,16,2,winter,0,1,1,1,0.0,2025-02-19,0,0,0,1534,-1.6,1409,2.71,-9.0,1200,-9.0,-9.0,-9.0,1.5,10.1,2345,1005,15.22,0,,,,,0,
NON_1347,36.38982452883879,127.34685922004246,대전광역시 유성구 하기동 18-15,2024,3,25,8,0,spring,1,1,1,1,0.0,2024-03-25,0,0,0,2121,9.4,1033,1.45,6.8,1000,26.1,11.25,-9.0,10.0,0.0,12,759,12.53,0,,,,,0,
NON_1348,36.38993992674928,127.34489969458022,대전광역시 유성구 하기동 20-7,2024,2,28,10,2,winter,0,1,1,1,0.0,2024-02-28,0,0,0,8,6.3,1637,2.16,-9.0,1200,-9.0,-9.0,-9.0,5.9,3.7,916,385,13.05,0,,,,,0,
NON_1349,36.300655144851696,127.31981064570945,대전광역시 유성구 원내동 738,2024,4,4,6,3,spring,0,1,1,1,0.0,2024-04-04,0,0,0,2335,13.4,1031,1.56,0.0,1000,0.0,0.8,0.0,14.2,0.2,2355,788,16.28,0,,,,,0,
NON_1350,36.348498979008866,127.42058917658794,대전광역시 대덕구 오정동 748-1,2025,10,31,19,4,autumn,1,1,1,1,0.0,2025-10-31,0,0,0,1240,12.6,1451,2.31,0.0,1200,0.2,0.17,0.0,12.7,7.5,1,669,24.24,0,,,,,0,
NON_1351,36.37564000727519,127.4137583748996,대전광역시 대덕구 대화동 568-39,2025,11,3,18,0,autumn,1,2,2,2,0.0,2025-11-03,0,0,0,54,7.0,1519,2.35,-9.0,1200,-9.0,-9.0,-9.0,7.3,9.7,856,887,11.99,0,,,,,0,
NON_1352,36.36037277061558,127.35499093904151,대전광역시 유성구 어은동 311,2024,12,5,9,3,winter,1,1,1,1,0.0,2024-12-05,0,0,0,1243,4.5,1429,1.54,0.0,1100,0.0,4.53,-9.0,4.0,3.7,54,381,29.61,0,,,,,0,
NON_1353,36.3567010920133,127.33227838543662,대전광역시 유성구 구암동 631,2024,4,5,9,4,spring,1,1,2,2,0.0,2024-04-05,0,0,0,28,13.3,1540,3.03,0.0,1300,0.0,0.5,0.0,14.6,6.1,921,958,33.05,0,,,,,0,
NON_1354,36.39657485462926,127.40425735228574,대전광역시 유성구 전민동 271-5,2024,2,29,13,3,winter,0,4,4,4,0.0,2024-02-29,0,0,0,2400,5.1,1247,0.6,0.2,1400,0.2,3.0,-9.0,5.5,0.0,49,885,11.63,0,,,,,0,
NON_1355,36.39049085194617,127.39490578006108,대전광역시 유성구 문지동 103-15,2024,3,20,9,2,spring,1,4,4,4,0.0,2024-03-20,0,0,0,259,4.6,1337,3.01,-9.0,1100,-9.0,-9.0,-9.0,8.7,9.9,947,449,38.61,0,,,,,0,
NON_1356,36.36869295030264,127.31791027037298,대전광역시 유성구 노은동 583,2024,2,28,9,2,winter,1,2,2,2,0.0,2024-02-28,0,0,0,8,6.3,1637,2.16,-9.0,1200,-9.0,-9.0,-9.0,5.9,3.7,916,1112,10.71,0,,,,,0,
NON_1357,36.44994991814918,127.4218838439883,대전광역시 대덕구 석봉동 766,2024,3,26,11,1,spring,0,3,3,3,0.0,2024-03-26,0,0,0,11,6.7,1523,1.95,19.5,1000,0.2,10.33,-9.0,9.5,3.0,2358,292,13.21,0,,,,,0,
NON_1358,36.37198688363386,127.33500818229675,대전광역시 유성구 죽동 747,2024,7,22,7,0,summer,0,1,1,1,0.0,2024-07-22,0,0,0,2330,28.9,1240,2.46,-9.0,1200,0.0,-9.0,-9.0,29.3,2.8,113,692,10.66,0,,,,,0,
NON_1359,36.39110897460537,127.39515432114281,대전광역시 유성구 문지동 103-15,2024,3,23,7,5,spring,0,6,6,6,0.0,2024-03-23,0,0,0,1516,14.9,1457,3.14,0.3,1200,-9.0,2.25,-9.0,15.9,9.3,2254,562,29.39,1,,,,,0,
NON_1360,36.39074599580737,127.33009266584352,대전광역시 유성구 하기동 603,2024,3,20,5,2,spring,0,2,6,6,0.0,2024-03-20,0,0,0,259,4.6,1337,3.01,-9.0,1100,-9.0,-9.0,-9.0,8.7,9.9,947,340,22.71,0,,,,,0,
NON_1361,36.38801205671987,127.36348958114979,대전광역시 유성구 장동 산 17-45,2024,3,25,14,0,spring,0,1,2,2,0.0,2024-03-25,0,0,0,2121,9.4,1033,1.45,6.8,1000,26.1,11.25,-9.0,10.0,0.0,12,867,9.27,0,,,,,0,
NON_1362,36.39122015914328,127.3244190811584,대전광역시 유성구 하기동 603,2024,12,17,10,1,winter,0,1,1,1,0.0,2024-12-17,0,0,0,1528,1.6,1326,1.9,-9.0,1200,-9.0,-9.0,-9.0,1.6,6.6,948,1011,34.67,0,,,,,0,
NON_1363,36.366436080029175,127.3305743438054,대전광역시 유성구 장대동 116-10,2025,11,2,12,6,autumn,0,1,1,1,0.0,2025-11-02,0,0,0,1336,9.4,1106,2.11,2.1,1100,-9.0,1.25,-9.0,9.9,6.7,2344,452,5.24,1,,,,,0,
NON_1364,36.37457579792632,127.41498440488881,대전광역시 대덕구 읍내동 543-1,2025,11,7,8,4,autumn,1,2,4,4,0.0,2025-11-07,0,0,0,2128,13.3,1516,2.17,-9.0,1200,-9.0,-9.0,-9.0,11.9,6.3,811,757,27.49,0,,,,,0,
NON_1365,36.3159082019746,127.42458128209707,대전광역시 중구 대사동 644-20,2025,11,2,16,6,autumn,0,1,1,1,0.0,2025-11-02,0,0,0,1336,9.4,1106,2.11,2.1,1100,-9.0,1.25,-9.0,9.9,6.7,2344,475,8.28,1,,,,,0,
NON_1366,36.37459487414852,127.32913230095444,대전광역시 유성구 죽동 222-2,2025,1,17,15,4,winter,0,1,1,1,0.0,2025-01-17,0,0,0,1609,1.3,1551,2.02,-9.0,1200,-9.0,-9.0,-9.0,1.9,8.6,942,378,37.52,0,,,,,0,
NON_1367,36.404687058257934,127.4028958076126,대전광역시 유성구 전민동 791-19,2024,3,19,14,1,spring,0,1,1,1,0.0,2024-03-19,0,0,0,1123,7.2,1433,1.48,0.0,1100,0.0,4.08,-9.0,8.7,3.2,50,828,27.85,0,,,,,0,
NON_1368,36.40830190395647,127.37738755793758,대전광역시 유성구 화암동 109-11,2024,6,20,10,3,summer,0,1,1,1,0.0,2024-06-20,0,0,0,1354,25.7,1457,2.67,-9.0,1400,-9.0,-9.0,-9.0,33.4,6.3,6,998,34.66,0,,,,,0,
NON_1369,36.45808319522618,127.38967922079712,대전광역시 유성구 금고동 산 21,2024,3,27,15,2,spring,0,1,1,1,0.0,2024-03-27,0,0,0,1639,10.2,1438,2.79,-9.0,1200,1.2,-9.0,-9.0,11.6,9.0,711,395,39.79,0,,,,,0,
NON_1370,36.39945426198899,127.31199302363524,대전광역시 유성구 외삼동 574-5,2024,3,6,9,2,spring,1,2,2,2,0.0,2024-03-06,0,0,0,2315,7.0,1522,2.15,-9.0,1200,0.0,-9.0,-9.0,7.2,5.8,2358,875,11.01,0,,,,,0,
NON_1371,36.359777600835415,127.32691104936852,대전광역시 유성구 장대동 223-20,2024,8,1,10,3,summer,0,1,1,1,0.0,2024-08-01,0,0,0,1028,30.0,1448,2.84,-9.0,1300,-9.0,-9.0,-9.0,34.4,5.9,156,359,40.08,0,,,,,0,
NON_1372,36.404336428640605,127.36757337776748,대전광역시 유성구 방현동 46-3,2024,2,28,14,2,winter,0,1,1,1,0.0,2024-02-28,0,0,0,8,6.3,1637,2.16,-9.0,1200,-9.0,-9.0,-9.0,5.9,3.7,916,391,23.2,0,,,,,0,
NON_1373,36.35575520990615,127.34108363488663,대전광역시 유성구 봉명동 574,2024,3,7,15,3,spring,0,4,5,5,0.0,2024-03-07,0,0,0,1334,4.6,1424,2.2,0.0,1000,-9.0,0.5,-9.0,6.9,6.7,2356,1129,12.45,0,,,,,0,
NON_1374,36.419272064479394,127.38097271276825,대전광역시 유성구 덕진동 산 14-3,2024,2,29,12,3,winter,0,1,1,1,0.0,2024-02-29,0,0,0,2400,5.1,1247,0.6,0.2,1400,0.2,3.0,-9.0,5.5,0.0,49,553,12.93,0,,,,,0,
NON_1375,36.38772447352387,127.36270579608967,대전광역시 유성구 장동 산 17-45,2024,3,25,14,0,spring,0,1,2,2,0.0,2024-03-25,0,0,0,2121,9.4,1033,1.45,6.8,1000,26.1,11.25,-9.0,10.0,0.0,12,867,9.27,0,,,,,0,
NON_1376,36.34389944857886,127.42265800392538,대전광역시 동구 삼성동 458,2025,11,3,8,0,autumn,1,1,1,1,0.0,2025-11-03,0,0,0,54,7.0,1519,2.35,-9.0,1200,-9.0,-9.0,-9.0,7.3,9.7,856,430,36.58,0,,,,,0,
NON_1377,36.38689130559121,127.32255000986115,대전광역시 유성구 하기동 603,2024,6,20,9,3,summer,1,1,1,3,0.0,2024-06-20,0,0,0,1354,25.7,1457,2.67,-9.0,1400,-9.0,-9.0,-9.0,33.4,6.3,6,848,40.28,0,,,,,0,
NON_1378,36.391802462152874,127.33763536672292,대전광역시 유성구 하기동 산 51-9,2024,2,14,13,2,winter,0,1,1,1,0.0,2024-02-14,0,0,0,1630,13.2,1441,1.57,0.0,1400,0.0,2.67,-9.0,10.8,2.8,11,603,17.48,0,,,,,0,
NON_1379,36.357476516834375,127.3405401632839,대전광역시 유성구 봉명동 531,2024,4,5,9,4,spring,1,1,1,1,0.0,2024-04-05,0,0,0,28,13.3,1540,3.03,0.0,1300,0.0,0.5,0.0,14.6,6.1,921,879,36.86,0,,,,,0,
NON_1380,36.38589991473402,127.37908713574859,대전광역시 유성구 도룡동 409,2024,3,19,15,1,spring,0,1,1,1,0.0,2024-03-19,0,0,0,1123,7.2,1433,1.48,0.0,1100,0.0,4.08,-9.0,8.7,3.2,50,1038,42.17,0,,,,,0,
NON_1381,36.4311553738018,127.38084376521591,대전광역시 유성구 송강동 557,2024,3,19,14,1,spring,0,2,2,2,0.0,2024-03-19,0,0,0,1123,7.2,1433,1.48,0.0,1100,0.0,4.08,-9.0,8.7,3.2,50,853,19.62,0,,,,,0,
NON_1382,36.347672385838166,127.33125380625641,대전광역시 유성구 상대동 556,2025,10,26,11,6,autumn,0,1,1,1,0.0,2025-10-26,0,0,0,1342,13.2,1226,2.13,0.0,1200,0.0,1.15,0.0,14.1,1.3,151,395,16.34,1,,,,,0,
NON_1383,36.425408647931036,127.29358244412617,세종특별자치시 금남면 두만리 581-10,2024,3,15,14,4,spring,0,2,2,2,0.0,2024-03-15,0,0,0,1451,9.5,1609,3.06,-9.0,1200,-9.0,-9.0,-9.0,10.5,11.0,2301,856,34.98,0,,,,,0,
NON_1384,36.38596312321667,127.30323677478943,대전광역시 유성구 지족동 1057,2024,3,7,14,3,spring,0,1,1,1,0.0,2024-03-07,0,0,0,1334,4.6,1424,2.2,0.0,1000,-9.0,0.5,-9.0,6.9,6.7,2356,966,11.86,0,,,,,0,
NON_1385,36.401867974927924,127.4047890491521,대전광역시 유성구 전민동 464-3,2024,4,9,14,1,spring,0,1,5,5,0.0,2024-04-09,0,0,0,959,15.3,1620,3.32,-9.0,1200,-9.0,-9.0,-9.0,19.1,11.3,2352,893,17.48,0,,,,,0,
NON_1386,36.387504450453704,127.32492700172615,대전광역시 유성구 하기동 598,2024,2,28,15,2,winter,0,3,3,3,0.0,2024-02-28,0,0,0,8,6.3,1637,2.16,-9.0,1200,-9.0,-9.0,-9.0,5.9,3.7,916,514,12.04,0,,,,,0,
NON_1387,36.35116226147813,127.34764125977811,대전광역시 유성구 봉명동 1061,2024,5,13,15,0,spring,0,1,1,1,0.0,2024-05-13,0,0,0,1616,17.6,1612,3.68,-9.0,1200,-9.0,-9.0,-9.0,21.9,13.4,2255,745,19.9,0,,,,,0,
NON_1388,36.331806773712955,127.33294502843205,대전광역시 유성구 용계동 681,2025,1,23,14,3,winter,0,1,1,1,0.0,2025-01-23,0,0,0,1854,2.9,1543,1.98,-9.0,1200,-9.0,-9.0,-9.0,3.1,8.5,922,427,19.48,0,,,,,0,
NON_1389,36.34055851593734,127.3093178199252,대전광역시 유성구 학하동 792,2024,9,8,15,6,autumn,0,1,1,1,0.0,2024-09-08,0,0,0,1556,27.6,1504,3.17,-9.0,1200,-9.0,-9.0,-9.0,34.8,10.4,755,600,19.4,1,,,,,0,
NON_1390,36.36003898060308,127.354317578655,대전광역시 유성구 어은동 311,2025,2,14,10,4,winter,0,1,4,8,0.0,2025-02-14,0,0,0,1344,3.5,1429,2.47,-9.0,1200,-9.0,-9.0,-9.0,3.0,9.7,240,682,38.68,0,,,,,0,
NON_1391,36.396298389372824,127.40544172322299,대전광역시 유성구 문지동 258-3,2024,2,29,13,3,winter,0,1,1,1,0.0,2024-02-29,0,0,0,2400,5.1,1247,0.6,0.2,1400,0.2,3.0,-9.0,5.5,0.0,49,378,46.68,0,,,,,0,
NON_1392,36.3653026675756,127.32331784539845,대전광역시 유성구 노은동 613,2024,3,26,8,1,spring,1,1,2,2,0.0,2024-03-26,0,0,0,11,6.7,1523,1.95,19.5,1000,0.2,10.33,-9.0,9.5,3.0,2358,247,16.02,0,,,,,0,
NON_1393,36.44499276925266,127.4294803082576,대전광역시 대덕구 신탄진동 745,2024,3,26,10,1,spring,0,2,2,2,0.0,2024-03-26,0,0,0,11,6.7,1523,1.95,19.5,1000,0.2,10.33,-9.0,9.5,3.0,2358,450,47.6,0,,,,,0,
NON_1394,36.36391223726909,127.34038213534377,대전광역시 유성구 궁동 352,2024,12,12,15,3,winter,0,1,1,1,0.0,2024-12-12,0,0,0,1320,1.2,1340,1.95,-9.0,1200,-9.0,-9.0,-9.0,0.6,6.7,934,447,20.38,0,,,,,0,
NON_1395,36.363156733310454,127.34033749000521,대전광역시 유성구 궁동 352,2024,12,12,15,3,winter,0,1,1,1,0.0,2024-12-12,0,0,0,1320,1.2,1340,1.95,-9.0,1200,-9.0,-9.0,-9.0,0.6,6.7,934,447,20.38,0,,,,,0,
NON_1396,36.363013577786205,127.3563112942007,대전광역시 유성구 어은동 99,2024,2,28,9,2,winter,1,7,7,7,0.0,2024-02-28,0,0,0,8,6.3,1637,2.16,-9.0,1200,-9.0,-9.0,-9.0,5.9,3.7,916,304,36.65,0,,,,,0,
NON_1397,36.35850569890812,127.33906258740478,대전광역시 유성구 장대동 373,2024,2,13,15,1,winter,0,1,1,1,0.0,2024-02-13,0,0,0,1302,8.4,1445,2.41,-9.0,1300,0.0,-9.0,-9.0,6.2,8.4,221,407,10.8,0,,,,,0,
NON_1398,36.34577152023618,127.4104487267128,대전광역시 중구 중촌동 166-3,2025,11,4,20,1,autumn,0,1,1,1,0.0,2025-11-04,0,0,0,1627,10.5,1504,2.27,-9.0,1200,-9.0,-9.0,-9.0,9.7,8.0,1,738,7.37,0,,,,,0,
NON_1399,36.359867946788164,127.34819264525005,대전광역시 유성구 궁동 491,2024,3,25,13,0,spring,0,1,1,1,0.0,2024-03-25,0,0,0,2121,9.4,1033,1.45,6.8,1000,26.1,11.25,-9.0,10.0,0.0,12,574,13.25,0,,,,,0,
NON_1400,36.38822396537053,127.34366201083088,대전광역시 유성구 하기동 산 2-6,2024,7,5,10,4,summer,0,1,1,1,0.0,2024-07-05,0,0,0,121,25.8,1555,3.5,3.9,1100,-9.0,2.67,3.7,27.4,7.9,2128,504,24.92,0,,,,,0,
NON_1401,36.36212046549061,127.35709385171498,대전광역시 유성구 어은동 109,2024,12,8,18,6,winter,1,1,1,1,0.0,2024-12-08,0,0,0,1433,0.5,1422,2.02,0.0,1200,-9.0,0.25,-9.0,0.5,8.1,930,551,30.14,1,,,,,0,
NON_1402,36.324949994269495,127.43528977971279,대전광역시 동구 원동 406-2,2025,11,9,15,6,autumn,0,1,1,1,0.0,2025-11-09,0,0,0,1345,13.7,1305,1.95,0.0,1300,-9.0,0.75,-9.0,13.0,6.8,1,308,25.78,1,,,,,0,
NON_1403,36.393375024443344,127.35121843664038,대전광역시 유성구 자운동 17-15,2024,8,5,17,0,summer,0,1,1,1,0.0,2024-08-05,0,0,0,1537,27.4,1354,2.94,34.3,1300,33.2,3.38,27.8,30.1,5.4,2231,336,13.47,0,,,,,0,
NON_1404,36.366369634054244,127.33962004125999,대전광역시 유성구 죽동 119-2,2024,7,22,8,0,summer,1,2,2,2,0.0,2024-07-22,0,0,0,2330,28.9,1240,2.46,-9.0,1200,0.0,-9.0,-9.0,29.3,2.8,113,985,38.12,0,,,,,0,
NON_1405,36.36379700512926,127.30794071264184,대전광역시 유성구 구암동 514,2024,2,29,13,3,winter,0,2,2,2,0.0,2024-02-29,0,0,0,2400,5.1,1247,0.6,0.2,1400,0.2,3.0,-9.0,5.5,0.0,49,234,7.35,0,,,,,0,
NON_1406,36.353331909183304,127.41680165211564,대전광역시 대덕구 오정동 429-24,2025,11,10,18,0,autumn,1,1,1,1,0.0,2025-11-10,0,0,0,352,8.9,1447,2.31,-9.0,1200,-9.0,-9.0,-9.0,8.0,9.6,906,479,42.27,0,,,,,0,
NON_1407,36.37485665386209,127.3264431140937,대전광역시 유성구 노은동 138-39,2024,6,20,9,3,summer,1,1,1,1,0.0,2024-06-20,0,0,0,1354,25.7,1457,2.67,-9.0,1400,-9.0,-9.0,-9.0,33.4,6.3,6,365,22.43,0,,,,,0,
NON_1408,36.35905705846955,127.41740145872843,대전광역시 대덕구 오정동 39-2,2025,10,31,19,4,autumn,1,1,1,1,0.0,2025-10-31,0,0,0,1240,12.6,1451,2.31,0.0,1200,0.2,0.17,0.0,12.7,7.5,1,281,33.84,0,,,,,0,
NON_1409,36.357346555184556,127.35278790844905,대전광역시 유성구 봉명동 697,2024,3,19,14,1,spring,0,1,1,1,0.0,2024-03-19,0,0,0,1123,7.2,1433,1.48,0.0,1100,0.0,4.08,-9.0,8.7,3.2,50,810,28.85,0,,,,,0,
NON_1410,36.38510086514516,127.32027468216668,대전광역시 유성구 하기동 576,2024,2,28,15,2,winter,0,1,1,1,0.0,2024-02-28,0,0,0,8,6.3,1637,2.16,-9.0,1200,-9.0,-9.0,-9.0,5.9,3.7,916,534,29.33,0,,,,,0,
NON_1411,36.39479408286576,127.35663842408721,대전광역시 유성구 장동 372-2,2024,3,25,15,0,spring,0,1,1,1,0.0,2024-03-25,0,0,0,2121,9.4,1033,1.45,6.8,1000,26.1,11.25,-9.0,10.0,0.0,12,383,33.86,0,,,,,0,
NON_1412,36.340906262439944,127.4222696699352,대전광역시 동구 삼성동 363-13,2025,11,3,8,0,autumn,1,1,1,1,0.0,2025-11-03,0,0,0,54,7.0,1519,2.35,-9.0,1200,-9.0,-9.0,-9.0,7.3,9.7,856,394,12.94,0,,,,,0,
NON_1413,36.38977997725928,127.32305781172668,대전광역시 유성구 하기동 603,2024,3,25,15,0,spring,0,3,7,7,0.0,2024-03-25,0,0,0,2121,9.4,1033,1.45,6.8,1000,26.1,11.25,-9.0,10.0,0.0,12,657,20.29,0,,,,,0,
NON_1414,36.30032411745569,127.31458587067306,대전광역시 유성구 원내동 773,2024,7,23,10,1,summer,0,1,1,1,0.0,2024-07-23,0,0,0,49,27.2,1,0.67,3.9,1300,6.0,10.03,2.5,26.9,0.0,1006,761,26.59,0,,,,,0,
NON_1415,36.349190358302415,127.33469170728212,대전광역시 유성구 상대동 489,2025,1,23,10,3,winter,0,1,1,1,0.0,2025-01-23,0,0,0,1854,2.9,1543,1.98,-9.0,1200,-9.0,-9.0,-9.0,3.1,8.5,922,990,29.24,0,,,,,0,
NON_1416,36.40225598358934,127.3889455077444,대전광역시 유성구 전민동 891-2,2024,3,19,15,1,spring,0,1,1,1,0.0,2024-03-19,0,0,0,1123,7.2,1433,1.48,0.0,1100,0.0,4.08,-9.0,8.7,3.2,50,436,20.72,0,,,,,0,
NON_1417,36.3784760990077,127.32955127480486,대전광역시 유성구 죽동 369,2025,1,13,16,0,winter,0,1,1,1,0.0,2025-01-13,0,0,0,1242,1.1,1532,1.96,-9.0,1200,0.1,-9.0,-9.0,-0.2,7.8,1008,747,44.87,0,,,,,0,
NON_1418,36.357678953554355,127.34119559553523,대전광역시 유성구 봉명동 531,2024,4,5,9,4,spring,1,1,1,1,0.0,2024-04-05,0,0,0,28,13.3,1540,3.03,0.0,1300,0.0,0.5,0.0,14.6,6.1,921,879,36.86,0,,,,,0,
NON_1419,36.356983713453666,127.34119236101833,대전광역시 유성구 봉명동 603,2024,11,27,13,2,autumn,0,1,1,1,0.0,2024-11-27,0,0,0,1200,2.3,1151,1.63,3.8,1300,3.9,13.75,-9.0,4.1,1.4,2207,666,47.4,0,,,,,0,
NON_1420,36.42220673485843,127.4027789688681,대전광역시 유성구 용산동 604,2024,3,22,9,4,spring,1,1,2,2,0.0,2024-03-22,0,0,0,1442,10.1,1324,2.8,4.1,1100,4.4,6.33,-9.0,9.9,5.9,117,684,25.18,0,,,,,0,
NON_1421,36.42554283185365,127.39441747332516,대전광역시 유성구 관평동 1288,2024,6,27,11,3,summer,0,1,1,1,0.0,2024-06-27,0,0,0,1601,23.7,1451,1.79,-9.0,1400,-9.0,-9.0,-9.0,28.5,2.1,17,951,41.88,0,,,,,0,
NON_1422,36.388952244165296,127.40437707412602,대전광역시 유성구 문지동 105-6,2025,11,10,18,0,autumn,1,1,1,1,0.0,2025-11-10,0,0,0,352,8.9,1447,2.31,-9.0,1200,-9.0,-9.0,-9.0,8.0,9.6,906,1124,18.59,0,,,,,0,
NON_1423,36.341521040642256,127.42101708016666,대전광역시 동구 삼성동 363-6,2025,11,5,8,2,autumn,1,1,1,1,0.0,2025-11-05,0,0,0,1630,10.4,1502,2.04,-9.0,1200,-9.0,-9.0,-9.0,10.3,7.3,921,584,17.64,0,,,,,0,
NON_1424,36.32291914553381,127.41342745530703,대전광역시 중구 문화동 1-18,2025,11,8,10,5,autumn,0,1,2,2,0.0,2025-11-08,0,0,0,106,13.7,1407,1.13,0.4,1000,0.4,3.33,-9.0,13.1,0.4,628,185,6.89,1,,,,,0,
NON_1425,36.29103865483136,127.46327476939992,대전광역시 동구 대성동 396,2025,11,9,12,6,autumn,0,1,1,1,0.0,2025-11-09,0,0,0,1345,13.7,1305,1.95,0.0,1300,-9.0,0.75,-9.0,13.0,6.8,1,208,19.09,1,,,,,0,
NON_1426,36.344380930309484,127.42092208574746,대전광역시 동구 삼성동 458,2025,11,10,8,0,autumn,1,2,3,3,0.0,2025-11-10,0,0,0,352,8.9,1447,2.31,-9.0,1200,-9.0,-9.0,-9.0,8.0,9.6,906,917,20.48,0,,,,,0,
NON_1427,36.3600411860523,127.3436297005549,대전광역시 유성구 궁동 473,2024,3,24,7,6,spring,0,1,1,1,0.0,2024-03-24,0,0,0,839,14.1,1602,2.03,-9.0,1400,-9.0,-9.0,-9.0,15.1,3.6,936,372,13.63,1,,,,,0,
NON_1428,36.29783040129219,127.31554689097489,대전광역시 유성구 원내동 280,2024,7,23,10,1,summer,0,1,1,1,0.0,2024-07-23,0,0,0,49,27.2,1,0.67,3.9,1300,6.0,10.03,2.5,26.9,0.0,1006,396,36.38,0,,,,,0,
NON_1429,36.356293394892546,127.336480124402,대전광역시 유성구 봉명동 496-16,2024,4,4,13,3,spring,0,1,1,1,0.0,2024-04-04,0,0,0,2335,13.4,1031,1.56,0.0,1000,0.0,0.8,0.0,14.2,0.2,2355,1113,25.41,0,,,,,0,
NON_1430,36.40249252325414,127.36468822212267,대전광역시 유성구 장동 산 1-17,2024,2,28,14,2,winter,0,1,1,1,0.0,2024-02-28,0,0,0,8,6.3,1637,2.16,-9.0,1200,-9.0,-9.0,-9.0,5.9,3.7,916,1088,38.96,0,,,,,0,
NON_1431,36.360190059575444,127.35412409124778,대전광역시 유성구 어은동 311,2024,7,22,13,0,summer,0,1,1,2,0.0,2024-07-22,0,0,0,2330,28.9,1240,2.46,-9.0,1200,0.0,-9.0,-9.0,29.3,2.8,113,559,22.3,0,,,,,0,
NON_1432,36.39036250950611,127.33048983330995,대전광역시 유성구 하기동 603,2024,3,20,5,2,spring,0,2,6,6,0.0,2024-03-20,0,0,0,259,4.6,1337,3.01,-9.0,1100,-9.0,-9.0,-9.0,8.7,9.9,947,340,22.71,0,,,,,0,
NON_1433,36.38784092410357,127.32488602715955,대전광역시 유성구 하기동 598,2024,2,28,15,2,winter,0,2,2,2,0.0,2024-02-28,0,0,0,8,6.3,1637,2.16,-9.0,1200,-9.0,-9.0,-9.0,5.9,3.7,916,369,23.39,0,,,,,0,
NON_1434,36.39080963306958,127.40557416968295,대전광역시 유성구 문지동 667,2024,4,30,13,1,spring,0,1,1,1,0.0,2024-04-30,0,0,0,1632,16.6,1430,1.96,0.0,1100,-9.0,0.33,0.0,19.3,0.4,2331,1149,13.77,0,,,,,0,
NON_1435,36.38120683692183,127.32488136267658,대전광역시 유성구 죽동 648,2024,4,4,10,3,spring,0,1,2,2,0.0,2024-04-04,0,0,0,2335,13.4,1031,1.56,0.0,1000,0.0,0.8,0.0,14.2,0.2,2355,352,9.22,0,,,,,0,
NON_1436,36.350674433676076,127.32254605700508,대전광역시 유성구 구암동 337-1,2024,3,27,10,2,spring,0,1,1,1,0.0,2024-03-27,0,0,0,1639,10.2,1438,2.79,-9.0,1200,1.2,-9.0,-9.0,11.6,9.0,711,229,47.27,0,,,,,0,
NON_1437,36.396446292831364,127.31343980981516,대전광역시 유성구 외삼동 587,2024,3,25,10,0,spring,0,1,1,1,0.0,2024-03-25,0,0,0,2121,9.4,1033,1.45,6.8,1000,26.1,11.25,-9.0,10.0,0.0,12,362,48.28,0,,,,,0,
NON_1438,36.288468495945175,127.26540699006082,대전광역시 유성구 송정동 150-1,2025,2,19,15,2,winter,0,1,1,1,0.0,2025-02-19,0,0,0,1534,-1.6,1409,2.71,-9.0,1200,-9.0,-9.0,-9.0,1.5,10.1,2345,968,6.61,0,,,,,0,
NON_1439,36.355304332669654,127.33910231536869,대전광역시 유성구 봉명동 529,2024,3,27,10,2,spring,0,1,1,1,0.0,2024-03-27,0,0,0,1639,10.2,1438,2.79,-9.0,1200,1.2,-9.0,-9.0,11.6,9.0,711,526,36.94,0,,,,,0,
NON_1440,36.4171666742489,127.39221891969511,대전광역시 유성구 용산동 672,2024,7,5,10,4,summer,0,1,1,1,0.0,2024-07-05,0,0,0,121,25.8,1555,3.5,3.9,1100,-9.0,2.67,3.7,27.4,7.9,2128,745,19.43,0,,,,,0,
NON_1441,36.362643088459414,127.35727863227424,대전광역시 유성구 어은동 109,2024,7,22,14,0,summer,0,3,3,3,0.0,2024-07-22,0,0,0,2330,28.9,1240,2.46,-9.0,1200,0.0,-9.0,-9.0,29.3,2.8,113,1211,12.82,0,,,,,0,
NON_1442,36.41982804727819,127.38039313410523,대전광역시 유성구 덕진동 산 14-3,2024,2,29,12,3,winter,0,1,1,1,0.0,2024-02-29,0,0,0,2400,5.1,1247,0.6,0.2,1400,0.2,3.0,-9.0,5.5,0.0,49,553,12.93,0,,,,,0,
NON_1443,36.3592619625548,127.33375769999073,대전광역시 유성구 장대동 291,2024,3,25,8,0,spring,1,2,2,2,0.0,2024-03-25,0,0,0,2121,9.4,1033,1.45,6.8,1000,26.1,11.25,-9.0,10.0,0.0,12,361,19.8,0,,,,,0,
NON_1444,36.36006790807214,127.34024902688084,대전광역시 유성구 궁동 455,2024,3,15,7,4,spring,0,1,1,1,0.0,2024-03-15,0,0,0,1451,9.5,1609,3.06,-9.0,1200,-9.0,-9.0,-9.0,10.5,11.0,2301,892,12.52,0,,,,,0,
NON_1445,36.369131468590254,127.31788593207688,대전광역시 유성구 노은동 583,2024,3,25,9,0,spring,1,2,12,12,0.0,2024-03-25,0,0,0,2121,9.4,1033,1.45,6.8,1000,26.1,11.25,-9.0,10.0,0.0,12,359,31.92,0,,,,,0,
NON_1446,36.30467510674097,127.29453790075605,대전광역시 유성구 성북동 761,2024,9,20,15,4,autumn,0,1,1,1,0.0,2024-09-20,0,0,0,823,25.5,1,0.65,45.6,1300,148.6,13.0,12.9,26.6,0.0,1,680,29.07,0,,,,,0,
NON_1447,36.37089808197963,127.32661182588106,대전광역시 유성구 노은동 107-39,2024,3,23,8,5,spring,1,1,1,1,0.0,2024-03-23,0,0,0,1516,14.9,1457,3.14,0.3,1200,-9.0,2.25,-9.0,15.9,9.3,2254,328,15.13,1,,,,,0,
NON_1448,36.37781288212959,127.378022818467,대전광역시 유성구 가정동 20-13,2024,3,23,8,5,spring,1,1,1,1,0.0,2024-03-23,0,0,0,1516,14.9,1457,3.14,0.3,1200,-9.0,2.25,-9.0,15.9,9.3,2254,385,14.15,1,,,,,0,
NON_1449,36.344264486025565,127.42620499513902,대전광역시 동구 홍도동 16-35,2025,11,10,18,0,autumn,1,1,1,1,0.0,2025-11-10,0,0,0,352,8.9,1447,2.31,-9.0,1200,-9.0,-9.0,-9.0,8.0,9.6,906,950,36.85,0,,,,,0,
NON_1450,36.399165714126056,127.39853619423361,대전광역시 유성구 전민동 491-3,2024,3,23,7,5,spring,0,1,1,1,0.0,2024-03-23,0,0,0,1516,14.9,1457,3.14,0.3,1200,-9.0,2.25,-9.0,15.9,9.3,2254,617,15.59,1,,,,,0,
NON_1451,36.40026356361542,127.39912757612196,대전광역시 유성구 전민동 491-3,2024,3,23,7,5,spring,0,1,1,1,0.0,2024-03-23,0,0,0,1516,14.9,1457,3.14,0.3,1200,-9.0,2.25,-9.0,15.9,9.3,2254,617,15.59,1,,,,,0,
NON_1452,36.341431091902805,127.30561331715597,대전광역시 유성구 계산동 803-11,2024,3,1,6,4,spring,0,1,1,1,0.0,2024-03-01,0,0,0,1424,-2.2,1,2.91,-9.0,1200,-9.0,-9.0,-9.0,2.1,10.2,2239,1009,39.66,0,,,,,0,
NON_1453,36.349353268943084,127.33545357672263,대전광역시 유성구 상대동 556,2025,7,12,15,5,summer,0,1,1,1,0.0,2025-07-12,0,0,0,726,28.6,1550,3.54,-9.0,1200,-9.0,-9.0,-9.0,37.8,13.9,1,237,31.46,1,,,,,0,
NON_1454,36.366141278544745,127.33022240031302,대전광역시 유성구 장대동 116-10,2025,11,2,12,6,autumn,0,1,1,1,0.0,2025-11-02,0,0,0,1336,9.4,1106,2.11,2.1,1100,-9.0,1.25,-9.0,9.9,6.7,2344,452,5.24,1,,,,,0,
NON_1455,36.418665975615696,127.29511361452782,대전광역시 유성구 안산동 351-2,2024,3,15,15,4,spring,0,1,1,1,0.0,2024-03-15,0,0,0,1451,9.5,1609,3.06,-9.0,1200,-9.0,-9.0,-9.0,10.5,11.0,2301,890,29.18,0,,,,,0,
NON_1456,36.36064343609697,127.35223492170512,대전광역시 유성구 궁동 434,2024,12,11,13,2,winter,0,2,2,2,0.0,2024-12-11,0,0,0,2144,2.5,1546,1.35,-9.0,1200,-9.0,-9.0,-9.0,1.8,5.0,2325,444,31.38,0,,,,,0,
NON_1457,36.38499210523267,127.37893812326274,대전광역시 유성구 도룡동 409,2024,3,19,15,1,spring,0,2,2,2,0.0,2024-03-19,0,0,0,1123,7.2,1433,1.48,0.0,1100,0.0,4.08,-9.0,8.7,3.2,50,939,30.9,0,,,,,0,
NON_1458,36.37180413826212,127.324053598974,대전광역시 유성구 노은동 599,2024,3,22,16,4,spring,0,4,4,4,0.0,2024-03-22,0,0,0,1442,10.1,1324,2.8,4.1,1100,4.4,6.33,-9.0,9.9,5.9,117,673,29.78,0,,,,,0,
NON_1459,36.374481398720555,127.39508967219577,대전광역시 유성구 도룡동 8-59,2024,11,1,14,4,autumn,0,1,1,1,0.0,2024-11-01,0,0,0,1218,13.3,2316,0.54,1.6,1300,1.1,5.17,-9.0,13.9,0.0,857,528,12.05,0,,,,,0,
NON_1460,36.392746762626274,127.35881627353179,대전광역시 유성구 장동 132-4,2024,3,19,15,1,spring,0,1,1,1,0.0,2024-03-19,0,0,0,1123,7.2,1433,1.48,0.0,1100,0.0,4.08,-9.0,8.7,3.2,50,1106,18.94,0,,,,,0,
NON_1461,36.35885873487648,127.33151590228395,대전광역시 유성구 장대동 211-9,2024,4,23,14,1,spring,0,1,1,1,0.0,2024-04-23,0,0,0,1341,16.4,1357,3.45,0.0,1300,4.3,1.58,0.0,20.8,7.8,1,625,10.36,0,,,,,0,
NON_1462,36.381419011184164,127.3243001166033,대전광역시 유성구 죽동 636,2024,3,22,16,4,spring,0,2,2,2,0.0,2024-03-22,0,0,0,1442,10.1,1324,2.8,4.1,1100,4.4,6.33,-9.0,9.9,5.9,117,240,19.21,0,,,,,0,
NON_1463,36.35431985828205,127.33941383438639,대전광역시 유성구 봉명동 529,2024,3,27,10,2,spring,0,1,1,1,0.0,2024-03-27,0,0,0,1639,10.2,1438,2.79,-9.0,1200,1.2,-9.0,-9.0,11.6,9.0,711,526,36.94,0,,,,,0,
NON_1464,36.37445502093627,127.34095580385993,대전광역시 유성구 궁동 115,2024,11,27,13,2,autumn,0,1,1,1,0.0,2024-11-27,0,0,0,1200,2.3,1151,1.63,3.8,1300,3.9,13.75,-9.0,4.1,1.4,2207,462,23.1,0,,,,,0,
NON_1465,36.30158660294909,127.4519691746229,대전광역시 중구 옥계동 51-1,2025,11,9,12,6,autumn,0,1,1,1,0.0,2025-11-09,0,0,0,1345,13.7,1305,1.95,0.0,1300,-9.0,0.75,-9.0,13.0,6.8,1,270,13.85,1,,,,,0,
NON_1466,36.36282272452255,127.34040094863634,대전광역시 유성구 궁동 335-27,2024,6,26,9,2,summer,1,1,1,1,0.0,2024-06-26,0,0,0,1637,24.3,1616,3.49,-9.0,1200,-9.0,-9.0,-9.0,32.2,12.5,806,929,23.15,0,,,,,0,
NON_1467,36.37184994222387,127.32333729946653,대전광역시 유성구 노은동 599,2024,4,22,14,0,spring,0,1,1,7,0.0,2024-04-22,0,0,0,1623,17.4,1414,3.34,0.0,1200,-9.0,0.37,0.0,20.9,6.2,2217,444,19.19,0,,,,,0,
NON_1468,36.37681683913625,127.41092348769159,대전광역시 대덕구 읍내동 543-37,2025,10,30,19,3,autumn,1,1,1,1,0.0,2025-10-30,0,0,0,438,10.2,1356,1.69,-9.0,1200,-9.0,-9.0,-9.0,10.6,6.6,852,598,19.25,0,,,,,0,
NON_1469,36.36065241188417,127.3542853803588,대전광역시 유성구 어은동 311,2024,12,6,13,4,winter,0,2,2,2,0.0,2024-12-06,0,0,0,1501,4.0,1354,2.01,0.0,1200,-9.0,0.33,-9.0,4.0,5.8,2219,417,10.14,0,,,,,0,
NON_1470,36.34222023219981,127.42222314660866,대전광역시 동구 삼성동 480-1,2025,11,6,8,3,autumn,1,1,1,1,0.0,2025-11-06,0,0,0,1337,11.3,1438,2.13,-9.0,1200,-9.0,-9.0,-9.0,10.8,6.4,838,437,13.57,0,,,,,0,
NON_1471,36.40568663142641,127.40256602726666,대전광역시 유성구 전민동 841-6,2024,3,4,13,0,spring,0,1,1,1,0.0,2024-03-04,0,0,0,1729,6.7,1428,2.21,-9.0,1100,2.2,-9.0,-9.0,6.7,5.7,956,190,39.23,0,,,,,0,
NON_1472,36.38637281183841,127.32579306009461,대전광역시 유성구 하기동 598,2024,2,28,15,2,winter,0,3,3,3,0.0,2024-02-28,0,0,0,8,6.3,1637,2.16,-9.0,1200,-9.0,-9.0,-9.0,5.9,3.7,916,514,12.04,0,,,,,0,
NON_1473,36.37287989631608,127.32003565291903,대전광역시 유성구 지족동 965,2024,3,5,6,1,spring,0,2,2,2,0.0,2024-03-05,0,0,0,1830,5.9,1,0.29,2.5,1000,0.3,15.42,-9.0,5.8,0.0,208,423,46.81,0,,,,,0,
NON_1474,36.42666399960764,127.39015541778794,대전광역시 유성구 관평동 1286,2024,3,29,15,4,spring,0,1,2,4,0.0,2024-03-29,0,0,0,1336,9.3,1116,1.88,0.2,1000,0.2,2.92,-9.0,9.5,2.5,2359,764,41.82,0,,,,,0,
NON_1475,36.369731434161324,127.31778342718127,대전광역시 유성구 노은동 583,2024,2,28,9,2,winter,1,6,6,6,0.0,2024-02-28,0,0,0,8,6.3,1637,2.16,-9.0,1200,-9.0,-9.0,-9.0,5.9,3.7,916,813,14.06,0,,,,,0,
NON_1476,36.32485859616787,127.31826353404655,대전광역시 유성구 용계동 623,2024,10,28,10,0,autumn,0,1,1,1,0.0,2024-10-28,0,0,0,2246,14.8,1145,1.41,0.0,1100,0.0,1.17,0.0,15.4,0.4,2309,1068,10.9,0,,,,,0,
NON_1477,36.348607249143555,127.33767748764399,대전광역시 유성구 상대동 556,2024,7,23,10,1,summer,0,1,1,1,0.0,2024-07-23,0,0,0,49,27.2,1,0.67,3.9,1300,6.0,10.03,2.5,26.9,0.0,1006,324,24.38,0,,,,,0,
NON_1478,36.33964898690521,127.34333386003064,대전광역시 유성구 원신흥동 586,2024,12,11,10,2,winter,0,1,1,1,0.0,2024-12-11,0,0,0,2144,2.5,1546,1.35,-9.0,1200,-9.0,-9.0,-9.0,1.8,5.0,2325,893,6.89,0,,,,,0,
NON_1479,36.36270063776047,127.33747985881102,대전광역시 유성구 장대동 344,2024,3,22,14,4,spring,0,1,1,1,0.0,2024-03-22,0,0,0,1442,10.1,1324,2.8,4.1,1100,4.4,6.33,-9.0,9.9,5.9,117,378,33.93,0,,,,,0,
NON_1480,36.36916301478456,127.31835568378857,대전광역시 유성구 노은동 583,2024,3,25,9,0,spring,1,2,12,12,0.0,2024-03-25,0,0,0,2121,9.4,1033,1.45,6.8,1000,26.1,11.25,-9.0,10.0,0.0,12,359,31.92,0,,,,,0,
NON_1481,36.349262960420425,127.33675116446328,대전광역시 유성구 구암동 639,2025,11,2,9,6,autumn,1,1,1,1,0.0,2025-11-02,0,0,0,1336,9.4,1106,2.11,2.1,1100,-9.0,1.25,-9.0,9.9,6.7,2344,470,9.93,1,,,,,0,
NON_1482,36.36093000007218,127.35772708035388,대전광역시 유성구 어은동 262-1,2024,10,31,10,3,autumn,0,1,1,1,0.0,2024-10-31,0,0,0,1137,14.5,1406,2.42,-9.0,1200,0.6,-9.0,-9.0,13.8,8.9,858,470,27.32,0,,,,,0,
NON_1483,36.30177199237078,127.31480505492013,대전광역시 유성구 원내동 773,2024,7,23,10,1,summer,0,2,2,2,0.0,2024-07-23,0,0,0,49,27.2,1,0.67,3.9,1300,6.0,10.03,2.5,26.9,0.0,1006,319,34.35,0,,,,,0,
NON_1484,36.445001374945264,127.38594049342285,대전광역시 유성구 봉산동 714,2024,5,29,15,2,spring,0,1,1,1,0.0,2024-05-29,0,0,0,1248,20.9,1606,3.59,-9.0,1200,-9.0,-9.0,-9.0,26.3,13.3,849,928,6.2,0,,,,,0,
NON_1485,36.285615772255355,127.30980004812969,대전광역시 유성구 방동 19-25,2024,2,19,10,0,winter,0,2,2,2,0.0,2024-02-19,0,0,0,1349,9.8,1344,0.59,16.6,1300,1.2,13.83,-9.0,9.7,0.0,2253,274,33.33,0,,,,,0,
NON_1486,36.33627059428586,127.41909477203593,대전광역시 중구 선화동 903,2025,11,11,8,1,autumn,1,1,2,2,0.0,2025-11-11,0,0,0,1358,8.2,1509,2.21,-9.0,1100,-9.0,-9.0,-9.0,7.7,8.0,2220,732,21.0,0,,,,,0,
NON_1487,36.390504788145456,127.33253230936043,대전광역시 유성구 하기동 603,2024,4,4,10,3,spring,0,1,5,8,0.0,2024-04-04,0,0,0,2335,13.4,1031,1.56,0.0,1000,0.0,0.8,0.0,14.2,0.2,2355,1048,23.66,0,,,,,0,
NON_1488,36.371079007087744,127.31751353558013,대전광역시 유성구 노은동 583,2024,2,28,9,2,winter,1,6,6,6,0.0,2024-02-28,0,0,0,8,6.3,1637,2.16,-9.0,1200,-9.0,-9.0,-9.0,5.9,3.7,916,813,14.06,0,,,,,0,
NON_1489,36.3546489796512,127.3379752213133,대전광역시 유성구 봉명동 529,2024,8,5,10,0,summer,0,1,1,1,0.0,2024-08-05,0,0,0,1537,27.4,1354,2.94,34.3,1300,33.2,3.38,27.8,30.1,5.4,2231,779,43.35,0,,,,,0,
NON_1490,36.393774468350756,127.3441427634203,대전광역시 유성구 자운동 290-7,2024,2,14,13,2,winter,0,1,1,1,0.0,2024-02-14,0,0,0,1630,13.2,1441,1.57,0.0,1400,0.0,2.67,-9.0,10.8,2.8,11,847,30.79,0,,,,,0,
NON_1491,36.37093883094776,127.32754945822153,대전광역시 유성구 노은동 107-34,2024,3,23,8,5,spring,1,1,1,1,0.0,2024-03-23,0,0,0,1516,14.9,1457,3.14,0.3,1200,-9.0,2.25,-9.0,15.9,9.3,2254,358,5.62,1,,,,,0,
NON_1492,36.39160212153283,127.33018993499722,대전광역시 유성구 하기동 603,2024,3,20,5,2,spring,0,2,6,6,0.0,2024-03-20,0,0,0,259,4.6,1337,3.01,-9.0,1100,-9.0,-9.0,-9.0,8.7,9.9,947,340,22.71,0,,,,,0,
NON_1493,36.36922147976099,127.32315339915579,대전광역시 유성구 노은동 599,2024,3,23,6,5,spring,0,6,6,6,0.0,2024-03-23,0,0,0,1516,14.9,1457,3.14,0.3,1200,-9.0,2.25,-9.0,15.9,9.3,2254,264,28.6,1,,,,,0,
NON_1494,36.396670859017625,127.35435193871524,대전광역시 유성구 장동 363-7,2024,6,24,10,0,summer,0,1,1,1,0.0,2024-06-24,0,0,0,1111,25.3,1500,3.34,-9.0,1200,-9.0,-9.0,-9.0,30.1,8.1,2400,1135,30.36,0,,,,,0,
NON_1495,36.39315948070683,127.31211062211277,대전광역시 유성구 반석동 676,2024,3,25,15,0,spring,0,4,5,5,0.0,2024-03-25,0,0,0,2121,9.4,1033,1.45,6.8,1000,26.1,11.25,-9.0,10.0,0.0,12,486,23.57,0,,,,,0,
NON_1496,36.355728712404385,127.41656926128982,대전광역시 대덕구 오정동 108-26,2025,10,30,8,3,autumn,1,1,1,1,0.0,2025-10-30,0,0,0,438,10.2,1356,1.69,-9.0,1200,-9.0,-9.0,-9.0,10.6,6.6,852,680,11.17,0,,,,,0,
NON_1497,36.362617962455275,127.3566172540782,대전광역시 유성구 어은동 99,2024,2,28,9,2,winter,1,7,7,7,0.0,2024-02-28,0,0,0,8,6.3,1637,2.16,-9.0,1200,-9.0,-9.0,-9.0,5.9,3.7,916,304,36.65,0,,,,,0,
NON_1498,36.37154024727868,127.32149018455718,대전광역시 유성구 지족동 976,2024,4,22,14,0,spring,0,1,1,1,0.0,2024-04-22,0,0,0,1623,17.4,1414,3.34,0.0,1200,-9.0,0.37,0.0,20.9,6.2,2217,571,30.46,0,,,,,0,
NON_1499,36.39192692813424,127.31121139526152,대전광역시 유성구 반석동 676,2024,3,25,15,0,spring,0,3,4,4,0.0,2024-03-25,0,0,0,2121,9.4,1033,1.45,6.8,1000,26.1,11.25,-9.0,10.0,0.0,12,788,46.24,0,,,,,0,
NON_1500,36.38799636007867,127.36308894403814,대전광역시 유성구 장동 산 17-45,2024,3,25,14,0,spring,0,1,2,2,0.0,2024-03-25,0,0,0,2121,9.4,1033,1.45,6.8,1000,26.1,11.25,-9.0,10.0,0.0,12,867,9.27,0,,,,,0,
NON_1501,36.36262794241587,127.3564127046153,대전광역시 유성구 어은동 99,2024,2,28,9,2,winter,1,3,3,3,0.0,2024-02-28,0,0,0,8,6.3,1637,2.16,-9.0,1200,-9.0,-9.0,-9.0,5.9,3.7,916,591,24.47,0,,,,,0,
NON_1502,36.362904447730294,127.34590890792603,대전광역시 유성구 궁동 220,2025,1,20,13,0,winter,0,1,1,1,0.0,2025-01-20,0,0,0,1412,2.8,1427,1.59,-9.0,1400,-9.0,-9.0,-9.0,2.1,3.0,2343,567,15.77,0,,,,,0,
NON_1503,36.41605943622421,127.37857982182076,대전광역시 유성구 화암동 203-7,2024,6,20,10,3,summer,0,1,1,1,0.0,2024-06-20,0,0,0,1354,25.7,1457,2.67,-9.0,1400,-9.0,-9.0,-9.0,33.4,6.3,6,876,38.4,0,,,,,0,
NON_1504,36.41841211388385,127.37924844450127,대전광역시 유성구 덕진동 51-4,2024,5,30,15,3,spring,0,1,1,1,0.0,2024-05-30,0,0,0,2334,21.1,1156,2.03,-9.0,1100,-9.0,-9.0,-9.0,24.6,0.9,2,501,20.72,0,,,,,0,
NON_1505,36.39040492035537,127.40703403438359,대전광역시 유성구 문지동 667,2025,11,10,18,0,autumn,1,3,5,5,0.0,2025-11-10,0,0,0,352,8.9,1447,2.31,-9.0,1200,-9.0,-9.0,-9.0,8.0,9.6,906,492,19.4,0,,,,,0,
NON_1506,36.35881795357856,127.33795043730542,대전광역시 유성구 장대동 290,2024,8,1,9,3,summer,1,2,2,2,0.0,2024-08-01,0,0,0,1028,30.0,1448,2.84,-9.0,1300,-9.0,-9.0,-9.0,34.4,5.9,156,1056,12.95,0,,,,,0,
NON_1507,36.30935345653483,127.44314060563171,대전광역시 중구 석교동 102-7,2025,11,9,12,6,autumn,0,1,1,1,0.0,2025-11-09,0,0,0,1345,13.7,1305,1.95,0.0,1300,-9.0,0.75,-9.0,13.0,6.8,1,213,19.57,1,,,,,0,
NON_1508,36.36374674786871,127.34073435200602,대전광역시 유성구 궁동 352,2024,12,12,15,3,winter,0,1,1,1,0.0,2024-12-12,0,0,0,1320,1.2,1340,1.95,-9.0,1200,-9.0,-9.0,-9.0,0.6,6.7,934,447,20.38,0,,,,,0,
NON_1509,36.379975903681924,127.4072127694162,대전광역시 유성구 원촌동 90,2025,11,10,18,0,autumn,1,3,4,4,0.0,2025-11-10,0,0,0,352,8.9,1447,2.31,-9.0,1200,-9.0,-9.0,-9.0,8.0,9.6,906,292,15.54,0,,,,,0,
NON_1510,36.33630111175967,127.42023822775118,대전광역시 중구 선화동 920,2025,11,6,8,3,autumn,1,5,9,9,0.0,2025-11-06,0,0,0,1337,11.3,1438,2.13,-9.0,1200,-9.0,-9.0,-9.0,10.8,6.4,838,1109,11.21,0,,,,,0,
NON_1511,36.35981057113756,127.33475040938696,대전광역시 유성구 장대동 291,2024,3,25,7,0,spring,0,1,1,1,0.0,2024-03-25,0,0,0,2121,9.4,1033,1.45,6.8,1000,26.1,11.25,-9.0,10.0,0.0,12,456,39.01,0,,,,,0,
NON_1512,36.36924205596472,127.31940095713271,대전광역시 유성구 노은동 591,2024,3,7,9,3,spring,1,1,1,1,0.0,2024-03-07,0,0,0,1334,4.6,1424,2.2,0.0,1000,-9.0,0.5,-9.0,6.9,6.7,2356,925,9.77,0,,,,,0,
NON_1513,36.31248563124849,127.32059775090539,대전광역시 유성구 대정동 274,2024,3,17,6,6,spring,0,1,1,1,0.0,2024-03-17,0,0,0,1109,9.7,1337,2.64,0.0,1100,-9.0,0.42,-9.0,13.4,6.8,2359,463,14.11,1,,,,,0,
NON_1514,36.37388619488973,127.34058601655242,대전광역시 유성구 궁동 114-1,2024,6,19,15,2,summer,0,1,1,1,0.0,2024-06-19,0,0,0,1600,27.5,1550,3.46,-9.0,1200,-9.0,-9.0,-9.0,36.0,12.4,715,515,31.83,0,,,,,0,
NON_1515,36.42079252805197,127.38663518335478,대전광역시 유성구 관평동 673,2024,12,2,14,0,winter,0,2,2,2,0.0,2024-12-02,0,0,0,1712,8.3,1354,1.66,0.0,1100,0.0,0.45,-9.0,6.6,5.1,2313,902,17.24,0,,,,,0,
NON_1516,36.298553788926185,127.3157994412502,대전광역시 유성구 원내동 772,2024,7,23,10,1,summer,0,2,2,2,0.0,2024-07-23,0,0,0,49,27.2,1,0.67,3.9,1300,6.0,10.03,2.5,26.9,0.0,1006,627,30.37,0,,,,,0,
NON_1517,36.357057559993166,127.41643521995076,대전광역시 대덕구 오정동 728,2025,11,11,8,1,autumn,1,4,10,10,0.0,2025-11-11,0,0,0,1358,8.2,1509,2.21,-9.0,1100,-9.0,-9.0,-9.0,7.7,8.0,2220,931,9.28,0,,,,,0,
NON_1518,36.39271333400718,127.31316829099075,대전광역시 유성구 반석동 689,2024,3,15,15,4,spring,0,1,1,1,0.0,2024-03-15,0,0,0,1451,9.5,1609,3.06,-9.0,1200,-9.0,-9.0,-9.0,10.5,11.0,2301,446,17.3,0,,,,,0,
NON_1519,36.419918011153975,127.37941144136738,대전광역시 유성구 덕진동 산 14-3,2024,7,29,15,0,summer,0,1,1,1,0.0,2024-07-29,0,0,0,1131,28.6,1457,2.74,-9.0,1400,-9.0,-9.0,-9.0,32.0,5.6,36,428,6.71,0,,,,,0,
NON_1520,36.379646473772915,127.4079423793822,대전광역시 유성구 원촌동 45-12,2025,11,3,18,0,autumn,1,1,1,1,0.0,2025-11-03,0,0,0,54,7.0,1519,2.35,-9.0,1200,-9.0,-9.0,-9.0,7.3,9.7,856,802,9.02,0,,,,,0,
NON_1521,36.2913442493253,127.46261885779427,대전광역시 동구 대성동 396,2025,11,9,12,6,autumn,0,1,1,1,0.0,2025-11-09,0,0,0,1345,13.7,1305,1.95,0.0,1300,-9.0,0.75,-9.0,13.0,6.8,1,208,19.09,1,,,,,0,
NON_1522,36.385180276158245,127.37821493741473,대전광역시 유성구 도룡동 409,2024,3,19,15,1,spring,0,1,1,1,0.0,2024-03-19,0,0,0,1123,7.2,1433,1.48,0.0,1100,0.0,4.08,-9.0,8.7,3.2,50,1038,42.17,0,,,,,0,
NON_1523,36.34808862512372,127.42092797861939,대전광역시 대덕구 오정동 748-1,2025,10,31,19,4,autumn,1,1,1,1,0.0,2025-10-31,0,0,0,1240,12.6,1451,2.31,0.0,1200,0.2,0.17,0.0,12.7,7.5,1,669,24.24,0,,,,,0,
NON_1524,36.37373541829737,127.31981124040415,대전광역시 유성구 지족동 965,2024,4,5,8,4,spring,1,2,2,4,0.0,2024-04-05,0,0,0,28,13.3,1540,3.03,0.0,1300,0.0,0.5,0.0,14.6,6.1,921,877,32.84,0,,,,,0,
NON_1525,36.300238257093,127.31954518309391,대전광역시 유성구 원내동 738,2024,4,4,6,3,spring,0,1,1,1,0.0,2024-04-04,0,0,0,2335,13.4,1031,1.56,0.0,1000,0.0,0.8,0.0,14.2,0.2,2355,788,16.28,0,,,,,0,
NON_1526,36.331277942833026,127.33347045257736,대전광역시 유성구 용계동 688,2024,7,4,11,3,summer,0,2,2,2,0.0,2024-07-04,0,0,0,2250,28.1,1507,3.46,-9.0,1200,3.9,-9.0,-9.0,29.2,10.0,1,431,32.35,0,,,,,0,
NON_1527,36.34848913631598,127.33728269197556,대전광역시 유성구 상대동 556,2024,7,23,10,1,summer,0,3,3,3,0.0,2024-07-23,0,0,0,49,27.2,1,0.67,3.9,1300,6.0,10.03,2.5,26.9,0.0,1006,506,12.94,0,,,,,0,
NON_1528,36.37426447794299,127.3189894560436,대전광역시 유성구 지족동 965,2024,3,1,6,4,spring,0,1,1,1,0.0,2024-03-01,0,0,0,1424,-2.2,1,2.91,-9.0,1200,-9.0,-9.0,-9.0,2.1,10.2,2239,913,42.31,0,,,,,0,
NON_1529,36.393425088886175,127.3533227687931,대전광역시 유성구 신성동 549,2024,3,19,15,1,spring,0,1,1,1,0.0,2024-03-19,0,0,0,1123,7.2,1433,1.48,0.0,1100,0.0,4.08,-9.0,8.7,3.2,50,414,30.05,0,,,,,0,
NON_1530,36.35552914962526,127.34474833724538,대전광역시 유성구 봉명동 574,2024,3,16,7,5,spring,0,2,7,7,0.0,2024-03-16,0,0,0,1616,11.4,1456,2.99,0.0,1200,0.0,1.25,-9.0,12.9,8.8,236,695,5.71,1,,,,,0,
NON_1531,36.35424755033551,127.41717296674909,대전광역시 대덕구 오정동 728,2025,11,10,8,0,autumn,1,3,7,7,0.0,2025-11-10,0,0,0,352,8.9,1447,2.31,-9.0,1200,-9.0,-9.0,-9.0,8.0,9.6,906,639,19.47,0,,,,,0,
NON_1532,36.36551875471398,127.31735878376358,대전광역시 유성구 노은동 609,2024,3,22,13,4,spring,0,1,1,1,0.0,2024-03-22,0,0,0,1442,10.1,1324,2.8,4.1,1100,4.4,6.33,-9.0,9.9,5.9,117,332,29.45,0,,,,,0,
NON_1533,36.37907946451461,127.40925471424785,대전광역시 유성구 원촌동 269-10,2025,11,10,18,0,autumn,1,1,2,2,0.0,2025-11-10,0,0,0,352,8.9,1447,2.31,-9.0,1200,-9.0,-9.0,-9.0,8.0,9.6,906,448,11.52,0,,,,,0,
NON_1534,36.338086662480606,127.31646449780402,대전광역시 유성구 학하동 685-139,2024,9,8,15,6,autumn,0,1,1,1,0.0,2024-09-08,0,0,0,1556,27.6,1504,3.17,-9.0,1200,-9.0,-9.0,-9.0,34.8,10.4,755,610,24.66,1,,,,,0,
NON_1535,36.336803747301516,127.42023817836737,대전광역시 중구 선화동 920,2025,11,4,7,1,autumn,0,6,7,7,0.0,2025-11-04,0,0,0,1627,10.5,1504,2.27,-9.0,1200,-9.0,-9.0,-9.0,9.7,8.0,1,759,19.12,0,,,,,0,
NON_1536,36.41585956472083,127.40741889649546,대전광역시 유성구 탑립동 945,2024,3,27,13,2,spring,0,3,3,3,0.0,2024-03-27,0,0,0,1639,10.2,1438,2.79,-9.0,1200,1.2,-9.0,-9.0,11.6,9.0,711,298,46.13,0,,,,,0,
NON_1537,36.36097622896574,127.32838282659434,대전광역시 유성구 장대동 228-8,2024,3,19,10,1,spring,0,1,1,1,0.0,2024-03-19,0,0,0,1123,7.2,1433,1.48,0.0,1100,0.0,4.08,-9.0,8.7,3.2,50,969,7.82,0,,,,,0,
NON_1538,36.44362311461644,127.43398214178795,대전광역시 대덕구 신탄진동 272-2,2024,3,26,11,1,spring,0,6,6,6,0.0,2024-03-26,0,0,0,11,6.7,1523,1.95,19.5,1000,0.2,10.33,-9.0,9.5,3.0,2358,675,46.56,0,,,,,0,
NON_1539,36.39112436836338,127.36212159675517,대전광역시 유성구 장동 23-9,2024,3,25,15,0,spring,0,1,1,1,0.0,2024-03-25,0,0,0,2121,9.4,1033,1.45,6.8,1000,26.1,11.25,-9.0,10.0,0.0,12,769,16.73,0,,,,,0,
NON_1540,36.36231865721758,127.34260358131267,대전광역시 유성구 궁동 254-3,2024,11,6,15,2,autumn,0,1,1,1,0.0,2024-11-06,0,0,0,1323,7.3,1416,2.36,-9.0,1200,-9.0,-9.0,-9.0,7.4,9.6,2323,982,18.95,0,,,,,0,
NON_1541,36.38645795344756,127.36242824797513,대전광역시 유성구 장동 산 17-45,2024,2,28,12,2,winter,0,1,1,1,0.0,2024-02-28,0,0,0,8,6.3,1637,2.16,-9.0,1200,-9.0,-9.0,-9.0,5.9,3.7,916,561,19.25,0,,,,,0,
NON_1542,36.35030006595429,127.36779644899026,대전광역시 서구 갈마동 690,2025,11,6,19,3,autumn,1,1,1,1,0.0,2025-11-06,0,0,0,1337,11.3,1438,2.13,-9.0,1200,-9.0,-9.0,-9.0,10.8,6.4,838,964,34.88,0,,,,,0,
NON_1543,36.363477712149106,127.34066038770749,대전광역시 유성구 장대동 377,2024,10,29,9,1,autumn,1,1,1,1,0.0,2024-10-29,0,0,0,1054,14.9,1532,1.88,0.0,1100,0.0,0.58,0.0,15.2,3.1,2259,653,41.38,0,,,,,0,
NON_1544,36.458010855030935,127.38994990658323,대전광역시 유성구 금고동 산 21,2024,3,27,15,2,spring,0,1,1,1,0.0,2024-03-27,0,0,0,1639,10.2,1438,2.79,-9.0,1200,1.2,-9.0,-9.0,11.6,9.0,711,395,39.79,0,,,,,0,
NON_1545,36.36151127111311,127.35703890104989,대전광역시 유성구 어은동 59-12,2024,3,16,8,5,spring,1,1,1,1,0.0,2024-03-16,0,0,0,1616,11.4,1456,2.99,0.0,1200,0.0,1.25,-9.0,12.9,8.8,236,338,8.13,1,,,,,0,
NON_1546,36.39905381165614,127.39513930641571,대전광역시 유성구 전민동 816-1,2024,3,19,15,1,spring,0,1,1,1,0.0,2024-03-19,0,0,0,1123,7.2,1433,1.48,0.0,1100,0.0,4.08,-9.0,8.7,3.2,50,1122,41.81,0,,,,,0,
NON_1547,36.40524093293578,127.40223711658805,대전광역시 유성구 전민동 산 5-15,2024,3,4,13,0,spring,0,1,1,1,0.0,2024-03-04,0,0,0,1729,6.7,1428,2.21,-9.0,1100,2.2,-9.0,-9.0,6.7,5.7,956,262,7.47,0,,,,,0,
NON_1548,36.30697175669486,127.44738825041237,대전광역시 중구 석교동 102-7,2025,11,9,12,6,autumn,0,4,4,4,0.0,2025-11-09,0,0,0,1345,13.7,1305,1.95,0.0,1300,-9.0,0.75,-9.0,13.0,6.8,1,380,22.22,1,,,,,0,
NON_1549,36.39683990408572,127.35453537578564,대전광역시 유성구 장동 363-7,2024,6,24,10,0,summer,0,1,1,1,0.0,2024-06-24,0,0,0,1111,25.3,1500,3.34,-9.0,1200,-9.0,-9.0,-9.0,30.1,8.1,2400,1135,30.36,0,,,,,0,
NON_1550,36.359211333922126,127.34033432361566,대전광역시 유성구 장대동 374,2024,3,22,8,4,spring,1,1,1,1,0.0,2024-03-22,0,0,0,1442,10.1,1324,2.8,4.1,1100,4.4,6.33,-9.0,9.9,5.9,117,337,43.71,0,,,,,0,
NON_1551,36.37463653870257,127.41509686239016,대전광역시 대덕구 읍내동 543-1,2025,11,5,8,2,autumn,1,3,3,3,0.0,2025-11-05,0,0,0,1630,10.4,1502,2.04,-9.0,1200,-9.0,-9.0,-9.0,10.3,7.3,921,693,6.67,0,,,,,0,
NON_1552,36.395420102013134,127.31302188682285,대전광역시 유성구 반석동 685,2025,1,13,16,0,winter,0,1,1,1,0.0,2025-01-13,0,0,0,1242,1.1,1532,1.96,-9.0,1200,0.1,-9.0,-9.0,-0.2,7.8,1008,194,22.84,0,,,,,0,
NON_1553,36.32120323503242,127.43888472652938,대전광역시 동구 인동 352,2025,11,9,15,6,autumn,0,1,1,1,0.0,2025-11-09,0,0,0,1345,13.7,1305,1.95,0.0,1300,-9.0,0.75,-9.0,13.0,6.8,1,500,12.99,1,,,,,0,
NON_1554,36.311023049736896,127.31983951139982,대전광역시 유성구 대정동 274,2024,3,17,6,6,spring,0,1,1,1,0.0,2024-03-17,0,0,0,1109,9.7,1337,2.64,0.0,1100,-9.0,0.42,-9.0,13.4,6.8,2359,463,14.11,1,,,,,0,
NON_1555,36.38565556031001,127.37400818389686,대전광역시 유성구 도룡동 404-2,2024,3,19,15,1,spring,0,1,1,1,0.0,2024-03-19,0,0,0,1123,7.2,1433,1.48,0.0,1100,0.0,4.08,-9.0,8.7,3.2,50,1015,20.2,0,,,,,0,
NON_1556,36.38367814497149,127.32297870514562,대전광역시 유성구 죽동 630,2024,2,28,15,2,winter,0,3,3,3,0.0,2024-02-28,0,0,0,8,6.3,1637,2.16,-9.0,1200,-9.0,-9.0,-9.0,5.9,3.7,916,651,37.0,0,,,,,0,
NON_1557,36.34826775296542,127.33640792854685,대전광역시 유성구 상대동 556,2024,7,23,10,1,summer,0,4,4,4,0.0,2024-07-23,0,0,0,49,27.2,1,0.67,3.9,1300,6.0,10.03,2.5,26.9,0.0,1006,445,22.22,0,,,,,0,
NON_1558,36.36776485210057,127.41480774824578,대전광역시 대덕구 대화동 37-9,2025,11,11,8,1,autumn,1,1,1,1,0.0,2025-11-11,0,0,0,1358,8.2,1509,2.21,-9.0,1100,-9.0,-9.0,-9.0,7.7,8.0,2220,989,38.91,0,,,,,0,
NON_1559,36.34895212964565,127.32669995285575,대전광역시 유성구 상대동 556,2024,7,23,10,1,summer,0,8,8,8,0.0,2024-07-23,0,0,0,49,27.2,1,0.67,3.9,1300,6.0,10.03,2.5,26.9,0.0,1006,557,45.15,0,,,,,0,
NON_1560,36.36035146097555,127.30675982146057,대전광역시 유성구 구암동 661-1,2025,11,2,12,6,autumn,0,1,1,1,0.0,2025-11-02,0,0,0,1336,9.4,1106,2.11,2.1,1100,-9.0,1.25,-9.0,9.9,6.7,2344,221,18.86,1,,,,,0,
NON_1561,36.348732564000244,127.42104101675386,대전광역시 대덕구 오정동 748-1,2025,10,31,19,4,autumn,1,1,1,1,0.0,2025-10-31,0,0,0,1240,12.6,1451,2.31,0.0,1200,0.2,0.17,0.0,12.7,7.5,1,669,24.24,0,,,,,0,
NON_1562,36.404872758908255,127.40383739231875,대전광역시 유성구 전민동 791-19,2024,3,19,14,1,spring,0,1,1,1,0.0,2024-03-19,0,0,0,1123,7.2,1433,1.48,0.0,1100,0.0,4.08,-9.0,8.7,3.2,50,828,27.85,0,,,,,0,
NON_1563,36.362917802365125,127.35576636899482,대전광역시 유성구 어은동 99,2024,2,28,9,2,winter,1,6,6,6,0.0,2024-02-28,0,0,0,8,6.3,1637,2.16,-9.0,1200,-9.0,-9.0,-9.0,5.9,3.7,916,549,9.75,0,,,,,0,
NON_1564,36.36525906691184,127.31847462554562,대전광역시 유성구 노은동 611,2024,3,19,10,1,spring,0,1,1,1,0.0,2024-03-19,0,0,0,1123,7.2,1433,1.48,0.0,1100,0.0,4.08,-9.0,8.7,3.2,50,813,22.32,0,,,,,0,
NON_1565,36.35626288408699,127.33654324323015,대전광역시 유성구 봉명동 496-16,2024,4,4,13,3,spring,0,1,1,1,0.0,2024-04-04,0,0,0,2335,13.4,1031,1.56,0.0,1000,0.0,0.8,0.0,14.2,0.2,2355,1113,25.41,0,,,,,0,
NON_1566,36.44625137837904,127.42967394313813,대전광역시 대덕구 신탄진동 733,2024,3,26,11,1,spring,0,1,1,1,0.0,2024-03-26,0,0,0,11,6.7,1523,1.95,19.5,1000,0.2,10.33,-9.0,9.5,3.0,2358,385,15.44,0,,,,,0,
NON_1567,36.40234836151163,127.40443906358824,대전광역시 유성구 전민동 464-3,2024,4,9,14,1,spring,0,1,5,5,0.0,2024-04-09,0,0,0,959,15.3,1620,3.32,-9.0,1200,-9.0,-9.0,-9.0,19.1,11.3,2352,893,17.48,0,,,,,0,
NON_1568,36.41905271882464,127.405478381976,대전광역시 유성구 탑립동 709,2024,3,27,14,2,spring,0,2,2,2,0.0,2024-03-27,0,0,0,1639,10.2,1438,2.79,-9.0,1200,1.2,-9.0,-9.0,11.6,9.0,711,551,29.9,0,,,,,0,
NON_1569,36.3530111104451,127.33352105614692,대전광역시 유성구 구암동 636,2024,3,23,7,5,spring,0,1,1,1,0.0,2024-03-23,0,0,0,1516,14.9,1457,3.14,0.3,1200,-9.0,2.25,-9.0,15.9,9.3,2254,429,25.34,1,,,,,0,
NON_1570,36.36713182743098,127.32212294497829,대전광역시 유성구 노은동 612,2024,3,26,9,1,spring,1,2,2,2,0.0,2024-03-26,0,0,0,11,6.7,1523,1.95,19.5,1000,0.2,10.33,-9.0,9.5,3.0,2358,280,7.28,0,,,,,0,
NON_1571,36.36241566576623,127.3413201355224,대전광역시 유성구 궁동 351,2024,6,20,9,3,summer,1,1,1,2,0.0,2024-06-20,0,0,0,1354,25.7,1457,2.67,-9.0,1400,-9.0,-9.0,-9.0,33.4,6.3,6,321,27.44,0,,,,,0,
NON_1572,36.39866688194299,127.31414008732602,대전광역시 유성구 외삼동 577,2024,3,20,9,2,spring,1,2,4,4,0.0,2024-03-20,0,0,0,259,4.6,1337,3.01,-9.0,1100,-9.0,-9.0,-9.0,8.7,9.9,947,1046,16.36,0,,,,,0,
NON_1573,36.35523048356784,127.34293330949527,대전광역시 유성구 봉명동 574-2,2024,3,5,16,1,spring,0,1,1,1,0.0,2024-03-05,0,0,0,1830,5.9,1,0.29,2.5,1000,0.3,15.42,-9.0,5.8,0.0,208,219,30.01,0,,,,,0,
NON_1574,36.37517786773926,127.32630313896328,대전광역시 유성구 노은동 138-45,2024,3,23,8,5,spring,1,1,1,1,0.0,2024-03-23,0,0,0,1516,14.9,1457,3.14,0.3,1200,-9.0,2.25,-9.0,15.9,9.3,2254,712,29.72,1,,,,,0,
NON_1575,36.36351184073375,127.31507433748082,대전광역시 유성구 노은동 557-6,2024,3,25,14,0,spring,0,1,1,1,0.0,2024-03-25,0,0,0,2121,9.4,1033,1.45,6.8,1000,26.1,11.25,-9.0,10.0,0.0,12,630,28.06,0,,,,,0,
NON_1576,36.36219142515678,127.39570853923665,대전광역시 서구 둔산동 1514,2025,11,2,12,6,autumn,0,2,2,2,0.0,2025-11-02,0,0,0,1336,9.4,1106,2.11,2.1,1100,-9.0,1.25,-9.0,9.9,6.7,2344,358,16.03,1,,,,,0,
NON_1577,36.38705209250178,127.31822482574631,대전광역시 유성구 지족동 1005,2025,1,17,15,4,winter,0,1,1,1,0.0,2025-01-17,0,0,0,1609,1.3,1551,2.02,-9.0,1200,-9.0,-9.0,-9.0,1.9,8.6,942,1210,30.05,0,,,,,0,
NON_1578,36.418869726036185,127.38038817085756,대전광역시 유성구 덕진동 산 14-3,2024,7,29,15,0,summer,0,1,1,1,0.0,2024-07-29,0,0,0,1131,28.6,1457,2.74,-9.0,1400,-9.0,-9.0,-9.0,32.0,5.6,36,428,6.71,0,,,,,0,
NON_1579,36.35521478892131,127.4167783845905,대전광역시 대덕구 오정동 686-5,2025,11,10,18,0,autumn,1,2,2,2,0.0,2025-11-10,0,0,0,352,8.9,1447,2.31,-9.0,1200,-9.0,-9.0,-9.0,8.0,9.6,906,1072,14.98,0,,,,,0,
NON_1580,36.355634285120914,127.34136475143991,대전광역시 유성구 봉명동 574-1,2024,3,19,8,1,spring,1,1,1,1,0.0,2024-03-19,0,0,0,1123,7.2,1433,1.48,0.0,1100,0.0,4.08,-9.0,8.7,3.2,50,901,18.26,0,,,,,0,
NON_1581,36.311076133860816,127.29010995539359,대전광역시 유성구 성북동 731-11,2024,12,13,14,4,winter,0,1,1,1,0.0,2024-12-13,0,0,0,1254,0.6,1235,0.74,0.0,1000,0.0,1.5,-9.0,0.9,0.3,226,694,34.76,0,,,,,0,
NON_1582,36.44187029627051,127.42824062130359,대전광역시 대덕구 덕암동 31,2024,3,26,10,1,spring,0,1,1,1,0.0,2024-03-26,0,0,0,11,6.7,1523,1.95,19.5,1000,0.2,10.33,-9.0,9.5,3.0,2358,589,29.18,0,,,,,0,
NON_1583,36.340481607636235,127.42217442404765,대전광역시 동구 삼성동 458,2025,11,11,8,1,autumn,1,3,4,4,0.0,2025-11-11,0,0,0,1358,8.2,1509,2.21,-9.0,1100,-9.0,-9.0,-9.0,7.7,8.0,2220,351,13.62,0,,,,,0,
NON_1584,36.44290246974948,127.4289427745785,대전광역시 대덕구 덕암동 31,2024,3,26,10,1,spring,0,1,1,1,0.0,2024-03-26,0,0,0,11,6.7,1523,1.95,19.5,1000,0.2,10.33,-9.0,9.5,3.0,2358,589,29.18,0,,,,,0,
NON_1585,36.346339570410414,127.34038777421777,대전광역시 유성구 상대동 498,2025,1,23,14,3,winter,0,1,1,1,0.0,2025-01-23,0,0,0,1854,2.9,1543,1.98,-9.0,1200,-9.0,-9.0,-9.0,3.1,8.5,922,966,26.25,0,,,,,0,
NON_1586,36.37421777906088,127.41487786501561,대전광역시 대덕구 대화동 90-1,2025,11,7,8,4,autumn,1,1,1,1,0.0,2025-11-07,0,0,0,2128,13.3,1516,2.17,-9.0,1200,-9.0,-9.0,-9.0,11.9,6.3,811,966,41.73,0,,,,,0,
NON_1587,36.426123972662346,127.38463452339386,대전광역시 유성구 송강동 513,2024,2,29,12,3,winter,0,1,1,1,0.0,2024-02-29,0,0,0,2400,5.1,1247,0.6,0.2,1400,0.2,3.0,-9.0,5.5,0.0,49,751,38.74,0,,,,,0,
NON_1588,36.37653761089246,127.41242153899688,대전광역시 대덕구 읍내동 509-9,2025,11,10,18,0,autumn,1,1,2,2,0.0,2025-11-10,0,0,0,352,8.9,1447,2.31,-9.0,1200,-9.0,-9.0,-9.0,8.0,9.6,906,543,39.69,0,,,,,0,
NON_1589,36.4213256452536,127.38689306827601,대전광역시 유성구 관평동 673,2024,12,2,14,0,winter,0,3,3,3,0.0,2024-12-02,0,0,0,1712,8.3,1354,1.66,0.0,1100,0.0,0.45,-9.0,6.6,5.1,2313,1037,26.88,0,,,,,0,
NON_1590,36.37521501962236,127.3299264131181,대전광역시 유성구 죽동 552-39,2024,4,22,14,0,spring,0,1,1,1,0.0,2024-04-22,0,0,0,1623,17.4,1414,3.34,0.0,1200,-9.0,0.37,0.0,20.9,6.2,2217,526,16.52,0,,,,,0,
NON_1591,36.36521870175684,127.33692518410163,대전광역시 유성구 장대동 302,2024,3,26,8,1,spring,1,1,1,1,0.0,2024-03-26,0,0,0,11,6.7,1523,1.95,19.5,1000,0.2,10.33,-9.0,9.5,3.0,2358,628,18.84,0,,,,,0,
NON_1592,36.41921706890823,127.40719397084753,대전광역시 유성구 탑립동 709,2024,3,27,13,2,spring,0,1,1,1,0.0,2024-03-27,0,0,0,1639,10.2,1438,2.79,-9.0,1200,1.2,-9.0,-9.0,11.6,9.0,711,802,34.86,0,,,,,0,
NON_1593,36.389845735959526,127.40465492331143,대전광역시 유성구 문지동 667,2025,11,3,10,0,autumn,0,2,2,2,0.0,2025-11-03,0,0,0,54,7.0,1519,2.35,-9.0,1200,-9.0,-9.0,-9.0,7.3,9.7,856,576,19.78,0,,,,,0,
NON_1594,36.320246952543094,127.41424774957801,대전광역시 중구 문화동 1-18,2025,10,25,15,5,autumn,0,1,1,1,0.0,2025-10-25,0,0,0,1704,14.3,1408,1.57,-9.0,1200,0.0,-9.0,-9.0,15.4,2.4,1,275,8.45,1,,,,,0,
NON_1595,36.394491342964336,127.40718450928692,대전광역시 유성구 문지동 636-5,2024,1,23,13,1,winter,0,1,1,1,0.0,2024-01-23,0,0,0,1454,-9.2,1240,1.64,0.1,1100,0.1,12.75,-9.0,-3.3,4.1,239,326,27.95,0,,,,,0,
NON_1596,36.34093442444674,127.30626224829494,대전광역시 유성구 학하동 793,2024,3,23,6,5,spring,0,1,1,1,0.0,2024-03-23,0,0,0,1516,14.9,1457,3.14,0.3,1200,-9.0,2.25,-9.0,15.9,9.3,2254,655,17.69,1,,,,,0,
NON_1597,36.415342307845656,127.29866504055114,대전광역시 유성구 안산동 284-1,2024,3,20,10,2,spring,0,2,2,2,0.0,2024-03-20,0,0,0,259,4.6,1337,3.01,-9.0,1100,-9.0,-9.0,-9.0,8.7,9.9,947,940,27.25,0,,,,,0,
NON_1598,36.30514418686006,127.32021019908747,대전광역시 유성구 교촌동 652,2024,7,23,10,1,summer,0,2,2,2,0.0,2024-07-23,0,0,0,49,27.2,1,0.67,3.9,1300,6.0,10.03,2.5,26.9,0.0,1006,662,17.56,0,,,,,0,
NON_1599,36.31033006590934,127.30783483183176,대전광역시 유성구 교촌동 422-1,2024,4,4,10,3,spring,0,1,1,1,0.0,2024-04-04,0,0,0,2335,13.4,1031,1.56,0.0,1000,0.0,0.8,0.0,14.2,0.2,2355,290,10.92,0,,,,,0,
NON_1600,36.37153234939278,127.32365807179657,대전광역시 유성구 노은동 599,2024,4,22,14,0,spring,0,1,1,7,0.0,2024-04-22,0,0,0,1623,17.4,1414,3.34,0.0,1200,-9.0,0.37,0.0,20.9,6.2,2217,444,19.19,0,,,,,0,
NON_1601,36.35996216505557,127.35150621090438,대전광역시 유성구 궁동 434,2024,12,11,13,2,winter,0,2,2,2,0.0,2024-12-11,0,0,0,2144,2.5,1546,1.35,-9.0,1200,-9.0,-9.0,-9.0,1.8,5.0,2325,444,31.38,0,,,,,0,
NON_1602,36.44260787791654,127.4290605684591,대전광역시 대덕구 덕암동 31,2024,3,26,10,1,spring,0,1,1,1,0.0,2024-03-26,0,0,0,11,6.7,1523,1.95,19.5,1000,0.2,10.33,-9.0,9.5,3.0,2358,589,29.18,0,,,,,0,
NON_1603,36.36654846381877,127.33330367124425,대전광역시 유성구 장대동 121-2,2024,3,19,10,1,spring,0,1,1,1,0.0,2024-03-19,0,0,0,1123,7.2,1433,1.48,0.0,1100,0.0,4.08,-9.0,8.7,3.2,50,1052,41.55,0,,,,,0,
NON_1604,36.367250742509576,127.31860078339304,대전광역시 유성구 노은동 612,2024,3,26,14,1,spring,0,3,3,3,0.0,2024-03-26,0,0,0,11,6.7,1523,1.95,19.5,1000,0.2,10.33,-9.0,9.5,3.0,2358,269,26.99,0,,,,,0,
NON_1605,36.363123404435804,127.35602505686748,대전광역시 유성구 어은동 109,2024,7,22,14,0,summer,0,3,3,3,0.0,2024-07-22,0,0,0,2330,28.9,1240,2.46,-9.0,1200,0.0,-9.0,-9.0,29.3,2.8,113,1211,12.82,0,,,,,0,
NON_1606,36.36743959088922,127.41357108473804,대전광역시 대덕구 대화동 38-39,2025,11,11,8,1,autumn,1,1,1,1,0.0,2025-11-11,0,0,0,1358,8.2,1509,2.21,-9.0,1100,-9.0,-9.0,-9.0,7.7,8.0,2220,332,7.6,0,,,,,0,
NON_1607,36.425305872101326,127.38945014166625,대전광역시 유성구 관평동 1291,2024,7,5,10,4,summer,0,1,1,1,0.0,2024-07-05,0,0,0,121,25.8,1555,3.5,3.9,1100,-9.0,2.67,3.7,27.4,7.9,2128,888,14.88,0,,,,,0,
NON_1608,36.31527238626607,127.28501772315167,대전광역시 유성구 성북동 663-3,2024,2,19,10,0,winter,0,1,1,1,0.0,2024-02-19,0,0,0,1349,9.8,1344,0.59,16.6,1300,1.2,13.83,-9.0,9.7,0.0,2253,575,37.34,0,,,,,0,
NON_1609,36.37842502230196,127.41023600578364,대전광역시 대덕구 읍내동 505-3,2025,11,11,8,1,autumn,1,1,2,2,0.0,2025-11-11,0,0,0,1358,8.2,1509,2.21,-9.0,1100,-9.0,-9.0,-9.0,7.7,8.0,2220,992,35.41,0,,,,,0,
NON_1610,36.36953584703149,127.41971152523372,대전광역시 대덕구 읍내동 543-13,2025,11,5,8,2,autumn,1,1,1,1,0.0,2025-11-05,0,0,0,1630,10.4,1502,2.04,-9.0,1200,-9.0,-9.0,-9.0,10.3,7.3,921,509,34.88,0,,,,,0,
NON_1611,36.3938029819119,127.3123611168044,대전광역시 유성구 반석동 689,2024,3,22,16,4,spring,0,1,2,2,0.0,2024-03-22,0,0,0,1442,10.1,1324,2.8,4.1,1100,4.4,6.33,-9.0,9.9,5.9,117,248,40.63,0,,,,,0,
NON_1612,36.398786419346685,127.31437254621815,대전광역시 유성구 외삼동 577,2024,3,20,10,2,spring,0,3,5,5,0.0,2024-03-20,0,0,0,259,4.6,1337,3.01,-9.0,1100,-9.0,-9.0,-9.0,8.7,9.9,947,623,28.58,0,,,,,0,
NON_1613,36.39908892605423,127.39937780173578,대전광역시 유성구 전민동 491-3,2024,3,23,7,5,spring,0,1,1,1,0.0,2024-03-23,0,0,0,1516,14.9,1457,3.14,0.3,1200,-9.0,2.25,-9.0,15.9,9.3,2254,617,15.59,1,,,,,0,
NON_1614,36.32142445352843,127.437755693223,대전광역시 동구 인동 352,2025,11,9,15,6,autumn,0,1,1,1,0.0,2025-11-09,0,0,0,1345,13.7,1305,1.95,0.0,1300,-9.0,0.75,-9.0,13.0,6.8,1,500,12.99,1,,,,,0,
NON_1615,36.33533232083778,127.42047690536057,대전광역시 중구 선화동 920,2025,11,4,7,1,autumn,0,6,7,7,0.0,2025-11-04,0,0,0,1627,10.5,1504,2.27,-9.0,1200,-9.0,-9.0,-9.0,9.7,8.0,1,759,19.12,0,,,,,0,
NON_1616,36.42389762055923,127.29485538165521,세종특별자치시 금남면 두만리 52-8,2024,3,15,14,4,spring,0,1,1,1,0.0,2024-03-15,0,0,0,1451,9.5,1609,3.06,-9.0,1200,-9.0,-9.0,-9.0,10.5,11.0,2301,848,18.58,0,,,,,0,
NON_1617,36.42207279327944,127.40559515646471,대전광역시 유성구 용산동 605,2024,12,13,10,4,winter,0,1,1,1,0.0,2024-12-13,0,0,0,1254,0.6,1235,0.74,0.0,1000,0.0,1.5,-9.0,0.9,0.3,226,327,36.8,0,,,,,0,
NON_1618,36.40162214329262,127.36444162633259,대전광역시 유성구 장동 12-16,2024,3,6,12,2,spring,0,4,4,4,0.0,2024-03-06,0,0,0,2315,7.0,1522,2.15,-9.0,1200,0.0,-9.0,-9.0,7.2,5.8,2358,745,18.01,0,,,,,0,
NON_1619,36.39127607249563,127.33074206572815,대전광역시 유성구 하기동 603,2024,3,20,5,2,spring,0,2,6,6,0.0,2024-03-20,0,0,0,259,4.6,1337,3.01,-9.0,1100,-9.0,-9.0,-9.0,8.7,9.9,947,340,22.71,0,,,,,0,
NON_1620,36.34231417913924,127.3046686857756,대전광역시 유성구 계산동 803-11,2024,3,1,6,4,spring,0,1,1,1,0.0,2024-03-01,0,0,0,1424,-2.2,1,2.91,-9.0,1200,-9.0,-9.0,-9.0,2.1,10.2,2239,1009,39.66,0,,,,,0,
NON_1621,36.36009347469983,127.33868197232933,대전광역시 유성구 장대동 373,2024,3,16,7,5,spring,0,1,3,4,0.0,2024-03-16,0,0,0,1616,11.4,1456,2.99,0.0,1200,0.0,1.25,-9.0,12.9,8.8,236,185,29.8,1,,,,,0,
NON_1622,36.35905963867188,127.32252368597884,대전광역시 유성구 장대동 258-5,2024,10,29,11,1,autumn,0,1,1,1,0.0,2024-10-29,0,0,0,1054,14.9,1532,1.88,0.0,1100,0.0,0.58,0.0,15.2,3.1,2259,320,35.4,0,,,,,0,
NON_1623,36.35766378581782,127.34039462889591,대전광역시 유성구 봉명동 531,2024,4,5,9,4,spring,1,1,1,1,0.0,2024-04-05,0,0,0,28,13.3,1540,3.03,0.0,1300,0.0,0.5,0.0,14.6,6.1,921,879,36.86,0,,,,,0,
NON_1624,36.34154621142066,127.42214522098398,대전광역시 동구 삼성동 458,2025,11,11,8,1,autumn,1,3,4,4,0.0,2025-11-11,0,0,0,1358,8.2,1509,2.21,-9.0,1100,-9.0,-9.0,-9.0,7.7,8.0,2220,351,13.62,0,,,,,0,
NON_1625,36.36991324782177,127.32769846029774,대전광역시 유성구 노은동 112-17,2024,3,16,8,5,spring,1,1,1,1,0.0,2024-03-16,0,0,0,1616,11.4,1456,2.99,0.0,1200,0.0,1.25,-9.0,12.9,8.8,236,492,12.48,1,,,,,0,
NON_1626,36.35912737512699,127.3047851166118,대전광역시 유성구 덕명동 570,2024,5,9,11,3,spring,0,1,1,2,0.0,2024-05-09,0,0,0,1232,15.6,1506,3.46,-9.0,1200,-9.0,-9.0,-9.0,19.0,12.8,638,948,34.71,0,,,,,0,
NON_1627,36.311119420746785,127.31997499619138,대전광역시 유성구 대정동 274,2024,3,17,6,6,spring,0,4,4,4,0.0,2024-03-17,0,0,0,1109,9.7,1337,2.64,0.0,1100,-9.0,0.42,-9.0,13.4,6.8,2359,740,24.06,1,,,,,0,
NON_1628,36.366214429810384,127.33179570759013,대전광역시 유성구 장대동 17-4,2024,3,25,6,0,spring,0,1,1,2,0.0,2024-03-25,0,0,0,2121,9.4,1033,1.45,6.8,1000,26.1,11.25,-9.0,10.0,0.0,12,319,47.31,0,,,,,0,
NON_1629,36.29370709348031,127.29977734230965,대전광역시 유성구 성북동 731-6,2024,12,13,14,4,winter,0,1,1,1,0.0,2024-12-13,0,0,0,1254,0.6,1235,0.74,0.0,1000,0.0,1.5,-9.0,0.9,0.3,226,716,35.93,0,,,,,0,
NON_1630,36.4068389530082,127.4016343890819,대전광역시 유성구 전민동 산 5-15,2024,3,4,14,0,spring,0,2,2,2,0.0,2024-03-04,0,0,0,1729,6.7,1428,2.21,-9.0,1100,2.2,-9.0,-9.0,6.7,5.7,956,208,46.17,0,,,,,0,
NON_1631,36.35745812801533,127.34636576303151,대전광역시 유성구 봉명동 637,2024,3,29,10,4,spring,0,1,1,1,0.0,2024-03-29,0,0,0,1336,9.3,1116,1.88,0.2,1000,0.2,2.92,-9.0,9.5,2.5,2359,406,29.37,0,,,,,0,
NON_1632,36.35881499378115,127.3087875967262,대전광역시 유성구 구암동 692,2025,2,11,14,1,winter,0,1,1,1,0.0,2025-02-11,0,0,0,1152,0.3,1551,2.46,-9.0,1200,3.9,-9.0,-9.0,1.0,9.7,826,194,16.91,0,,,,,0,
NON_1633,36.395743052953115,127.40480288884605,대전광역시 유성구 전민동 271-5,2024,2,29,13,3,winter,0,4,4,4,0.0,2024-02-29,0,0,0,2400,5.1,1247,0.6,0.2,1400,0.2,3.0,-9.0,5.5,0.0,49,885,11.63,0,,,,,0,
NON_1634,36.379783410988104,127.40583856284908,대전광역시 유성구 원촌동 69-1,2024,2,28,10,2,winter,0,1,1,1,0.0,2024-02-28,0,0,0,8,6.3,1637,2.16,-9.0,1200,-9.0,-9.0,-9.0,5.9,3.7,916,647,7.69,0,,,,,0,
NON_1635,36.34541464414912,127.33948462062071,대전광역시 유성구 상대동 495,2024,9,8,15,6,autumn,0,1,1,1,0.0,2024-09-08,0,0,0,1556,27.6,1504,3.17,-9.0,1200,-9.0,-9.0,-9.0,34.8,10.4,755,514,5.71,1,,,,,0,
NON_1636,36.36308755685953,127.34109240078702,대전광역시 유성구 장대동 377,2024,10,29,9,1,autumn,1,1,1,1,0.0,2024-10-29,0,0,0,1054,14.9,1532,1.88,0.0,1100,0.0,0.58,0.0,15.2,3.1,2259,653,41.38,0,,,,,0,
NON_1637,36.3806236539091,127.32431365475443,대전광역시 유성구 죽동 636,2024,3,22,16,4,spring,0,2,2,2,0.0,2024-03-22,0,0,0,1442,10.1,1324,2.8,4.1,1100,4.4,6.33,-9.0,9.9,5.9,117,240,19.21,0,,,,,0,
NON_1638,36.409324156596576,127.37629096402182,대전광역시 유성구 화암동 99-6,2024,9,6,14,4,autumn,0,1,1,1,0.0,2024-09-06,0,0,0,1324,25.6,1512,1.07,0.5,1400,0.5,2.83,0.4,29.5,0.0,2124,423,32.27,0,,,,,0,
NON_1639,36.36937797787529,127.32644440013048,대전광역시 유성구 노은동 62-1,2024,2,23,10,4,winter,0,1,1,1,0.0,2024-02-23,0,0,0,1253,3.0,1324,2.5,0.0,1200,0.0,9.5,-9.0,5.6,3.2,2056,815,32.17,0,,,,,0,
NON_1640,36.3606574453515,127.34895003173727,대전광역시 유성구 궁동 496,2024,3,8,7,4,spring,0,1,1,1,0.0,2024-03-08,0,0,0,1350,2.9,1304,2.9,-9.0,1200,-9.0,-9.0,-9.0,4.4,10.2,2400,536,23.82,0,,,,,0,
NON_1641,36.37431362387068,127.33050815846508,대전광역시 유성구 죽동 222-2,2025,1,17,15,4,winter,0,1,1,1,0.0,2025-01-17,0,0,0,1609,1.3,1551,2.02,-9.0,1200,-9.0,-9.0,-9.0,1.9,8.6,942,378,37.52,0,,,,,0,
NON_1642,36.39620293008087,127.31310959058297,대전광역시 유성구 외삼동 587,2024,3,25,10,0,spring,0,1,1,1,0.0,2024-03-25,0,0,0,2121,9.4,1033,1.45,6.8,1000,26.1,11.25,-9.0,10.0,0.0,12,362,48.28,0,,,,,0,
NON_1643,36.36831319939474,127.31787361217889,대전광역시 유성구 노은동 583,2024,4,5,14,4,spring,0,1,6,16,0.0,2024-04-05,0,0,0,28,13.3,1540,3.03,0.0,1300,0.0,0.5,0.0,14.6,6.1,921,1181,14.89,0,,,,,0,
NON_1644,36.40860591180617,127.37702544423257,대전광역시 유성구 방현동 349-3,2024,6,20,10,3,summer,0,1,1,1,0.0,2024-06-20,0,0,0,1354,25.7,1457,2.67,-9.0,1400,-9.0,-9.0,-9.0,33.4,6.3,6,606,23.68,0,,,,,0,
NON_1645,36.35830855516036,127.33978922702093,대전광역시 유성구 장대동 371,2024,2,13,15,1,winter,0,2,2,2,0.0,2024-02-13,0,0,0,1302,8.4,1445,2.41,-9.0,1300,0.0,-9.0,-9.0,6.2,8.4,221,1107,8.79,0,,,,,0,
NON_1646,36.366270687477595,127.352592731734,대전광역시 유성구 궁동 220,2024,3,25,7,0,spring,0,1,1,1,0.0,2024-03-25,0,0,0,2121,9.4,1033,1.45,6.8,1000,26.1,11.25,-9.0,10.0,0.0,12,451,36.15,0,,,,,0,
NON_1647,36.395008181242574,127.3557302565017,대전광역시 유성구 장동 371-5,2024,7,4,10,3,summer,0,1,1,1,0.0,2024-07-04,0,0,0,2250,28.1,1507,3.46,-9.0,1200,3.9,-9.0,-9.0,29.2,10.0,1,822,39.83,0,,,,,0,
NON_1648,36.34886708395128,127.33635098550364,대전광역시 유성구 상대동 556,2024,7,23,10,1,summer,0,2,2,2,0.0,2024-07-23,0,0,0,49,27.2,1,0.67,3.9,1300,6.0,10.03,2.5,26.9,0.0,1006,528,35.36,0,,,,,0,
NON_1649,36.39359051728089,127.35048633920611,대전광역시 유성구 자운동 515-22,2024,2,29,14,3,winter,0,4,4,4,0.0,2024-02-29,0,0,0,2400,5.1,1247,0.6,0.2,1400,0.2,3.0,-9.0,5.5,0.0,49,544,41.18,0,,,,,0,
NON_1650,36.347729488079224,127.42172214612944,대전광역시 동구 홍도동 826-3,2025,11,10,18,0,autumn,1,1,1,1,0.0,2025-11-10,0,0,0,352,8.9,1447,2.31,-9.0,1200,-9.0,-9.0,-9.0,8.0,9.6,906,414,23.18,0,,,,,0,
NON_1651,36.35536780278031,127.35060361586295,대전광역시 유성구 봉명동 700,2024,4,5,8,4,spring,1,2,3,3,0.0,2024-04-05,0,0,0,28,13.3,1540,3.03,0.0,1300,0.0,0.5,0.0,14.6,6.1,921,1069,33.2,0,,,,,0,
NON_1652,36.3401331153813,127.31949732051021,대전광역시 유성구 복용동 175-3,2024,9,20,15,4,autumn,0,1,1,1,0.0,2024-09-20,0,0,0,823,25.5,1,0.65,45.6,1300,148.6,13.0,12.9,26.6,0.0,1,552,18.95,0,,,,,0,
NON_1653,36.38765126434469,127.41220210846478,대전광역시 대덕구 신대동 535,2024,3,28,10,3,spring,0,1,1,1,0.0,2024-03-28,0,0,0,1116,9.0,1,0.42,21.3,1100,20.1,13.75,-9.0,10.0,0.0,4,254,35.7,0,,,,,0,
NON_1654,36.32173284761262,127.41539771005442,대전광역시 중구 문화동 1-9,2025,11,8,10,5,autumn,0,2,2,2,0.0,2025-11-08,0,0,0,106,13.7,1407,1.13,0.4,1000,0.4,3.33,-9.0,13.1,0.4,628,467,33.63,1,,,,,0,
NON_1655,36.39382826708239,127.35024907455698,대전광역시 유성구 자운동 17-15,2024,4,19,10,4,spring,0,1,1,1,0.0,2024-04-19,0,0,0,1558,18.2,1528,3.11,-9.0,1100,0.1,-9.0,-9.0,22.8,11.0,757,681,13.83,0,,,,,0,
NON_1656,36.3693088039165,127.32766472364239,대전광역시 유성구 노은동 62-1,2024,2,23,10,4,winter,0,1,1,1,0.0,2024-02-23,0,0,0,1253,3.0,1324,2.5,0.0,1200,0.0,9.5,-9.0,5.6,3.2,2056,815,32.17,0,,,,,0,
NON_1657,36.357032251007126,127.33790542372888,대전광역시 유성구 장대동 286-10,2024,3,7,9,3,spring,1,1,1,1,0.0,2024-03-07,0,0,0,1334,4.6,1424,2.2,0.0,1000,-9.0,0.5,-9.0,6.9,6.7,2356,546,21.26,0,,,,,0,
NON_1658,36.32573054480197,127.43595767658152,대전광역시 동구 원동 406-2,2025,11,9,15,6,autumn,0,1,1,1,0.0,2025-11-09,0,0,0,1345,13.7,1305,1.95,0.0,1300,-9.0,0.75,-9.0,13.0,6.8,1,308,25.78,1,,,,,0,
NON_1659,36.374335543319326,127.32977809951966,대전광역시 유성구 죽동 222-2,2025,1,17,15,4,winter,0,1,1,1,0.0,2025-01-17,0,0,0,1609,1.3,1551,2.02,-9.0,1200,-9.0,-9.0,-9.0,1.9,8.6,942,378,37.52,0,,,,,0,
NON_1660,36.33155862986016,127.33290557685024,대전광역시 유성구 용계동 681,2025,1,23,14,3,winter,0,1,1,1,0.0,2025-01-23,0,0,0,1854,2.9,1543,1.98,-9.0,1200,-9.0,-9.0,-9.0,3.1,8.5,922,427,19.48,0,,,,,0,
NON_1661,36.40844953878745,127.37807968356705,대전광역시 유성구 화암동 109-11,2024,6,20,10,3,summer,0,1,1,1,0.0,2024-06-20,0,0,0,1354,25.7,1457,2.67,-9.0,1400,-9.0,-9.0,-9.0,33.4,6.3,6,998,34.66,0,,,,,0,
NON_1662,36.412269860896885,127.29768970606283,대전광역시 유성구 안산동 257-2,2024,3,15,14,4,spring,0,1,1,1,0.0,2024-03-15,0,0,0,1451,9.5,1609,3.06,-9.0,1200,-9.0,-9.0,-9.0,10.5,11.0,2301,897,19.05,0,,,,,0,
NON_1663,36.440872401759165,127.31516143841479,세종특별자치시 금남면 금천리 371-1,2025,1,17,10,4,winter,0,1,1,1,0.0,2025-01-17,0,0,0,1609,1.3,1551,2.02,-9.0,1200,-9.0,-9.0,-9.0,1.9,8.6,942,732,11.81,0,,,,,0,
NON_1664,36.3831184332598,127.40622588061666,대전광역시 유성구 원촌동 135-2,2024,2,29,13,3,winter,0,3,3,3,0.0,2024-02-29,0,0,0,2400,5.1,1247,0.6,0.2,1400,0.2,3.0,-9.0,5.5,0.0,49,575,30.63,0,,,,,0,
NON_1665,36.35422674761307,127.41722869946928,대전광역시 대덕구 오정동 687-1,2025,11,11,8,1,autumn,1,1,1,1,0.0,2025-11-11,0,0,0,1358,8.2,1509,2.21,-9.0,1100,-9.0,-9.0,-9.0,7.7,8.0,2220,902,14.89,0,,,,,0,
NON_1666,36.374668422726415,127.34045658364535,대전광역시 유성구 죽동 799,2024,6,17,14,0,summer,0,1,1,1,0.0,2024-06-17,0,0,0,1633,23.4,1619,2.9,-9.0,1100,-9.0,-9.0,-9.0,27.7,7.5,813,954,36.24,0,,,,,0,
NON_1667,36.29767389872695,127.31616374395006,대전광역시 유성구 원내동 708,2024,7,23,10,1,summer,0,1,1,1,0.0,2024-07-23,0,0,0,49,27.2,1,0.67,3.9,1300,6.0,10.03,2.5,26.9,0.0,1006,687,18.56,0,,,,,0,
NON_1668,36.381348853028896,127.40608746992145,대전광역시 유성구 원촌동 90,2025,1,9,14,3,winter,0,1,1,1,0.0,2025-01-09,0,0,0,1524,-8.1,1,1.36,0.0,1000,0.0,5.1,-9.0,-3.3,4.8,2350,621,19.32,0,,,,,0,
NON_1669,36.36726559875058,127.32889047663411,대전광역시 유성구 노은동 97,2024,3,20,14,2,spring,0,1,1,1,0.0,2024-03-20,0,0,0,259,4.6,1337,3.01,-9.0,1100,-9.0,-9.0,-9.0,8.7,9.9,947,774,7.91,0,,,,,0,
NON_1670,36.37753939833118,127.37695134050557,대전광역시 유성구 가정동 37,2024,3,19,15,1,spring,0,1,1,1,0.0,2024-03-19,0,0,0,1123,7.2,1433,1.48,0.0,1100,0.0,4.08,-9.0,8.7,3.2,50,360,35.97,0,,,,,0,
NON_1671,36.36116547551221,127.3550877158932,대전광역시 유성구 어은동 311,2025,1,24,11,4,winter,0,2,2,6,0.0,2025-01-24,0,0,0,1412,2.6,1407,2.17,-9.0,1200,-9.0,-9.0,-9.0,1.9,9.2,1021,832,39.31,0,,,,,0,
NON_1672,36.34991429522006,127.41955244680676,대전광역시 대덕구 오정동 748-1,2025,11,3,8,0,autumn,1,2,2,2,0.0,2025-11-03,0,0,0,54,7.0,1519,2.35,-9.0,1200,-9.0,-9.0,-9.0,7.3,9.7,856,609,18.89,0,,,,,0,
NON_1673,36.44229749442959,127.4281555570048,대전광역시 대덕구 덕암동 31,2024,3,26,10,1,spring,0,1,1,1,0.0,2024-03-26,0,0,0,11,6.7,1523,1.95,19.5,1000,0.2,10.33,-9.0,9.5,3.0,2358,589,29.18,0,,,,,0,
NON_1674,36.36129139131994,127.34179483857164,대전광역시 유성구 궁동 472,2024,3,19,7,1,spring,0,1,1,1,0.0,2024-03-19,0,0,0,1123,7.2,1433,1.48,0.0,1100,0.0,4.08,-9.0,8.7,3.2,50,971,34.96,0,,,,,0,
NON_1675,36.36715996675724,127.33190349918554,대전광역시 유성구 장대동 116-5,2024,3,5,6,1,spring,0,1,1,1,0.0,2024-03-05,0,0,0,1830,5.9,1,0.29,2.5,1000,0.3,15.42,-9.0,5.8,0.0,208,757,45.01,0,,,,,0,
NON_1676,36.39935994526107,127.31368807330027,대전광역시 유성구 외삼동 574-5,2024,3,6,9,2,spring,1,1,1,1,0.0,2024-03-06,0,0,0,2315,7.0,1522,2.15,-9.0,1200,0.0,-9.0,-9.0,7.2,5.8,2358,747,6.78,0,,,,,0,
NON_1677,36.43024634730533,127.38137332473386,대전광역시 유성구 송강동 168-2,2024,3,19,14,1,spring,0,2,2,2,0.0,2024-03-19,0,0,0,1123,7.2,1433,1.48,0.0,1100,0.0,4.08,-9.0,8.7,3.2,50,625,14.93,0,,,,,0,
NON_1678,36.37552127050797,127.41455351506202,대전광역시 ,2025,10,30,8,3,autumn,1,1,1,1,0.0,2025-10-30,0,0,0,438,10.2,1356,1.69,-9.0,1200,-9.0,-9.0,-9.0,10.6,6.6,852,707,17.93,0,,,,,0,
NON_1679,36.36243953331611,127.33577906287661,대전광역시 유성구 장대동 328-1,2024,3,26,14,1,spring,0,1,1,1,0.0,2024-03-26,0,0,0,11,6.7,1523,1.95,19.5,1000,0.2,10.33,-9.0,9.5,3.0,2358,349,39.06,0,,,,,0,
NON_1680,36.36198424744107,127.3463000317223,대전광역시 유성구 궁동 220-9,2024,2,27,9,1,winter,1,1,1,1,0.0,2024-02-27,0,0,0,952,5.3,1428,2.68,-9.0,1200,-9.0,-9.0,-9.0,5.6,7.3,1001,884,11.57,0,,,,,0,
NON_1681,36.36033716754269,127.35926175149983,대전광역시 유성구 봉명동 1012,2024,2,26,10,0,winter,0,2,2,2,0.0,2024-02-26,0,0,0,1620,3.7,1608,2.62,-9.0,1200,-9.0,-9.0,-9.0,4.9,7.3,806,335,34.63,0,,,,,0,
NON_1682,36.35844975384074,127.3368990820256,대전광역시 유성구 장대동 290,2024,3,16,7,5,spring,0,1,1,1,0.0,2024-03-16,0,0,0,1616,11.4,1456,2.99,0.0,1200,0.0,1.25,-9.0,12.9,8.8,236,791,8.17,1,,,,,0,
NON_1683,36.39096388946877,127.33732403532632,대전광역시 유성구 하기동 산 51-9,2024,2,14,13,2,winter,0,1,1,1,0.0,2024-02-14,0,0,0,1630,13.2,1441,1.57,0.0,1400,0.0,2.67,-9.0,10.8,2.8,11,603,17.48,0,,,,,0,
NON_1684,36.36477507343638,127.33842320466695,대전광역시 유성구 장대동 311,2024,6,19,15,2,summer,0,2,2,2,0.0,2024-06-19,0,0,0,1600,27.5,1550,3.46,-9.0,1200,-9.0,-9.0,-9.0,36.0,12.4,715,866,37.37,0,,,,,0,
NON_1685,36.36895452283302,127.4203778596171,대전광역시 대덕구 대화동 561-4,2025,11,6,8,3,autumn,1,1,1,1,0.0,2025-11-06,0,0,0,1337,11.3,1438,2.13,-9.0,1200,-9.0,-9.0,-9.0,10.8,6.4,838,666,34.68,0,,,,,0,
NON_1686,36.34459075549888,127.30991401702875,대전광역시 유성구 복용동 629,2024,3,27,10,2,spring,0,1,2,2,0.0,2024-03-27,0,0,0,1639,10.2,1438,2.79,-9.0,1200,1.2,-9.0,-9.0,11.6,9.0,711,397,21.44,0,,,,,0,
NON_1687,36.34563251951865,127.42411407874194,대전광역시 동구 홍도동 18-9,2025,10,27,19,0,autumn,1,1,1,1,0.0,2025-10-27,0,0,0,1514,9.5,1327,2.55,-9.0,1200,-9.0,-9.0,-9.0,10.5,9.9,2341,886,33.18,0,,,,,0,
NON_1688,36.36428677589707,127.31326144428972,대전광역시 유성구 노은동 603,2024,3,20,10,2,spring,0,2,2,2,0.0,2024-03-20,0,0,0,259,4.6,1337,3.01,-9.0,1100,-9.0,-9.0,-9.0,8.7,9.9,947,1014,17.25,0,,,,,0,
NON_1689,36.26728127490304,127.2846149368047,대전광역시 유성구 방동 623-4,2024,3,8,15,4,spring,0,1,1,1,0.0,2024-03-08,0,0,0,1350,2.9,1304,2.9,-9.0,1200,-9.0,-9.0,-9.0,4.4,10.2,2400,650,12.39,0,,,,,0,
NON_1690,36.3115228094643,127.31979768098205,대전광역시 유성구 대정동 274,2024,3,17,6,6,spring,0,3,3,3,0.0,2024-03-17,0,0,0,1109,9.7,1337,2.64,0.0,1100,-9.0,0.42,-9.0,13.4,6.8,2359,490,30.23,1,,,,,0,
NON_1691,36.33929073712806,127.30506892572781,대전광역시 유성구 학하동 793,2024,5,9,14,3,spring,0,2,2,3,0.0,2024-05-09,0,0,0,1232,15.6,1506,3.46,-9.0,1200,-9.0,-9.0,-9.0,19.0,12.8,638,540,28.68,0,,,,,0,
NON_1692,36.373984088106965,127.41538722641386,대전광역시 대덕구 대화동 90-1,2025,11,7,8,4,autumn,1,1,1,1,0.0,2025-11-07,0,0,0,2128,13.3,1516,2.17,-9.0,1200,-9.0,-9.0,-9.0,11.9,6.3,811,966,41.73,0,,,,,0,
NON_1693,36.35098564099023,127.33829817704452,대전광역시 유성구 봉명동 576-1,2024,3,16,7,5,spring,0,1,1,1,0.0,2024-03-16,0,0,0,1616,11.4,1456,2.99,0.0,1200,0.0,1.25,-9.0,12.9,8.8,236,603,18.01,1,,,,,0,
NON_1694,36.35491400438311,127.34166839768476,대전광역시 유성구 봉명동 574,2024,3,7,15,3,spring,0,4,5,5,0.0,2024-03-07,0,0,0,1334,4.6,1424,2.2,0.0,1000,-9.0,0.5,-9.0,6.9,6.7,2356,1129,12.45,0,,,,,0,
NON_1695,36.449105225818414,127.42153040150183,대전광역시 대덕구 석봉동 766,2024,3,26,11,1,spring,0,4,4,4,0.0,2024-03-26,0,0,0,11,6.7,1523,1.95,19.5,1000,0.2,10.33,-9.0,9.5,3.0,2358,494,18.99,0,,,,,0,
NON_1696,36.354939597014216,127.41573254605903,대전광역시 대덕구 오정동 686-5,2025,11,10,18,0,autumn,1,2,2,2,0.0,2025-11-10,0,0,0,352,8.9,1447,2.31,-9.0,1200,-9.0,-9.0,-9.0,8.0,9.6,906,1072,14.98,0,,,,,0,
NON_1697,36.30351745047897,127.45065249768359,대전광역시 중구 호동 27-1,2025,11,9,14,6,autumn,0,3,3,3,0.0,2025-11-09,0,0,0,1345,13.7,1305,1.95,0.0,1300,-9.0,0.75,-9.0,13.0,6.8,1,636,32.47,1,,,,,0,
NON_1698,36.42364628169829,127.29443099567985,세종특별자치시 금남면 두만리 52-8,2024,3,15,14,4,spring,0,1,1,1,0.0,2024-03-15,0,0,0,1451,9.5,1609,3.06,-9.0,1200,-9.0,-9.0,-9.0,10.5,11.0,2301,848,18.58,0,,,,,0,
NON_1699,36.402871584695475,127.40435597832,대전광역시 유성구 전민동 464-3,2024,3,29,15,4,spring,0,1,1,1,0.0,2024-03-29,0,0,0,1336,9.3,1116,1.88,0.2,1000,0.2,2.92,-9.0,9.5,2.5,2359,331,36.5,0,,,,,0,
NON_1700,36.33003245030332,127.3132441855166,대전광역시 유성구 용계동 390-3,2024,7,23,10,1,summer,0,2,2,2,0.0,2024-07-23,0,0,0,49,27.2,1,0.67,3.9,1300,6.0,10.03,2.5,26.9,0.0,1006,685,39.58,0,,,,,0,
NON_1701,36.39964893359233,127.31398492852219,대전광역시 유성구 외삼동 577,2024,3,6,9,2,spring,1,1,1,1,0.0,2024-03-06,0,0,0,2315,7.0,1522,2.15,-9.0,1200,0.0,-9.0,-9.0,7.2,5.8,2358,601,14.98,0,,,,,0,
NON_1702,36.389580537762065,127.32313366775354,대전광역시 유성구 하기동 603,2024,6,20,9,3,summer,1,2,2,4,0.0,2024-06-20,0,0,0,1354,25.7,1457,2.67,-9.0,1400,-9.0,-9.0,-9.0,33.4,6.3,6,614,38.01,0,,,,,0,
NON_1703,36.39689330881828,127.31059060492376,대전광역시 유성구 반석동 612,2025,1,24,15,4,winter,0,1,1,1,0.0,2025-01-24,0,0,0,1412,2.6,1407,2.17,-9.0,1200,-9.0,-9.0,-9.0,1.9,9.2,1021,699,15.97,0,,,,,0,
NON_1704,36.306525755222744,127.44789543471782,대전광역시 중구 석교동 102-7,2025,11,9,12,6,autumn,0,4,4,4,0.0,2025-11-09,0,0,0,1345,13.7,1305,1.95,0.0,1300,-9.0,0.75,-9.0,13.0,6.8,1,380,22.22,1,,,,,0,
NON_1705,36.35650533904904,127.33329835823194,대전광역시 유성구 구암동 631,2024,4,5,9,4,spring,1,1,2,2,0.0,2024-04-05,0,0,0,28,13.3,1540,3.03,0.0,1300,0.0,0.5,0.0,14.6,6.1,921,958,33.05,0,,,,,0,
NON_1706,36.380853023132666,127.31599006604307,대전광역시 유성구 지족동 948,2024,7,1,15,0,summer,0,2,2,2,0.0,2024-07-01,0,0,0,1537,26.2,1700,2.97,-9.0,1300,49.3,-9.0,-9.0,29.7,8.7,2224,756,15.62,0,,,,,0,
NON_1707,36.42417715546333,127.39333324661445,대전광역시 유성구 관평동 1290,2024,3,22,9,4,spring,1,1,1,1,0.0,2024-03-22,0,0,0,1442,10.1,1324,2.8,4.1,1100,4.4,6.33,-9.0,9.9,5.9,117,725,30.79,0,,,,,0,
NON_1708,36.385031176233426,127.32125077189272,대전광역시 유성구 하기동 585,2024,2,28,15,2,winter,0,3,3,3,0.0,2024-02-28,0,0,0,8,6.3,1637,2.16,-9.0,1200,-9.0,-9.0,-9.0,5.9,3.7,916,650,33.61,0,,,,,0,
NON_1709,36.369843664920886,127.32763928159298,대전광역시 유성구 노은동 107-34,2024,3,23,8,5,spring,1,1,1,1,0.0,2024-03-23,0,0,0,1516,14.9,1457,3.14,0.3,1200,-9.0,2.25,-9.0,15.9,9.3,2254,358,5.62,1,,,,,0,
NON_1710,36.37697713696631,127.33066508380432,대전광역시 유성구 죽동 562-2,2025,1,13,16,0,winter,0,1,1,1,0.0,2025-01-13,0,0,0,1242,1.1,1532,1.96,-9.0,1200,0.1,-9.0,-9.0,-0.2,7.8,1008,866,48.37,0,,,,,0,
NON_1711,36.36071585466738,127.34572010750149,대전광역시 유성구 궁동 485,2024,3,25,13,0,spring,0,1,1,1,0.0,2024-03-25,0,0,0,2121,9.4,1033,1.45,6.8,1000,26.1,11.25,-9.0,10.0,0.0,12,525,16.58,0,,,,,0,
NON_1712,36.422573068405704,127.40560696462308,대전광역시 유성구 용산동 605,2024,12,13,10,4,winter,0,1,1,1,0.0,2024-12-13,0,0,0,1254,0.6,1235,0.74,0.0,1000,0.0,1.5,-9.0,0.9,0.3,226,327,36.8,0,,,,,0,
NON_1713,36.36977928918553,127.32760835630519,대전광역시 유성구 노은동 112-16,2024,3,23,8,5,spring,1,1,1,1,0.0,2024-03-23,0,0,0,1516,14.9,1457,3.14,0.3,1200,-9.0,2.25,-9.0,15.9,9.3,2254,422,8.53,1,,,,,0,
NON_1714,36.44477964509698,127.42612201529408,대전광역시 대덕구 덕암동 336,2024,3,26,10,1,spring,0,1,1,1,0.0,2024-03-26,0,0,0,11,6.7,1523,1.95,19.5,1000,0.2,10.33,-9.0,9.5,3.0,2358,457,12.28,0,,,,,0,
NON_1715,36.40036007697177,127.39514382132533,대전광역시 유성구 전민동 816-1,2024,3,19,15,1,spring,0,1,1,1,0.0,2024-03-19,0,0,0,1123,7.2,1433,1.48,0.0,1100,0.0,4.08,-9.0,8.7,3.2,50,1122,41.81,0,,,,,0,
NON_1716,36.34850596330441,127.32631983201169,대전광역시 유성구 상대동 556,2024,12,3,10,1,winter,0,1,1,2,0.0,2024-12-03,0,0,0,1429,2.1,1414,2.02,-9.0,1200,-9.0,-9.0,-9.0,2.5,6.7,1052,396,13.73,0,,,,,0,
NON_1717,36.33974058038482,127.41191561372122,대전광역시 중구 중촌동 466,2025,11,9,21,6,autumn,0,1,1,1,0.0,2025-11-09,0,0,0,1345,13.7,1305,1.95,0.0,1300,-9.0,0.75,-9.0,13.0,6.8,1,412,18.48,1,,,,,0,
NON_1718,36.355141667863386,127.33576884109998,대전광역시 유성구 봉명동 570,2024,5,8,14,2,spring,0,1,1,1,0.0,2024-05-08,0,0,0,1450,14.4,1629,3.32,1.8,1200,-9.0,2.33,1.1,18.6,10.5,1029,328,27.65,0,,,,,0,
NON_1719,36.35417338400644,127.33932981557031,대전광역시 유성구 봉명동 448-10,2024,3,16,7,5,spring,0,1,1,1,0.0,2024-03-16,0,0,0,1616,11.4,1456,2.99,0.0,1200,0.0,1.25,-9.0,12.9,8.8,236,658,21.83,1,,,,,0,
NON_1720,36.359510251430365,127.34885283487647,대전광역시 유성구 궁동 496,2024,3,8,7,4,spring,0,1,1,1,0.0,2024-03-08,0,0,0,1350,2.9,1304,2.9,-9.0,1200,-9.0,-9.0,-9.0,4.4,10.2,2400,536,23.82,0,,,,,0,
NON_1721,36.3872056209114,127.32618194259004,대전광역시 유성구 하기동 598,2024,2,28,15,2,winter,0,1,1,1,0.0,2024-02-28,0,0,0,8,6.3,1637,2.16,-9.0,1200,-9.0,-9.0,-9.0,5.9,3.7,916,415,7.51,0,,,,,0,
NON_1722,36.34224668841265,127.33839629628854,대전광역시 유성구 상대동 498,2024,4,24,10,2,spring,0,1,1,1,0.0,2024-04-24,0,0,0,1341,13.8,1340,3.47,4.3,1100,0.0,5.2,3.7,15.8,4.1,2352,375,39.53,0,,,,,0,
NON_1723,36.367509797977554,127.41512840233626,대전광역시 대덕구 대화동 37-9,2025,11,11,8,1,autumn,1,1,1,1,0.0,2025-11-11,0,0,0,1358,8.2,1509,2.21,-9.0,1100,-9.0,-9.0,-9.0,7.7,8.0,2220,989,38.91,0,,,,,0,
NON_1724,36.369107422557704,127.31994720658204,대전광역시 유성구 노은동 591,2024,3,7,9,3,spring,1,1,1,1,0.0,2024-03-07,0,0,0,1334,4.6,1424,2.2,0.0,1000,-9.0,0.5,-9.0,6.9,6.7,2356,925,9.77,0,,,,,0,
NON_1725,36.43142789132479,127.38006676042657,대전광역시 유성구 송강동 산 4-43,2024,3,19,14,1,spring,0,1,1,1,0.0,2024-03-19,0,0,0,1123,7.2,1433,1.48,0.0,1100,0.0,4.08,-9.0,8.7,3.2,50,470,11.49,0,,,,,0,
NON_1726,36.34822674324726,127.33119241337022,대전광역시 유성구 상대동 556,2025,10,26,11,6,autumn,0,1,1,1,0.0,2025-10-26,0,0,0,1342,13.2,1226,2.13,0.0,1200,0.0,1.15,0.0,14.1,1.3,151,395,16.34,1,,,,,0,
NON_1727,36.37476007012578,127.32959839240895,대전광역시 유성구 죽동 552-39,2024,4,22,14,0,spring,0,1,1,1,0.0,2024-04-22,0,0,0,1623,17.4,1414,3.34,0.0,1200,-9.0,0.37,0.0,20.9,6.2,2217,526,16.52,0,,,,,0,
NON_1728,36.41531102372965,127.29812388887356,대전광역시 유성구 안산동 284-1,2024,3,15,15,4,spring,0,1,1,1,0.0,2024-03-15,0,0,0,1451,9.5,1609,3.06,-9.0,1200,-9.0,-9.0,-9.0,10.5,11.0,2301,591,40.4,0,,,,,0,
NON_1729,36.354613718347416,127.34505598107887,대전광역시 유성구 봉명동 574,2024,3,7,9,3,spring,1,1,2,2,0.0,2024-03-07,0,0,0,1334,4.6,1424,2.2,0.0,1000,-9.0,0.5,-9.0,6.9,6.7,2356,587,30.15,0,,,,,0,
NON_1730,36.33642034912214,127.31741047902585,대전광역시 유성구 학하동 687,2024,7,23,10,1,summer,0,1,1,1,0.0,2024-07-23,0,0,0,49,27.2,1,0.67,3.9,1300,6.0,10.03,2.5,26.9,0.0,1006,703,32.85,0,,,,,0,
NON_1731,36.36041097872076,127.2927548363459,대전광역시 유성구 갑동 392-11,2024,7,25,10,3,summer,0,1,1,1,0.0,2024-07-25,0,0,0,1749,28.1,1446,3.29,0.1,1400,0.1,0.83,0.1,33.5,7.6,2229,314,27.23,0,,,,,0,
NON_1732,36.35126859706947,127.41897100695482,대전광역시 대덕구 오정동 735,2025,11,10,8,0,autumn,1,4,6,6,0.0,2025-11-10,0,0,0,352,8.9,1447,2.31,-9.0,1200,-9.0,-9.0,-9.0,8.0,9.6,906,993,27.46,0,,,,,0,
NON_1733,36.38179168797765,127.32297613067509,대전광역시 유성구 죽동 630,2024,3,15,16,4,spring,0,1,5,5,0.0,2024-03-15,0,0,0,1451,9.5,1609,3.06,-9.0,1200,-9.0,-9.0,-9.0,10.5,11.0,2301,1014,13.76,0,,,,,0,
NON_1734,36.299880356337425,127.32014866238617,대전광역시 유성구 원내동 738,2024,4,4,6,3,spring,0,1,1,1,0.0,2024-04-04,0,0,0,2335,13.4,1031,1.56,0.0,1000,0.0,0.8,0.0,14.2,0.2,2355,788,16.28,0,,,,,0,
NON_1735,36.355480021558,127.41662205578372,대전광역시 대덕구 오정동 728,2025,10,31,8,4,autumn,1,4,4,4,0.0,2025-10-31,0,0,0,1240,12.6,1451,2.31,0.0,1200,0.2,0.17,0.0,12.7,7.5,1,935,9.6,0,,,,,0,
NON_1736,36.387526582434276,127.31871493519711,대전광역시 유성구 하기동 576,2024,3,6,9,2,spring,1,3,3,3,0.0,2024-03-06,0,0,0,2315,7.0,1522,2.15,-9.0,1200,0.0,-9.0,-9.0,7.2,5.8,2358,980,35.82,0,,,,,0,
NON_1737,36.38979681749787,127.40611981662462,대전광역시 유성구 문지동 667,2025,10,29,8,2,autumn,1,1,1,1,0.0,2025-10-29,0,0,0,1533,9.6,1506,2.4,-9.0,1200,-9.0,-9.0,-9.0,9.7,9.7,849,709,29.89,0,,,,,0,
NON_1738,36.39479804448834,127.34860690147515,대전광역시 유성구 자운동 515-21,2024,2,14,13,2,winter,0,3,3,3,0.0,2024-02-14,0,0,0,1630,13.2,1441,1.57,0.0,1400,0.0,2.67,-9.0,10.8,2.8,11,508,23.84,0,,,,,0,
NON_1739,36.349047012603194,127.33183430382356,대전광역시 유성구 상대동 556,2024,10,30,9,2,autumn,1,1,1,1,0.0,2024-10-30,0,0,0,1945,14.7,1511,2.4,-9.0,1200,-9.0,-9.0,-9.0,14.2,9.6,2325,1009,23.42,0,,,,,0,
NON_1740,36.38272942491082,127.40622722621636,대전광역시 유성구 원촌동 90,2024,2,29,13,3,winter,0,4,4,4,0.0,2024-02-29,0,0,0,2400,5.1,1247,0.6,0.2,1400,0.2,3.0,-9.0,5.5,0.0,49,377,9.09,0,,,,,0,
NON_1741,36.32676688169523,127.37267154188646,대전광역시 서구 도마동 487,2025,10,25,15,5,autumn,0,1,1,1,0.0,2025-10-25,0,0,0,1704,14.3,1408,1.57,-9.0,1200,0.0,-9.0,-9.0,15.4,2.4,1,303,16.59,1,,,,,0,
NON_1742,36.36565398476537,127.31729116574103,대전광역시 유성구 노은동 611,2024,4,6,8,5,spring,1,1,2,2,0.0,2024-04-06,0,0,0,1605,13.2,1609,2.2,-9.0,1200,-9.0,-9.0,-9.0,14.0,5.3,808,380,9.27,1,,,,,0,
NON_1743,36.36639281302799,127.32748706699904,대전광역시 유성구 노은동 74,2024,7,26,10,4,summer,0,1,1,1,0.0,2024-07-26,0,0,0,1246,28.4,1341,2.79,1.3,1000,1.3,1.62,1.0,31.4,5.1,2328,715,35.33,0,,,,,0,
NON_1744,36.3763265458295,127.39767114104617,대전광역시 유성구 도룡동 3-6,2024,12,18,9,2,winter,1,1,1,1,0.0,2024-12-18,0,0,0,1547,-2.0,1513,1.94,-9.0,1200,-9.0,-9.0,-9.0,-1.0,8.2,2335,1089,30.49,0,,,,,0,
NON_1745,36.36109574906343,127.30633978520693,대전광역시 유성구 구암동 661-1,2025,11,2,12,6,autumn,0,1,1,1,0.0,2025-11-02,0,0,0,1336,9.4,1106,2.11,2.1,1100,-9.0,1.25,-9.0,9.9,6.7,2344,221,18.86,1,,,,,0,
NON_1746,36.38099944575585,127.32497969581772,대전광역시 유성구 죽동 636,2024,3,22,16,4,spring,0,2,2,2,0.0,2024-03-22,0,0,0,1442,10.1,1324,2.8,4.1,1100,4.4,6.33,-9.0,9.9,5.9,117,240,19.21,0,,,,,0,
NON_1747,36.345785681017986,127.34009438017549,대전광역시 유성구 상대동 498,2025,1,23,14,3,winter,0,1,1,1,0.0,2025-01-23,0,0,0,1854,2.9,1543,1.98,-9.0,1200,-9.0,-9.0,-9.0,3.1,8.5,922,966,26.25,0,,,,,0,
NON_1748,36.382191691746506,127.40672427342047,대전광역시 유성구 원촌동 90,2024,2,29,13,3,winter,0,1,1,1,0.0,2024-02-29,0,0,0,2400,5.1,1247,0.6,0.2,1400,0.2,3.0,-9.0,5.5,0.0,49,362,7.19,0,,,,,0,
NON_1749,36.32401385583774,127.42880918131122,대전광역시 중구 대흥동 630,2025,11,2,16,6,autumn,0,3,3,3,0.0,2025-11-02,0,0,0,1336,9.4,1106,2.11,2.1,1100,-9.0,1.25,-9.0,9.9,6.7,2344,769,19.13,1,,,,,0,
NON_1750,36.350090287192934,127.32719775292331,대전광역시 유성구 구암동 242-10,2024,10,31,14,3,autumn,0,1,1,1,0.0,2024-10-31,0,0,0,1137,14.5,1406,2.42,-9.0,1200,0.6,-9.0,-9.0,13.8,8.9,858,837,7.19,0,,,,,0,
NON_1751,36.331481234789074,127.46109772003824,대전광역시 동구 용운동 180-13,2025,10,28,16,1,autumn,0,1,1,1,0.0,2025-10-28,0,0,0,1513,8.5,1434,2.49,-9.0,1200,-9.0,-9.0,-9.0,9.6,10.0,2353,485,17.64,0,,,,,0,
NON_1752,36.366670046073125,127.31720232687908,대전광역시 유성구 노은동 583,2024,4,6,8,5,spring,1,2,7,17,0.0,2024-04-06,0,0,0,1605,13.2,1609,2.2,-9.0,1200,-9.0,-9.0,-9.0,14.0,5.3,808,506,5.12,1,,,,,0,
NON_1753,36.365824511415575,127.33823066032099,대전광역시 유성구 장대동 311,2024,6,19,15,2,summer,0,2,2,2,0.0,2024-06-19,0,0,0,1600,27.5,1550,3.46,-9.0,1200,-9.0,-9.0,-9.0,36.0,12.4,715,866,37.37,0,,,,,0,
NON_1754,36.43052153424133,127.3836263243565,대전광역시 유성구 송강동 556,2024,2,29,13,3,winter,0,3,3,3,0.0,2024-02-29,0,0,0,2400,5.1,1247,0.6,0.2,1400,0.2,3.0,-9.0,5.5,0.0,49,298,41.33,0,,,,,0,
NON_1755,36.398256205429945,127.31454795782172,대전광역시 유성구 외삼동 577,2024,3,20,9,2,spring,1,2,4,4,0.0,2024-03-20,0,0,0,259,4.6,1337,3.01,-9.0,1100,-9.0,-9.0,-9.0,8.7,9.9,947,1046,16.36,0,,,,,0,
NON_1756,36.41501848817247,127.40650251162401,대전광역시 유성구 탑립동 945,2024,3,27,13,2,spring,0,1,1,1,0.0,2024-03-27,0,0,0,1639,10.2,1438,2.79,-9.0,1200,1.2,-9.0,-9.0,11.6,9.0,711,409,12.09,0,,,,,0,
NON_1757,36.39964896921862,127.39732774764416,대전광역시 유성구 전민동 592-2,2024,3,19,15,1,spring,0,1,1,1,0.0,2024-03-19,0,0,0,1123,7.2,1433,1.48,0.0,1100,0.0,4.08,-9.0,8.7,3.2,50,483,21.6,0,,,,,0,
NON_1758,36.37787188177316,127.40587131442211,대전광역시 유성구 원촌동 64-2,2024,2,28,10,2,winter,0,1,1,1,0.0,2024-02-28,0,0,0,8,6.3,1637,2.16,-9.0,1200,-9.0,-9.0,-9.0,5.9,3.7,916,1099,24.78,0,,,,,0,
NON_1759,36.39159380609593,127.31152185451417,대전광역시 유성구 반석동 674,2024,4,5,10,4,spring,0,1,1,1,0.0,2024-04-05,0,0,0,28,13.3,1540,3.03,0.0,1300,0.0,0.5,0.0,14.6,6.1,921,1025,27.46,0,,,,,0,
NON_1760,36.352856319708714,127.33663252116514,대전광역시 유성구 봉명동 534,2024,8,5,10,0,summer,0,1,1,1,0.0,2024-08-05,0,0,0,1537,27.4,1354,2.94,34.3,1300,33.2,3.38,27.8,30.1,5.4,2231,793,36.3,0,,,,,0,
NON_1761,36.35316739618739,127.40985509564655,대전광역시 대덕구 오정동 726,2025,11,8,12,5,autumn,0,1,1,1,0.0,2025-11-08,0,0,0,106,13.7,1407,1.13,0.4,1000,0.4,3.33,-9.0,13.1,0.4,628,228,18.43,1,,,,,0,
NON_1762,36.36544346008584,127.3320788221476,대전광역시 유성구 장대동 121-2,2024,3,19,10,1,spring,0,2,2,2,0.0,2024-03-19,0,0,0,1123,7.2,1433,1.48,0.0,1100,0.0,4.08,-9.0,8.7,3.2,50,1043,17.37,0,,,,,0,
NON_1763,36.36469149239714,127.3379391595512,대전광역시 유성구 장대동 302,2024,3,26,8,1,spring,1,1,1,1,0.0,2024-03-26,0,0,0,11,6.7,1523,1.95,19.5,1000,0.2,10.33,-9.0,9.5,3.0,2358,628,18.84,0,,,,,0,
NON_1764,36.35281706609618,127.41910356168829,대전광역시 대덕구 오정동 728,2025,10,27,19,0,autumn,1,3,3,3,0.0,2025-10-27,0,0,0,1514,9.5,1327,2.55,-9.0,1200,-9.0,-9.0,-9.0,10.5,9.9,2341,718,28.04,0,,,,,0,
NON_1765,36.364207533430736,127.31730709711023,대전광역시 유성구 노은동 609,2024,3,24,8,6,spring,1,2,2,2,0.0,2024-03-24,0,0,0,839,14.1,1602,2.03,-9.0,1400,-9.0,-9.0,-9.0,15.1,3.6,936,580,14.91,1,,,,,0,
NON_1766,36.3816201860466,127.32447982594097,대전광역시 유성구 죽동 641,2024,3,15,16,4,spring,0,1,1,1,0.0,2024-03-15,0,0,0,1451,9.5,1609,3.06,-9.0,1200,-9.0,-9.0,-9.0,10.5,11.0,2301,713,28.23,0,,,,,0,
NON_1767,36.35858771083636,127.33674505519613,대전광역시 유성구 장대동 290,2024,3,16,7,5,spring,0,2,2,2,0.0,2024-03-16,0,0,0,1616,11.4,1456,2.99,0.0,1200,0.0,1.25,-9.0,12.9,8.8,236,785,21.7,1,,,,,0,
NON_1768,36.361682187373475,127.34507774531436,대전광역시 유성구 궁동 220,2025,1,20,13,0,winter,0,1,1,1,0.0,2025-01-20,0,0,0,1412,2.8,1427,1.59,-9.0,1400,-9.0,-9.0,-9.0,2.1,3.0,2343,567,15.77,0,,,,,0,
NON_1769,36.38393288065618,127.3214572558302,대전광역시 유성구 지족동 862-10,2024,3,8,16,4,spring,0,1,1,1,0.0,2024-03-08,0,0,0,1350,2.9,1304,2.9,-9.0,1200,-9.0,-9.0,-9.0,4.4,10.2,2400,517,33.38,0,,,,,0,
NON_1770,36.374996567996476,127.35654096837666,대전광역시 유성구 어은동 52-10,2024,3,24,6,6,spring,0,1,1,1,0.0,2024-03-24,0,0,0,839,14.1,1602,2.03,-9.0,1400,-9.0,-9.0,-9.0,15.1,3.6,936,322,18.25,1,,,,,0,
NON_1771,36.360429672843715,127.35527550667918,대전광역시 유성구 어은동 311,2025,1,31,14,4,winter,0,1,3,7,0.0,2025-01-31,0,0,0,1741,1.9,1554,1.23,0.0,1200,0.2,1.33,-9.0,1.6,1.3,831,285,16.42,0,,,,,0,
NON_1772,36.36658405195363,127.33229534855482,대전광역시 유성구 장대동 17-4,2024,3,25,10,0,spring,0,3,3,4,0.0,2024-03-25,0,0,0,2121,9.4,1033,1.45,6.8,1000,26.1,11.25,-9.0,10.0,0.0,12,256,9.5,0,,,,,0,
NON_1773,36.33138948714955,127.31325914728794,대전광역시 유성구 용계동 384-3,2024,2,19,10,0,winter,0,1,1,1,0.0,2024-02-19,0,0,0,1349,9.8,1344,0.59,16.6,1300,1.2,13.83,-9.0,9.7,0.0,2253,440,46.09,0,,,,,0,
NON_1774,36.36171885605367,127.34539565079304,대전광역시 유성구 궁동 486-4,2024,3,25,13,0,spring,0,1,1,1,0.0,2024-03-25,0,0,0,2121,9.4,1033,1.45,6.8,1000,26.1,11.25,-9.0,10.0,0.0,12,646,35.73,0,,,,,0,
NON_1775,36.37165032292966,127.33417979958453,대전광역시 유성구 죽동 799,2024,7,22,7,0,summer,0,5,5,6,0.0,2024-07-22,0,0,0,2330,28.9,1240,2.46,-9.0,1200,0.0,-9.0,-9.0,29.3,2.8,113,1048,36.72,0,,,,,0,
NON_1776,36.366731005821606,127.32769065582605,대전광역시 유성구 노은동 74,2024,7,26,10,4,summer,0,1,1,1,0.0,2024-07-26,0,0,0,1246,28.4,1341,2.79,1.3,1000,1.3,1.62,1.0,31.4,5.1,2328,715,35.33,0,,,,,0,
NON_1777,36.382129637948026,127.32414030961418,대전광역시 유성구 죽동 636,2024,4,4,10,3,spring,0,1,3,3,0.0,2024-04-04,0,0,0,2335,13.4,1031,1.56,0.0,1000,0.0,0.8,0.0,14.2,0.2,2355,1177,7.37,0,,,,,0,
NON_1778,36.37347245919922,127.31940954158036,대전광역시 유성구 지족동 965,2024,4,5,8,4,spring,1,2,2,4,0.0,2024-04-05,0,0,0,28,13.3,1540,3.03,0.0,1300,0.0,0.5,0.0,14.6,6.1,921,877,32.84,0,,,,,0,
NON_1779,36.42445793408265,127.39290083683018,대전광역시 유성구 관평동 1288,2024,6,27,11,3,summer,0,1,1,1,0.0,2024-06-27,0,0,0,1601,23.7,1451,1.79,-9.0,1400,-9.0,-9.0,-9.0,28.5,2.1,17,951,41.88,0,,,,,0,
NON_1780,36.31297452591269,127.33022775270678,대전광역시 유성구 대정동 679-1,2024,3,8,14,4,spring,0,1,1,1,0.0,2024-03-08,0,0,0,1350,2.9,1304,2.9,-9.0,1200,-9.0,-9.0,-9.0,4.4,10.2,2400,501,25.12,0,,,,,0,
NON_1781,36.35911713099883,127.41781347660978,대전광역시 대덕구 오정동 41-2,2025,11,11,8,1,autumn,1,1,1,1,0.0,2025-11-11,0,0,0,1358,8.2,1509,2.21,-9.0,1100,-9.0,-9.0,-9.0,7.7,8.0,2220,351,14.57,0,,,,,0,
NON_1782,36.35284205639785,127.33383955003052,대전광역시 유성구 구암동 636,2024,3,23,7,5,spring,0,1,1,1,0.0,2024-03-23,0,0,0,1516,14.9,1457,3.14,0.3,1200,-9.0,2.25,-9.0,15.9,9.3,2254,429,25.34,1,,,,,0,
NON_1783,36.35741384455796,127.34329244265315,대전광역시 유성구 봉명동 608,2024,6,27,15,3,summer,0,1,1,1,0.0,2024-06-27,0,0,0,1601,23.7,1451,1.79,-9.0,1400,-9.0,-9.0,-9.0,28.5,2.1,17,1075,15.26,0,,,,,0,
NON_1784,36.36195596706981,127.35608144080578,대전광역시 유성구 어은동 311,2025,1,22,13,2,winter,0,1,1,5,0.0,2025-01-22,0,0,0,1305,3.4,1358,1.76,-9.0,1300,-9.0,-9.0,-9.0,2.2,5.6,1004,621,30.84,0,,,,,0,
NON_1785,36.36330028113894,127.34200858589203,대전광역시 유성구 궁동 352,2024,5,9,10,3,spring,0,1,1,2,0.0,2024-05-09,0,0,0,1232,15.6,1506,3.46,-9.0,1200,-9.0,-9.0,-9.0,19.0,12.8,638,613,40.13,0,,,,,0,
NON_1786,36.39069205798152,127.40775740621906,대전광역시 유성구 문지동 661-3,2024,7,3,15,2,summer,0,1,1,1,0.0,2024-07-03,0,0,0,1436,25.7,1537,2.97,31.9,1400,0.0,7.8,10.9,28.2,3.8,2146,809,23.17,0,,,,,0,
NON_1787,36.34691008621719,127.3252857345053,대전광역시 유성구 구암동 225-4,2024,2,19,10,0,winter,0,1,1,1,0.0,2024-02-19,0,0,0,1349,9.8,1344,0.59,16.6,1300,1.2,13.83,-9.0,9.7,0.0,2253,542,17.46,0,,,,,0,
NON_1788,36.31321986796964,127.32995564574462,대전광역시 유성구 대정동 679-1,2024,3,8,14,4,spring,0,1,1,1,0.0,2024-03-08,0,0,0,1350,2.9,1304,2.9,-9.0,1200,-9.0,-9.0,-9.0,4.4,10.2,2400,501,25.12,0,,,,,0,
NON_1789,36.346272588468175,127.42210492754782,대전광역시 동구 홍도동 862,2025,11,7,8,4,autumn,1,1,1,1,0.0,2025-11-07,0,0,0,2128,13.3,1516,2.17,-9.0,1200,-9.0,-9.0,-9.0,11.9,6.3,811,944,9.78,0,,,,,0,
NON_1790,36.35788531463895,127.33482891397985,대전광역시 유성구 장대동 291,2024,3,25,8,0,spring,1,3,3,3,0.0,2024-03-25,0,0,0,2121,9.4,1033,1.45,6.8,1000,26.1,11.25,-9.0,10.0,0.0,12,307,22.52,0,,,,,0,
NON_1791,36.369776568043434,127.35020304698007,대전광역시 유성구 궁동 220,2024,8,5,17,0,summer,0,1,1,1,0.0,2024-08-05,0,0,0,1537,27.4,1354,2.94,34.3,1300,33.2,3.38,27.8,30.1,5.4,2231,636,28.81,0,,,,,0,
NON_1792,36.407544038544465,127.37342975391377,대전광역시 유성구 방현동 9-12,2024,2,28,14,2,winter,0,2,2,2,0.0,2024-02-28,0,0,0,8,6.3,1637,2.16,-9.0,1200,-9.0,-9.0,-9.0,5.9,3.7,916,392,14.73,0,,,,,0,
NON_1793,36.33466847786269,127.42221480378267,대전광역시 중구 선화동 260-1,2025,10,27,19,0,autumn,1,2,2,2,0.0,2025-10-27,0,0,0,1514,9.5,1327,2.55,-9.0,1200,-9.0,-9.0,-9.0,10.5,9.9,2341,546,35.92,0,,,,,0,
NON_1794,36.327358854941934,127.33242494081313,대전광역시 유성구 용계동 688,2024,7,4,10,3,summer,0,1,1,1,0.0,2024-07-04,0,0,0,2250,28.1,1507,3.46,-9.0,1200,3.9,-9.0,-9.0,29.2,10.0,1,672,48.25,0,,,,,0,
NON_1795,36.31174346519578,127.28941895724344,대전광역시 유성구 성북동 731-11,2024,12,13,14,4,winter,0,1,1,1,0.0,2024-12-13,0,0,0,1254,0.6,1235,0.74,0.0,1000,0.0,1.5,-9.0,0.9,0.3,226,694,34.76,0,,,,,0,
NON_1796,36.42813776839035,127.3868072137375,대전광역시 유성구 관평동 1286,2024,1,19,16,4,winter,0,1,1,1,0.0,2024-01-19,0,0,0,1044,5.9,1256,2.08,-9.0,1200,0.0,-9.0,-9.0,5.5,3.1,955,602,19.93,0,,,,,0,
NON_1797,36.443588967189946,127.43319900689016,대전광역시 대덕구 신탄진동 272-2,2024,3,26,10,1,spring,0,1,1,1,0.0,2024-03-26,0,0,0,11,6.7,1523,1.95,19.5,1000,0.2,10.33,-9.0,9.5,3.0,2358,320,21.87,0,,,,,0,
NON_1798,36.355985802065966,127.34289702313066,대전광역시 유성구 봉명동 574,2024,4,30,10,1,spring,0,1,3,17,0.0,2024-04-30,0,0,0,1632,16.6,1430,1.96,0.0,1100,-9.0,0.33,0.0,19.3,0.4,2331,694,18.32,0,,,,,0,
NON_1799,36.362109695187144,127.35682509638754,대전광역시 유성구 어은동 109,2024,12,8,18,6,winter,1,1,1,1,0.0,2024-12-08,0,0,0,1433,0.5,1422,2.02,0.0,1200,-9.0,0.25,-9.0,0.5,8.1,930,551,30.14,1,,,,,0,
NON_1800,36.426615633688236,127.39140837080447,대전광역시 유성구 관평동 1286,2024,2,29,13,3,winter,0,1,1,3,0.0,2024-02-29,0,0,0,2400,5.1,1247,0.6,0.2,1400,0.2,3.0,-9.0,5.5,0.0,49,672,33.61,0,,,,,0,
NON_1801,36.421103393501404,127.40258658552004,대전광역시 유성구 용산동 604,2024,3,22,9,4,spring,1,1,2,2,0.0,2024-03-22,0,0,0,1442,10.1,1324,2.8,4.1,1100,4.4,6.33,-9.0,9.9,5.9,117,684,25.18,0,,,,,0,
NON_1802,36.35318674726426,127.41866731789408,대전광역시 대덕구 오정동 728,2025,11,10,18,0,autumn,1,4,8,8,0.0,2025-11-10,0,0,0,352,8.9,1447,2.31,-9.0,1200,-9.0,-9.0,-9.0,8.0,9.6,906,941,39.55,0,,,,,0,
NON_1803,36.35634945165217,127.34202321849853,대전광역시 유성구 봉명동 574,2024,6,21,10,4,summer,0,1,1,5,0.0,2024-06-21,0,0,0,2140,26.4,1512,3.55,-9.0,1300,0.2,-9.0,-9.0,34.5,10.9,2246,677,34.84,0,,,,,0,
NON_1804,36.329254371389915,127.3135318679834,대전광역시 유성구 용계동 390-3,2024,7,23,10,1,summer,0,2,2,2,0.0,2024-07-23,0,0,0,49,27.2,1,0.67,3.9,1300,6.0,10.03,2.5,26.9,0.0,1006,685,39.58,0,,,,,0,
NON_1805,36.363742219169566,127.31411313618445,대전광역시 유성구 노은동 603,2024,3,20,10,2,spring,0,2,2,2,0.0,2024-03-20,0,0,0,259,4.6,1337,3.01,-9.0,1100,-9.0,-9.0,-9.0,8.7,9.9,947,1014,17.25,0,,,,,0,
NON_1806,36.35336339031211,127.41824428253932,대전광역시 대덕구 오정동 728,2025,10,27,8,0,autumn,1,1,1,1,0.0,2025-10-27,0,0,0,1514,9.5,1327,2.55,-9.0,1200,-9.0,-9.0,-9.0,10.5,9.9,2341,1203,29.76,0,,,,,0,
NON_1807,36.31312064475719,127.44114522030145,대전광역시 동구 천동 117-2,2025,11,9,14,6,autumn,0,1,1,1,0.0,2025-11-09,0,0,0,1345,13.7,1305,1.95,0.0,1300,-9.0,0.75,-9.0,13.0,6.8,1,349,32.2,1,,,,,0,
NON_1808,36.40278759694967,127.36355047950182,대전광역시 유성구 장동 12-16,2024,2,28,14,2,winter,0,2,2,2,0.0,2024-02-28,0,0,0,8,6.3,1637,2.16,-9.0,1200,-9.0,-9.0,-9.0,5.9,3.7,916,913,22.44,0,,,,,0,
NON_1809,36.37574764472103,127.33945504187807,대전광역시 유성구 죽동 799,2024,7,22,7,0,summer,0,1,1,2,0.0,2024-07-22,0,0,0,2330,28.9,1240,2.46,-9.0,1200,0.0,-9.0,-9.0,29.3,2.8,113,594,31.91,0,,,,,0,
NON_1810,36.38445057244236,127.37770779895298,대전광역시 유성구 도룡동 394-4,2024,5,7,13,1,spring,0,1,1,1,0.0,2024-05-07,0,0,0,1952,12.9,1319,1.26,14.1,1200,14.7,17.97,3.7,14.7,0.0,2336,289,31.31,0,,,,,0,
NON_1811,36.34490264823914,127.42090949978731,대전광역시 동구 삼성동 458,2025,11,10,8,0,autumn,1,2,3,3,0.0,2025-11-10,0,0,0,352,8.9,1447,2.31,-9.0,1200,-9.0,-9.0,-9.0,8.0,9.6,906,917,20.48,0,,,,,0,
NON_1812,36.34249396105133,127.42443528753515,대전광역시 동구 삼성동 458,2025,11,11,8,1,autumn,1,4,5,5,0.0,2025-11-11,0,0,0,1358,8.2,1509,2.21,-9.0,1100,-9.0,-9.0,-9.0,7.7,8.0,2220,287,20.02,0,,,,,0,
NON_1813,36.368340812507164,127.31816431585149,대전광역시 유성구 노은동 583,2024,4,6,8,5,spring,1,3,8,18,0.0,2024-04-06,0,0,0,1605,13.2,1609,2.2,-9.0,1200,-9.0,-9.0,-9.0,14.0,5.3,808,485,15.54,1,,,,,0,
NON_1814,36.34931705432496,127.42018873516045,대전광역시 대덕구 오정동 254-1,2025,11,4,7,1,autumn,0,1,1,1,0.0,2025-11-04,0,0,0,1627,10.5,1504,2.27,-9.0,1200,-9.0,-9.0,-9.0,9.7,8.0,1,439,29.99,0,,,,,0,
NON_1815,36.35797644713017,127.33478658763386,대전광역시 유성구 장대동 290,2024,3,20,10,2,spring,0,6,6,6,0.0,2024-03-20,0,0,0,259,4.6,1337,3.01,-9.0,1100,-9.0,-9.0,-9.0,8.7,9.9,947,513,23.85,0,,,,,0,
NON_1816,36.389231301790865,127.34422713195312,대전광역시 유성구 하기동 산 2-6,2024,7,5,10,4,summer,0,1,1,1,0.0,2024-07-05,0,0,0,121,25.8,1555,3.5,3.9,1100,-9.0,2.67,3.7,27.4,7.9,2128,504,24.92,0,,,,,0,
NON_1817,36.314119573191405,127.33046890706471,대전광역시 유성구 대정동 679-1,2024,3,8,14,4,spring,0,1,1,1,0.0,2024-03-08,0,0,0,1350,2.9,1304,2.9,-9.0,1200,-9.0,-9.0,-9.0,4.4,10.2,2400,501,25.12,0,,,,,0,
NON_1818,36.39043765797636,127.33085327660137,대전광역시 유성구 하기동 603,2024,3,20,5,2,spring,0,2,6,6,0.0,2024-03-20,0,0,0,259,4.6,1337,3.01,-9.0,1100,-9.0,-9.0,-9.0,8.7,9.9,947,340,22.71,0,,,,,0,
NON_1819,36.37503887972169,127.34130566630542,대전광역시 유성구 죽동 799,2024,6,17,14,0,summer,0,1,1,1,0.0,2024-06-17,0,0,0,1633,23.4,1619,2.9,-9.0,1100,-9.0,-9.0,-9.0,27.7,7.5,813,954,36.24,0,,,,,0,
NON_1820,36.33972638737986,127.30927573063211,대전광역시 유성구 학하동 792,2024,9,8,15,6,autumn,0,1,1,1,0.0,2024-09-08,0,0,0,1556,27.6,1504,3.17,-9.0,1200,-9.0,-9.0,-9.0,34.8,10.4,755,600,19.4,1,,,,,0,
NON_1821,36.38184866455349,127.32291922489009,대전광역시 유성구 죽동 630,2024,3,15,16,4,spring,0,1,5,5,0.0,2024-03-15,0,0,0,1451,9.5,1609,3.06,-9.0,1200,-9.0,-9.0,-9.0,10.5,11.0,2301,1014,13.76,0,,,,,0,
NON_1822,36.402835823232145,127.3111789754191,대전광역시 유성구 외삼동 407-2,2024,3,25,10,0,spring,0,1,1,1,0.0,2024-03-25,0,0,0,2121,9.4,1033,1.45,6.8,1000,26.1,11.25,-9.0,10.0,0.0,12,756,26.57,0,,,,,0,
NON_1823,36.39422476118646,127.35008720997652,대전광역시 유성구 자운동 515-22,2024,2,29,14,3,winter,0,1,1,1,0.0,2024-02-29,0,0,0,2400,5.1,1247,0.6,0.2,1400,0.2,3.0,-9.0,5.5,0.0,49,781,32.81,0,,,,,0,
NON_1824,36.36620304265364,127.3326538938966,대전광역시 유성구 장대동 17-4,2024,3,25,10,0,spring,0,3,3,4,0.0,2024-03-25,0,0,0,2121,9.4,1033,1.45,6.8,1000,26.1,11.25,-9.0,10.0,0.0,12,256,9.5,0,,,,,0,
NON_1825,36.43160637803595,127.3800680970036,대전광역시 유성구 송강동 산 4-43,2024,3,19,14,1,spring,0,3,3,3,0.0,2024-03-19,0,0,0,1123,7.2,1433,1.48,0.0,1100,0.0,4.08,-9.0,8.7,3.2,50,324,32.3,0,,,,,0,
NON_1826,36.35148732096218,127.32978692815477,대전광역시 유성구 구암동 641,2024,3,21,14,3,spring,0,1,3,3,0.0,2024-03-21,0,0,0,1212,5.2,1448,3.14,-9.0,1200,-9.0,-9.0,-9.0,9.6,11.0,1,712,35.4,0,,,,,0,
NON_1827,36.35481417742942,127.41686262782518,대전광역시 대덕구 오정동 686-5,2025,11,4,7,1,autumn,0,1,1,1,0.0,2025-11-04,0,0,0,1627,10.5,1504,2.27,-9.0,1200,-9.0,-9.0,-9.0,9.7,8.0,1,412,23.37,0,,,,,0,
NON_1828,36.32286042614775,127.41264598850229,대전광역시 중구 오류동 195,2025,10,25,15,5,autumn,0,1,1,1,0.0,2025-10-25,0,0,0,1704,14.3,1408,1.57,-9.0,1200,0.0,-9.0,-9.0,15.4,2.4,1,363,18.01,1,,,,,0,
NON_1829,36.36023351991162,127.3534601606651,대전광역시 유성구 봉명동 496-1,2024,2,23,9,4,winter,1,1,1,1,0.0,2024-02-23,0,0,0,1253,3.0,1324,2.5,0.0,1200,0.0,9.5,-9.0,5.6,3.2,2056,587,19.88,0,,,,,0,
NON_1830,36.40293901581957,127.38964485389057,대전광역시 유성구 전민동 652,2024,3,19,15,1,spring,0,1,1,1,0.0,2024-03-19,0,0,0,1123,7.2,1433,1.48,0.0,1100,0.0,4.08,-9.0,8.7,3.2,50,874,35.4,0,,,,,0,
NON_1831,36.4478683739896,127.38488807985802,대전광역시 유성구 봉산동 693-2,2025,1,22,15,2,winter,0,1,1,1,0.0,2025-01-22,0,0,0,1305,3.4,1358,1.76,-9.0,1300,-9.0,-9.0,-9.0,2.2,5.6,1004,399,12.09,0,,,,,0,
NON_1832,36.36089148996707,127.339920767182,대전광역시 유성구 궁동 455,2024,3,15,7,4,spring,0,1,1,1,0.0,2024-03-15,0,0,0,1451,9.5,1609,3.06,-9.0,1200,-9.0,-9.0,-9.0,10.5,11.0,2301,892,12.52,0,,,,,0,
NON_1833,36.40211747944429,127.3889061021939,대전광역시 유성구 전민동 891-2,2024,3,19,15,1,spring,0,1,1,1,0.0,2024-03-19,0,0,0,1123,7.2,1433,1.48,0.0,1100,0.0,4.08,-9.0,8.7,3.2,50,436,20.72,0,,,,,0,
NON_1834,36.3860751863798,127.33777508426142,대전광역시 유성구 하기동 145-1,2024,3,21,10,3,spring,0,1,1,1,0.0,2024-03-21,0,0,0,1212,5.2,1448,3.14,-9.0,1200,-9.0,-9.0,-9.0,9.6,11.0,1,969,23.96,0,,,,,0,
NON_1835,36.44559564097594,127.38471114220124,대전광역시 유성구 봉산동 714,2024,5,29,15,2,spring,0,1,1,1,0.0,2024-05-29,0,0,0,1248,20.9,1606,3.59,-9.0,1200,-9.0,-9.0,-9.0,26.3,13.3,849,928,6.2,0,,,,,0,
NON_1836,36.391776203969734,127.3575346244513,대전광역시 유성구 장동 157-4,2024,3,27,8,2,spring,1,1,1,1,0.0,2024-03-27,0,0,0,1639,10.2,1438,2.79,-9.0,1200,1.2,-9.0,-9.0,11.6,9.0,711,379,48.48,0,,,,,0,
NON_1837,36.37236201391883,127.31888124035477,대전광역시 유성구 지족동 976,2025,2,24,14,0,winter,0,2,2,2,0.0,2025-02-24,0,0,0,1413,-0.7,1434,2.82,-9.0,1200,-9.0,-9.0,-9.0,1.4,10.3,926,913,8.7,0,,,,,0,
NON_1838,36.34807025315467,127.33145886391674,대전광역시 유성구 상대동 556,2024,7,23,10,1,summer,0,6,6,6,0.0,2024-07-23,0,0,0,49,27.2,1,0.67,3.9,1300,6.0,10.03,2.5,26.9,0.0,1006,285,24.86,0,,,,,0,
NON_1839,36.35980034852509,127.350725508605,대전광역시 유성구 궁동 27-2,2025,1,13,14,0,winter,0,1,1,1,0.0,2025-01-13,0,0,0,1242,1.1,1532,1.96,-9.0,1200,0.1,-9.0,-9.0,-0.2,7.8,1008,237,18.21,0,,,,,0,
NON_1840,36.34150687222475,127.3051296731108,대전광역시 유성구 계산동 807,2024,3,20,10,2,spring,0,1,1,1,0.0,2024-03-20,0,0,0,259,4.6,1337,3.01,-9.0,1100,-9.0,-9.0,-9.0,8.7,9.9,947,1065,6.64,0,,,,,0,
NON_1841,36.36271665951365,127.35610470552037,대전광역시 유성구 어은동 99,2024,2,28,9,2,winter,1,5,5,5,0.0,2024-02-28,0,0,0,8,6.3,1637,2.16,-9.0,1200,-9.0,-9.0,-9.0,5.9,3.7,916,340,20.63,0,,,,,0,
NON_1842,36.35872802577555,127.33487199392499,대전광역시 유성구 장대동 291,2024,3,25,8,0,spring,1,3,3,3,0.0,2024-03-25,0,0,0,2121,9.4,1033,1.45,6.8,1000,26.1,11.25,-9.0,10.0,0.0,12,307,22.52,0,,,,,0,
NON_1843,36.35592159424375,127.34054233730163,대전광역시 유성구 봉명동 442-15,2024,3,7,15,3,spring,0,1,1,1,0.0,2024-03-07,0,0,0,1334,4.6,1424,2.2,0.0,1000,-9.0,0.5,-9.0,6.9,6.7,2356,596,41.27,0,,,,,0,
NON_1844,36.39228148392221,127.35835305251328,대전광역시 유성구 장동 130-3,2024,3,20,9,2,spring,1,1,1,1,0.0,2024-03-20,0,0,0,259,4.6,1337,3.01,-9.0,1100,-9.0,-9.0,-9.0,8.7,9.9,947,639,12.49,0,,,,,0,
NON_1845,36.34968949343642,127.32680174060576,대전광역시 유성구 구암동 242-10,2024,10,31,14,3,autumn,0,1,1,1,0.0,2024-10-31,0,0,0,1137,14.5,1406,2.42,-9.0,1200,0.6,-9.0,-9.0,13.8,8.9,858,837,7.19,0,,,,,0,
NON_1846,36.359610557725446,127.34298741316869,대전광역시 유성구 궁동 473,2024,3,24,7,6,spring,0,1,1,1,0.0,2024-03-24,0,0,0,839,14.1,1602,2.03,-9.0,1400,-9.0,-9.0,-9.0,15.1,3.6,936,372,13.63,1,,,,,0,
NON_1847,36.429486551700975,127.38391230211599,대전광역시 유성구 송강동 556,2024,3,7,6,3,spring,0,4,4,4,0.0,2024-03-07,0,0,0,1334,4.6,1424,2.2,0.0,1000,-9.0,0.5,-9.0,6.9,6.7,2356,940,36.27,0,,,,,0,
NON_1848,36.35766394610807,127.34023552374579,대전광역시 유성구 봉명동 528,2024,3,4,11,0,spring,0,1,1,1,0.0,2024-03-04,0,0,0,1729,6.7,1428,2.21,-9.0,1100,2.2,-9.0,-9.0,6.7,5.7,956,436,13.0,0,,,,,0,
NON_1849,36.44111805586637,127.3159937312682,세종특별자치시 금남면 금천리 205-2,2025,1,17,10,4,winter,0,1,1,1,0.0,2025-01-17,0,0,0,1609,1.3,1551,2.02,-9.0,1200,-9.0,-9.0,-9.0,1.9,8.6,942,838,13.72,0,,,,,0,
NON_1850,36.3841884395784,127.40501994303168,대전광역시 유성구 원촌동 135-2,2025,11,10,18,0,autumn,1,1,1,1,0.0,2025-11-10,0,0,0,352,8.9,1447,2.31,-9.0,1200,-9.0,-9.0,-9.0,8.0,9.6,906,358,15.53,0,,,,,0,
NON_1851,36.37805881317584,127.40982538197676,대전광역시 대덕구 읍내동 505-3,2025,10,27,8,0,autumn,1,1,1,1,0.0,2025-10-27,0,0,0,1514,9.5,1327,2.55,-9.0,1200,-9.0,-9.0,-9.0,10.5,9.9,2341,290,17.04,0,,,,,0,
NON_1852,36.335983064125884,127.42027152047207,대전광역시 중구 선화동 920,2025,11,11,8,1,autumn,1,8,15,15,0.0,2025-11-11,0,0,0,1358,8.2,1509,2.21,-9.0,1100,-9.0,-9.0,-9.0,7.7,8.0,2220,697,25.95,0,,,,,0,
NON_1853,36.33700387796867,127.4208061358964,대전광역시 중구 선화동 920,2025,11,9,15,6,autumn,0,6,11,11,0.0,2025-11-09,0,0,0,1345,13.7,1305,1.95,0.0,1300,-9.0,0.75,-9.0,13.0,6.8,1,569,24.39,1,,,,,0,
NON_1854,36.36832348474058,127.32905678613422,대전광역시 유성구 노은동 97,2024,3,20,14,2,spring,0,3,3,3,0.0,2024-03-20,0,0,0,259,4.6,1337,3.01,-9.0,1100,-9.0,-9.0,-9.0,8.7,9.9,947,1181,17.91,0,,,,,0,
NON_1855,36.391505023111,127.31034885212176,대전광역시 유성구 반석동 674,2024,4,5,10,4,spring,0,1,1,1,0.0,2024-04-05,0,0,0,28,13.3,1540,3.03,0.0,1300,0.0,0.5,0.0,14.6,6.1,921,1025,27.46,0,,,,,0,
NON_1856,36.382152170142824,127.34347736946903,대전광역시 유성구 신성동 367-4,2025,1,31,14,4,winter,0,1,1,1,0.0,2025-01-31,0,0,0,1741,1.9,1554,1.23,0.0,1200,0.2,1.33,-9.0,1.6,1.3,831,463,12.69,0,,,,,0,
NON_1857,36.409263168559114,127.37740558164151,대전광역시 유성구 화암동 109-11,2024,6,20,10,3,summer,0,1,1,1,0.0,2024-06-20,0,0,0,1354,25.7,1457,2.67,-9.0,1400,-9.0,-9.0,-9.0,33.4,6.3,6,998,34.66,0,,,,,0,
NON_1858,36.411102113844784,127.2973155533555,대전광역시 유성구 안산동 257-2,2024,3,15,14,4,spring,0,1,1,1,0.0,2024-03-15,0,0,0,1451,9.5,1609,3.06,-9.0,1200,-9.0,-9.0,-9.0,10.5,11.0,2301,897,19.05,0,,,,,0,
NON_1859,36.35877704506105,127.33196304461089,대전광역시 유성구 장대동 211-9,2024,4,23,14,1,spring,0,1,1,1,0.0,2024-04-23,0,0,0,1341,16.4,1357,3.45,0.0,1300,4.3,1.58,0.0,20.8,7.8,1,625,10.36,0,,,,,0,
NON_1860,36.335867813843386,127.41961611227539,대전광역시 중구 선화동 903,2025,11,11,8,1,autumn,1,1,2,2,0.0,2025-11-11,0,0,0,1358,8.2,1509,2.21,-9.0,1100,-9.0,-9.0,-9.0,7.7,8.0,2220,732,21.0,0,,,,,0,
NON_1861,36.431669465482386,127.38128910925357,대전광역시 유성구 송강동 산 4-43,2024,3,19,14,1,spring,0,2,2,2,0.0,2024-03-19,0,0,0,1123,7.2,1433,1.48,0.0,1100,0.0,4.08,-9.0,8.7,3.2,50,478,19.11,0,,,,,0,
NON_1862,36.32882204153374,127.3327385975873,대전광역시 유성구 용계동 688,2024,7,4,10,3,summer,0,1,1,1,0.0,2024-07-04,0,0,0,2250,28.1,1507,3.46,-9.0,1200,3.9,-9.0,-9.0,29.2,10.0,1,672,48.25,0,,,,,0,
NON_1863,36.3546826982778,127.34500712907032,대전광역시 유성구 봉명동 574,2024,4,5,9,4,spring,1,2,15,16,0.0,2024-04-05,0,0,0,28,13.3,1540,3.03,0.0,1300,0.0,0.5,0.0,14.6,6.1,921,1005,18.72,0,,,,,0,
NON_1864,36.35943972168499,127.33992704145078,대전광역시 유성구 장대동 373,2024,3,16,7,5,spring,0,1,3,4,0.0,2024-03-16,0,0,0,1616,11.4,1456,2.99,0.0,1200,0.0,1.25,-9.0,12.9,8.8,236,185,29.8,1,,,,,0,
NON_1865,36.3841879543501,127.40625185173386,대전광역시 유성구 원촌동 135-2,2025,11,10,18,0,autumn,1,1,1,1,0.0,2025-11-10,0,0,0,352,8.9,1447,2.31,-9.0,1200,-9.0,-9.0,-9.0,8.0,9.6,906,358,15.53,0,,,,,0,
NON_1866,36.37623338283706,127.41221520574172,대전광역시 대덕구 읍내동 509-9,2025,11,10,18,0,autumn,1,1,2,2,0.0,2025-11-10,0,0,0,352,8.9,1447,2.31,-9.0,1200,-9.0,-9.0,-9.0,8.0,9.6,906,543,39.69,0,,,,,0,
NON_1867,36.35611084807507,127.4166128039044,대전광역시 대덕구 오정동 686-5,2025,11,10,18,0,autumn,1,2,2,2,0.0,2025-11-10,0,0,0,352,8.9,1447,2.31,-9.0,1200,-9.0,-9.0,-9.0,8.0,9.6,906,1072,14.98,0,,,,,0,
NON_1868,36.44284943289843,127.38581161794934,대전광역시 유성구 봉산동 산 37-4,2024,5,29,15,2,spring,0,1,1,1,0.0,2024-05-29,0,0,0,1248,20.9,1606,3.59,-9.0,1200,-9.0,-9.0,-9.0,26.3,13.3,849,448,24.3,0,,,,,0,
NON_1869,36.34969716209258,127.32629655372673,대전광역시 유성구 구암동 240-4,2024,12,4,14,2,winter,0,1,1,1,0.0,2024-12-04,0,0,0,1424,3.6,1408,1.98,0.0,1200,0.0,1.67,-9.0,3.0,8.3,1,1019,30.15,0,,,,,0,
NON_1870,36.369440280318564,127.32287657679825,대전광역시 유성구 노은동 599,2024,3,19,6,1,spring,0,1,1,1,0.0,2024-03-19,0,0,0,1123,7.2,1433,1.48,0.0,1100,0.0,4.08,-9.0,8.7,3.2,50,1000,9.68,0,,,,,0,
NON_1871,36.351963016301646,127.3403007444156,대전광역시 유성구 봉명동 1058,2024,2,27,9,1,winter,1,1,1,1,0.0,2024-02-27,0,0,0,952,5.3,1428,2.68,-9.0,1200,-9.0,-9.0,-9.0,5.6,7.3,1001,521,29.06,0,,,,,0,
NON_1872,36.36082944291211,127.35419636282657,대전광역시 유성구 어은동 311,2024,12,17,14,1,winter,0,2,4,4,0.0,2024-12-17,0,0,0,1528,1.6,1326,1.9,-9.0,1200,-9.0,-9.0,-9.0,1.6,6.6,948,627,33.21,0,,,,,0,
NON_1873,36.3987547084341,127.31423599452131,대전광역시 유성구 외삼동 220,2024,3,20,9,2,spring,1,1,1,1,0.0,2024-03-20,0,0,0,259,4.6,1337,3.01,-9.0,1100,-9.0,-9.0,-9.0,8.7,9.9,947,680,9.52,0,,,,,0,
NON_1874,36.335542970792574,127.42051956939902,대전광역시 중구 선화동 920,2025,11,6,8,3,autumn,1,5,9,9,0.0,2025-11-06,0,0,0,1337,11.3,1438,2.13,-9.0,1200,-9.0,-9.0,-9.0,10.8,6.4,838,1109,11.21,0,,,,,0,
NON_1875,36.34493281579316,127.31017995187706,대전광역시 유성구 복용동 629,2024,3,27,10,2,spring,0,1,2,2,0.0,2024-03-27,0,0,0,1639,10.2,1438,2.79,-9.0,1200,1.2,-9.0,-9.0,11.6,9.0,711,397,21.44,0,,,,,0,
NON_1876,36.34587843578283,127.4219143354622,대전광역시 동구 홍도동 138-24,2025,11,3,8,0,autumn,1,1,1,1,0.0,2025-11-03,0,0,0,54,7.0,1519,2.35,-9.0,1200,-9.0,-9.0,-9.0,7.3,9.7,856,301,35.55,0,,,,,0,
NON_1877,36.30110474515932,127.32070796181053,대전광역시 유성구 원내동 781,2024,3,8,6,4,spring,0,1,1,1,0.0,2024-03-08,0,0,0,1350,2.9,1304,2.9,-9.0,1200,-9.0,-9.0,-9.0,4.4,10.2,2400,311,7.16,0,,,,,0,
NON_1878,36.3627931881565,127.3408850310566,대전광역시 유성구 궁동 351,2024,5,7,14,1,spring,0,1,1,1,0.0,2024-05-07,0,0,0,1952,12.9,1319,1.26,14.1,1200,14.7,17.97,3.7,14.7,0.0,2336,584,8.9,0,,,,,0,
NON_1879,36.36139953562179,127.35654483038365,대전광역시 유성구 어은동 109,2024,7,23,10,1,summer,0,5,5,5,0.0,2024-07-23,0,0,0,49,27.2,1,0.67,3.9,1300,6.0,10.03,2.5,26.9,0.0,1006,656,38.67,0,,,,,0,
NON_1880,36.40275214802328,127.31192563754037,대전광역시 유성구 외삼동 582,2024,3,6,9,2,spring,1,1,1,1,0.0,2024-03-06,0,0,0,2315,7.0,1522,2.15,-9.0,1200,0.0,-9.0,-9.0,7.2,5.8,2358,446,19.08,0,,,,,0,
NON_1881,36.39153290627238,127.34954735124808,대전광역시 유성구 신성동 466,2024,12,11,13,2,winter,0,2,2,2,0.0,2024-12-11,0,0,0,2144,2.5,1546,1.35,-9.0,1200,-9.0,-9.0,-9.0,1.8,5.0,2325,870,6.34,0,,,,,0,
NON_1882,36.35051357681567,127.33722736676762,대전광역시 유성구 구암동 641,2024,4,4,10,3,spring,0,1,4,6,0.0,2024-04-04,0,0,0,2335,13.4,1031,1.56,0.0,1000,0.0,0.8,0.0,14.2,0.2,2355,341,12.48,0,,,,,0,
NON_1883,36.36672907613702,127.31106954128273,대전광역시 유성구 노은동 413-3,2024,2,29,13,3,winter,0,1,1,1,0.0,2024-02-29,0,0,0,2400,5.1,1247,0.6,0.2,1400,0.2,3.0,-9.0,5.5,0.0,49,235,46.06,0,,,,,0,
NON_1884,36.35786240462342,127.34238980548832,대전광역시 유성구 봉명동 608,2024,7,23,10,1,summer,0,1,2,2,0.0,2024-07-23,0,0,0,49,27.2,1,0.67,3.9,1300,6.0,10.03,2.5,26.9,0.0,1006,417,16.5,0,,,,,0,
NON_1885,36.349248658413124,127.33558900966214,대전광역시 유성구 상대동 556,2024,7,23,10,1,summer,0,4,4,4,0.0,2024-07-23,0,0,0,49,27.2,1,0.67,3.9,1300,6.0,10.03,2.5,26.9,0.0,1006,445,22.22,0,,,,,0,
NON_1886,36.33585123001363,127.42098236222644,대전광역시 중구 선화동 260-1,2025,11,9,21,6,autumn,0,4,6,6,0.0,2025-11-09,0,0,0,1345,13.7,1305,1.95,0.0,1300,-9.0,0.75,-9.0,13.0,6.8,1,601,25.19,1,,,,,0,
NON_1887,36.39613680180324,127.3995874064464,대전광역시 유성구 전민동 460-3,2024,3,19,15,1,spring,0,1,1,1,0.0,2024-03-19,0,0,0,1123,7.2,1433,1.48,0.0,1100,0.0,4.08,-9.0,8.7,3.2,50,480,6.56,0,,,,,0,
NON_1888,36.35473072445177,127.4163674837916,대전광역시 대덕구 오정동 728,2025,11,10,8,0,autumn,1,3,7,7,0.0,2025-11-10,0,0,0,352,8.9,1447,2.31,-9.0,1200,-9.0,-9.0,-9.0,8.0,9.6,906,639,19.47,0,,,,,0,
NON_1889,36.37000357473242,127.31806615129577,대전광역시 유성구 노은동 583,2024,2,28,9,2,winter,1,9,9,9,0.0,2024-02-28,0,0,0,8,6.3,1637,2.16,-9.0,1200,-9.0,-9.0,-9.0,5.9,3.7,916,800,27.03,0,,,,,0,
NON_1890,36.36895223987165,127.3075959539174,대전광역시 유성구 노은동 산 24-139,2025,2,21,9,4,winter,1,1,1,1,0.0,2025-02-21,0,0,0,1519,-1.5,1452,2.75,-9.0,1200,0.4,-9.0,-9.0,1.5,10.1,836,662,33.75,0,,,,,0,
NON_1891,36.402988805989686,127.36415198154829,대전광역시 유성구 장동 산 1-17,2024,2,28,14,2,winter,0,1,1,1,0.0,2024-02-28,0,0,0,8,6.3,1637,2.16,-9.0,1200,-9.0,-9.0,-9.0,5.9,3.7,916,1088,38.96,0,,,,,0,
NON_1892,36.32443436891211,127.31199842517121,대전광역시 유성구 용계동 402-11,2024,10,30,14,2,autumn,0,1,1,1,0.0,2024-10-30,0,0,0,1945,14.7,1511,2.4,-9.0,1200,-9.0,-9.0,-9.0,14.2,9.6,2325,1097,9.92,0,,,,,0,
NON_1893,36.360805635720226,127.349228514911,대전광역시 유성구 궁동 29-4,2024,5,7,10,1,spring,0,1,1,1,0.0,2024-05-07,0,0,0,1952,12.9,1319,1.26,14.1,1200,14.7,17.97,3.7,14.7,0.0,2336,425,25.32,0,,,,,0,
NON_1894,36.34100408844795,127.30578552076237,대전광역시 유성구 학하동 793,2024,3,23,6,5,spring,0,1,1,1,0.0,2024-03-23,0,0,0,1516,14.9,1457,3.14,0.3,1200,-9.0,2.25,-9.0,15.9,9.3,2254,655,17.69,1,,,,,0,
NON_1895,36.35129734195249,127.35202975100607,대전광역시 서구 월평동 163-31,2024,3,26,14,1,spring,0,1,1,1,0.0,2024-03-26,0,0,0,11,6.7,1523,1.95,19.5,1000,0.2,10.33,-9.0,9.5,3.0,2358,748,47.88,0,,,,,0,
NON_1896,36.31038936720913,127.29012832586406,대전광역시 유성구 성북동 731-11,2025,2,17,11,0,winter,0,1,1,2,0.0,2025-02-17,0,0,0,1336,1.3,1346,2.7,-9.0,1200,-9.0,-9.0,-9.0,2.9,10.0,855,797,36.79,0,,,,,0,
NON_1897,36.42333910606325,127.4056307200237,대전광역시 유성구 용산동 605,2024,12,13,10,4,winter,0,1,1,1,0.0,2024-12-13,0,0,0,1254,0.6,1235,0.74,0.0,1000,0.0,1.5,-9.0,0.9,0.3,226,327,36.8,0,,,,,0,
NON_1898,36.36702621306474,127.36695507202366,대전광역시 유성구 구성동 464,2025,2,18,14,1,winter,0,1,1,1,0.0,2025-02-18,0,0,0,1238,-0.9,1434,2.67,-9.0,1200,-9.0,-9.0,-9.0,1.8,10.1,902,1002,35.33,0,,,,,0,
NON_1899,36.36443625374361,127.33987396560207,대전광역시 유성구 장대동 321,2024,10,29,9,1,autumn,1,1,1,1,0.0,2024-10-29,0,0,0,1054,14.9,1532,1.88,0.0,1100,0.0,0.58,0.0,15.2,3.1,2259,944,10.78,0,,,,,0,
NON_1900,36.336635528533364,127.42029332998274,대전광역시 중구 선화동 920,2025,11,5,11,2,autumn,0,7,8,8,0.0,2025-11-05,0,0,0,1630,10.4,1502,2.04,-9.0,1200,-9.0,-9.0,-9.0,10.3,7.3,921,839,31.13,0,,,,,0,
NON_1901,36.36311793310818,127.35604341834886,대전광역시 유성구 어은동 99,2024,2,28,9,2,winter,1,5,5,5,0.0,2024-02-28,0,0,0,8,6.3,1637,2.16,-9.0,1200,-9.0,-9.0,-9.0,5.9,3.7,916,340,20.63,0,,,,,0,
NON_1902,36.34038929575965,127.42091217489244,대전광역시 동구 삼성동 470,2025,10,27,8,0,autumn,1,1,1,1,0.0,2025-10-27,0,0,0,1514,9.5,1327,2.55,-9.0,1200,-9.0,-9.0,-9.0,10.5,9.9,2341,409,33.4,0,,,,,0,
NON_1903,36.3647880766336,127.31315003380561,대전광역시 유성구 노은동 603,2024,3,20,10,2,spring,0,3,3,3,0.0,2024-03-20,0,0,0,259,4.6,1337,3.01,-9.0,1100,-9.0,-9.0,-9.0,8.7,9.9,947,726,29.82,0,,,,,0,
NON_1904,36.32525302810118,127.43624784523678,대전광역시 동구 원동 406-2,2025,11,9,15,6,autumn,0,1,1,1,0.0,2025-11-09,0,0,0,1345,13.7,1305,1.95,0.0,1300,-9.0,0.75,-9.0,13.0,6.8,1,308,25.78,1,,,,,0,
NON_1905,36.3610117746218,127.35140610834118,대전광역시 유성구 궁동 27-2,2025,1,13,14,0,winter,0,1,1,1,0.0,2025-01-13,0,0,0,1242,1.1,1532,1.96,-9.0,1200,0.1,-9.0,-9.0,-0.2,7.8,1008,237,18.21,0,,,,,0,
NON_1906,36.41000695272299,127.3011366959419,대전광역시 유성구 안산동 227-9,2024,3,21,14,3,spring,0,1,1,1,0.0,2024-03-21,0,0,0,1212,5.2,1448,3.14,-9.0,1200,-9.0,-9.0,-9.0,9.6,11.0,1,500,21.79,0,,,,,0,
NON_1907,36.38155528075781,127.3241382763022,대전광역시 유성구 죽동 648,2024,4,4,15,3,spring,0,4,5,5,0.0,2024-04-04,0,0,0,2335,13.4,1031,1.56,0.0,1000,0.0,0.8,0.0,14.2,0.2,2355,989,20.94,0,,,,,0,
NON_1908,36.39305536487839,127.3570770011713,대전광역시 유성구 장동 157-4,2024,3,27,8,2,spring,1,1,1,1,0.0,2024-03-27,0,0,0,1639,10.2,1438,2.79,-9.0,1200,1.2,-9.0,-9.0,11.6,9.0,711,379,48.48,0,,,,,0,
NON_1909,36.36112869152307,127.30319192048343,대전광역시 유성구 덕명동 555,2024,8,1,9,3,summer,1,1,1,1,0.0,2024-08-01,0,0,0,1028,30.0,1448,2.84,-9.0,1300,-9.0,-9.0,-9.0,34.4,5.9,156,748,31.22,0,,,,,0,
NON_1910,36.40505704466203,127.30662756667074,대전광역시 유성구 외삼동 441-4,2024,3,15,14,4,spring,0,1,1,1,0.0,2024-03-15,0,0,0,1451,9.5,1609,3.06,-9.0,1200,-9.0,-9.0,-9.0,10.5,11.0,2301,571,25.92,0,,,,,0,
NON_1911,36.378853998733,127.40521450201527,대전광역시 유성구 원촌동 64-2,2024,2,28,10,2,winter,0,2,2,2,0.0,2024-02-28,0,0,0,8,6.3,1637,2.16,-9.0,1200,-9.0,-9.0,-9.0,5.9,3.7,916,910,12.08,0,,,,,0,
NON_1912,36.37242947250642,127.33289972637027,대전광역시 유성구 죽동 747,2024,7,22,8,0,summer,1,3,3,3,0.0,2024-07-22,0,0,0,2330,28.9,1240,2.46,-9.0,1200,0.0,-9.0,-9.0,29.3,2.8,113,923,23.09,0,,,,,0,
NON_1913,36.3560593923455,127.3414610484228,대전광역시 유성구 봉명동 442-15,2024,3,7,15,3,spring,0,1,1,1,0.0,2024-03-07,0,0,0,1334,4.6,1424,2.2,0.0,1000,-9.0,0.5,-9.0,6.9,6.7,2356,596,41.27,0,,,,,0,
NON_1914,36.403176261190474,127.38940293642617,대전광역시 유성구 전민동 652,2024,3,19,15,1,spring,0,1,1,1,0.0,2024-03-19,0,0,0,1123,7.2,1433,1.48,0.0,1100,0.0,4.08,-9.0,8.7,3.2,50,874,35.4,0,,,,,0,
NON_1915,36.3535779205322,127.35068846805935,대전광역시 유성구 봉명동 700,2024,4,5,8,4,spring,1,1,2,2,0.0,2024-04-05,0,0,0,28,13.3,1540,3.03,0.0,1300,0.0,0.5,0.0,14.6,6.1,921,1119,17.35,0,,,,,0,
NON_1916,36.39251048944653,127.3115885338068,대전광역시 유성구 반석동 676,2024,3,25,15,0,spring,0,4,5,5,0.0,2024-03-25,0,0,0,2121,9.4,1033,1.45,6.8,1000,26.1,11.25,-9.0,10.0,0.0,12,486,23.57,0,,,,,0,
NON_1917,36.359202626265585,127.33925469488203,대전광역시 유성구 장대동 373,2024,3,16,7,5,spring,0,1,3,4,0.0,2024-03-16,0,0,0,1616,11.4,1456,2.99,0.0,1200,0.0,1.25,-9.0,12.9,8.8,236,185,29.8,1,,,,,0,
NON_1918,36.39904246442492,127.31404934738276,대전광역시 유성구 외삼동 577,2024,3,20,10,2,spring,0,3,5,5,0.0,2024-03-20,0,0,0,259,4.6,1337,3.01,-9.0,1100,-9.0,-9.0,-9.0,8.7,9.9,947,623,28.58,0,,,,,0,
NON_1919,36.355921050251446,127.34260777280916,대전광역시 유성구 봉명동 574,2024,3,23,8,5,spring,1,5,13,13,0.0,2024-03-23,0,0,0,1516,14.9,1457,3.14,0.3,1200,-9.0,2.25,-9.0,15.9,9.3,2254,714,16.67,1,,,,,0,
NON_1920,36.32881181812744,127.33324380529045,대전광역시 유성구 용계동 688,2024,7,4,10,3,summer,0,1,1,1,0.0,2024-07-04,0,0,0,2250,28.1,1507,3.46,-9.0,1200,3.9,-9.0,-9.0,29.2,10.0,1,672,48.25,0,,,,,0,
NON_1921,36.42067141097109,127.3813237556429,대전광역시 유성구 관평동 산 8-5,2025,1,17,14,4,winter,0,1,1,1,0.0,2025-01-17,0,0,0,1609,1.3,1551,2.02,-9.0,1200,-9.0,-9.0,-9.0,1.9,8.6,942,1133,23.29,0,,,,,0,
NON_1922,36.430623851407425,127.37996868587219,대전광역시 유성구 송강동 168-2,2024,3,19,14,1,spring,0,1,1,1,0.0,2024-03-19,0,0,0,1123,7.2,1433,1.48,0.0,1100,0.0,4.08,-9.0,8.7,3.2,50,307,17.08,0,,,,,0,
NON_1923,36.355268619101714,127.41609315683101,대전광역시 대덕구 오정동 686-5,2025,11,4,7,1,autumn,0,1,1,1,0.0,2025-11-04,0,0,0,1627,10.5,1504,2.27,-9.0,1200,-9.0,-9.0,-9.0,9.7,8.0,1,412,23.37,0,,,,,0,
NON_1924,36.37162049505227,127.33179039759075,대전광역시 유성구 죽동 747,2024,7,22,7,0,summer,0,2,2,2,0.0,2024-07-22,0,0,0,2330,28.9,1240,2.46,-9.0,1200,0.0,-9.0,-9.0,29.3,2.8,113,387,12.11,0,,,,,0,
NON_1925,36.362656471577154,127.355705293469,대전광역시 유성구 어은동 99,2024,2,28,9,2,winter,1,1,1,1,0.0,2024-02-28,0,0,0,8,6.3,1637,2.16,-9.0,1200,-9.0,-9.0,-9.0,5.9,3.7,916,604,28.6,0,,,,,0,
NON_1926,36.37916530149935,127.4093926464966,대전광역시 유성구 원촌동 269-10,2025,10,30,19,3,autumn,1,1,1,1,0.0,2025-10-30,0,0,0,438,10.2,1356,1.69,-9.0,1200,-9.0,-9.0,-9.0,10.6,6.6,852,346,35.6,0,,,,,0,
NON_1927,36.395641388255136,127.39932685067022,대전광역시 유성구 전민동 460-3,2024,3,19,15,1,spring,0,2,2,2,0.0,2024-03-19,0,0,0,1123,7.2,1433,1.48,0.0,1100,0.0,4.08,-9.0,8.7,3.2,50,1182,12.28,0,,,,,0,
NON_1928,36.35990459810389,127.33876585745817,대전광역시 유성구 장대동 373,2024,3,6,14,2,spring,0,2,3,3,0.0,2024-03-06,0,0,0,2315,7.0,1522,2.15,-9.0,1200,0.0,-9.0,-9.0,7.2,5.8,2358,419,34.98,0,,,,,0,
NON_1929,36.410351613893745,127.29984985561467,대전광역시 유성구 안산동 227-9,2024,3,21,14,3,spring,0,1,1,1,0.0,2024-03-21,0,0,0,1212,5.2,1448,3.14,-9.0,1200,-9.0,-9.0,-9.0,9.6,11.0,1,500,21.79,0,,,,,0,
NON_1930,36.35801127570196,127.33458410289381,대전광역시 유성구 장대동 290,2024,3,20,10,2,spring,0,6,6,6,0.0,2024-03-20,0,0,0,259,4.6,1337,3.01,-9.0,1100,-9.0,-9.0,-9.0,8.7,9.9,947,513,23.85,0,,,,,0,
NON_1931,36.40814353273896,127.37796576074913,대전광역시 유성구 화암동 109-11,2024,6,20,10,3,summer,0,1,1,1,0.0,2024-06-20,0,0,0,1354,25.7,1457,2.67,-9.0,1400,-9.0,-9.0,-9.0,33.4,6.3,6,998,34.66,0,,,,,0,
NON_1932,36.29867057561843,127.31586304659365,대전광역시 유성구 원내동 772,2024,7,23,10,1,summer,0,1,1,1,0.0,2024-07-23,0,0,0,49,27.2,1,0.67,3.9,1300,6.0,10.03,2.5,26.9,0.0,1006,348,12.57,0,,,,,0,
NON_1933,36.36305818502245,127.3162240958505,대전광역시 유성구 노은동 603,2024,3,25,14,0,spring,0,5,5,5,0.0,2024-03-25,0,0,0,2121,9.4,1033,1.45,6.8,1000,26.1,11.25,-9.0,10.0,0.0,12,294,21.24,0,,,,,0,
NON_1934,36.393489108434906,127.32566334559012,대전광역시 유성구 하기동 327-1,2024,2,14,13,2,winter,0,1,1,1,0.0,2024-02-14,0,0,0,1630,13.2,1441,1.57,0.0,1400,0.0,2.67,-9.0,10.8,2.8,11,710,37.2,0,,,,,0,
NON_1935,36.32116479461607,127.41518265069058,대전광역시 중구 문화동 1-14,2025,11,8,15,5,autumn,0,1,1,1,0.0,2025-11-08,0,0,0,106,13.7,1407,1.13,0.4,1000,0.4,3.33,-9.0,13.1,0.4,628,499,20.04,1,,,,,0,
NON_1936,36.37003837718675,127.31471124328472,대전광역시 유성구 노은동 570,2024,7,1,15,0,summer,0,1,1,1,0.0,2024-07-01,0,0,0,1537,26.2,1700,2.97,-9.0,1300,49.3,-9.0,-9.0,29.7,8.7,2224,347,34.2,0,,,,,0,
NON_1937,36.359055953640144,127.33766255150633,대전광역시 유성구 장대동 290,2024,7,30,9,1,summer,1,1,1,1,0.0,2024-07-30,0,0,0,44,28.7,1339,3.44,-9.0,1300,-9.0,-9.0,-9.0,33.9,7.4,735,1058,12.47,0,,,,,0,
NON_1938,36.40501164674449,127.30543261977728,대전광역시 유성구 외삼동 441-1,2024,3,15,14,4,spring,0,1,1,1,0.0,2024-03-15,0,0,0,1451,9.5,1609,3.06,-9.0,1200,-9.0,-9.0,-9.0,10.5,11.0,2301,591,17.25,0,,,,,0,
NON_1939,36.423504233213514,127.29408794181147,세종특별자치시 금남면 두만리 52-8,2024,3,15,14,4,spring,0,3,3,3,0.0,2024-03-15,0,0,0,1451,9.5,1609,3.06,-9.0,1200,-9.0,-9.0,-9.0,10.5,11.0,2301,639,36.01,0,,,,,0,
NON_1940,36.36533735012744,127.3321591881985,대전광역시 유성구 장대동 121-2,2024,3,20,10,2,spring,0,4,4,4,0.0,2024-03-20,0,0,0,259,4.6,1337,3.01,-9.0,1100,-9.0,-9.0,-9.0,8.7,9.9,947,463,41.16,0,,,,,0,
NON_1941,36.3542575905378,127.34432269546257,대전광역시 유성구 봉명동 574,2024,3,16,7,5,spring,0,2,7,7,0.0,2024-03-16,0,0,0,1616,11.4,1456,2.99,0.0,1200,0.0,1.25,-9.0,12.9,8.8,236,695,5.71,1,,,,,0,
NON_1942,36.42047407181416,127.4034479604248,대전광역시 유성구 용산동 604,2024,3,22,9,4,spring,1,2,3,3,0.0,2024-03-22,0,0,0,1442,10.1,1324,2.8,4.1,1100,4.4,6.33,-9.0,9.9,5.9,117,731,25.06,0,,,,,0,
NON_1943,36.36587138393616,127.33918820227429,대전광역시 유성구 죽동 119-2,2024,7,22,8,0,summer,1,1,1,1,0.0,2024-07-22,0,0,0,2330,28.9,1240,2.46,-9.0,1200,0.0,-9.0,-9.0,29.3,2.8,113,762,36.0,0,,,,,0,
NON_1944,36.39055406551232,127.40554583127347,대전광역시 유성구 문지동 667,2025,10,29,8,2,autumn,1,1,1,1,0.0,2025-10-29,0,0,0,1533,9.6,1506,2.4,-9.0,1200,-9.0,-9.0,-9.0,9.7,9.7,849,709,29.89,0,,,,,0,
NON_1945,36.30987192219472,127.44223341792373,대전광역시 중구 석교동 102-7,2025,11,9,12,6,autumn,0,1,1,1,0.0,2025-11-09,0,0,0,1345,13.7,1305,1.95,0.0,1300,-9.0,0.75,-9.0,13.0,6.8,1,213,19.57,1,,,,,0,
NON_1946,36.40786199707425,127.3761425387794,대전광역시 유성구 방현동 349-3,2024,6,20,10,3,summer,0,1,1,1,0.0,2024-06-20,0,0,0,1354,25.7,1457,2.67,-9.0,1400,-9.0,-9.0,-9.0,33.4,6.3,6,606,23.68,0,,,,,0,
NON_1947,36.42155737460653,127.38153330449937,대전광역시 유성구 관평동 산 8-5,2025,1,17,14,4,winter,0,1,1,1,0.0,2025-01-17,0,0,0,1609,1.3,1551,2.02,-9.0,1200,-9.0,-9.0,-9.0,1.9,8.6,942,1133,23.29,0,,,,,0,
NON_1948,36.38197843553387,127.34373273831848,대전광역시 유성구 신성동 367-4,2025,1,31,14,4,winter,0,1,1,1,0.0,2025-01-31,0,0,0,1741,1.9,1554,1.23,0.0,1200,0.2,1.33,-9.0,1.6,1.3,831,463,12.69,0,,,,,0,
NON_1949,36.32687394140722,127.4320024704735,대전광역시 동구 원동 85-1,2025,11,9,11,6,autumn,0,1,1,1,0.0,2025-11-09,0,0,0,1345,13.7,1305,1.95,0.0,1300,-9.0,0.75,-9.0,13.0,6.8,1,534,25.47,1,,,,,0,
NON_1950,36.33564173753895,127.42160266003809,대전광역시 중구 선화동 920,2025,11,3,19,0,autumn,1,6,6,6,0.0,2025-11-03,0,0,0,54,7.0,1519,2.35,-9.0,1200,-9.0,-9.0,-9.0,7.3,9.7,856,354,31.3,0,,,,,0,
NON_1951,36.35923676336289,127.33576334012321,대전광역시 유성구 장대동 291,2024,3,25,7,0,spring,0,1,1,1,0.0,2024-03-25,0,0,0,2121,9.4,1033,1.45,6.8,1000,26.1,11.25,-9.0,10.0,0.0,12,456,39.01,0,,,,,0,
NON_1952,36.394066319979295,127.40705330834055,대전광역시 유성구 문지동 668,2024,10,30,14,2,autumn,0,1,1,1,0.0,2024-10-30,0,0,0,1945,14.7,1511,2.4,-9.0,1200,-9.0,-9.0,-9.0,14.2,9.6,2325,1169,36.28,0,,,,,0,
NON_1953,36.450609512776104,127.42796858754052,대전광역시 대덕구 석봉동 388-1,2024,3,26,11,1,spring,0,1,1,1,0.0,2024-03-26,0,0,0,11,6.7,1523,1.95,19.5,1000,0.2,10.33,-9.0,9.5,3.0,2358,443,27.76,0,,,,,0,
NON_1954,36.37385636042506,127.30553988662606,대전광역시 유성구 지족동 1060-1,2024,3,7,14,3,spring,0,2,2,2,0.0,2024-03-07,0,0,0,1334,4.6,1424,2.2,0.0,1000,-9.0,0.5,-9.0,6.9,6.7,2356,880,26.36,0,,,,,0,
NON_1955,36.39499891181432,127.40585752244502,대전광역시 유성구 문지동 636-5,2024,1,23,13,1,winter,0,2,2,2,0.0,2024-01-23,0,0,0,1454,-9.2,1240,1.64,0.1,1100,0.1,12.75,-9.0,-3.3,4.1,239,413,32.0,0,,,,,0,
NON_1956,36.36963690489835,127.32349188653211,대전광역시 유성구 노은동 599,2024,3,19,6,1,spring,0,1,1,1,0.0,2024-03-19,0,0,0,1123,7.2,1433,1.48,0.0,1100,0.0,4.08,-9.0,8.7,3.2,50,1000,9.68,0,,,,,0,
NON_1957,36.32196456096796,127.41512340919114,대전광역시 중구 문화동 1-9,2025,11,8,10,5,autumn,0,2,2,2,0.0,2025-11-08,0,0,0,106,13.7,1407,1.13,0.4,1000,0.4,3.33,-9.0,13.1,0.4,628,467,33.63,1,,,,,0,
NON_1958,36.35719119975071,127.33418449298938,대전광역시 유성구 장대동 191-7,2024,3,25,8,0,spring,1,1,1,1,0.0,2024-03-25,0,0,0,2121,9.4,1033,1.45,6.8,1000,26.1,11.25,-9.0,10.0,0.0,12,608,39.83,0,,,,,0,
NON_1959,36.415591409416685,127.40724946232126,대전광역시 유성구 탑립동 945,2024,3,27,13,2,spring,0,1,1,1,0.0,2024-03-27,0,0,0,1639,10.2,1438,2.79,-9.0,1200,1.2,-9.0,-9.0,11.6,9.0,711,409,12.09,0,,,,,0,
NON_1960,36.35899386012613,127.4174169644217,대전광역시 대덕구 오정동 40-9,2025,11,11,8,1,autumn,1,1,1,1,0.0,2025-11-11,0,0,0,1358,8.2,1509,2.21,-9.0,1100,-9.0,-9.0,-9.0,7.7,8.0,2220,992,41.31,0,,,,,0,
NON_1961,36.393956356769785,127.40670438290415,대전광역시 유성구 문지동 636-5,2024,1,23,13,1,winter,0,1,1,1,0.0,2024-01-23,0,0,0,1454,-9.2,1240,1.64,0.1,1100,0.1,12.75,-9.0,-3.3,4.1,239,326,27.95,0,,,,,0,
NON_1962,36.40854600173973,127.3766832827204,대전광역시 유성구 방현동 349-3,2024,6,20,10,3,summer,0,1,1,1,0.0,2024-06-20,0,0,0,1354,25.7,1457,2.67,-9.0,1400,-9.0,-9.0,-9.0,33.4,6.3,6,606,23.68,0,,,,,0,
NON_1963,36.34230784224743,127.30286091706274,대전광역시 유성구 계산동 781,2024,3,19,7,1,spring,0,1,1,1,0.0,2024-03-19,0,0,0,1123,7.2,1433,1.48,0.0,1100,0.0,4.08,-9.0,8.7,3.2,50,476,12.11,0,,,,,0,
NON_1964,36.361765572058964,127.3567866925841,대전광역시 유성구 어은동 109,2024,7,22,14,0,summer,0,2,2,2,0.0,2024-07-22,0,0,0,2330,28.9,1240,2.46,-9.0,1200,0.0,-9.0,-9.0,29.3,2.8,113,895,37.47,0,,,,,0,
NON_1965,36.35101819129301,127.29809061508162,대전광역시 유성구 덕명동 154-15,2024,10,28,10,0,autumn,0,1,1,1,0.0,2024-10-28,0,0,0,2246,14.8,1145,1.41,0.0,1100,0.0,1.17,0.0,15.4,0.4,2309,1065,32.93,0,,,,,0,
NON_1966,36.35419096566332,127.41704251373636,대전광역시 대덕구 오정동 728,2025,11,10,8,0,autumn,1,3,7,7,0.0,2025-11-10,0,0,0,352,8.9,1447,2.31,-9.0,1200,-9.0,-9.0,-9.0,8.0,9.6,906,639,19.47,0,,,,,0,
NON_1967,36.357114942984545,127.34006438941589,대전광역시 유성구 장대동 373,2024,11,27,14,2,autumn,0,2,2,2,0.0,2024-11-27,0,0,0,1200,2.3,1151,1.63,3.8,1300,3.9,13.75,-9.0,4.1,1.4,2207,422,12.11,0,,,,,0,
NON_1968,36.38534716873688,127.35891665061455,대전광역시 유성구 신성동 420-26,2024,2,28,15,2,winter,0,1,1,1,0.0,2024-02-28,0,0,0,8,6.3,1637,2.16,-9.0,1200,-9.0,-9.0,-9.0,5.9,3.7,916,773,6.23,0,,,,,0,
NON_1969,36.34492788243132,127.323381088225,대전광역시 유성구 복용동 152-8,2024,3,17,7,6,spring,0,1,1,1,0.0,2024-03-17,0,0,0,1109,9.7,1337,2.64,0.0,1100,-9.0,0.42,-9.0,13.4,6.8,2359,704,28.48,1,,,,,0,
NON_1970,36.443556956558,127.43415318986064,대전광역시 대덕구 신탄진동 272-2,2024,3,26,11,1,spring,0,6,6,6,0.0,2024-03-26,0,0,0,11,6.7,1523,1.95,19.5,1000,0.2,10.33,-9.0,9.5,3.0,2358,675,46.56,0,,,,,0,
NON_1971,36.458600706549845,127.39086609609562,대전광역시 유성구 금고동 산 21,2024,3,27,15,2,spring,0,1,1,1,0.0,2024-03-27,0,0,0,1639,10.2,1438,2.79,-9.0,1200,1.2,-9.0,-9.0,11.6,9.0,711,395,39.79,0,,,,,0,
NON_1972,36.33714130990336,127.4289871108989,대전광역시 동구 삼성동 457,2025,11,10,18,0,autumn,1,1,1,1,0.0,2025-11-10,0,0,0,352,8.9,1447,2.31,-9.0,1200,-9.0,-9.0,-9.0,8.0,9.6,906,974,34.72,0,,,,,0,
NON_1973,36.3629247399172,127.34034181491454,대전광역시 유성구 장대동 321,2025,1,20,9,0,winter,1,1,1,2,0.0,2025-01-20,0,0,0,1412,2.8,1427,1.59,-9.0,1400,-9.0,-9.0,-9.0,2.1,3.0,2343,313,35.34,0,,,,,0,
NON_1974,36.30464160679828,127.32072032164815,대전광역시 유성구 원내동 773,2024,7,23,11,1,summer,0,5,5,5,0.0,2024-07-23,0,0,0,49,27.2,1,0.67,3.9,1300,6.0,10.03,2.5,26.9,0.0,1006,236,16.11,0,,,,,0,
NON_1975,36.356743883620474,127.41651799350377,대전광역시 대덕구 오정동 728,2025,10,31,8,4,autumn,1,4,4,4,0.0,2025-10-31,0,0,0,1240,12.6,1451,2.31,0.0,1200,0.2,0.17,0.0,12.7,7.5,1,935,9.6,0,,,,,0,
NON_1976,36.3608928984175,127.30800668814521,대전광역시 유성구 구암동 686,2025,11,2,11,6,autumn,0,2,2,2,0.0,2025-11-02,0,0,0,1336,9.4,1106,2.11,2.1,1100,-9.0,1.25,-9.0,9.9,6.7,2344,662,15.39,1,,,,,0,
NON_1977,36.34693234620128,127.42283510450447,대전광역시 동구 홍도동 826-3,2025,11,10,18,0,autumn,1,2,2,2,0.0,2025-11-10,0,0,0,352,8.9,1447,2.31,-9.0,1200,-9.0,-9.0,-9.0,8.0,9.6,906,724,35.73,0,,,,,0,
NON_1978,36.40547726569127,127.40350849871027,대전광역시 유성구 전민동 841-6,2024,3,4,13,0,spring,0,1,1,1,0.0,2024-03-04,0,0,0,1729,6.7,1428,2.21,-9.0,1100,2.2,-9.0,-9.0,6.7,5.7,956,190,39.23,0,,,,,0,
NON_1979,36.390455740964,127.29735975228927,대전광역시 유성구 반석동 499-2,2024,3,7,14,3,spring,0,1,1,1,0.0,2024-03-07,0,0,0,1334,4.6,1424,2.2,0.0,1000,-9.0,0.5,-9.0,6.9,6.7,2356,634,13.14,0,,,,,0,
NON_1980,36.334861618825784,127.4195981018447,대전광역시 중구 선화동 260-1,2025,10,26,11,6,autumn,0,1,1,1,0.0,2025-10-26,0,0,0,1342,13.2,1226,2.13,0.0,1200,0.0,1.15,0.0,14.1,1.3,151,507,5.08,1,,,,,0,
NON_1981,36.36650572115494,127.33141810218393,대전광역시 유성구 장대동 116-5,2024,3,5,6,1,spring,0,1,1,1,0.0,2024-03-05,0,0,0,1830,5.9,1,0.29,2.5,1000,0.3,15.42,-9.0,5.8,0.0,208,757,45.01,0,,,,,0,
NON_1982,36.42439208892298,127.29509676839422,세종특별자치시 금남면 두만리 42-3,2024,3,15,14,4,spring,0,1,1,1,0.0,2024-03-15,0,0,0,1451,9.5,1609,3.06,-9.0,1200,-9.0,-9.0,-9.0,10.5,11.0,2301,609,41.13,0,,,,,0,
NON_1983,36.36316231885157,127.34095061974709,대전광역시 유성구 궁동 352,2024,12,12,15,3,winter,0,1,1,1,0.0,2024-12-12,0,0,0,1320,1.2,1340,1.95,-9.0,1200,-9.0,-9.0,-9.0,0.6,6.7,934,447,20.38,0,,,,,0,
NON_1984,36.349665047628555,127.41915959081956,대전광역시 대덕구 오정동 254-1,2025,11,4,7,1,autumn,0,1,1,1,0.0,2025-11-04,0,0,0,1627,10.5,1504,2.27,-9.0,1200,-9.0,-9.0,-9.0,9.7,8.0,1,439,29.99,0,,,,,0,
NON_1985,36.37196680352942,127.3231120028724,대전광역시 유성구 노은동 599,2024,3,22,16,4,spring,0,4,4,4,0.0,2024-03-22,0,0,0,1442,10.1,1324,2.8,4.1,1100,4.4,6.33,-9.0,9.9,5.9,117,673,29.78,0,,,,,0,
NON_1986,36.364636847835705,127.36258997157034,대전광역시 유성구 구성동 445-1,2024,11,5,9,1,autumn,1,1,1,1,0.0,2024-11-05,0,0,0,1553,9.8,1414,2.34,-9.0,1200,-9.0,-9.0,-9.0,10.5,7.7,2348,985,17.81,0,,,,,0,
NON_1987,36.33584971917558,127.41741996596598,대전광역시 중구 선화동 260-1,2025,11,4,20,1,autumn,0,1,3,3,0.0,2025-11-04,0,0,0,1627,10.5,1504,2.27,-9.0,1200,-9.0,-9.0,-9.0,9.7,8.0,1,901,18.37,0,,,,,0,
NON_1988,36.374901241981235,127.39040989522886,대전광역시 유성구 도룡동 465-1,2024,2,22,14,3,winter,0,2,2,2,0.0,2024-02-22,0,0,0,1233,2.1,1350,0.58,3.7,1300,0.5,20.08,-9.0,3.8,0.0,2122,813,9.36,0,,,,,0,
NON_1989,36.41836829712062,127.38099367711568,대전광역시 유성구 관평동 681,2024,7,5,10,4,summer,0,1,1,1,0.0,2024-07-05,0,0,0,121,25.8,1555,3.5,3.9,1100,-9.0,2.67,3.7,27.4,7.9,2128,652,32.51,0,,,,,0,
NON_1990,36.36673310232511,127.36440976797145,대전광역시 유성구 구성동 464,2025,2,18,14,1,winter,0,2,2,2,0.0,2025-02-18,0,0,0,1238,-0.9,1434,2.67,-9.0,1200,-9.0,-9.0,-9.0,1.8,10.1,902,1001,34.81,0,,,,,0,
NON_1991,36.35981351543002,127.34771097588519,대전광역시 유성구 궁동 491,2024,3,25,13,0,spring,0,1,1,1,0.0,2024-03-25,0,0,0,2121,9.4,1033,1.45,6.8,1000,26.1,11.25,-9.0,10.0,0.0,12,574,13.25,0,,,,,0,
NON_1992,36.36006114713087,127.34781657456764,대전광역시 유성구 궁동 491,2024,3,25,13,0,spring,0,1,1,1,0.0,2024-03-25,0,0,0,2121,9.4,1033,1.45,6.8,1000,26.1,11.25,-9.0,10.0,0.0,12,574,13.25,0,,,,,0,
NON_1993,36.38017150156107,127.32599225553999,대전광역시 유성구 죽동 650,2024,3,25,9,0,spring,1,1,1,1,0.0,2024-03-25,0,0,0,2121,9.4,1033,1.45,6.8,1000,26.1,11.25,-9.0,10.0,0.0,12,586,35.03,0,,,,,0,
NON_1994,36.35467245484335,127.34544315568975,대전광역시 유성구 봉명동 574,2024,3,16,7,5,spring,0,2,7,7,0.0,2024-03-16,0,0,0,1616,11.4,1456,2.99,0.0,1200,0.0,1.25,-9.0,12.9,8.8,236,695,5.71,1,,,,,0,
NON_1995,36.35020244888704,127.33483893748155,대전광역시 유성구 구암동 641,2024,3,23,6,5,spring,0,3,5,5,0.0,2024-03-23,0,0,0,1516,14.9,1457,3.14,0.3,1200,-9.0,2.25,-9.0,15.9,9.3,2254,284,7.29,1,,,,,0,
NON_1996,36.41037898215319,127.30057586182734,대전광역시 유성구 안산동 227-9,2024,3,21,14,3,spring,0,1,1,1,0.0,2024-03-21,0,0,0,1212,5.2,1448,3.14,-9.0,1200,-9.0,-9.0,-9.0,9.6,11.0,1,500,21.79,0,,,,,0,
NON_1997,36.293994769477315,127.46159160453811,대전광역시 동구 대성동 205-5,2025,11,9,12,6,autumn,0,1,1,1,0.0,2025-11-09,0,0,0,1345,13.7,1305,1.95,0.0,1300,-9.0,0.75,-9.0,13.0,6.8,1,444,26.83,1,,,,,0,
NON_1998,36.37144262032618,127.34004893786843,대전광역시 유성구 궁동 331-2,2024,6,19,15,2,summer,0,1,1,1,0.0,2024-06-19,0,0,0,1600,27.5,1550,3.46,-9.0,1200,-9.0,-9.0,-9.0,36.0,12.4,715,513,7.21,0,,,,,0,
NON_1999,36.35093687915207,127.32221380463218,대전광역시 유성구 구암동 337-1,2024,3,27,10,2,spring,0,1,1,1,0.0,2024-03-27,0,0,0,1639,10.2,1438,2.79,-9.0,1200,1.2,-9.0,-9.0,11.6,9.0,711,229,47.27,0,,,,,0,
NON_2000,36.38411357843779,127.3639590500825,대전광역시 유성구 가정동 산 16-5,2024,2,28,12,2,winter,0,1,1,1,0.0,2024-02-28,0,0,0,8,6.3,1637,2.16,-9.0,1200,-9.0,-9.0,-9.0,5.9,3.7,916,335,27.57,0,,,,,0,
NON_2001,36.42101571990083,127.4045281655809,대전광역시 유성구 용산동 604,2024,2,29,13,3,winter,0,1,1,1,0.0,2024-02-29,0,0,0,2400,5.1,1247,0.6,0.2,1400,0.2,3.0,-9.0,5.5,0.0,49,579,30.44,0,,,,,0,
NON_2002,36.331148824385345,127.38911216269237,대전광역시 서구 가장동 190,2025,11,8,10,5,autumn,0,1,1,1,0.0,2025-11-08,0,0,0,106,13.7,1407,1.13,0.4,1000,0.4,3.33,-9.0,13.1,0.4,628,511,19.88,1,,,,,0,
NON_2003,36.36761107470684,127.31916836397673,대전광역시 유성구 노은동 612,2024,3,26,14,1,spring,0,3,3,3,0.0,2024-03-26,0,0,0,11,6.7,1523,1.95,19.5,1000,0.2,10.33,-9.0,9.5,3.0,2358,269,26.99,0,,,,,0,
NON_2004,36.32348582541434,127.41535653175721,대전광역시 중구 문화동 1-18,2025,11,8,10,5,autumn,0,2,3,3,0.0,2025-11-08,0,0,0,106,13.7,1407,1.13,0.4,1000,0.4,3.33,-9.0,13.1,0.4,628,454,21.03,1,,,,,0,
NON_2005,36.37996473562823,127.39197736633197,대전광역시 유성구 도룡동 3-6,2024,3,27,14,2,spring,0,1,1,1,0.0,2024-03-27,0,0,0,1639,10.2,1438,2.79,-9.0,1200,1.2,-9.0,-9.0,11.6,9.0,711,244,31.41,0,,,,,0,
NON_2006,36.36906436405301,127.31821755349326,대전광역시 유성구 노은동 583,2024,3,25,9,0,spring,1,2,12,12,0.0,2024-03-25,0,0,0,2121,9.4,1033,1.45,6.8,1000,26.1,11.25,-9.0,10.0,0.0,12,359,31.92,0,,,,,0,
NON_2007,36.32153014697481,127.43897636957401,대전광역시 동구 인동 352,2025,11,9,15,6,autumn,0,1,1,1,0.0,2025-11-09,0,0,0,1345,13.7,1305,1.95,0.0,1300,-9.0,0.75,-9.0,13.0,6.8,1,500,12.99,1,,,,,0,
NON_2008,36.34082934131284,127.34373126676999,대전광역시 유성구 원신흥동 586,2024,12,11,10,2,winter,0,1,1,1,0.0,2024-12-11,0,0,0,2144,2.5,1546,1.35,-9.0,1200,-9.0,-9.0,-9.0,1.8,5.0,2325,893,6.89,0,,,,,0,
NON_2009,36.361271082429816,127.35570560860853,대전광역시 유성구 어은동 109,2024,12,8,18,6,winter,1,1,1,1,0.0,2024-12-08,0,0,0,1433,0.5,1422,2.02,0.0,1200,-9.0,0.25,-9.0,0.5,8.1,930,551,30.14,1,,,,,0,
NON_2010,36.35946411977924,127.32912582646965,대전광역시 유성구 장대동 258,2024,8,1,9,3,summer,1,1,1,1,0.0,2024-08-01,0,0,0,1028,30.0,1448,2.84,-9.0,1300,-9.0,-9.0,-9.0,34.4,5.9,156,700,15.48,0,,,,,0,
NON_2011,36.3507423865302,127.35145656879776,대전광역시 서구 월평동 163-31,2024,3,26,14,1,spring,0,1,1,1,0.0,2024-03-26,0,0,0,11,6.7,1523,1.95,19.5,1000,0.2,10.33,-9.0,9.5,3.0,2358,748,47.88,0,,,,,0,
NON_2012,36.38093261258414,127.40603793430543,대전광역시 유성구 원촌동 90,2025,11,3,10,0,autumn,0,1,1,1,0.0,2025-11-03,0,0,0,54,7.0,1519,2.35,-9.0,1200,-9.0,-9.0,-9.0,7.3,9.7,856,959,17.36,0,,,,,0,
NON_2013,36.32655552085821,127.37245119793229,대전광역시 서구 도마동 487,2025,10,25,15,5,autumn,0,1,1,1,0.0,2025-10-25,0,0,0,1704,14.3,1408,1.57,-9.0,1200,0.0,-9.0,-9.0,15.4,2.4,1,303,16.59,1,,,,,0,
NON_2014,36.31470319415276,127.28461682681447,대전광역시 유성구 성북동 663-3,2024,2,19,10,0,winter,0,1,1,1,0.0,2024-02-19,0,0,0,1349,9.8,1344,0.59,16.6,1300,1.2,13.83,-9.0,9.7,0.0,2253,575,37.34,0,,,,,0,
NON_2015,36.392235693392756,127.32522439200159,대전광역시 유성구 하기동 327-1,2024,2,14,13,2,winter,0,1,1,1,0.0,2024-02-14,0,0,0,1630,13.2,1441,1.57,0.0,1400,0.0,2.67,-9.0,10.8,2.8,11,710,37.2,0,,,,,0,
NON_2016,36.36112240908229,127.3528863197163,대전광역시 유성구 궁동 434,2024,3,5,7,1,spring,0,1,1,1,0.0,2024-03-05,0,0,0,1830,5.9,1,0.29,2.5,1000,0.3,15.42,-9.0,5.8,0.0,208,383,31.24,0,,,,,0,
NON_2017,36.38389117392048,127.32080720082624,대전광역시 유성구 지족동 862-10,2024,3,8,16,4,spring,0,1,1,1,0.0,2024-03-08,0,0,0,1350,2.9,1304,2.9,-9.0,1200,-9.0,-9.0,-9.0,4.4,10.2,2400,517,33.38,0,,,,,0,
NON_2018,36.36619298652269,127.31615365226834,대전광역시 유성구 노은동 553-2,2024,3,25,14,0,spring,0,1,1,1,0.0,2024-03-25,0,0,0,2121,9.4,1033,1.45,6.8,1000,26.1,11.25,-9.0,10.0,0.0,12,324,32.32,0,,,,,0,
NON_2019,36.36415678950999,127.34046338082909,대전광역시 유성구 장대동 321,2024,10,29,9,1,autumn,1,1,1,1,0.0,2024-10-29,0,0,0,1054,14.9,1532,1.88,0.0,1100,0.0,0.58,0.0,15.2,3.1,2259,944,10.78,0,,,,,0,
NON_2020,36.394737587084556,127.40673049564532,대전광역시 유성구 문지동 636-5,2024,1,23,13,1,winter,0,2,2,2,0.0,2024-01-23,0,0,0,1454,-9.2,1240,1.64,0.1,1100,0.1,12.75,-9.0,-3.3,4.1,239,413,32.0,0,,,,,0,
NON_2021,36.35882968994774,127.30962050212038,대전광역시 유성구 구암동 692,2025,2,11,14,1,winter,0,1,1,1,0.0,2025-02-11,0,0,0,1152,0.3,1551,2.46,-9.0,1200,3.9,-9.0,-9.0,1.0,9.7,826,194,16.91,0,,,,,0,
NON_2022,36.36251884953173,127.39456364404856,대전광역시 서구 둔산동 1514,2025,11,2,12,6,autumn,0,1,1,1,0.0,2025-11-02,0,0,0,1336,9.4,1106,2.11,2.1,1100,-9.0,1.25,-9.0,9.9,6.7,2344,294,27.85,1,,,,,0,
NON_2023,36.35404407655931,127.41670725751194,대전광역시 대덕구 오정동 729,2025,10,29,8,2,autumn,1,1,1,1,0.0,2025-10-29,0,0,0,1533,9.6,1506,2.4,-9.0,1200,-9.0,-9.0,-9.0,9.7,9.7,849,512,21.86,0,,,,,0,
NON_2024,36.367254823162746,127.33062754622914,대전광역시 유성구 장대동 116-10,2025,11,2,12,6,autumn,0,1,1,1,0.0,2025-11-02,0,0,0,1336,9.4,1106,2.11,2.1,1100,-9.0,1.25,-9.0,9.9,6.7,2344,452,5.24,1,,,,,0,
NON_2025,36.335529669281776,127.4207223795709,대전광역시 중구 선화동 920,2025,10,27,19,0,autumn,1,1,1,1,0.0,2025-10-27,0,0,0,1514,9.5,1327,2.55,-9.0,1200,-9.0,-9.0,-9.0,10.5,9.9,2341,885,26.29,0,,,,,0,
NON_2026,36.360028337183415,127.33469125408321,대전광역시 유성구 장대동 291,2024,3,25,7,0,spring,0,1,1,1,0.0,2024-03-25,0,0,0,2121,9.4,1033,1.45,6.8,1000,26.1,11.25,-9.0,10.0,0.0,12,456,39.01,0,,,,,0,
NON_2027,36.40615588310533,127.38559751474067,대전광역시 유성구 화암동 57-3,2024,6,20,10,3,summer,0,1,1,1,0.0,2024-06-20,0,0,0,1354,25.7,1457,2.67,-9.0,1400,-9.0,-9.0,-9.0,33.4,6.3,6,833,32.78,0,,,,,0,
NON_2028,36.390633265231514,127.33115717259463,대전광역시 유성구 하기동 603,2024,3,20,5,2,spring,0,1,5,5,0.0,2024-03-20,0,0,0,259,4.6,1337,3.01,-9.0,1100,-9.0,-9.0,-9.0,8.7,9.9,947,680,40.36,0,,,,,0,
NON_2029,36.45172914342813,127.42853248103472,대전광역시 대덕구 석봉동 388-1,2024,3,26,11,1,spring,0,1,1,1,0.0,2024-03-26,0,0,0,11,6.7,1523,1.95,19.5,1000,0.2,10.33,-9.0,9.5,3.0,2358,443,27.76,0,,,,,0,
NON_2030,36.31442302815104,127.44027053797211,대전광역시 동구 효동 127-3,2025,11,9,15,6,autumn,0,1,1,1,0.0,2025-11-09,0,0,0,1345,13.7,1305,1.95,0.0,1300,-9.0,0.75,-9.0,13.0,6.8,1,653,24.84,1,,,,,0,
NON_2031,36.36432079504347,127.36358168442992,대전광역시 유성구 구성동 445-1,2024,11,5,9,1,autumn,1,1,1,1,0.0,2024-11-05,0,0,0,1553,9.8,1414,2.34,-9.0,1200,-9.0,-9.0,-9.0,10.5,7.7,2348,985,17.81,0,,,,,0,
NON_2032,36.36884812974312,127.42066311167841,대전광역시 대덕구 대화동 561-4,2025,11,6,8,3,autumn,1,1,1,1,0.0,2025-11-06,0,0,0,1337,11.3,1438,2.13,-9.0,1200,-9.0,-9.0,-9.0,10.8,6.4,838,666,34.68,0,,,,,0,
NON_2033,36.39015711214793,127.33154534694673,대전광역시 유성구 하기동 603,2024,6,20,9,3,summer,1,3,3,5,0.0,2024-06-20,0,0,0,1354,25.7,1457,2.67,-9.0,1400,-9.0,-9.0,-9.0,33.4,6.3,6,722,34.8,0,,,,,0,
NON_2034,36.34397949095048,127.32182432102911,대전광역시 유성구 복용동 산 14-18,2024,4,5,7,4,spring,0,1,1,1,0.0,2024-04-05,0,0,0,28,13.3,1540,3.03,0.0,1300,0.0,0.5,0.0,14.6,6.1,921,1070,34.25,0,,,,,0,
NON_2035,36.34843319898889,127.33678458566925,대전광역시 유성구 상대동 556,2024,7,23,10,1,summer,0,3,3,3,0.0,2024-07-23,0,0,0,49,27.2,1,0.67,3.9,1300,6.0,10.03,2.5,26.9,0.0,1006,506,12.94,0,,,,,0,
NON_2036,36.376169929670816,127.41452408623837,대전광역시 대덕구 읍내동 543-1,2025,10,30,8,3,autumn,1,2,2,2,0.0,2025-10-30,0,0,0,438,10.2,1356,1.69,-9.0,1200,-9.0,-9.0,-9.0,10.6,6.6,852,1004,39.28,0,,,,,0,
NON_2037,36.35109437957292,127.34763106414616,대전광역시 유성구 봉명동 1061,2024,5,13,15,0,spring,0,1,1,1,0.0,2024-05-13,0,0,0,1616,17.6,1612,3.68,-9.0,1200,-9.0,-9.0,-9.0,21.9,13.4,2255,745,19.9,0,,,,,0,
NON_2038,36.31229195460471,127.44080252805698,대전광역시 동구 효동 122-5,2025,11,9,12,6,autumn,0,1,1,1,0.0,2025-11-09,0,0,0,1345,13.7,1305,1.95,0.0,1300,-9.0,0.75,-9.0,13.0,6.8,1,721,19.34,1,,,,,0,
NON_2039,36.402335389348615,127.40526767002638,대전광역시 유성구 전민동 464-3,2024,4,1,14,0,spring,0,4,4,4,0.0,2024-04-01,0,0,0,1553,13.1,1447,3.22,-9.0,1200,-9.0,-9.0,-9.0,13.5,11.6,1043,498,32.39,0,,,,,0,
NON_2040,36.41896334739722,127.40543105360202,대전광역시 유성구 탑립동 709,2024,3,27,14,2,spring,0,3,3,3,0.0,2024-03-27,0,0,0,1639,10.2,1438,2.79,-9.0,1200,1.2,-9.0,-9.0,11.6,9.0,711,343,43.55,0,,,,,0,
NON_2041,36.362690296844,127.35661187536266,대전광역시 유성구 어은동 109,2024,7,22,15,0,summer,0,4,4,4,0.0,2024-07-22,0,0,0,2330,28.9,1240,2.46,-9.0,1200,0.0,-9.0,-9.0,29.3,2.8,113,520,27.26,0,,,,,0,
NON_2042,36.36104240026942,127.34823747848489,대전광역시 유성구 궁동 367-2,2024,12,30,10,0,winter,0,1,1,1,0.0,2024-12-30,0,0,0,1620,6.7,1341,1.59,0.0,1300,-9.0,0.57,-9.0,3.9,2.1,1,772,28.63,0,,,,,0,
NON_2043,36.308504695200824,127.44530634548411,대전광역시 중구 석교동 102-7,2025,11,9,12,6,autumn,0,2,2,2,0.0,2025-11-09,0,0,0,1345,13.7,1305,1.95,0.0,1300,-9.0,0.75,-9.0,13.0,6.8,1,206,15.77,1,,,,,0,
NON_2044,36.36002927949054,127.35315418527651,대전광역시 유성구 어은동 311,2025,2,14,10,4,winter,0,1,4,8,0.0,2025-02-14,0,0,0,1344,3.5,1429,2.47,-9.0,1200,-9.0,-9.0,-9.0,3.0,9.7,240,682,38.68,0,,,,,0,
NON_2045,36.419394106262814,127.38016142257317,대전광역시 유성구 덕진동 산 14-3,2024,2,29,12,3,winter,0,1,1,1,0.0,2024-02-29,0,0,0,2400,5.1,1247,0.6,0.2,1400,0.2,3.0,-9.0,5.5,0.0,49,553,12.93,0,,,,,0,
NON_2046,36.428267469522716,127.38789756266503,대전광역시 유성구 관평동 1286,2024,1,19,16,4,winter,0,1,1,1,0.0,2024-01-19,0,0,0,1044,5.9,1256,2.08,-9.0,1200,0.0,-9.0,-9.0,5.5,3.1,955,602,19.93,0,,,,,0,
NON_2047,36.36052406815976,127.34405309712433,대전광역시 유성구 궁동 481,2024,11,28,14,3,autumn,0,1,1,1,0.0,2024-11-28,0,0,0,1324,3.2,1126,1.34,4.7,1100,4.6,12.88,-9.0,4.2,2.6,13,308,11.14,0,,,,,0,
NON_2048,36.28059300094245,127.25666646260102,대전광역시 유성구 송정동 334-1,2025,2,19,15,2,winter,0,1,1,1,0.0,2025-02-19,0,0,0,1534,-1.6,1409,2.71,-9.0,1200,-9.0,-9.0,-9.0,1.5,10.1,2345,938,29.35,0,,,,,0,
NON_2049,36.361198548300735,127.34938739452018,대전광역시 유성구 궁동 29-4,2024,12,10,12,1,winter,0,1,1,1,0.0,2024-12-10,0,0,0,1443,3.9,1343,1.95,-9.0,1200,-9.0,-9.0,-9.0,2.2,8.5,853,846,41.0,0,,,,,0,
NON_2050,36.3707229239114,127.32403969551524,대전광역시 유성구 노은동 599,2024,3,23,6,5,spring,0,5,5,5,0.0,2024-03-23,0,0,0,1516,14.9,1457,3.14,0.3,1200,-9.0,2.25,-9.0,15.9,9.3,2254,737,30.76,1,,,,,0,
NON_2051,36.398189066011106,127.3150424119424,대전광역시 유성구 외삼동 574-5,2024,3,6,9,2,spring,1,1,1,1,0.0,2024-03-06,0,0,0,2315,7.0,1522,2.15,-9.0,1200,0.0,-9.0,-9.0,7.2,5.8,2358,747,6.78,0,,,,,0,
NON_2052,36.324760904246006,127.3196807954564,대전광역시 유성구 용계동 623,2024,10,28,10,0,autumn,0,1,1,1,0.0,2024-10-28,0,0,0,2246,14.8,1145,1.41,0.0,1100,0.0,1.17,0.0,15.4,0.4,2309,1068,10.9,0,,,,,0,
NON_2053,36.371199193584694,127.31806530490188,대전광역시 유성구 노은동 583,2024,2,28,9,2,winter,1,6,6,6,0.0,2024-02-28,0,0,0,8,6.3,1637,2.16,-9.0,1200,-9.0,-9.0,-9.0,5.9,3.7,916,813,14.06,0,,,,,0,
NON_2054,36.36942469169365,127.31741696934024,대전광역시 유성구 노은동 583,2024,2,28,9,2,winter,1,3,3,3,0.0,2024-02-28,0,0,0,8,6.3,1637,2.16,-9.0,1200,-9.0,-9.0,-9.0,5.9,3.7,916,437,6.27,0,,,,,0,
NON_2055,36.396782103253855,127.40567038902805,대전광역시 유성구 전민동 271-5,2024,2,29,13,3,winter,0,4,4,4,0.0,2024-02-29,0,0,0,2400,5.1,1247,0.6,0.2,1400,0.2,3.0,-9.0,5.5,0.0,49,885,11.63,0,,,,,0,
NON_2056,36.37113858631569,127.32789500052603,대전광역시 유성구 노은동 107-34,2024,3,23,8,5,spring,1,1,1,1,0.0,2024-03-23,0,0,0,1516,14.9,1457,3.14,0.3,1200,-9.0,2.25,-9.0,15.9,9.3,2254,358,5.62,1,,,,,0,
NON_2057,36.37143663748201,127.34091596212501,대전광역시 유성구 궁동 331-2,2024,6,19,15,2,summer,0,1,1,1,0.0,2024-06-19,0,0,0,1600,27.5,1550,3.46,-9.0,1200,-9.0,-9.0,-9.0,36.0,12.4,715,513,7.21,0,,,,,0,
NON_2058,36.38188626205268,127.32508049151599,대전광역시 유성구 죽동 648,2024,4,4,15,3,spring,0,2,3,3,0.0,2024-04-04,0,0,0,2335,13.4,1031,1.56,0.0,1000,0.0,0.8,0.0,14.2,0.2,2355,1034,31.0,0,,,,,0,
NON_2059,36.39362883313246,127.35036137500613,대전광역시 유성구 자운동 515-22,2024,12,16,10,0,winter,0,1,1,1,0.0,2024-12-16,0,0,0,1520,2.7,1503,1.93,0.1,1200,0.1,2.83,-9.0,2.3,6.8,820,490,7.18,0,,,,,0,
NON_2060,36.32702870050767,127.43230943683929,대전광역시 동구 원동 60-5,2025,11,9,12,6,autumn,0,1,1,1,0.0,2025-11-09,0,0,0,1345,13.7,1305,1.95,0.0,1300,-9.0,0.75,-9.0,13.0,6.8,1,526,20.91,1,,,,,0,
NON_2061,36.34872790342142,127.32611006893869,대전광역시 유성구 상대동 556,2024,7,23,10,1,summer,0,8,8,8,0.0,2024-07-23,0,0,0,49,27.2,1,0.67,3.9,1300,6.0,10.03,2.5,26.9,0.0,1006,557,45.15,0,,,,,0,
NON_2062,36.26759606411571,127.28352097991649,대전광역시 유성구 방동 623-4,2024,3,8,15,4,spring,0,1,1,1,0.0,2024-03-08,0,0,0,1350,2.9,1304,2.9,-9.0,1200,-9.0,-9.0,-9.0,4.4,10.2,2400,650,12.39,0,,,,,0,
NON_2063,36.297566994340734,127.45664302295246,대전광역시 중구 옥계동 194-6,2025,11,9,14,6,autumn,0,1,1,1,0.0,2025-11-09,0,0,0,1345,13.7,1305,1.95,0.0,1300,-9.0,0.75,-9.0,13.0,6.8,1,364,11.28,1,,,,,0,
NON_2064,36.360148452344056,127.35544860738419,대전광역시 유성구 어은동 311,2024,12,5,9,3,winter,1,1,1,1,0.0,2024-12-05,0,0,0,1243,4.5,1429,1.54,0.0,1100,0.0,4.53,-9.0,4.0,3.7,54,381,29.61,0,,,,,0,
NON_2065,36.38302265373348,127.40531490759543,대전광역시 유성구 원촌동 90,2024,2,29,13,3,winter,0,3,3,3,0.0,2024-02-29,0,0,0,2400,5.1,1247,0.6,0.2,1400,0.2,3.0,-9.0,5.5,0.0,49,695,9.83,0,,,,,0,
NON_2066,36.345000084798144,127.42425384902228,대전광역시 동구 홍도동 18-9,2025,10,27,19,0,autumn,1,1,1,1,0.0,2025-10-27,0,0,0,1514,9.5,1327,2.55,-9.0,1200,-9.0,-9.0,-9.0,10.5,9.9,2341,886,33.18,0,,,,,0,
NON_2067,36.37554157855208,127.32918208825237,대전광역시 유성구 죽동 222-2,2025,1,17,15,4,winter,0,1,1,1,0.0,2025-01-17,0,0,0,1609,1.3,1551,2.02,-9.0,1200,-9.0,-9.0,-9.0,1.9,8.6,942,378,37.52,0,,,,,0,
NON_2068,36.34829485199826,127.32243918850077,대전광역시 유성구 구암동 289,2024,3,27,10,2,spring,0,1,1,1,0.0,2024-03-27,0,0,0,1639,10.2,1438,2.79,-9.0,1200,1.2,-9.0,-9.0,11.6,9.0,711,643,21.79,0,,,,,0,
NON_2069,36.38726839595471,127.3308826225477,대전광역시 유성구 하기동 618,2024,3,15,14,4,spring,0,1,1,1,0.0,2024-03-15,0,0,0,1451,9.5,1609,3.06,-9.0,1200,-9.0,-9.0,-9.0,10.5,11.0,2301,1060,32.18,0,,,,,0,
NON_2070,36.3506232011402,127.33565360764447,대전광역시 유성구 구암동 638,2024,2,29,12,3,winter,0,1,1,1,0.0,2024-02-29,0,0,0,2400,5.1,1247,0.6,0.2,1400,0.2,3.0,-9.0,5.5,0.0,49,437,47.7,0,,,,,0,
NON_2071,36.36182038212575,127.39507509524697,대전광역시 서구 둔산동 1514,2025,11,2,12,6,autumn,0,2,2,2,0.0,2025-11-02,0,0,0,1336,9.4,1106,2.11,2.1,1100,-9.0,1.25,-9.0,9.9,6.7,2344,358,16.03,1,,,,,0,
NON_2072,36.39436588739252,127.35058544618666,대전광역시 유성구 자운동 17-15,2024,8,5,17,0,summer,0,1,1,1,0.0,2024-08-05,0,0,0,1537,27.4,1354,2.94,34.3,1300,33.2,3.38,27.8,30.1,5.4,2231,336,13.47,0,,,,,0,
NON_2073,36.36654114129619,127.32244340739709,대전광역시 유성구 노은동 612,2024,3,26,9,1,spring,1,2,2,2,0.0,2024-03-26,0,0,0,11,6.7,1523,1.95,19.5,1000,0.2,10.33,-9.0,9.5,3.0,2358,280,7.28,0,,,,,0,
NON_2074,36.38215253257958,127.32437093329096,대전광역시 유성구 죽동 636,2024,3,18,15,0,spring,0,1,1,1,0.0,2024-03-18,0,0,0,1508,7.9,1604,3.08,-9.0,1200,0.0,-9.0,-9.0,11.1,10.2,836,320,22.41,0,,,,,0,
NON_2075,36.357624146957846,127.40185917221983,대전광역시 서구 둔산동 1556,2025,11,8,12,5,autumn,0,1,1,1,0.0,2025-11-08,0,0,0,106,13.7,1407,1.13,0.4,1000,0.4,3.33,-9.0,13.1,0.4,628,470,5.87,1,,,,,0,
NON_2076,36.391543904056604,127.33160504995996,대전광역시 유성구 하기동 470-1,2025,1,31,13,4,winter,0,1,1,1,0.0,2025-01-31,0,0,0,1741,1.9,1554,1.23,0.0,1200,0.2,1.33,-9.0,1.6,1.3,831,253,40.02,0,,,,,0,
NON_2077,36.36489584331602,127.36980705539281,대전광역시 서구 월평동 1501,2025,11,2,12,6,autumn,0,1,1,1,0.0,2025-11-02,0,0,0,1336,9.4,1106,2.11,2.1,1100,-9.0,1.25,-9.0,9.9,6.7,2344,684,29.87,1,,,,,0,
NON_2078,36.35976746468609,127.32258600497033,대전광역시 유성구 장대동 258-5,2024,10,29,11,1,autumn,0,1,1,1,0.0,2024-10-29,0,0,0,1054,14.9,1532,1.88,0.0,1100,0.0,0.58,0.0,15.2,3.1,2259,320,35.4,0,,,,,0,
NON_2079,36.39474077996557,127.34465325761458,대전광역시 유성구 자운동 290-7,2024,2,14,13,2,winter,0,1,1,1,0.0,2024-02-14,0,0,0,1630,13.2,1441,1.57,0.0,1400,0.0,2.67,-9.0,10.8,2.8,11,847,30.79,0,,,,,0,
NON_2080,36.3892331824351,127.3633746775005,대전광역시 유성구 장동 산 15-2,2024,3,25,15,0,spring,0,1,1,1,0.0,2024-03-25,0,0,0,2121,9.4,1033,1.45,6.8,1000,26.1,11.25,-9.0,10.0,0.0,12,297,42.11,0,,,,,0,
NON_2081,36.37245773545109,127.31942946442702,대전광역시 유성구 지족동 965,2024,4,5,8,4,spring,1,2,2,4,0.0,2024-04-05,0,0,0,28,13.3,1540,3.03,0.0,1300,0.0,0.5,0.0,14.6,6.1,921,877,32.84,0,,,,,0,
NON_2082,36.358702424412336,127.417604708538,대전광역시 대덕구 오정동 728,2025,11,4,7,1,autumn,0,3,6,6,0.0,2025-11-04,0,0,0,1627,10.5,1504,2.27,-9.0,1200,-9.0,-9.0,-9.0,9.7,8.0,1,1099,12.48,0,,,,,0,
NON_2083,36.39433508293844,127.35000329460644,대전광역시 유성구 자운동 515-22,2024,2,29,14,3,winter,0,3,3,3,0.0,2024-02-29,0,0,0,2400,5.1,1247,0.6,0.2,1400,0.2,3.0,-9.0,5.5,0.0,49,730,39.22,0,,,,,0,
NON_2084,36.36361735343443,127.3404495826672,대전광역시 유성구 장대동 350,2024,3,25,8,0,spring,1,1,1,1,0.0,2024-03-25,0,0,0,2121,9.4,1033,1.45,6.8,1000,26.1,11.25,-9.0,10.0,0.0,12,765,31.89,0,,,,,0,
NON_2085,36.35993308930225,127.34222637013592,대전광역시 유성구 봉명동 601,2024,8,1,9,3,summer,1,1,1,1,0.0,2024-08-01,0,0,0,1028,30.0,1448,2.84,-9.0,1300,-9.0,-9.0,-9.0,34.4,5.9,156,666,17.75,0,,,,,0,
NON_2086,36.363427635131856,127.31761652644329,대전광역시 유성구 노은동 603,2024,3,20,10,2,spring,0,4,4,4,0.0,2024-03-20,0,0,0,259,4.6,1337,3.01,-9.0,1100,-9.0,-9.0,-9.0,8.7,9.9,947,758,18.44,0,,,,,0,
NON_2087,36.3775588713411,127.41172933443046,대전광역시 대덕구 읍내동 543-37,2025,10,30,19,3,autumn,1,1,1,1,0.0,2025-10-30,0,0,0,438,10.2,1356,1.69,-9.0,1200,-9.0,-9.0,-9.0,10.6,6.6,852,598,19.25,0,,,,,0,
NON_2088,36.37751154513138,127.30638664364291,대전광역시 유성구 지족동 1062-1,2024,2,29,13,3,winter,0,1,1,1,0.0,2024-02-29,0,0,0,2400,5.1,1247,0.6,0.2,1400,0.2,3.0,-9.0,5.5,0.0,49,310,29.3,0,,,,,0,
NON_2089,36.34607253204342,127.42094692980565,대전광역시 동구 홍도동 138-25,2025,11,10,8,0,autumn,1,1,1,1,0.0,2025-11-10,0,0,0,352,8.9,1447,2.31,-9.0,1200,-9.0,-9.0,-9.0,8.0,9.6,906,712,18.75,0,,,,,0,
NON_2090,36.36048796269926,127.41748097245215,대전광역시 대덕구 오정동 40-9,2025,11,11,8,1,autumn,1,1,1,1,0.0,2025-11-11,0,0,0,1358,8.2,1509,2.21,-9.0,1100,-9.0,-9.0,-9.0,7.7,8.0,2220,992,41.31,0,,,,,0,
NON_2091,36.364783837650826,127.33835376519751,대전광역시 유성구 장대동 311,2024,6,17,14,0,summer,0,1,1,1,0.0,2024-06-17,0,0,0,1633,23.4,1619,2.9,-9.0,1100,-9.0,-9.0,-9.0,27.7,7.5,813,878,18.52,0,,,,,0,
NON_2092,36.355310464261095,127.34456891238189,대전광역시 유성구 봉명동 574,2024,3,7,9,3,spring,1,2,3,3,0.0,2024-03-07,0,0,0,1334,4.6,1424,2.2,0.0,1000,-9.0,0.5,-9.0,6.9,6.7,2356,1126,10.0,0,,,,,0,
NON_2093,36.35629918096686,127.33735925972401,대전광역시 유성구 봉명동 496-16,2024,4,4,13,3,spring,0,1,1,1,0.0,2024-04-04,0,0,0,2335,13.4,1031,1.56,0.0,1000,0.0,0.8,0.0,14.2,0.2,2355,1113,25.41,0,,,,,0,
NON_2094,36.36584239252676,127.33885036411559,대전광역시 유성구 죽동 119-2,2024,7,22,8,0,summer,1,2,2,2,0.0,2024-07-22,0,0,0,2330,28.9,1240,2.46,-9.0,1200,0.0,-9.0,-9.0,29.3,2.8,113,985,38.12,0,,,,,0,
NON_2095,36.42315202699772,127.40564165675501,대전광역시 유성구 용산동 605,2024,12,13,10,4,winter,0,1,1,1,0.0,2024-12-13,0,0,0,1254,0.6,1235,0.74,0.0,1000,0.0,1.5,-9.0,0.9,0.3,226,327,36.8,0,,,,,0,
NON_2096,36.399301883042675,127.40182213717469,대전광역시 유성구 전민동 533-11,2024,3,23,7,5,spring,0,1,1,1,0.0,2024-03-23,0,0,0,1516,14.9,1457,3.14,0.3,1200,-9.0,2.25,-9.0,15.9,9.3,2254,447,22.57,1,,,,,0,
NON_2097,36.33652309252864,127.42027408385512,대전광역시 중구 선화동 903,2025,11,11,8,1,autumn,1,1,2,2,0.0,2025-11-11,0,0,0,1358,8.2,1509,2.21,-9.0,1100,-9.0,-9.0,-9.0,7.7,8.0,2220,732,21.0,0,,,,,0,
NON_2098,36.359306536171175,127.2929654283235,대전광역시 유성구 갑동 392-11,2024,7,25,10,3,summer,0,1,1,1,0.0,2024-07-25,0,0,0,1749,28.1,1446,3.29,0.1,1400,0.1,0.83,0.1,33.5,7.6,2229,314,27.23,0,,,,,0,
NON_2099,36.36341613940296,127.3563006650718,대전광역시 유성구 어은동 99,2024,8,5,17,0,summer,0,1,1,1,0.0,2024-08-05,0,0,0,1537,27.4,1354,2.94,34.3,1300,33.2,3.38,27.8,30.1,5.4,2231,907,34.15,0,,,,,0,
NON_2100,36.37536942083301,127.32107077477195,대전광역시 유성구 지족동 973,2024,3,21,9,3,spring,1,2,2,2,0.0,2024-03-21,0,0,0,1212,5.2,1448,3.14,-9.0,1200,-9.0,-9.0,-9.0,9.6,11.0,1,326,38.83,0,,,,,0,
NON_2101,36.266372787513966,127.2847818110007,대전광역시 유성구 방동 623-4,2024,3,8,15,4,spring,0,1,1,1,0.0,2024-03-08,0,0,0,1350,2.9,1304,2.9,-9.0,1200,-9.0,-9.0,-9.0,4.4,10.2,2400,650,12.39,0,,,,,0,
NON_2102,36.415217437538445,127.37825167636933,대전광역시 유성구 화암동 203-7,2024,6,20,10,3,summer,0,1,1,1,0.0,2024-06-20,0,0,0,1354,25.7,1457,2.67,-9.0,1400,-9.0,-9.0,-9.0,33.4,6.3,6,876,38.4,0,,,,,0,
NON_2103,36.341110378230425,127.31938284578482,대전광역시 유성구 복용동 175-3,2024,9,20,15,4,autumn,0,1,1,1,0.0,2024-09-20,0,0,0,823,25.5,1,0.65,45.6,1300,148.6,13.0,12.9,26.6,0.0,1,552,18.95,0,,,,,0,
NON_2104,36.446264053003,127.4292389329266,대전광역시 대덕구 신탄진동 733,2024,3,26,11,1,spring,0,1,1,1,0.0,2024-03-26,0,0,0,11,6.7,1523,1.95,19.5,1000,0.2,10.33,-9.0,9.5,3.0,2358,385,15.44,0,,,,,0,
NON_2105,36.39140835413785,127.32554830280051,대전광역시 유성구 하기동 603,2024,12,17,10,1,winter,0,1,1,1,0.0,2024-12-17,0,0,0,1528,1.6,1326,1.9,-9.0,1200,-9.0,-9.0,-9.0,1.6,6.6,948,1011,34.67,0,,,,,0,
NON_2106,36.34006015728362,127.3326347255305,대전광역시 유성구 상대동 490,2025,10,26,11,6,autumn,0,1,1,1,0.0,2025-10-26,0,0,0,1342,13.2,1226,2.13,0.0,1200,0.0,1.15,0.0,14.1,1.3,151,591,20.79,1,,,,,0,
NON_2107,36.3679345174792,127.31763799869915,대전광역시 유성구 노은동 583,2024,2,28,9,2,winter,1,1,1,1,0.0,2024-02-28,0,0,0,8,6.3,1637,2.16,-9.0,1200,-9.0,-9.0,-9.0,5.9,3.7,916,764,36.9,0,,,,,0,
NON_2108,36.34932152599088,127.32664294009672,대전광역시 유성구 상대동 556,2024,7,23,10,1,summer,0,8,8,8,0.0,2024-07-23,0,0,0,49,27.2,1,0.67,3.9,1300,6.0,10.03,2.5,26.9,0.0,1006,557,45.15,0,,,,,0,
NON_2109,36.30151763449913,127.32068124300291,대전광역시 유성구 원내동 781,2024,3,8,6,4,spring,0,1,1,1,0.0,2024-03-08,0,0,0,1350,2.9,1304,2.9,-9.0,1200,-9.0,-9.0,-9.0,4.4,10.2,2400,311,7.16,0,,,,,0,
NON_2110,36.35469015418712,127.41624679463055,대전광역시 대덕구 오정동 728,2025,11,10,8,0,autumn,1,3,7,7,0.0,2025-11-10,0,0,0,352,8.9,1447,2.31,-9.0,1200,-9.0,-9.0,-9.0,8.0,9.6,906,639,19.47,0,,,,,0,
NON_2111,36.3600445364761,127.35256307571426,대전광역시 유성구 궁동 434,2024,5,8,9,2,spring,1,1,1,2,0.0,2024-05-08,0,0,0,1450,14.4,1629,3.32,1.8,1200,-9.0,2.33,1.1,18.6,10.5,1029,1080,41.79,0,,,,,0,
NON_2112,36.36057837362157,127.33414491381137,대전광역시 유성구 장대동 289,2024,12,19,10,3,winter,0,1,1,1,0.0,2024-12-19,0,0,0,1500,-1.9,1407,1.93,-9.0,1200,-9.0,-9.0,-9.0,-2.5,8.5,913,438,6.6,0,,,,,0,
NON_2113,36.37909000780348,127.34346044244155,대전광역시 유성구 신성동 산 40-28,2024,5,7,14,1,spring,0,1,1,2,0.0,2024-05-07,0,0,0,1952,12.9,1319,1.26,14.1,1200,14.7,17.97,3.7,14.7,0.0,2336,435,22.91,0,,,,,0,
NON_2114,36.37911560284763,127.4067464374139,대전광역시 유성구 원촌동 69-1,2024,3,27,14,2,spring,0,1,3,3,0.0,2024-03-27,0,0,0,1639,10.2,1438,2.79,-9.0,1200,1.2,-9.0,-9.0,11.6,9.0,711,475,15.79,0,,,,,0,
NON_2115,36.41168568939762,127.37757849255948,대전광역시 유성구 화암동 156-8,2025,2,21,14,4,winter,0,1,1,1,0.0,2025-02-21,0,0,0,1519,-1.5,1452,2.75,-9.0,1200,0.4,-9.0,-9.0,1.5,10.1,836,331,31.55,0,,,,,0,
NON_2116,36.38496539518987,127.37783446949017,대전광역시 유성구 도룡동 409,2024,8,1,16,3,summer,0,1,1,2,0.0,2024-08-01,0,0,0,1028,30.0,1448,2.84,-9.0,1300,-9.0,-9.0,-9.0,34.4,5.9,156,865,32.98,0,,,,,0,
NON_2117,36.39007765431771,127.32335290602452,대전광역시 유성구 하기동 603,2024,6,20,9,3,summer,1,2,2,4,0.0,2024-06-20,0,0,0,1354,25.7,1457,2.67,-9.0,1400,-9.0,-9.0,-9.0,33.4,6.3,6,614,38.01,0,,,,,0,
NON_2118,36.404911781151554,127.40370622959382,대전광역시 유성구 전민동 791-19,2024,3,19,14,1,spring,0,1,1,1,0.0,2024-03-19,0,0,0,1123,7.2,1433,1.48,0.0,1100,0.0,4.08,-9.0,8.7,3.2,50,828,27.85,0,,,,,0,
NON_2119,36.408925650135075,127.37829602426126,대전광역시 유성구 화암동 109-11,2024,6,20,10,3,summer,0,1,1,1,0.0,2024-06-20,0,0,0,1354,25.7,1457,2.67,-9.0,1400,-9.0,-9.0,-9.0,33.4,6.3,6,998,34.66,0,,,,,0,
NON_2120,36.359437835481884,127.33600028492319,대전광역시 유성구 장대동 290,2024,3,16,7,5,spring,0,3,3,3,0.0,2024-03-16,0,0,0,1616,11.4,1456,2.99,0.0,1200,0.0,1.25,-9.0,12.9,8.8,236,783,31.06,1,,,,,0,
NON_2121,36.39415933854918,127.3497669344744,대전광역시 유성구 자운동 17-15,2024,4,19,10,4,spring,0,1,1,1,0.0,2024-04-19,0,0,0,1558,18.2,1528,3.11,-9.0,1100,0.1,-9.0,-9.0,22.8,11.0,757,681,13.83,0,,,,,0,
NON_2122,36.36150570830395,127.35500155528268,대전광역시 유성구 어은동 106-2,2024,10,30,13,2,autumn,0,1,1,1,0.0,2024-10-30,0,0,0,1945,14.7,1511,2.4,-9.0,1200,-9.0,-9.0,-9.0,14.2,9.6,2325,1168,30.47,0,,,,,0,
NON_2123,36.36762484870478,127.33005620339796,대전광역시 유성구 노은동 97,2024,3,20,14,2,spring,0,1,1,1,0.0,2024-03-20,0,0,0,259,4.6,1337,3.01,-9.0,1100,-9.0,-9.0,-9.0,8.7,9.9,947,774,7.91,0,,,,,0,
NON_2124,36.29937561360794,127.32011944114112,대전광역시 유성구 원내동 735,2024,4,4,6,3,spring,0,2,2,2,0.0,2024-04-04,0,0,0,2335,13.4,1031,1.56,0.0,1000,0.0,0.8,0.0,14.2,0.2,2355,577,30.97,0,,,,,0,
NON_2125,36.36010573829858,127.35430520391242,대전광역시 유성구 어은동 311,2025,2,14,10,4,winter,0,1,4,8,0.0,2025-02-14,0,0,0,1344,3.5,1429,2.47,-9.0,1200,-9.0,-9.0,-9.0,3.0,9.7,240,682,38.68,0,,,,,0,
NON_2126,36.36021095429912,127.3067056416875,대전광역시 유성구 구암동 661-1,2025,11,2,12,6,autumn,0,1,1,1,0.0,2025-11-02,0,0,0,1336,9.4,1106,2.11,2.1,1100,-9.0,1.25,-9.0,9.9,6.7,2344,221,18.86,1,,,,,0,
NON_2127,36.40309047639167,127.38946939680005,대전광역시 유성구 전민동 652,2024,3,19,15,1,spring,0,1,1,1,0.0,2024-03-19,0,0,0,1123,7.2,1433,1.48,0.0,1100,0.0,4.08,-9.0,8.7,3.2,50,874,35.4,0,,,,,0,
NON_2128,36.36155934563971,127.32766696655233,대전광역시 유성구 장대동 228-8,2024,3,19,10,1,spring,0,1,1,1,0.0,2024-03-19,0,0,0,1123,7.2,1433,1.48,0.0,1100,0.0,4.08,-9.0,8.7,3.2,50,969,7.82,0,,,,,0,
NON_2129,36.36276242194125,127.34194447610696,대전광역시 유성구 궁동 351,2024,6,20,9,3,summer,1,1,1,2,0.0,2024-06-20,0,0,0,1354,25.7,1457,2.67,-9.0,1400,-9.0,-9.0,-9.0,33.4,6.3,6,321,27.44,0,,,,,0,
NON_2130,36.32794134018437,127.33237600981761,대전광역시 유성구 용계동 688,2024,7,4,10,3,summer,0,1,1,1,0.0,2024-07-04,0,0,0,2250,28.1,1507,3.46,-9.0,1200,3.9,-9.0,-9.0,29.2,10.0,1,672,48.25,0,,,,,0,
NON_2131,36.36229768380943,127.33490361590545,대전광역시 유성구 장대동 63-2,2024,3,5,16,1,spring,0,1,1,1,0.0,2024-03-05,0,0,0,1830,5.9,1,0.29,2.5,1000,0.3,15.42,-9.0,5.8,0.0,208,213,17.82,0,,,,,0,
NON_2132,36.343685372807805,127.30738279420487,대전광역시 유성구 복용동 629,2024,3,15,9,4,spring,1,1,1,1,0.0,2024-03-15,0,0,0,1451,9.5,1609,3.06,-9.0,1200,-9.0,-9.0,-9.0,10.5,11.0,2301,893,20.17,0,,,,,0,
NON_2133,36.402688951732216,127.3637752649964,대전광역시 유성구 장동 12-16,2024,3,6,12,2,spring,0,5,5,5,0.0,2024-03-06,0,0,0,2315,7.0,1522,2.15,-9.0,1200,0.0,-9.0,-9.0,7.2,5.8,2358,620,8.83,0,,,,,0,
NON_2134,36.37798783675532,127.32856478416414,대전광역시 유성구 죽동 369,2025,1,13,16,0,winter,0,1,1,1,0.0,2025-01-13,0,0,0,1242,1.1,1532,1.96,-9.0,1200,0.1,-9.0,-9.0,-0.2,7.8,1008,747,44.87,0,,,,,0,
NON_2135,36.371018747484925,127.32761533529415,대전광역시 유성구 노은동 107-39,2024,3,23,8,5,spring,1,1,1,1,0.0,2024-03-23,0,0,0,1516,14.9,1457,3.14,0.3,1200,-9.0,2.25,-9.0,15.9,9.3,2254,328,15.13,1,,,,,0,
NON_2136,36.37241240507342,127.334387539173,대전광역시 유성구 죽동 799,2024,7,22,7,0,summer,0,3,3,4,0.0,2024-07-22,0,0,0,2330,28.9,1240,2.46,-9.0,1200,0.0,-9.0,-9.0,29.3,2.8,113,350,31.21,0,,,,,0,
NON_2137,36.38599469582572,127.37806049086855,대전광역시 유성구 도룡동 409,2024,5,7,13,1,spring,0,1,1,3,0.0,2024-05-07,0,0,0,1952,12.9,1319,1.26,14.1,1200,14.7,17.97,3.7,14.7,0.0,2336,327,40.08,0,,,,,0,
NON_2138,36.343382836619035,127.42255267964082,대전광역시 동구 삼성동 458,2025,11,6,8,3,autumn,1,2,2,2,0.0,2025-11-06,0,0,0,1337,11.3,1438,2.13,-9.0,1200,-9.0,-9.0,-9.0,10.8,6.4,838,369,14.59,0,,,,,0,
NON_2139,36.35443635837472,127.34480513285253,대전광역시 유성구 봉명동 574,2024,4,5,7,4,spring,0,1,14,15,0.0,2024-04-05,0,0,0,28,13.3,1540,3.03,0.0,1300,0.0,0.5,0.0,14.6,6.1,921,400,11.13,0,,,,,0,
NON_2140,36.37560993114088,127.41452863016791,대전광역시 대덕구 대화동 568-33,2025,11,10,18,0,autumn,1,1,1,1,0.0,2025-11-10,0,0,0,352,8.9,1447,2.31,-9.0,1200,-9.0,-9.0,-9.0,8.0,9.6,906,915,11.81,0,,,,,0,
NON_2141,36.35602574429209,127.34035831123727,대전광역시 유성구 봉명동 442-10,2024,3,7,15,3,spring,0,1,1,1,0.0,2024-03-07,0,0,0,1334,4.6,1424,2.2,0.0,1000,-9.0,0.5,-9.0,6.9,6.7,2356,774,26.04,0,,,,,0,
NON_2142,36.361291756955055,127.34484802102318,대전광역시 유성구 궁동 481,2024,7,4,11,3,summer,0,1,1,1,0.0,2024-07-04,0,0,0,2250,28.1,1507,3.46,-9.0,1200,3.9,-9.0,-9.0,29.2,10.0,1,776,17.42,0,,,,,0,
NON_2143,36.38509095501706,127.35783005111641,대전광역시 유성구 신성동 421,2024,2,28,15,2,winter,0,2,2,2,0.0,2024-02-28,0,0,0,8,6.3,1637,2.16,-9.0,1200,-9.0,-9.0,-9.0,5.9,3.7,916,982,36.25,0,,,,,0,
NON_2144,36.360398752598854,127.34384765993393,대전광역시 유성구 궁동 481,2024,11,28,14,3,autumn,0,1,1,1,0.0,2024-11-28,0,0,0,1324,3.2,1126,1.34,4.7,1100,4.6,12.88,-9.0,4.2,2.6,13,308,11.14,0,,,,,0,
NON_2145,36.35991326198471,127.33560676081707,대전광역시 유성구 장대동 290,2024,3,16,7,5,spring,0,5,5,5,0.0,2024-03-16,0,0,0,1616,11.4,1456,2.99,0.0,1200,0.0,1.25,-9.0,12.9,8.8,236,199,8.4,1,,,,,0,
NON_2146,36.3575714367736,127.33105769703639,대전광역시 유성구 장대동 211-9,2024,4,23,14,1,spring,0,1,1,1,0.0,2024-04-23,0,0,0,1341,16.4,1357,3.45,0.0,1300,4.3,1.58,0.0,20.8,7.8,1,625,10.36,0,,,,,0,
NON_2147,36.38770460041166,127.3255056951228,대전광역시 유성구 하기동 598,2024,2,28,15,2,winter,0,2,2,2,0.0,2024-02-28,0,0,0,8,6.3,1637,2.16,-9.0,1200,-9.0,-9.0,-9.0,5.9,3.7,916,369,23.39,0,,,,,0,
NON_2148,36.37099235131206,127.32744149408975,대전광역시 유성구 노은동 107-18,2024,3,16,8,5,spring,1,1,1,1,0.0,2024-03-16,0,0,0,1616,11.4,1456,2.99,0.0,1200,0.0,1.25,-9.0,12.9,8.8,236,357,15.1,1,,,,,0,
NON_2149,36.354392694332276,127.33896676076725,대전광역시 유성구 봉명동 448-10,2024,3,16,7,5,spring,0,1,1,1,0.0,2024-03-16,0,0,0,1616,11.4,1456,2.99,0.0,1200,0.0,1.25,-9.0,12.9,8.8,236,658,21.83,1,,,,,0,
NON_2150,36.36107333890167,127.35586789031842,대전광역시 유성구 어은동 311,2025,1,22,13,2,winter,0,1,1,5,0.0,2025-01-22,0,0,0,1305,3.4,1358,1.76,-9.0,1300,-9.0,-9.0,-9.0,2.2,5.6,1004,621,30.84,0,,,,,0,
NON_2151,36.29982343658213,127.31600784472383,대전광역시 유성구 원내동 735,2024,7,23,10,1,summer,0,3,3,3,0.0,2024-07-23,0,0,0,49,27.2,1,0.67,3.9,1300,6.0,10.03,2.5,26.9,0.0,1006,714,18.15,0,,,,,0,
NON_2152,36.38112513127897,127.32477642546803,대전광역시 유성구 죽동 636,2024,4,4,10,3,spring,0,1,3,3,0.0,2024-04-04,0,0,0,2335,13.4,1031,1.56,0.0,1000,0.0,0.8,0.0,14.2,0.2,2355,1177,7.37,0,,,,,0,
NON_2153,36.34796660654281,127.33755581346999,대전광역시 유성구 상대동 556,2024,7,23,10,1,summer,0,2,2,2,0.0,2024-07-23,0,0,0,49,27.2,1,0.67,3.9,1300,6.0,10.03,2.5,26.9,0.0,1006,528,35.36,0,,,,,0,
NON_2154,36.39508356682166,127.40704713310348,대전광역시 유성구 문지동 636-5,2024,1,23,13,1,winter,0,1,1,1,0.0,2024-01-23,0,0,0,1454,-9.2,1240,1.64,0.1,1100,0.1,12.75,-9.0,-3.3,4.1,239,326,27.95,0,,,,,0,
NON_2155,36.29310597052788,127.46138076781686,대전광역시 동구 대성동 208-9,2025,11,9,12,6,autumn,0,1,1,1,0.0,2025-11-09,0,0,0,1345,13.7,1305,1.95,0.0,1300,-9.0,0.75,-9.0,13.0,6.8,1,287,7.28,1,,,,,0,
NON_2156,36.35879474263962,127.33963161794384,대전광역시 유성구 장대동 374,2024,3,22,8,4,spring,1,1,1,1,0.0,2024-03-22,0,0,0,1442,10.1,1324,2.8,4.1,1100,4.4,6.33,-9.0,9.9,5.9,117,337,43.71,0,,,,,0,
NON_2157,36.377817366099976,127.41043216526188,대전광역시 대덕구 읍내동 505-3,2025,11,11,8,1,autumn,1,1,2,2,0.0,2025-11-11,0,0,0,1358,8.2,1509,2.21,-9.0,1100,-9.0,-9.0,-9.0,7.7,8.0,2220,992,35.41,0,,,,,0,
NON_2158,36.36275902650516,127.35732000026916,대전광역시 유성구 어은동 316,2024,12,2,18,0,winter,1,1,1,1,0.0,2024-12-02,0,0,0,1712,8.3,1354,1.66,0.0,1100,0.0,0.45,-9.0,6.6,5.1,2313,917,8.88,0,,,,,0,
NON_2159,36.331348864228794,127.31405604961412,대전광역시 유성구 용계동 384-3,2024,2,19,10,0,winter,0,1,1,1,0.0,2024-02-19,0,0,0,1349,9.8,1344,0.59,16.6,1300,1.2,13.83,-9.0,9.7,0.0,2253,440,46.09,0,,,,,0,
NON_2160,36.34981666655678,127.33911072661643,대전광역시 유성구 봉명동 576-1,2024,3,16,7,5,spring,0,1,1,1,0.0,2024-03-16,0,0,0,1616,11.4,1456,2.99,0.0,1200,0.0,1.25,-9.0,12.9,8.8,236,603,18.01,1,,,,,0,
NON_2161,36.3708208576501,127.4175374029957,대전광역시 대덕구 대화동 568-16,2025,11,6,8,3,autumn,1,2,2,2,0.0,2025-11-06,0,0,0,1337,11.3,1438,2.13,-9.0,1200,-9.0,-9.0,-9.0,10.8,6.4,838,1094,19.14,0,,,,,0,
NON_2162,36.386117854243295,127.35750358224858,대전광역시 유성구 신성동 421,2024,2,28,15,2,winter,0,2,2,2,0.0,2024-02-28,0,0,0,8,6.3,1637,2.16,-9.0,1200,-9.0,-9.0,-9.0,5.9,3.7,916,982,36.25,0,,,,,0,
NON_2163,36.362749643438434,127.34119509966536,대전광역시 유성구 궁동 352,2024,12,12,15,3,winter,0,1,1,1,0.0,2024-12-12,0,0,0,1320,1.2,1340,1.95,-9.0,1200,-9.0,-9.0,-9.0,0.6,6.7,934,447,20.38,0,,,,,0,
NON_2164,36.347340369849945,127.42100032172752,대전광역시 동구 홍도동 862,2025,11,7,8,4,autumn,1,1,1,1,0.0,2025-11-07,0,0,0,2128,13.3,1516,2.17,-9.0,1200,-9.0,-9.0,-9.0,11.9,6.3,811,944,9.78,0,,,,,0,
NON_2165,36.3142300852281,127.28510277464459,대전광역시 유성구 성북동 663-3,2024,2,19,10,0,winter,0,1,1,1,0.0,2024-02-19,0,0,0,1349,9.8,1344,0.59,16.6,1300,1.2,13.83,-9.0,9.7,0.0,2253,575,37.34,0,,,,,0,
NON_2166,36.3945361907972,127.40640809405889,대전광역시 유성구 문지동 668,2024,1,19,16,4,winter,0,1,1,1,0.0,2024-01-19,0,0,0,1044,5.9,1256,2.08,-9.0,1200,0.0,-9.0,-9.0,5.5,3.1,955,581,16.6,0,,,,,0,
NON_2167,36.37359302959353,127.41604923547084,대전광역시 대덕구 대화동 63-36,2025,10,27,19,0,autumn,1,1,1,1,0.0,2025-10-27,0,0,0,1514,9.5,1327,2.55,-9.0,1200,-9.0,-9.0,-9.0,10.5,9.9,2341,818,7.96,0,,,,,0,
NON_2168,36.36816833624747,127.414557362423,대전광역시 대덕구 대화동 37-9,2025,11,11,8,1,autumn,1,1,1,1,0.0,2025-11-11,0,0,0,1358,8.2,1509,2.21,-9.0,1100,-9.0,-9.0,-9.0,7.7,8.0,2220,989,38.91,0,,,,,0,
NON_2169,36.34564047644196,127.41915914758057,대전광역시 대덕구 오정동 753,2025,11,5,12,2,autumn,0,2,2,2,0.0,2025-11-05,0,0,0,1630,10.4,1502,2.04,-9.0,1200,-9.0,-9.0,-9.0,10.3,7.3,921,316,28.9,0,,,,,0,
NON_2170,36.3690546759134,127.31748052408055,대전광역시 유성구 노은동 583,2024,3,26,8,1,spring,1,4,14,14,0.0,2024-03-26,0,0,0,11,6.7,1523,1.95,19.5,1000,0.2,10.33,-9.0,9.5,3.0,2358,735,16.77,0,,,,,0,
NON_2171,36.35524002410114,127.34101687437787,대전광역시 유성구 봉명동 574,2024,3,7,10,3,spring,0,3,4,4,0.0,2024-03-07,0,0,0,1334,4.6,1424,2.2,0.0,1000,-9.0,0.5,-9.0,6.9,6.7,2356,567,10.02,0,,,,,0,
NON_2172,36.362885309472034,127.35713474582712,대전광역시 유성구 어은동 99,2024,2,28,9,2,winter,1,6,6,6,0.0,2024-02-28,0,0,0,8,6.3,1637,2.16,-9.0,1200,-9.0,-9.0,-9.0,5.9,3.7,916,549,9.75,0,,,,,0,
NON_2173,36.336624030901234,127.42046665770086,대전광역시 중구 선화동 260-1,2025,11,5,12,2,autumn,0,2,4,4,0.0,2025-11-05,0,0,0,1630,10.4,1502,2.04,-9.0,1200,-9.0,-9.0,-9.0,10.3,7.3,921,691,34.38,0,,,,,0,
NON_2174,36.34175908662241,127.3049364766082,대전광역시 유성구 계산동 803-11,2024,3,1,6,4,spring,0,1,1,1,0.0,2024-03-01,0,0,0,1424,-2.2,1,2.91,-9.0,1200,-9.0,-9.0,-9.0,2.1,10.2,2239,1009,39.66,0,,,,,0,
NON_2175,36.424648024897344,127.29398793030518,세종특별자치시 금남면 두만리 581-10,2024,3,15,14,4,spring,0,2,2,2,0.0,2024-03-15,0,0,0,1451,9.5,1609,3.06,-9.0,1200,-9.0,-9.0,-9.0,10.5,11.0,2301,856,34.98,0,,,,,0,
NON_2176,36.394056140562995,127.31291798767013,대전광역시 유성구 반석동 689,2024,3,22,16,4,spring,0,1,2,2,0.0,2024-03-22,0,0,0,1442,10.1,1324,2.8,4.1,1100,4.4,6.33,-9.0,9.9,5.9,117,248,40.63,0,,,,,0,
NON_2177,36.37016176846786,127.32409798321737,대전광역시 유성구 노은동 599,2024,3,22,16,4,spring,0,3,3,3,0.0,2024-03-22,0,0,0,1442,10.1,1324,2.8,4.1,1100,4.4,6.33,-9.0,9.9,5.9,117,434,6.99,0,,,,,0,
NON_2178,36.35287509673734,127.33850881075591,대전광역시 유성구 봉명동 528,2024,4,4,9,3,spring,1,1,1,2,0.0,2024-04-04,0,0,0,2335,13.4,1031,1.56,0.0,1000,0.0,0.8,0.0,14.2,0.2,2355,497,36.88,0,,,,,0,
NON_2179,36.378509814542575,127.40824797274321,대전광역시 유성구 원촌동 269-10,2025,11,10,18,0,autumn,1,1,2,2,0.0,2025-11-10,0,0,0,352,8.9,1447,2.31,-9.0,1200,-9.0,-9.0,-9.0,8.0,9.6,906,448,11.52,0,,,,,0,
NON_2180,36.38659013673288,127.30381735274149,대전광역시 유성구 지족동 1057,2024,3,7,14,3,spring,0,1,1,1,0.0,2024-03-07,0,0,0,1334,4.6,1424,2.2,0.0,1000,-9.0,0.5,-9.0,6.9,6.7,2356,966,11.86,0,,,,,0,
NON_2181,36.354686010995216,127.35066618310641,대전광역시 유성구 봉명동 700,2024,4,5,8,4,spring,1,1,2,2,0.0,2024-04-05,0,0,0,28,13.3,1540,3.03,0.0,1300,0.0,0.5,0.0,14.6,6.1,921,1119,17.35,0,,,,,0,
NON_2182,36.37940967188799,127.40657010668109,대전광역시 유성구 원촌동 69-1,2024,2,28,10,2,winter,0,1,1,1,0.0,2024-02-28,0,0,0,8,6.3,1637,2.16,-9.0,1200,-9.0,-9.0,-9.0,5.9,3.7,916,647,7.69,0,,,,,0,
NON_2183,36.39358532733554,127.34989382220427,대전광역시 유성구 자운동 515-22,2024,12,16,10,0,winter,0,1,1,1,0.0,2024-12-16,0,0,0,1520,2.7,1503,1.93,0.1,1200,0.1,2.83,-9.0,2.3,6.8,820,490,7.18,0,,,,,0,
NON_2184,36.3657950800356,127.36355456965865,대전광역시 유성구 구성동 445-1,2024,11,5,9,1,autumn,1,1,1,1,0.0,2024-11-05,0,0,0,1553,9.8,1414,2.34,-9.0,1200,-9.0,-9.0,-9.0,10.5,7.7,2348,985,17.81,0,,,,,0,
NON_2185,36.335585174394176,127.42063114790918,대전광역시 중구 선화동 920,2025,11,10,18,0,autumn,1,8,13,13,0.0,2025-11-10,0,0,0,352,8.9,1447,2.31,-9.0,1200,-9.0,-9.0,-9.0,8.0,9.6,906,430,21.11,0,,,,,0,
NON_2186,36.3564944906669,127.33873498756753,대전광역시 유성구 장대동 293,2024,3,7,9,3,spring,1,1,1,1,0.0,2024-03-07,0,0,0,1334,4.6,1424,2.2,0.0,1000,-9.0,0.5,-9.0,6.9,6.7,2356,384,11.46,0,,,,,0,
NON_2187,36.31163225817517,127.31985130597695,대전광역시 유성구 대정동 274,2024,3,17,6,6,spring,0,1,1,1,0.0,2024-03-17,0,0,0,1109,9.7,1337,2.64,0.0,1100,-9.0,0.42,-9.0,13.4,6.8,2359,463,14.11,1,,,,,0,
NON_2188,36.311378032402416,127.26503987536894,대전광역시 유성구 세동 산 75-1,2025,2,19,16,2,winter,0,1,1,1,0.0,2025-02-19,0,0,0,1534,-1.6,1409,2.71,-9.0,1200,-9.0,-9.0,-9.0,1.5,10.1,2345,1005,15.22,0,,,,,0,
NON_2189,36.44095929154772,127.31556470447885,세종특별자치시 금남면 금천리 371-1,2025,1,17,10,4,winter,0,1,1,1,0.0,2025-01-17,0,0,0,1609,1.3,1551,2.02,-9.0,1200,-9.0,-9.0,-9.0,1.9,8.6,942,732,11.81,0,,,,,0,
NON_2190,36.370074071151826,127.3176676198675,대전광역시 유성구 노은동 583,2024,2,28,9,2,winter,1,5,5,5,0.0,2024-02-28,0,0,0,8,6.3,1637,2.16,-9.0,1200,-9.0,-9.0,-9.0,5.9,3.7,916,591,22.57,0,,,,,0,
NON_2191,36.363647016655094,127.36013583511797,대전광역시 유성구 구성동 294-6,2024,6,24,16,0,summer,0,1,1,1,0.0,2024-06-24,0,0,0,1111,25.3,1500,3.34,-9.0,1200,-9.0,-9.0,-9.0,30.1,8.1,2400,1041,25.05,0,,,,,0,
NON_2192,36.382633747628795,127.40675151938994,대전광역시 유성구 원촌동 90,2024,2,29,13,3,winter,0,1,1,1,0.0,2024-02-29,0,0,0,2400,5.1,1247,0.6,0.2,1400,0.2,3.0,-9.0,5.5,0.0,49,362,7.19,0,,,,,0,
NON_2193,36.35703911058757,127.31024445281717,대전광역시 유성구 구암동 495-3,2025,11,2,11,6,autumn,0,1,1,1,0.0,2025-11-02,0,0,0,1336,9.4,1106,2.11,2.1,1100,-9.0,1.25,-9.0,9.9,6.7,2344,585,13.29,1,,,,,0,
NON_2194,36.357395392101,127.33151627364437,대전광역시 유성구 장대동 214-1,2024,2,19,10,0,winter,0,1,1,1,0.0,2024-02-19,0,0,0,1349,9.8,1344,0.59,16.6,1300,1.2,13.83,-9.0,9.7,0.0,2253,647,15.7,0,,,,,0,
NON_2195,36.28589878463318,127.30936205463813,대전광역시 유성구 방동 19-25,2024,2,19,10,0,winter,0,1,1,1,0.0,2024-02-19,0,0,0,1349,9.8,1344,0.59,16.6,1300,1.2,13.83,-9.0,9.7,0.0,2253,581,9.88,0,,,,,0,
NON_2196,36.38648426041941,127.37413940929036,대전광역시 유성구 도룡동 404,2024,3,27,10,2,spring,0,1,2,2,0.0,2024-03-27,0,0,0,1639,10.2,1438,2.79,-9.0,1200,1.2,-9.0,-9.0,11.6,9.0,711,458,41.21,0,,,,,0,
NON_2197,36.34917890181308,127.33517218103299,대전광역시 유성구 구암동 639,2025,11,2,9,6,autumn,1,1,1,1,0.0,2025-11-02,0,0,0,1336,9.4,1106,2.11,2.1,1100,-9.0,1.25,-9.0,9.9,6.7,2344,470,9.93,1,,,,,0,
NON_2198,36.39413661219949,127.35026066710434,대전광역시 유성구 자운동 515-22,2024,2,29,14,3,winter,0,3,3,3,0.0,2024-02-29,0,0,0,2400,5.1,1247,0.6,0.2,1400,0.2,3.0,-9.0,5.5,0.0,49,730,39.22,0,,,,,0,
NON_2199,36.39711699799289,127.39885695989392,대전광역시 유성구 전민동 460-3,2024,3,19,15,1,spring,0,1,1,1,0.0,2024-03-19,0,0,0,1123,7.2,1433,1.48,0.0,1100,0.0,4.08,-9.0,8.7,3.2,50,480,6.56,0,,,,,0,
NON_2200,36.362756986476796,127.31662858612097,대전광역시 유성구 노은동 603,2024,3,25,14,0,spring,0,5,5,5,0.0,2024-03-25,0,0,0,2121,9.4,1033,1.45,6.8,1000,26.1,11.25,-9.0,10.0,0.0,12,294,21.24,0,,,,,0,
NON_2201,36.358265053364306,127.32926117667753,대전광역시 유성구 장대동 258,2024,8,1,9,3,summer,1,1,1,1,0.0,2024-08-01,0,0,0,1028,30.0,1448,2.84,-9.0,1300,-9.0,-9.0,-9.0,34.4,5.9,156,700,15.48,0,,,,,0,
NON_2202,36.363454273711085,127.31673707981604,대전광역시 유성구 노은동 609,2024,3,24,8,6,spring,1,2,2,2,0.0,2024-03-24,0,0,0,839,14.1,1602,2.03,-9.0,1400,-9.0,-9.0,-9.0,15.1,3.6,936,580,14.91,1,,,,,0,
NON_2203,36.39034939492133,127.33581063700821,대전광역시 유성구 하기동 산 51-19,2025,1,31,13,4,winter,0,1,1,1,0.0,2025-01-31,0,0,0,1741,1.9,1554,1.23,0.0,1200,0.2,1.33,-9.0,1.6,1.3,831,439,22.06,0,,,,,0,
NON_2204,36.36992018594596,127.42016077585342,대전광역시 대덕구 읍내동 543-13,2025,11,5,8,2,autumn,1,1,1,1,0.0,2025-11-05,0,0,0,1630,10.4,1502,2.04,-9.0,1200,-9.0,-9.0,-9.0,10.3,7.3,921,509,34.88,0,,,,,0,
NON_2205,36.364128781875245,127.33822541208207,대전광역시 유성구 장대동 321,2025,11,2,12,6,autumn,0,1,1,1,0.0,2025-11-02,0,0,0,1336,9.4,1106,2.11,2.1,1100,-9.0,1.25,-9.0,9.9,6.7,2344,302,7.8,1,,,,,0,
NON_2206,36.363722344899855,127.30867661374197,대전광역시 유성구 구암동 514,2024,2,29,13,3,winter,0,1,1,1,0.0,2024-02-29,0,0,0,2400,5.1,1247,0.6,0.2,1400,0.2,3.0,-9.0,5.5,0.0,49,421,40.98,0,,,,,0,
NON_2207,36.37828058318846,127.40497831488346,대전광역시 유성구 원촌동 64-2,2024,2,28,10,2,winter,0,2,2,2,0.0,2024-02-28,0,0,0,8,6.3,1637,2.16,-9.0,1200,-9.0,-9.0,-9.0,5.9,3.7,916,910,12.08,0,,,,,0,
NON_2208,36.350959822534755,127.34829847876175,대전광역시 유성구 봉명동 1061,2024,5,13,15,0,spring,0,1,1,1,0.0,2024-05-13,0,0,0,1616,17.6,1612,3.68,-9.0,1200,-9.0,-9.0,-9.0,21.9,13.4,2255,745,19.9,0,,,,,0,
NON_2209,36.423884914241704,127.29599085543795,세종특별자치시 금남면 두만리 42-11,2024,3,15,14,4,spring,0,1,1,1,0.0,2024-03-15,0,0,0,1451,9.5,1609,3.06,-9.0,1200,-9.0,-9.0,-9.0,10.5,11.0,2301,733,35.66,0,,,,,0,
NON_2210,36.3583401910411,127.3345198391177,대전광역시 유성구 장대동 277-6,2024,3,8,11,4,spring,0,1,1,1,0.0,2024-03-08,0,0,0,1350,2.9,1304,2.9,-9.0,1200,-9.0,-9.0,-9.0,4.4,10.2,2400,794,22.56,0,,,,,0,
NON_2211,36.35167498989997,127.33485410251843,대전광역시 유성구 구암동 638,2024,2,29,12,3,winter,0,1,1,1,0.0,2024-02-29,0,0,0,2400,5.1,1247,0.6,0.2,1400,0.2,3.0,-9.0,5.5,0.0,49,437,47.7,0,,,,,0,
NON_2212,36.36949637836822,127.32663311373119,대전광역시 유성구 노은동 112-16,2024,3,23,8,5,spring,1,1,1,1,0.0,2024-03-23,0,0,0,1516,14.9,1457,3.14,0.3,1200,-9.0,2.25,-9.0,15.9,9.3,2254,422,8.53,1,,,,,0,
NON_2213,36.421257484658135,127.38669236639188,대전광역시 유성구 관평동 673,2024,12,2,14,0,winter,0,2,2,2,0.0,2024-12-02,0,0,0,1712,8.3,1354,1.66,0.0,1100,0.0,0.45,-9.0,6.6,5.1,2313,902,17.24,0,,,,,0,
NON_2214,36.35798166830351,127.33049478187844,대전광역시 유성구 장대동 214-1,2024,2,19,10,0,winter,0,1,1,1,0.0,2024-02-19,0,0,0,1349,9.8,1344,0.59,16.6,1300,1.2,13.83,-9.0,9.7,0.0,2253,647,15.7,0,,,,,0,
NON_2215,36.356436009511285,127.34240263022633,대전광역시 유성구 봉명동 574,2024,3,23,8,5,spring,1,5,13,13,0.0,2024-03-23,0,0,0,1516,14.9,1457,3.14,0.3,1200,-9.0,2.25,-9.0,15.9,9.3,2254,714,16.67,1,,,,,0,
NON_2216,36.325752597374176,127.42805777796768,대전광역시 중구 대흥동 630,2025,11,2,16,6,autumn,0,2,2,2,0.0,2025-11-02,0,0,0,1336,9.4,1106,2.11,2.1,1100,-9.0,1.25,-9.0,9.9,6.7,2344,659,8.62,1,,,,,0,
NON_2217,36.370707426772114,127.30719967567649,대전광역시 유성구 노은동 산 24-139,2024,7,5,10,4,summer,0,1,1,1,0.0,2024-07-05,0,0,0,121,25.8,1555,3.5,3.9,1100,-9.0,2.67,3.7,27.4,7.9,2128,582,29.44,0,,,,,0,
NON_2218,36.36532357730116,127.31822289769367,대전광역시 유성구 노은동 611,2024,3,19,10,1,spring,0,1,1,1,0.0,2024-03-19,0,0,0,1123,7.2,1433,1.48,0.0,1100,0.0,4.08,-9.0,8.7,3.2,50,813,22.32,0,,,,,0,
NON_2219,36.342554743950245,127.3388945309,대전광역시 유성구 상대동 498,2024,4,24,10,2,spring,0,1,1,1,0.0,2024-04-24,0,0,0,1341,13.8,1340,3.47,4.3,1100,0.0,5.2,3.7,15.8,4.1,2352,375,39.53,0,,,,,0,
NON_2220,36.35513460839363,127.41634219599723,대전광역시 대덕구 오정동 728,2025,11,11,8,1,autumn,1,3,9,9,0.0,2025-11-11,0,0,0,1358,8.2,1509,2.21,-9.0,1100,-9.0,-9.0,-9.0,7.7,8.0,2220,746,11.88,0,,,,,0,
NON_2221,36.42517661614108,127.29371401848509,세종특별자치시 금남면 두만리 581-10,2024,3,15,14,4,spring,0,2,2,2,0.0,2024-03-15,0,0,0,1451,9.5,1609,3.06,-9.0,1200,-9.0,-9.0,-9.0,10.5,11.0,2301,856,34.98,0,,,,,0,
NON_2222,36.32229185497644,127.41201257573245,대전광역시 중구 오류동 195,2025,10,25,15,5,autumn,0,1,1,1,0.0,2025-10-25,0,0,0,1704,14.3,1408,1.57,-9.0,1200,0.0,-9.0,-9.0,15.4,2.4,1,363,18.01,1,,,,,0,
NON_2223,36.36653629196222,127.33090179936463,대전광역시 유성구 장대동 17-4,2024,3,25,6,0,spring,0,1,1,2,0.0,2024-03-25,0,0,0,2121,9.4,1033,1.45,6.8,1000,26.1,11.25,-9.0,10.0,0.0,12,319,47.31,0,,,,,0,
NON_2224,36.34966249602967,127.3481156250246,대전광역시 유성구 봉명동 1061,2024,5,13,15,0,spring,0,2,2,2,0.0,2024-05-13,0,0,0,1616,17.6,1612,3.68,-9.0,1200,-9.0,-9.0,-9.0,21.9,13.4,2255,379,36.2,0,,,,,0,
NON_2225,36.36183894741617,127.33433702821894,대전광역시 유성구 장대동 63-2,2024,3,5,16,1,spring,0,1,1,1,0.0,2024-03-05,0,0,0,1830,5.9,1,0.29,2.5,1000,0.3,15.42,-9.0,5.8,0.0,208,213,17.82,0,,,,,0,
NON_2226,36.362126343465626,127.33512047437588,대전광역시 유성구 장대동 63-2,2024,3,5,16,1,spring,0,1,1,1,0.0,2024-03-05,0,0,0,1830,5.9,1,0.29,2.5,1000,0.3,15.42,-9.0,5.8,0.0,208,213,17.82,0,,,,,0,
NON_2227,36.35563598782532,127.34137998843057,대전광역시 유성구 봉명동 574,2024,6,21,10,4,summer,0,1,1,5,0.0,2024-06-21,0,0,0,2140,26.4,1512,3.55,-9.0,1300,0.2,-9.0,-9.0,34.5,10.9,2246,677,34.84,0,,,,,0,
NON_2228,36.405690495678655,127.36998531929001,대전광역시 유성구 방현동 386,2024,2,28,14,2,winter,0,1,1,1,0.0,2024-02-28,0,0,0,8,6.3,1637,2.16,-9.0,1200,-9.0,-9.0,-9.0,5.9,3.7,916,385,16.09,0,,,,,0,
NON_2229,36.29911393466337,127.31492994526234,대전광역시 유성구 원내동 708,2024,7,23,10,1,summer,0,1,1,1,0.0,2024-07-23,0,0,0,49,27.2,1,0.67,3.9,1300,6.0,10.03,2.5,26.9,0.0,1006,687,18.56,0,,,,,0,
NON_2230,36.345503026298275,127.30204753568846,대전광역시 유성구 덕명동 621,2024,10,28,10,0,autumn,0,1,1,1,0.0,2024-10-28,0,0,0,2246,14.8,1145,1.41,0.0,1100,0.0,1.17,0.0,15.4,0.4,2309,881,27.36,0,,,,,0,
NON_2231,36.413253285634816,127.38848627300993,대전광역시 유성구 용산동 764,2024,6,20,10,3,summer,0,1,1,1,0.0,2024-06-20,0,0,0,1354,25.7,1457,2.67,-9.0,1400,-9.0,-9.0,-9.0,33.4,6.3,6,617,17.81,0,,,,,0,
NON_2232,36.37994429481558,127.40544193100166,대전광역시 유성구 원촌동 69-1,2024,3,27,14,2,spring,0,2,4,4,0.0,2024-03-27,0,0,0,1639,10.2,1438,2.79,-9.0,1200,1.2,-9.0,-9.0,11.6,9.0,711,476,18.08,0,,,,,0,
NON_2233,36.37041611956779,127.3154319112243,대전광역시 유성구 노은동 570,2024,3,26,8,1,spring,1,1,1,1,0.0,2024-03-26,0,0,0,11,6.7,1523,1.95,19.5,1000,0.2,10.33,-9.0,9.5,3.0,2358,686,20.2,0,,,,,0,
NON_2234,36.366798734194845,127.32968974737223,대전광역시 유성구 노은동 97,2024,3,20,14,2,spring,0,1,1,1,0.0,2024-03-20,0,0,0,259,4.6,1337,3.01,-9.0,1100,-9.0,-9.0,-9.0,8.7,9.9,947,774,7.91,0,,,,,0,
NON_2235,36.36574241161929,127.31838552144768,대전광역시 유성구 노은동 611,2024,4,6,8,5,spring,1,1,2,2,0.0,2024-04-06,0,0,0,1605,13.2,1609,2.2,-9.0,1200,-9.0,-9.0,-9.0,14.0,5.3,808,380,9.27,1,,,,,0,
NON_2236,36.36203865707005,127.35793269623015,대전광역시 유성구 어은동 59-12,2024,4,4,6,3,spring,0,1,2,2,0.0,2024-04-04,0,0,0,2335,13.4,1031,1.56,0.0,1000,0.0,0.8,0.0,14.2,0.2,2355,940,27.17,0,,,,,0,
NON_2237,36.373488924553094,127.31958170706052,대전광역시 유성구 지족동 965,2024,4,5,8,4,spring,1,2,2,4,0.0,2024-04-05,0,0,0,28,13.3,1540,3.03,0.0,1300,0.0,0.5,0.0,14.6,6.1,921,877,32.84,0,,,,,0,
NON_2238,36.36005703134286,127.33613098274026,대전광역시 유성구 장대동 290,2024,3,16,7,5,spring,0,5,5,5,0.0,2024-03-16,0,0,0,1616,11.4,1456,2.99,0.0,1200,0.0,1.25,-9.0,12.9,8.8,236,199,8.4,1,,,,,0,
NON_2239,36.32831679065417,127.3332993857657,대전광역시 유성구 용계동 688,2024,7,4,10,3,summer,0,1,1,1,0.0,2024-07-04,0,0,0,2250,28.1,1507,3.46,-9.0,1200,3.9,-9.0,-9.0,29.2,10.0,1,672,48.25,0,,,,,0,
NON_2240,36.32060623560369,127.41485475741622,대전광역시 중구 문화동 1-18,2025,10,25,15,5,autumn,0,1,1,1,0.0,2025-10-25,0,0,0,1704,14.3,1408,1.57,-9.0,1200,0.0,-9.0,-9.0,15.4,2.4,1,275,8.45,1,,,,,0,
NON_2241,36.387943073226275,127.41241213385099,대전광역시 대덕구 신대동 535,2024,3,28,10,3,spring,0,1,1,1,0.0,2024-03-28,0,0,0,1116,9.0,1,0.42,21.3,1100,20.1,13.75,-9.0,10.0,0.0,4,254,35.7,0,,,,,0,
NON_2242,36.37007340678371,127.31870172048863,대전광역시 유성구 노은동 583,2024,2,28,9,2,winter,1,6,6,6,0.0,2024-02-28,0,0,0,8,6.3,1637,2.16,-9.0,1200,-9.0,-9.0,-9.0,5.9,3.7,916,813,14.06,0,,,,,0,
NON_2243,36.426315046601836,127.3902415493409,대전광역시 유성구 관평동 1286,2024,3,29,15,4,spring,0,1,2,4,0.0,2024-03-29,0,0,0,1336,9.3,1116,1.88,0.2,1000,0.2,2.92,-9.0,9.5,2.5,2359,764,41.82,0,,,,,0,
NON_2244,36.35848747780157,127.32813120704392,대전광역시 유성구 장대동 245-2,2024,5,27,15,0,spring,0,2,2,2,0.0,2024-05-27,0,0,0,1044,18.5,1456,2.91,-9.0,1000,-9.0,-9.0,-9.0,21.4,10.9,2212,612,7.96,0,,,,,0,
NON_2245,36.34876513210894,127.3354604640296,대전광역시 유성구 상대동 556,2025,7,12,15,5,summer,0,1,1,1,0.0,2025-07-12,0,0,0,726,28.6,1550,3.54,-9.0,1200,-9.0,-9.0,-9.0,37.8,13.9,1,237,31.46,1,,,,,0,
NON_2246,36.37074201415131,127.33400630515139,대전광역시 유성구 죽동 747,2024,7,22,7,0,summer,0,1,1,1,0.0,2024-07-22,0,0,0,2330,28.9,1240,2.46,-9.0,1200,0.0,-9.0,-9.0,29.3,2.8,113,692,10.66,0,,,,,0,
NON_2247,36.341707114215566,127.42234412221356,대전광역시 동구 삼성동 480-1,2025,11,6,8,3,autumn,1,1,1,1,0.0,2025-11-06,0,0,0,1337,11.3,1438,2.13,-9.0,1200,-9.0,-9.0,-9.0,10.8,6.4,838,437,13.57,0,,,,,0,
NON_2248,36.39158487247029,127.35867801705561,대전광역시 유성구 장동 130-3,2024,3,20,9,2,spring,1,2,2,2,0.0,2024-03-20,0,0,0,259,4.6,1337,3.01,-9.0,1100,-9.0,-9.0,-9.0,8.7,9.9,947,1021,40.51,0,,,,,0,
NON_2249,36.418987921290594,127.37895887947346,대전광역시 유성구 덕진동 산 14-3,2024,7,29,15,0,summer,0,1,1,1,0.0,2024-07-29,0,0,0,1131,28.6,1457,2.74,-9.0,1400,-9.0,-9.0,-9.0,32.0,5.6,36,428,6.71,0,,,,,0,
NON_2250,36.36409095092799,127.3397558128933,대전광역시 유성구 장대동 321,2024,10,29,9,1,autumn,1,1,1,1,0.0,2024-10-29,0,0,0,1054,14.9,1532,1.88,0.0,1100,0.0,0.58,0.0,15.2,3.1,2259,944,10.78,0,,,,,0,
NON_2251,36.38399441976003,127.4050429271886,대전광역시 유성구 원촌동 135-2,2024,2,29,13,3,winter,0,3,3,3,0.0,2024-02-29,0,0,0,2400,5.1,1247,0.6,0.2,1400,0.2,3.0,-9.0,5.5,0.0,49,575,30.63,0,,,,,0,
NON_2252,36.375515458319065,127.339506490432,대전광역시 유성구 죽동 799,2024,10,30,15,2,autumn,0,1,1,1,0.0,2024-10-30,0,0,0,1945,14.7,1511,2.4,-9.0,1200,-9.0,-9.0,-9.0,14.2,9.6,2325,599,35.75,0,,,,,0,
NON_2253,36.39016919063545,127.323782019243,대전광역시 유성구 하기동 603,2024,6,20,9,3,summer,1,2,2,4,0.0,2024-06-20,0,0,0,1354,25.7,1457,2.67,-9.0,1400,-9.0,-9.0,-9.0,33.4,6.3,6,614,38.01,0,,,,,0,
NON_2254,36.37586236199217,127.32313437370293,대전광역시 유성구 지족동 975,2024,4,22,14,0,spring,0,1,1,1,0.0,2024-04-22,0,0,0,1623,17.4,1414,3.34,0.0,1200,-9.0,0.37,0.0,20.9,6.2,2217,1049,34.88,0,,,,,0,
NON_2255,36.36244460069323,127.35591770675997,대전광역시 유성구 어은동 109,2024,7,22,15,0,summer,0,4,4,4,0.0,2024-07-22,0,0,0,2330,28.9,1240,2.46,-9.0,1200,0.0,-9.0,-9.0,29.3,2.8,113,520,27.26,0,,,,,0,
NON_2256,36.37833558197436,127.40588526615258,대전광역시 유성구 원촌동 64-2,2024,2,28,10,2,winter,0,2,2,2,0.0,2024-02-28,0,0,0,8,6.3,1637,2.16,-9.0,1200,-9.0,-9.0,-9.0,5.9,3.7,916,910,12.08,0,,,,,0,
NON_2257,36.361031059187276,127.34904630843046,대전광역시 유성구 궁동 496,2024,3,8,7,4,spring,0,1,1,1,0.0,2024-03-08,0,0,0,1350,2.9,1304,2.9,-9.0,1200,-9.0,-9.0,-9.0,4.4,10.2,2400,536,23.82,0,,,,,0,
NON_2258,36.33010416974194,127.31371219722281,대전광역시 유성구 용계동 390-3,2024,7,23,10,1,summer,0,1,1,1,0.0,2024-07-23,0,0,0,49,27.2,1,0.67,3.9,1300,6.0,10.03,2.5,26.9,0.0,1006,341,18.88,0,,,,,0,
NON_2259,36.445448501293555,127.42905736711276,대전광역시 대덕구 신탄진동 733,2024,3,26,11,1,spring,0,1,1,1,0.0,2024-03-26,0,0,0,11,6.7,1523,1.95,19.5,1000,0.2,10.33,-9.0,9.5,3.0,2358,385,15.44,0,,,,,0,
NON_2260,36.34163160766209,127.423196608721,대전광역시 동구 삼성동 480-1,2025,11,6,8,3,autumn,1,1,1,1,0.0,2025-11-06,0,0,0,1337,11.3,1438,2.13,-9.0,1200,-9.0,-9.0,-9.0,10.8,6.4,838,437,13.57,0,,,,,0,
NON_2261,36.4585293642952,127.38947490116965,대전광역시 유성구 금고동 산 21,2024,3,27,15,2,spring,0,1,1,1,0.0,2024-03-27,0,0,0,1639,10.2,1438,2.79,-9.0,1200,1.2,-9.0,-9.0,11.6,9.0,711,395,39.79,0,,,,,0,
NON_2262,36.43119072169407,127.3801386664516,대전광역시 유성구 송강동 168-2,2024,3,19,14,1,spring,0,1,1,1,0.0,2024-03-19,0,0,0,1123,7.2,1433,1.48,0.0,1100,0.0,4.08,-9.0,8.7,3.2,50,307,17.08,0,,,,,0,
NON_2263,36.360115798112204,127.34390570540695,대전광역시 유성구 궁동 473,2024,3,24,7,6,spring,0,2,2,2,0.0,2024-03-24,0,0,0,839,14.1,1602,2.03,-9.0,1400,-9.0,-9.0,-9.0,15.1,3.6,936,462,11.45,1,,,,,0,
NON_2264,36.36081892949611,127.35314543891833,대전광역시 유성구 어은동 311,2025,2,14,10,4,winter,0,1,4,8,0.0,2025-02-14,0,0,0,1344,3.5,1429,2.47,-9.0,1200,-9.0,-9.0,-9.0,3.0,9.7,240,682,38.68,0,,,,,0,
NON_2265,36.36677653977709,127.36652044289517,대전광역시 유성구 구성동 464,2025,2,18,14,1,winter,0,1,1,1,0.0,2025-02-18,0,0,0,1238,-0.9,1434,2.67,-9.0,1200,-9.0,-9.0,-9.0,1.8,10.1,902,1002,35.33,0,,,,,0,
NON_2266,36.430233396057695,127.3823882786889,대전광역시 유성구 송강동 556,2024,2,29,13,3,winter,0,1,1,1,0.0,2024-02-29,0,0,0,2400,5.1,1247,0.6,0.2,1400,0.2,3.0,-9.0,5.5,0.0,49,406,40.8,0,,,,,0,
NON_2267,36.3630018744288,127.34136860437128,대전광역시 유성구 궁동 351,2024,6,20,9,3,summer,1,1,1,2,0.0,2024-06-20,0,0,0,1354,25.7,1457,2.67,-9.0,1400,-9.0,-9.0,-9.0,33.4,6.3,6,321,27.44,0,,,,,0,
NON_2268,36.3027852573155,127.31780816897863,대전광역시 유성구 원내동 773,2024,7,23,11,1,summer,0,3,3,3,0.0,2024-07-23,0,0,0,49,27.2,1,0.67,3.9,1300,6.0,10.03,2.5,26.9,0.0,1006,295,34.68,0,,,,,0,
NON_2269,36.36078938927518,127.34475782852392,대전광역시 유성구 궁동 501,2024,5,28,15,1,spring,0,1,1,1,0.0,2024-05-28,0,0,0,1449,18.8,1506,3.64,-9.0,1200,-9.0,-9.0,-9.0,24.0,11.3,2345,798,17.71,0,,,,,0,
NON_2270,36.418361895578165,127.37812621866011,대전광역시 유성구 관평동 657-1,2024,2,29,12,3,winter,0,1,1,1,0.0,2024-02-29,0,0,0,2400,5.1,1247,0.6,0.2,1400,0.2,3.0,-9.0,5.5,0.0,49,379,36.97,0,,,,,0,
NON_2271,36.32444955035027,127.31955881901929,대전광역시 유성구 용계동 623,2024,10,28,10,0,autumn,0,1,1,1,0.0,2024-10-28,0,0,0,2246,14.8,1145,1.41,0.0,1100,0.0,1.17,0.0,15.4,0.4,2309,1068,10.9,0,,,,,0,
NON_2272,36.32686902493061,127.31274246240045,대전광역시 유성구 용계동 산 50-6,2024,7,23,10,1,summer,0,1,1,1,0.0,2024-07-23,0,0,0,49,27.2,1,0.67,3.9,1300,6.0,10.03,2.5,26.9,0.0,1006,256,33.68,0,,,,,0,
NON_2273,36.361540044874296,127.35739514312394,대전광역시 유성구 어은동 59-1,2024,12,5,14,3,winter,0,1,1,1,0.0,2024-12-05,0,0,0,1243,4.5,1429,1.54,0.0,1100,0.0,4.53,-9.0,4.0,3.7,54,834,41.26,0,,,,,0,
NON_2274,36.352841888248896,127.34085795610048,대전광역시 유성구 봉명동 1058,2024,7,4,10,3,summer,0,1,1,1,0.0,2024-07-04,0,0,0,2250,28.1,1507,3.46,-9.0,1200,3.9,-9.0,-9.0,29.2,10.0,1,514,43.81,0,,,,,0,
NON_2275,36.352996099557295,127.33756606041307,대전광역시 유성구 봉명동 528,2024,4,4,9,3,spring,1,1,1,2,0.0,2024-04-04,0,0,0,2335,13.4,1031,1.56,0.0,1000,0.0,0.8,0.0,14.2,0.2,2355,497,36.88,0,,,,,0,
NON_2276,36.369505044917624,127.35116813562969,대전광역시 유성구 궁동 220,2024,8,5,17,0,summer,0,1,1,1,0.0,2024-08-05,0,0,0,1537,27.4,1354,2.94,34.3,1300,33.2,3.38,27.8,30.1,5.4,2231,636,28.81,0,,,,,0,
NON_2277,36.30579776151957,127.29093859636406,대전광역시 유성구 성북동 731,2024,2,19,10,0,winter,0,1,1,1,0.0,2024-02-19,0,0,0,1349,9.8,1344,0.59,16.6,1300,1.2,13.83,-9.0,9.7,0.0,2253,580,14.52,0,,,,,0,
NON_2278,36.33976518899532,127.34307244114478,대전광역시 유성구 원신흥동 586,2024,12,11,10,2,winter,0,1,1,1,0.0,2024-12-11,0,0,0,2144,2.5,1546,1.35,-9.0,1200,-9.0,-9.0,-9.0,1.8,5.0,2325,893,6.89,0,,,,,0,
NON_2279,36.35422703885864,127.41763120235264,대전광역시 대덕구 오정동 728,2025,10,27,8,0,autumn,1,1,1,1,0.0,2025-10-27,0,0,0,1514,9.5,1327,2.55,-9.0,1200,-9.0,-9.0,-9.0,10.5,9.9,2341,1203,29.76,0,,,,,0,
NON_2280,36.35050913160076,127.41904584780544,대전광역시 대덕구 오정동 735,2025,11,10,8,0,autumn,1,4,6,6,0.0,2025-11-10,0,0,0,352,8.9,1447,2.31,-9.0,1200,-9.0,-9.0,-9.0,8.0,9.6,906,993,27.46,0,,,,,0,
NON_2281,36.36386977434337,127.31631871724606,대전광역시 유성구 노은동 557-6,2024,3,25,14,0,spring,0,1,1,1,0.0,2024-03-25,0,0,0,2121,9.4,1033,1.45,6.8,1000,26.1,11.25,-9.0,10.0,0.0,12,630,28.06,0,,,,,0,
NON_2282,36.38910199080691,127.34812481546633,대전광역시 유성구 신성동 468,2024,3,1,5,4,spring,0,1,1,1,0.0,2024-03-01,0,0,0,1424,-2.2,1,2.91,-9.0,1200,-9.0,-9.0,-9.0,2.1,10.2,2239,349,8.56,0,,,,,0,
NON_2283,36.298284082070055,127.31537139073308,대전광역시 유성구 원내동 280,2024,7,23,10,1,summer,0,1,1,1,0.0,2024-07-23,0,0,0,49,27.2,1,0.67,3.9,1300,6.0,10.03,2.5,26.9,0.0,1006,396,36.38,0,,,,,0,
NON_2284,36.35514160566571,127.34305679958672,대전광역시 유성구 봉명동 574,2024,3,19,8,1,spring,1,5,10,10,0.0,2024-03-19,0,0,0,1123,7.2,1433,1.48,0.0,1100,0.0,4.08,-9.0,8.7,3.2,50,603,34.87,0,,,,,0,
NON_2285,36.36322640914482,127.34225946865826,대전광역시 유성구 궁동 351,2024,5,7,14,1,spring,0,1,1,1,0.0,2024-05-07,0,0,0,1952,12.9,1319,1.26,14.1,1200,14.7,17.97,3.7,14.7,0.0,2336,584,8.9,0,,,,,0,
NON_2286,36.4236788180379,127.29495442696138,세종특별자치시 금남면 두만리 42-3,2024,3,15,14,4,spring,0,1,1,1,0.0,2024-03-15,0,0,0,1451,9.5,1609,3.06,-9.0,1200,-9.0,-9.0,-9.0,10.5,11.0,2301,609,41.13,0,,,,,0,
NON_2287,36.38538200400182,127.37886396806422,대전광역시 유성구 도룡동 404,2024,3,19,15,1,spring,0,1,1,1,0.0,2024-03-19,0,0,0,1123,7.2,1433,1.48,0.0,1100,0.0,4.08,-9.0,8.7,3.2,50,450,32.4,0,,,,,0,
NON_2288,36.443741005254815,127.28792490530991,세종특별자치시 금남면 감성리 66-3,2025,1,17,10,4,winter,0,1,1,1,0.0,2025-01-17,0,0,0,1609,1.3,1551,2.02,-9.0,1200,-9.0,-9.0,-9.0,1.9,8.6,942,751,6.75,0,,,,,0,
NON_2289,36.39320909505712,127.35087031213264,대전광역시 유성구 자운동 515-22,2024,2,29,14,3,winter,0,2,2,2,0.0,2024-02-29,0,0,0,2400,5.1,1247,0.6,0.2,1400,0.2,3.0,-9.0,5.5,0.0,49,778,23.97,0,,,,,0,
NON_2290,36.36123179070674,127.35846558241347,대전광역시 유성구 어은동 262-1,2024,2,26,10,0,winter,0,1,1,1,0.0,2024-02-26,0,0,0,1620,3.7,1608,2.62,-9.0,1200,-9.0,-9.0,-9.0,4.9,7.3,806,349,18.79,0,,,,,0,
NON_2291,36.3481383179662,127.33514474732732,대전광역시 유성구 상대동 556,2025,7,12,15,5,summer,0,1,1,1,0.0,2025-07-12,0,0,0,726,28.6,1550,3.54,-9.0,1200,-9.0,-9.0,-9.0,37.8,13.9,1,237,31.46,1,,,,,0,
NON_2292,36.31039496371482,127.30732301645689,대전광역시 유성구 교촌동 422-1,2024,4,4,10,3,spring,0,1,1,1,0.0,2024-04-04,0,0,0,2335,13.4,1031,1.56,0.0,1000,0.0,0.8,0.0,14.2,0.2,2355,290,10.92,0,,,,,0,
NON_2293,36.39941731204713,127.31481459823698,대전광역시 유성구 외삼동 574-5,2024,3,20,10,2,spring,0,1,4,4,0.0,2024-03-20,0,0,0,259,4.6,1337,3.01,-9.0,1100,-9.0,-9.0,-9.0,8.7,9.9,947,448,39.84,0,,,,,0,
NON_2294,36.34160865381256,127.42241450035877,대전광역시 동구 삼성동 480-1,2025,11,11,8,1,autumn,1,2,2,2,0.0,2025-11-11,0,0,0,1358,8.2,1509,2.21,-9.0,1100,-9.0,-9.0,-9.0,7.7,8.0,2220,930,38.9,0,,,,,0,
NON_2295,36.40049348123742,127.31176634387654,대전광역시 유성구 외삼동 574-5,2024,3,6,9,2,spring,1,3,3,3,0.0,2024-03-06,0,0,0,2315,7.0,1522,2.15,-9.0,1200,0.0,-9.0,-9.0,7.2,5.8,2358,710,25.25,0,,,,,0,
NON_2296,36.44231236080503,127.38481820097157,대전광역시 유성구 봉산동 973,2024,5,29,15,2,spring,0,1,1,1,0.0,2024-05-29,0,0,0,1248,20.9,1606,3.59,-9.0,1200,-9.0,-9.0,-9.0,26.3,13.3,849,867,10.99,0,,,,,0,
NON_2297,36.39579536966544,127.40527902045373,대전광역시 유성구 전민동 271-5,2024,2,29,13,3,winter,0,2,2,2,0.0,2024-02-29,0,0,0,2400,5.1,1247,0.6,0.2,1400,0.2,3.0,-9.0,5.5,0.0,49,831,28.41,0,,,,,0,
NON_2298,36.389176229835876,127.40491583816633,대전광역시 유성구 문지동 105-6,2025,11,10,18,0,autumn,1,1,1,1,0.0,2025-11-10,0,0,0,352,8.9,1447,2.31,-9.0,1200,-9.0,-9.0,-9.0,8.0,9.6,906,1124,18.59,0,,,,,0,
NON_2299,36.40249713074438,127.36334847910818,대전광역시 유성구 장동 12-16,2024,2,28,14,2,winter,0,3,3,3,0.0,2024-02-28,0,0,0,8,6.3,1637,2.16,-9.0,1200,-9.0,-9.0,-9.0,5.9,3.7,916,947,32.23,0,,,,,0,
NON_2300,36.42242662049058,127.29599508315788,세종특별자치시 금남면 두만리 42-11,2024,3,15,14,4,spring,0,2,2,2,0.0,2024-03-15,0,0,0,1451,9.5,1609,3.06,-9.0,1200,-9.0,-9.0,-9.0,10.5,11.0,2301,423,7.05,0,,,,,0,
NON_2301,36.36307731099085,127.34114040179543,대전광역시 유성구 궁동 352,2024,5,9,10,3,spring,0,1,1,2,0.0,2024-05-09,0,0,0,1232,15.6,1506,3.46,-9.0,1200,-9.0,-9.0,-9.0,19.0,12.8,638,613,40.13,0,,,,,0,
NON_2302,36.39200028672173,127.31156932586272,대전광역시 유성구 반석동 676,2024,4,5,15,4,spring,0,1,7,7,0.0,2024-04-05,0,0,0,28,13.3,1540,3.03,0.0,1300,0.0,0.5,0.0,14.6,6.1,921,998,22.34,0,,,,,0,
NON_2303,36.39077484648288,127.39559970457121,대전광역시 유성구 문지동 103-15,2024,3,20,9,2,spring,1,4,4,4,0.0,2024-03-20,0,0,0,259,4.6,1337,3.01,-9.0,1100,-9.0,-9.0,-9.0,8.7,9.9,947,449,38.61,0,,,,,0,
NON_2304,36.3678266211354,127.31395875099797,대전광역시 유성구 노은동 570,2024,7,1,15,0,summer,0,3,3,3,0.0,2024-07-01,0,0,0,1537,26.2,1700,2.97,-9.0,1300,49.3,-9.0,-9.0,29.7,8.7,2224,640,29.19,0,,,,,0,
NON_2305,36.35788328347635,127.33625359637819,대전광역시 유성구 장대동 293,2024,3,25,8,0,spring,1,2,3,3,0.0,2024-03-25,0,0,0,2121,9.4,1033,1.45,6.8,1000,26.1,11.25,-9.0,10.0,0.0,12,402,41.21,0,,,,,0,
NON_2306,36.44963165549054,127.42077494861299,대전광역시 대덕구 석봉동 766,2024,3,26,11,1,spring,0,2,2,2,0.0,2024-03-26,0,0,0,11,6.7,1523,1.95,19.5,1000,0.2,10.33,-9.0,9.5,3.0,2358,426,47.63,0,,,,,0,
NON_2307,36.37463237140307,127.41592217305636,대전광역시 대덕구 대화동 90-1,2025,11,7,8,4,autumn,1,1,1,1,0.0,2025-11-07,0,0,0,2128,13.3,1516,2.17,-9.0,1200,-9.0,-9.0,-9.0,11.9,6.3,811,966,41.73,0,,,,,0,
NON_2308,36.36030356470221,127.3545305828813,대전광역시 유성구 어은동 311,2025,1,31,14,4,winter,0,1,3,7,0.0,2025-01-31,0,0,0,1741,1.9,1554,1.23,0.0,1200,0.2,1.33,-9.0,1.6,1.3,831,285,16.42,0,,,,,0,
NON_2309,36.353816114012,127.41842256037377,대전광역시 대덕구 오정동 687-1,2025,11,11,8,1,autumn,1,1,1,1,0.0,2025-11-11,0,0,0,1358,8.2,1509,2.21,-9.0,1100,-9.0,-9.0,-9.0,7.7,8.0,2220,902,14.89,0,,,,,0,
NON_2310,36.39473111086917,127.40628512916517,대전광역시 유성구 문지동 668,2024,1,31,17,2,winter,0,1,3,3,0.0,2024-01-31,0,0,0,1332,5.9,1448,2.15,0.0,1300,-9.0,0.77,-9.0,4.5,5.4,206,690,11.69,0,,,,,0,
NON_2311,36.36487138645095,127.33858046804625,대전광역시 유성구 장대동 311,2024,6,19,15,2,summer,0,2,2,2,0.0,2024-06-19,0,0,0,1600,27.5,1550,3.46,-9.0,1200,-9.0,-9.0,-9.0,36.0,12.4,715,866,37.37,0,,,,,0,
NON_2312,36.32227444198809,127.41632048566922,대전광역시 중구 문화동 1-9,2025,11,8,10,5,autumn,0,2,2,2,0.0,2025-11-08,0,0,0,106,13.7,1407,1.13,0.4,1000,0.4,3.33,-9.0,13.1,0.4,628,467,33.63,1,,,,,0,
NON_2313,36.41583093200924,127.29751341309773,대전광역시 유성구 안산동 284-1,2024,3,20,10,2,spring,0,2,2,2,0.0,2024-03-20,0,0,0,259,4.6,1337,3.01,-9.0,1100,-9.0,-9.0,-9.0,8.7,9.9,947,940,27.25,0,,,,,0,
NON_2314,36.341315284696456,127.33700518400839,대전광역시 유성구 상대동 498,2025,1,23,14,3,winter,0,2,2,2,0.0,2025-01-23,0,0,0,1854,2.9,1543,1.98,-9.0,1200,-9.0,-9.0,-9.0,3.1,8.5,922,335,9.4,0,,,,,0,
NON_2315,36.395425677763335,127.30980144274325,대전광역시 유성구 반석동 676,2024,3,15,15,4,spring,0,1,1,1,0.0,2024-03-15,0,0,0,1451,9.5,1609,3.06,-9.0,1200,-9.0,-9.0,-9.0,10.5,11.0,2301,888,23.02,0,,,,,0,
NON_2316,36.39099602451003,127.33030254899113,대전광역시 유성구 하기동 603,2024,3,20,5,2,spring,0,1,5,5,0.0,2024-03-20,0,0,0,259,4.6,1337,3.01,-9.0,1100,-9.0,-9.0,-9.0,8.7,9.9,947,680,40.36,0,,,,,0,
NON_2317,36.397138589666206,127.40519469790395,대전광역시 유성구 전민동 271-5,2024,2,29,13,3,winter,0,3,3,3,0.0,2024-02-29,0,0,0,2400,5.1,1247,0.6,0.2,1400,0.2,3.0,-9.0,5.5,0.0,49,315,7.96,0,,,,,0,
NON_2318,36.38957616771034,127.39897826634336,대전광역시 유성구 문지동 103-15,2024,3,23,7,5,spring,0,5,5,5,0.0,2024-03-23,0,0,0,1516,14.9,1457,3.14,0.3,1200,-9.0,2.25,-9.0,15.9,9.3,2254,279,6.06,1,,,,,0,
NON_2319,36.3366792322953,127.42040922353094,대전광역시 중구 선화동 903,2025,10,31,8,4,autumn,1,1,1,1,0.0,2025-10-31,0,0,0,1240,12.6,1451,2.31,0.0,1200,0.2,0.17,0.0,12.7,7.5,1,851,42.26,0,,,,,0,
NON_2320,36.37489626682311,127.39535080840047,대전광역시 유성구 도룡동 8-59,2024,11,1,14,4,autumn,0,1,1,1,0.0,2024-11-01,0,0,0,1218,13.3,2316,0.54,1.6,1300,1.1,5.17,-9.0,13.9,0.0,857,528,12.05,0,,,,,0,
NON_2321,36.40749765933353,127.37356066733156,대전광역시 유성구 방현동 9-12,2024,7,26,10,4,summer,0,1,1,1,0.0,2024-07-26,0,0,0,1246,28.4,1341,2.79,1.3,1000,1.3,1.62,1.0,31.4,5.1,2328,418,17.11,0,,,,,0,
NON_2322,36.34921503915717,127.32618291541493,대전광역시 유성구 구암동 240-4,2024,12,4,14,2,winter,0,1,1,1,0.0,2024-12-04,0,0,0,1424,3.6,1408,1.98,0.0,1200,0.0,1.67,-9.0,3.0,8.3,1,1019,30.15,0,,,,,0,
NON_2323,36.36866018050991,127.31850016324532,대전광역시 유성구 노은동 583,2024,3,25,9,0,spring,1,2,12,12,0.0,2024-03-25,0,0,0,2121,9.4,1033,1.45,6.8,1000,26.1,11.25,-9.0,10.0,0.0,12,359,31.92,0,,,,,0,
NON_2324,36.424712143434526,127.38866423146624,대전광역시 유성구 관평동 1291,2024,7,5,10,4,summer,0,1,1,1,0.0,2024-07-05,0,0,0,121,25.8,1555,3.5,3.9,1100,-9.0,2.67,3.7,27.4,7.9,2128,888,14.88,0,,,,,0,
NON_2325,36.388919885377426,127.40426637416827,대전광역시 유성구 문지동 105-6,2025,11,10,18,0,autumn,1,1,1,1,0.0,2025-11-10,0,0,0,352,8.9,1447,2.31,-9.0,1200,-9.0,-9.0,-9.0,8.0,9.6,906,1124,18.59,0,,,,,0,
NON_2326,36.37539553828578,127.3562076087999,대전광역시 유성구 어은동 52-10,2024,3,24,6,6,spring,0,1,1,1,0.0,2024-03-24,0,0,0,839,14.1,1602,2.03,-9.0,1400,-9.0,-9.0,-9.0,15.1,3.6,936,322,18.25,1,,,,,0,
NON_2327,36.36923154650698,127.31796540702007,대전광역시 유성구 노은동 583,2024,2,28,9,2,winter,1,3,3,3,0.0,2024-02-28,0,0,0,8,6.3,1637,2.16,-9.0,1200,-9.0,-9.0,-9.0,5.9,3.7,916,437,6.27,0,,,,,0,
NON_2328,36.37815457620473,127.41179452426381,대전광역시 대덕구 읍내동 505-23,2024,3,28,9,3,spring,1,1,1,1,0.0,2024-03-28,0,0,0,1116,9.0,1,0.42,21.3,1100,20.1,13.75,-9.0,10.0,0.0,4,536,18.18,0,,,,,0,
NON_2329,36.31369006190121,127.32004044515863,대전광역시 유성구 대정동 318,2024,3,6,15,2,spring,0,1,1,1,0.0,2024-03-06,0,0,0,2315,7.0,1522,2.15,-9.0,1200,0.0,-9.0,-9.0,7.2,5.8,2358,525,23.21,0,,,,,0,
NON_2330,36.37600725263632,127.41414550253961,대전광역시 대덕구 대화동 568-33,2025,11,10,18,0,autumn,1,1,1,1,0.0,2025-11-10,0,0,0,352,8.9,1447,2.31,-9.0,1200,-9.0,-9.0,-9.0,8.0,9.6,906,915,11.81,0,,,,,0,
NON_2331,36.39043565691369,127.40663428840526,대전광역시 유성구 문지동 667,2025,10,29,8,2,autumn,1,1,1,1,0.0,2025-10-29,0,0,0,1533,9.6,1506,2.4,-9.0,1200,-9.0,-9.0,-9.0,9.7,9.7,849,709,29.89,0,,,,,0,
NON_2332,36.35704977448231,127.34677179422468,대전광역시 유성구 봉명동 637,2024,3,29,10,4,spring,0,1,1,1,0.0,2024-03-29,0,0,0,1336,9.3,1116,1.88,0.2,1000,0.2,2.92,-9.0,9.5,2.5,2359,406,29.37,0,,,,,0,
NON_2333,36.38521512489644,127.3436982013386,대전광역시 유성구 신성동 산 26-8,2024,2,28,10,2,winter,0,1,1,1,0.0,2024-02-28,0,0,0,8,6.3,1637,2.16,-9.0,1200,-9.0,-9.0,-9.0,5.9,3.7,916,662,39.38,0,,,,,0,
NON_2334,36.34890690451419,127.42024253808019,대전광역시 대덕구 오정동 249-1,2025,11,3,8,0,autumn,1,1,1,1,0.0,2025-11-03,0,0,0,54,7.0,1519,2.35,-9.0,1200,-9.0,-9.0,-9.0,7.3,9.7,856,547,31.79,0,,,,,0,
NON_2335,36.40197655767601,127.3636466199414,대전광역시 유성구 장동 12-16,2024,3,6,12,2,spring,0,4,4,4,0.0,2024-03-06,0,0,0,2315,7.0,1522,2.15,-9.0,1200,0.0,-9.0,-9.0,7.2,5.8,2358,745,18.01,0,,,,,0,
NON_2336,36.354240682828085,127.33811275825673,대전광역시 유성구 봉명동 529,2024,3,27,10,2,spring,0,1,1,1,0.0,2024-03-27,0,0,0,1639,10.2,1438,2.79,-9.0,1200,1.2,-9.0,-9.0,11.6,9.0,711,526,36.94,0,,,,,0,
NON_2337,36.36111047794884,127.35673298945244,대전광역시 유성구 어은동 311,2025,1,22,13,2,winter,0,1,1,5,0.0,2025-01-22,0,0,0,1305,3.4,1358,1.76,-9.0,1300,-9.0,-9.0,-9.0,2.2,5.6,1004,621,30.84,0,,,,,0,
NON_2338,36.359560364851085,127.30479594549435,대전광역시 유성구 덕명동 570,2024,3,17,7,6,spring,0,1,1,1,0.0,2024-03-17,0,0,0,1109,9.7,1337,2.64,0.0,1100,-9.0,0.42,-9.0,13.4,6.8,2359,338,13.28,1,,,,,0,
NON_2339,36.36660534045794,127.3329817474018,대전광역시 유성구 장대동 17-4,2024,3,25,10,0,spring,0,3,3,4,0.0,2024-03-25,0,0,0,2121,9.4,1033,1.45,6.8,1000,26.1,11.25,-9.0,10.0,0.0,12,256,9.5,0,,,,,0,
NON_2340,36.35225749706123,127.41821645709278,대전광역시 대덕구 오정동 728,2025,10,27,19,0,autumn,1,3,3,3,0.0,2025-10-27,0,0,0,1514,9.5,1327,2.55,-9.0,1200,-9.0,-9.0,-9.0,10.5,9.9,2341,718,28.04,0,,,,,0,
NON_2341,36.29826229165645,127.31541202315292,대전광역시 유성구 원내동 772,2024,7,23,10,1,summer,0,2,2,2,0.0,2024-07-23,0,0,0,49,27.2,1,0.67,3.9,1300,6.0,10.03,2.5,26.9,0.0,1006,627,30.37,0,,,,,0,
NON_2342,36.36204040785619,127.34522346537345,대전광역시 유성구 궁동 220-9,2024,12,12,13,3,winter,0,1,1,1,0.0,2024-12-12,0,0,0,1320,1.2,1340,1.95,-9.0,1200,-9.0,-9.0,-9.0,0.6,6.7,934,660,37.84,0,,,,,0,
NON_2343,36.442496472471255,127.38443154029841,대전광역시 유성구 봉산동 산 37-4,2024,5,29,15,2,spring,0,1,1,1,0.0,2024-05-29,0,0,0,1248,20.9,1606,3.59,-9.0,1200,-9.0,-9.0,-9.0,26.3,13.3,849,448,24.3,0,,,,,0,
NON_2344,36.39216027488038,127.308675089165,대전광역시 유성구 반석동 616,2024,3,21,14,3,spring,0,1,1,1,0.0,2024-03-21,0,0,0,1212,5.2,1448,3.14,-9.0,1200,-9.0,-9.0,-9.0,9.6,11.0,1,897,18.0,0,,,,,0,
NON_2345,36.42040452580165,127.38711383710395,대전광역시 유성구 관평동 673,2024,12,2,14,0,winter,0,3,3,3,0.0,2024-12-02,0,0,0,1712,8.3,1354,1.66,0.0,1100,0.0,0.45,-9.0,6.6,5.1,2313,1037,26.88,0,,,,,0,
NON_2346,36.32000095656812,127.31373840421672,대전광역시 유성구 대정동 산 38-1,2024,7,23,10,1,summer,0,1,1,1,0.0,2024-07-23,0,0,0,49,27.2,1,0.67,3.9,1300,6.0,10.03,2.5,26.9,0.0,1006,734,20.55,0,,,,,0,
NON_2347,36.3952810130315,127.31269692529352,대전광역시 유성구 반석동 685,2025,1,13,16,0,winter,0,1,1,1,0.0,2025-01-13,0,0,0,1242,1.1,1532,1.96,-9.0,1200,0.1,-9.0,-9.0,-0.2,7.8,1008,194,22.84,0,,,,,0,
NON_2348,36.36677361888907,127.33844704321429,대전광역시 유성구 죽동 119-2,2024,7,22,8,0,summer,1,1,1,1,0.0,2024-07-22,0,0,0,2330,28.9,1240,2.46,-9.0,1200,0.0,-9.0,-9.0,29.3,2.8,113,762,36.0,0,,,,,0,
NON_2349,36.38266161391938,127.32338780180083,대전광역시 유성구 죽동 630,2024,2,28,15,2,winter,0,2,2,2,0.0,2024-02-28,0,0,0,8,6.3,1637,2.16,-9.0,1200,-9.0,-9.0,-9.0,5.9,3.7,916,931,39.21,0,,,,,0,
NON_2350,36.379852572772414,127.40914241970499,대전광역시 유성구 원촌동 269-10,2025,11,10,18,0,autumn,1,1,2,2,0.0,2025-11-10,0,0,0,352,8.9,1447,2.31,-9.0,1200,-9.0,-9.0,-9.0,8.0,9.6,906,448,11.52,0,,,,,0,
NON_2351,36.384769843099406,127.37834847403424,대전광역시 유성구 도룡동 409,2024,8,1,16,3,summer,0,1,1,2,0.0,2024-08-01,0,0,0,1028,30.0,1448,2.84,-9.0,1300,-9.0,-9.0,-9.0,34.4,5.9,156,865,32.98,0,,,,,0,
NON_2352,36.38006368783101,127.40664902999593,대전광역시 유성구 원촌동 69-1,2024,2,28,10,2,winter,0,2,2,2,0.0,2024-02-28,0,0,0,8,6.3,1637,2.16,-9.0,1200,-9.0,-9.0,-9.0,5.9,3.7,916,1073,9.55,0,,,,,0,
NON_2353,36.40311964081523,127.40460585972373,대전광역시 유성구 전민동 464-3,2024,12,2,14,0,winter,0,1,1,1,0.0,2024-12-02,0,0,0,1712,8.3,1354,1.66,0.0,1100,0.0,0.45,-9.0,6.6,5.1,2313,1101,15.52,0,,,,,0,
NON_2354,36.37236142355313,127.31776057509973,대전광역시 유성구 노은동 583,2024,3,26,8,1,spring,1,3,13,13,0.0,2024-03-26,0,0,0,11,6.7,1523,1.95,19.5,1000,0.2,10.33,-9.0,9.5,3.0,2358,244,44.36,0,,,,,0,
NON_2355,36.36069899515498,127.3452201312892,대전광역시 유성구 궁동 485,2024,3,25,13,0,spring,0,1,1,1,0.0,2024-03-25,0,0,0,2121,9.4,1033,1.45,6.8,1000,26.1,11.25,-9.0,10.0,0.0,12,525,16.58,0,,,,,0,
NON_2356,36.389879684140695,127.39897586336939,대전광역시 유성구 문지동 103-15,2024,3,25,7,0,spring,0,8,8,8,0.0,2024-03-25,0,0,0,2121,9.4,1033,1.45,6.8,1000,26.1,11.25,-9.0,10.0,0.0,12,722,38.37,0,,,,,0,
NON_2357,36.45916364790549,127.3899077068055,대전광역시 유성구 금고동 산 21,2024,3,27,15,2,spring,0,1,1,1,0.0,2024-03-27,0,0,0,1639,10.2,1438,2.79,-9.0,1200,1.2,-9.0,-9.0,11.6,9.0,711,395,39.79,0,,,,,0,
NON_2358,36.37174808233546,127.31904930950262,대전광역시 유성구 지족동 976,2025,2,24,14,0,winter,0,2,2,2,0.0,2025-02-24,0,0,0,1413,-0.7,1434,2.82,-9.0,1200,-9.0,-9.0,-9.0,1.4,10.3,926,913,8.7,0,,,,,0,
NON_2359,36.361577131351716,127.35539794503553,대전광역시 유성구 어은동 311,2025,1,22,13,2,winter,0,1,1,5,0.0,2025-01-22,0,0,0,1305,3.4,1358,1.76,-9.0,1300,-9.0,-9.0,-9.0,2.2,5.6,1004,621,30.84,0,,,,,0,
NON_2360,36.37452185027872,127.30539904525033,대전광역시 유성구 지족동 1060-1,2024,3,7,14,3,spring,0,3,3,3,0.0,2024-03-07,0,0,0,1334,4.6,1424,2.2,0.0,1000,-9.0,0.5,-9.0,6.9,6.7,2356,1046,14.08,0,,,,,0,
NON_2361,36.351127218002894,127.33177812549609,대전광역시 유성구 구암동 641,2024,2,26,10,0,winter,0,1,1,1,0.0,2024-02-26,0,0,0,1620,3.7,1608,2.62,-9.0,1200,-9.0,-9.0,-9.0,4.9,7.3,806,1187,29.84,0,,,,,0,
NON_2362,36.31237434868608,127.31928387153813,대전광역시 유성구 대정동 274,2024,3,17,6,6,spring,0,3,3,3,0.0,2024-03-17,0,0,0,1109,9.7,1337,2.64,0.0,1100,-9.0,0.42,-9.0,13.4,6.8,2359,490,30.23,1,,,,,0,
NON_2363,36.3612468884887,127.35722701986339,대전광역시 유성구 어은동 59-12,2024,4,4,6,3,spring,0,1,2,2,0.0,2024-04-04,0,0,0,2335,13.4,1031,1.56,0.0,1000,0.0,0.8,0.0,14.2,0.2,2355,940,27.17,0,,,,,0,
NON_2364,36.361133878771554,127.35340431898804,대전광역시 유성구 어은동 311,2024,12,17,14,1,winter,0,2,4,4,0.0,2024-12-17,0,0,0,1528,1.6,1326,1.9,-9.0,1200,-9.0,-9.0,-9.0,1.6,6.6,948,627,33.21,0,,,,,0,
NON_2365,36.39636675139676,127.40421899042515,대전광역시 유성구 전민동 271-5,2024,2,29,13,3,winter,0,3,3,3,0.0,2024-02-29,0,0,0,2400,5.1,1247,0.6,0.2,1400,0.2,3.0,-9.0,5.5,0.0,49,315,7.96,0,,,,,0,
NON_2366,36.3448941870126,127.31037917213342,대전광역시 유성구 복용동 629,2024,3,27,10,2,spring,0,1,2,2,0.0,2024-03-27,0,0,0,1639,10.2,1438,2.79,-9.0,1200,1.2,-9.0,-9.0,11.6,9.0,711,397,21.44,0,,,,,0,
NON_2367,36.36609034806414,127.3120907729426,대전광역시 유성구 노은동 603,2024,3,20,10,2,spring,0,1,1,1,0.0,2024-03-20,0,0,0,259,4.6,1337,3.01,-9.0,1100,-9.0,-9.0,-9.0,8.7,9.9,947,636,39.63,0,,,,,0,
NON_2368,36.42377744678932,127.29530907110731,세종특별자치시 금남면 두만리 39-1,2024,3,15,14,4,spring,0,1,1,1,0.0,2024-03-15,0,0,0,1451,9.5,1609,3.06,-9.0,1200,-9.0,-9.0,-9.0,10.5,11.0,2301,834,22.9,0,,,,,0,
NON_2369,36.40191837184483,127.36310321393523,대전광역시 유성구 장동 241-5,2025,2,24,14,0,winter,0,1,1,1,0.0,2025-02-24,0,0,0,1413,-0.7,1434,2.82,-9.0,1200,-9.0,-9.0,-9.0,1.4,10.3,926,1088,25.51,0,,,,,0,
NON_2370,36.382244537632786,127.4067708663448,대전광역시 유성구 원촌동 90,2025,11,10,18,0,autumn,1,2,3,3,0.0,2025-11-10,0,0,0,352,8.9,1447,2.31,-9.0,1200,-9.0,-9.0,-9.0,8.0,9.6,906,1101,34.2,0,,,,,0,
NON_2371,36.34478648944691,127.42380426395697,대전광역시 동구 홍도동 825-2,2025,11,10,18,0,autumn,1,1,1,1,0.0,2025-11-10,0,0,0,352,8.9,1447,2.31,-9.0,1200,-9.0,-9.0,-9.0,8.0,9.6,906,524,38.54,0,,,,,0,
NON_2372,36.36302866485918,127.35536740295746,대전광역시 유성구 어은동 109,2024,7,22,14,0,summer,0,1,1,1,0.0,2024-07-22,0,0,0,2330,28.9,1240,2.46,-9.0,1200,0.0,-9.0,-9.0,29.3,2.8,113,326,24.59,0,,,,,0,
NON_2373,36.401502529915085,127.38920273253134,대전광역시 유성구 전민동 891-2,2024,3,19,15,1,spring,0,1,1,1,0.0,2024-03-19,0,0,0,1123,7.2,1433,1.48,0.0,1100,0.0,4.08,-9.0,8.7,3.2,50,436,20.72,0,,,,,0,
NON_2374,36.367324017256664,127.31832032013625,대전광역시 유성구 노은동 583,2024,2,28,9,2,winter,1,2,2,2,0.0,2024-02-28,0,0,0,8,6.3,1637,2.16,-9.0,1200,-9.0,-9.0,-9.0,5.9,3.7,916,1112,10.71,0,,,,,0,
NON_2375,36.36069734801117,127.35582059503002,대전광역시 유성구 어은동 62-2,2024,12,18,9,2,winter,1,1,1,1,0.0,2024-12-18,0,0,0,1547,-2.0,1513,1.94,-9.0,1200,-9.0,-9.0,-9.0,-1.0,8.2,2335,493,23.97,0,,,,,0,
NON_2376,36.344917366302816,127.42423892671967,대전광역시 동구 홍도동 17-1,2025,11,11,8,1,autumn,1,1,1,1,0.0,2025-11-11,0,0,0,1358,8.2,1509,2.21,-9.0,1100,-9.0,-9.0,-9.0,7.7,8.0,2220,358,9.68,0,,,,,0,
NON_2377,36.37766984181662,127.31727897999778,대전광역시 유성구 지족동 946,2024,2,28,9,2,winter,1,1,1,1,0.0,2024-02-28,0,0,0,8,6.3,1637,2.16,-9.0,1200,-9.0,-9.0,-9.0,5.9,3.7,916,1035,17.55,0,,,,,0,
NON_2378,36.386306502596966,127.37862364360141,대전광역시 유성구 도룡동 409,2024,5,7,13,1,spring,0,1,1,3,0.0,2024-05-07,0,0,0,1952,12.9,1319,1.26,14.1,1200,14.7,17.97,3.7,14.7,0.0,2336,327,40.08,0,,,,,0,
NON_2379,36.285812653705456,127.31074285897367,대전광역시 유성구 방동 19-25,2024,2,19,10,0,winter,0,2,2,2,0.0,2024-02-19,0,0,0,1349,9.8,1344,0.59,16.6,1300,1.2,13.83,-9.0,9.7,0.0,2253,274,33.33,0,,,,,0,
NON_2380,36.342572487864736,127.41282103002726,대전광역시 중구 중촌동 127,2025,11,2,8,6,autumn,1,1,1,1,0.0,2025-11-02,0,0,0,1336,9.4,1106,2.11,2.1,1100,-9.0,1.25,-9.0,9.9,6.7,2344,629,16.71,1,,,,,0,
NON_2381,36.42558026472544,127.29279803738766,세종특별자치시 금남면 두만리 581-10,2024,3,15,14,4,spring,0,2,2,2,0.0,2024-03-15,0,0,0,1451,9.5,1609,3.06,-9.0,1200,-9.0,-9.0,-9.0,10.5,11.0,2301,856,34.98,0,,,,,0,
NON_2382,36.39361583400695,127.35011802101809,대전광역시 유성구 자운동 515-22,2024,12,16,10,0,winter,0,1,1,1,0.0,2024-12-16,0,0,0,1520,2.7,1503,1.93,0.1,1200,0.1,2.83,-9.0,2.3,6.8,820,490,7.18,0,,,,,0,
NON_2383,36.342036688775416,127.3056646171546,대전광역시 유성구 계산동 803-11,2024,3,1,6,4,spring,0,1,1,1,0.0,2024-03-01,0,0,0,1424,-2.2,1,2.91,-9.0,1200,-9.0,-9.0,-9.0,2.1,10.2,2239,1009,39.66,0,,,,,0,
NON_2384,36.41421057114613,127.29886309175535,대전광역시 유성구 안산동 273-2,2024,3,6,10,2,spring,0,1,1,1,0.0,2024-03-06,0,0,0,2315,7.0,1522,2.15,-9.0,1200,0.0,-9.0,-9.0,7.2,5.8,2358,950,33.1,0,,,,,0,
NON_2385,36.442417678213516,127.43397670663742,대전광역시 대덕구 신탄진동 272-2,2024,3,26,11,1,spring,0,4,4,4,0.0,2024-03-26,0,0,0,11,6.7,1523,1.95,19.5,1000,0.2,10.33,-9.0,9.5,3.0,2358,306,21.44,0,,,,,0,
NON_2386,36.3399500588026,127.3080646899034,대전광역시 유성구 학하동 792,2024,9,8,15,6,autumn,0,1,1,1,0.0,2024-09-08,0,0,0,1556,27.6,1504,3.17,-9.0,1200,-9.0,-9.0,-9.0,34.8,10.4,755,600,19.4,1,,,,,0,
NON_2387,36.46515286159231,127.39729936243914,대전광역시 유성구 금고동 산 21,2024,3,27,16,2,spring,0,3,3,3,0.0,2024-03-27,0,0,0,1639,10.2,1438,2.79,-9.0,1200,1.2,-9.0,-9.0,11.6,9.0,711,573,34.75,0,,,,,0,
NON_2388,36.35454715151061,127.35058185281304,대전광역시 유성구 봉명동 700,2024,12,8,17,6,winter,0,1,1,1,0.0,2024-12-08,0,0,0,1433,0.5,1422,2.02,0.0,1200,-9.0,0.25,-9.0,0.5,8.1,930,479,6.16,1,,,,,0,
NON_2389,36.4431912531559,127.43338086588132,대전광역시 대덕구 신탄진동 272-2,2024,3,26,11,1,spring,0,3,3,3,0.0,2024-03-26,0,0,0,11,6.7,1523,1.95,19.5,1000,0.2,10.33,-9.0,9.5,3.0,2358,249,8.35,0,,,,,0,
NON_2390,36.39116228109379,127.33626324689023,대전광역시 유성구 하기동 산 51-19,2025,1,31,13,4,winter,0,1,1,1,0.0,2025-01-31,0,0,0,1741,1.9,1554,1.23,0.0,1200,0.2,1.33,-9.0,1.6,1.3,831,439,22.06,0,,,,,0,
NON_2391,36.28749321243852,127.26474244752401,대전광역시 유성구 송정동 150-1,2025,2,19,15,2,winter,0,1,1,1,0.0,2025-02-19,0,0,0,1534,-1.6,1409,2.71,-9.0,1200,-9.0,-9.0,-9.0,1.5,10.1,2345,968,6.61,0,,,,,0,
NON_2392,36.37456818625741,127.41457672370495,대전광역시 대덕구 대화동 63-36,2025,11,10,8,0,autumn,1,2,3,3,0.0,2025-11-10,0,0,0,352,8.9,1447,2.31,-9.0,1200,-9.0,-9.0,-9.0,8.0,9.6,906,553,16.04,0,,,,,0,
NON_2393,36.35364235541337,127.41685666527555,대전광역시 대덕구 오정동 729,2025,10,29,8,2,autumn,1,1,1,1,0.0,2025-10-29,0,0,0,1533,9.6,1506,2.4,-9.0,1200,-9.0,-9.0,-9.0,9.7,9.7,849,512,21.86,0,,,,,0,
NON_2394,36.32318633374498,127.41556696915161,대전광역시 중구 문화동 1-18,2025,11,8,10,5,autumn,0,2,3,3,0.0,2025-11-08,0,0,0,106,13.7,1407,1.13,0.4,1000,0.4,3.33,-9.0,13.1,0.4,628,454,21.03,1,,,,,0,
NON_2395,36.368299932728284,127.3168933902809,대전광역시 유성구 노은동 583,2024,3,19,10,1,spring,0,1,11,11,0.0,2024-03-19,0,0,0,1123,7.2,1433,1.48,0.0,1100,0.0,4.08,-9.0,8.7,3.2,50,938,37.37,0,,,,,0,
NON_2396,36.37847772918914,127.32860956738784,대전광역시 유성구 죽동 369,2025,1,13,16,0,winter,0,1,1,1,0.0,2025-01-13,0,0,0,1242,1.1,1532,1.96,-9.0,1200,0.1,-9.0,-9.0,-0.2,7.8,1008,747,44.87,0,,,,,0,
NON_2397,36.37828902984128,127.41058865344982,대전광역시 대덕구 읍내동 505-3,2025,11,11,8,1,autumn,1,1,2,2,0.0,2025-11-11,0,0,0,1358,8.2,1509,2.21,-9.0,1100,-9.0,-9.0,-9.0,7.7,8.0,2220,992,35.41,0,,,,,0,
NON_2398,36.350758304257724,127.32185017712759,대전광역시 유성구 구암동 337-1,2024,3,27,10,2,spring,0,1,1,1,0.0,2024-03-27,0,0,0,1639,10.2,1438,2.79,-9.0,1200,1.2,-9.0,-9.0,11.6,9.0,711,229,47.27,0,,,,,0,
NON_2399,36.33697897531438,127.3338337909161,대전광역시 유성구 상대동 589,2024,12,5,9,3,winter,1,1,1,1,0.0,2024-12-05,0,0,0,1243,4.5,1429,1.54,0.0,1100,0.0,4.53,-9.0,4.0,3.7,54,756,24.3,0,,,,,0,
NON_2400,36.335574405707796,127.33266770917638,대전광역시 유성구 상대동 589,2024,12,5,9,3,winter,1,2,2,2,0.0,2024-12-05,0,0,0,1243,4.5,1429,1.54,0.0,1100,0.0,4.53,-9.0,4.0,3.7,54,1225,26.51,0,,,,,0,
NON_2401,36.381579633302835,127.32436817959942,대전광역시 유성구 죽동 648,2024,4,4,10,3,spring,0,1,2,2,0.0,2024-04-04,0,0,0,2335,13.4,1031,1.56,0.0,1000,0.0,0.8,0.0,14.2,0.2,2355,352,9.22,0,,,,,0,
NON_2402,36.428787594394464,127.38452302433474,대전광역시 유성구 송강동 556,2024,3,7,6,3,spring,0,4,4,4,0.0,2024-03-07,0,0,0,1334,4.6,1424,2.2,0.0,1000,-9.0,0.5,-9.0,6.9,6.7,2356,940,36.27,0,,,,,0,
NON_2403,36.375073684195975,127.41456634522754,대전광역시 대덕구 읍내동 543-1,2025,11,7,8,4,autumn,1,2,4,4,0.0,2025-11-07,0,0,0,2128,13.3,1516,2.17,-9.0,1200,-9.0,-9.0,-9.0,11.9,6.3,811,757,27.49,0,,,,,0,
NON_2404,36.3481996018841,127.32726227244098,대전광역시 유성구 상대동 556,2024,7,23,10,1,summer,0,8,8,8,0.0,2024-07-23,0,0,0,49,27.2,1,0.67,3.9,1300,6.0,10.03,2.5,26.9,0.0,1006,557,45.15,0,,,,,0,
NON_2405,36.44610171558138,127.38475398911575,대전광역시 유성구 봉산동 714,2024,7,29,15,0,summer,0,1,1,2,0.0,2024-07-29,0,0,0,1131,28.6,1457,2.74,-9.0,1400,-9.0,-9.0,-9.0,32.0,5.6,36,449,16.04,0,,,,,0,
NON_2406,36.3645836138954,127.33806145541136,대전광역시 유성구 장대동 311,2024,6,19,15,2,summer,0,2,2,2,0.0,2024-06-19,0,0,0,1600,27.5,1550,3.46,-9.0,1200,-9.0,-9.0,-9.0,36.0,12.4,715,866,37.37,0,,,,,0,
NON_2407,36.37079027793587,127.33460171207011,대전광역시 유성구 죽동 747,2024,7,22,7,0,summer,0,1,1,1,0.0,2024-07-22,0,0,0,2330,28.9,1240,2.46,-9.0,1200,0.0,-9.0,-9.0,29.3,2.8,113,692,10.66,0,,,,,0,
NON_2408,36.395624478390246,127.40428538862419,대전광역시 유성구 전민동 271-5,2024,2,29,13,3,winter,0,3,3,3,0.0,2024-02-29,0,0,0,2400,5.1,1247,0.6,0.2,1400,0.2,3.0,-9.0,5.5,0.0,49,315,7.96,0,,,,,0,
NON_2409,36.39945756609652,127.40188970934744,대전광역시 유성구 전민동 533-11,2024,3,23,7,5,spring,0,1,1,1,0.0,2024-03-23,0,0,0,1516,14.9,1457,3.14,0.3,1200,-9.0,2.25,-9.0,15.9,9.3,2254,447,22.57,1,,,,,0,
NON_2410,36.36128778762076,127.35829743686328,대전광역시 유성구 봉명동 1012-1,2024,3,6,10,2,spring,0,1,2,2,0.0,2024-03-06,0,0,0,2315,7.0,1522,2.15,-9.0,1200,0.0,-9.0,-9.0,7.2,5.8,2358,855,29.29,0,,,,,0,
NON_2411,36.40466699399213,127.40311421965822,대전광역시 유성구 전민동 791-19,2024,3,19,14,1,spring,0,1,1,1,0.0,2024-03-19,0,0,0,1123,7.2,1433,1.48,0.0,1100,0.0,4.08,-9.0,8.7,3.2,50,828,27.85,0,,,,,0,
NON_2412,36.36712714044266,127.32774172825154,대전광역시 유성구 노은동 74,2024,7,26,10,4,summer,0,1,1,1,0.0,2024-07-26,0,0,0,1246,28.4,1341,2.79,1.3,1000,1.3,1.62,1.0,31.4,5.1,2328,715,35.33,0,,,,,0,
NON_2413,36.363854868219846,127.30847662080541,대전광역시 유성구 구암동 514,2024,2,29,13,3,winter,0,1,1,1,0.0,2024-02-29,0,0,0,2400,5.1,1247,0.6,0.2,1400,0.2,3.0,-9.0,5.5,0.0,49,421,40.98,0,,,,,0,
NON_2414,36.370345424343945,127.31512041128246,대전광역시 유성구 노은동 570,2024,3,26,8,1,spring,1,1,1,1,0.0,2024-03-26,0,0,0,11,6.7,1523,1.95,19.5,1000,0.2,10.33,-9.0,9.5,3.0,2358,686,20.2,0,,,,,0,
NON_2415,36.35055242128897,127.42004863226556,대전광역시 대덕구 오정동 735,2025,11,10,8,0,autumn,1,4,6,6,0.0,2025-11-10,0,0,0,352,8.9,1447,2.31,-9.0,1200,-9.0,-9.0,-9.0,8.0,9.6,906,993,27.46,0,,,,,0,
NON_2416,36.290293682049686,127.46233915744371,대전광역시 동구 대성동 396,2025,11,9,12,6,autumn,0,1,1,1,0.0,2025-11-09,0,0,0,1345,13.7,1305,1.95,0.0,1300,-9.0,0.75,-9.0,13.0,6.8,1,208,19.09,1,,,,,0,
NON_2417,36.38505306028234,127.32180945528779,대전광역시 유성구 하기동 585,2024,2,28,15,2,winter,0,1,1,1,0.0,2024-02-28,0,0,0,8,6.3,1637,2.16,-9.0,1200,-9.0,-9.0,-9.0,5.9,3.7,916,1038,34.71,0,,,,,0,
NON_2418,36.414761042067546,127.40670262701282,대전광역시 유성구 탑립동 945,2024,3,27,13,2,spring,0,3,3,3,0.0,2024-03-27,0,0,0,1639,10.2,1438,2.79,-9.0,1200,1.2,-9.0,-9.0,11.6,9.0,711,298,46.13,0,,,,,0,
NON_2419,36.41855155854943,127.37943459589877,대전광역시 유성구 덕진동 51-4,2024,5,30,15,3,spring,0,1,1,1,0.0,2024-05-30,0,0,0,2334,21.1,1156,2.03,-9.0,1100,-9.0,-9.0,-9.0,24.6,0.9,2,501,20.72,0,,,,,0,
NON_2420,36.356042519195555,127.34167987382219,대전광역시 유성구 봉명동 574,2024,4,30,10,1,spring,0,1,3,17,0.0,2024-04-30,0,0,0,1632,16.6,1430,1.96,0.0,1100,-9.0,0.33,0.0,19.3,0.4,2331,694,18.32,0,,,,,0,
NON_2421,36.28595564199431,127.26029951262511,대전광역시 유성구 송정동 195-2,2025,2,19,15,2,winter,0,1,1,1,0.0,2025-02-19,0,0,0,1534,-1.6,1409,2.71,-9.0,1200,-9.0,-9.0,-9.0,1.5,10.1,2345,667,22.03,0,,,,,0,
NON_2422,36.3593603807838,127.33341942188156,대전광역시 유성구 장대동 291,2024,3,25,8,0,spring,1,2,2,2,0.0,2024-03-25,0,0,0,2121,9.4,1033,1.45,6.8,1000,26.1,11.25,-9.0,10.0,0.0,12,361,19.8,0,,,,,0,
NON_2423,36.34198834565521,127.34007315948925,대전광역시 유성구 상대동 498,2024,7,4,11,3,summer,0,1,1,2,0.0,2024-07-04,0,0,0,2250,28.1,1507,3.46,-9.0,1200,3.9,-9.0,-9.0,29.2,10.0,1,433,47.93,0,,,,,0,
NON_2424,36.38528069044235,127.32117777860516,대전광역시 유성구 하기동 576,2024,2,28,15,2,winter,0,2,2,2,0.0,2024-02-28,0,0,0,8,6.3,1637,2.16,-9.0,1200,-9.0,-9.0,-9.0,5.9,3.7,916,889,36.66,0,,,,,0,
NON_2425,36.36330150330043,127.34792619888154,대전광역시 유성구 궁동 438,2024,3,5,6,1,spring,0,2,2,2,0.0,2024-03-05,0,0,0,1830,5.9,1,0.29,2.5,1000,0.3,15.42,-9.0,5.8,0.0,208,488,10.32,0,,,,,0,
NON_2426,36.360314755498415,127.30514415457706,대전광역시 유성구 덕명동 570,2024,3,17,7,6,spring,0,1,1,1,0.0,2024-03-17,0,0,0,1109,9.7,1337,2.64,0.0,1100,-9.0,0.42,-9.0,13.4,6.8,2359,338,13.28,1,,,,,0,
NON_2427,36.391213523072956,127.40726467981078,대전광역시 유성구 문지동 676,2025,10,31,18,4,autumn,1,1,1,1,0.0,2025-10-31,0,0,0,1240,12.6,1451,2.31,0.0,1200,0.2,0.17,0.0,12.7,7.5,1,629,25.61,0,,,,,0,
NON_2428,36.412344583676806,127.37846610357353,대전광역시 유성구 화암동 120-3,2024,2,28,14,2,winter,0,1,1,1,0.0,2024-02-28,0,0,0,8,6.3,1637,2.16,-9.0,1200,-9.0,-9.0,-9.0,5.9,3.7,916,446,32.38,0,,,,,0,
NON_2429,36.387911198439134,127.31843255298915,대전광역시 유성구 하기동 576,2024,3,6,9,2,spring,1,3,3,3,0.0,2024-03-06,0,0,0,2315,7.0,1522,2.15,-9.0,1200,0.0,-9.0,-9.0,7.2,5.8,2358,980,35.82,0,,,,,0,
NON_2430,36.3654994458612,127.36325902101916,대전광역시 유성구 구성동 445-1,2024,11,5,9,1,autumn,1,1,1,1,0.0,2024-11-05,0,0,0,1553,9.8,1414,2.34,-9.0,1200,-9.0,-9.0,-9.0,10.5,7.7,2348,985,17.81,0,,,,,0,
NON_2431,36.37546715856955,127.41466076527999,대전광역시 대덕구 대화동 568-33,2025,11,10,18,0,autumn,1,1,1,1,0.0,2025-11-10,0,0,0,352,8.9,1447,2.31,-9.0,1200,-9.0,-9.0,-9.0,8.0,9.6,906,915,11.81,0,,,,,0,
NON_2432,36.381311889192624,127.32377092348763,대전광역시 유성구 죽동 636,2024,4,4,15,3,spring,0,2,4,4,0.0,2024-04-04,0,0,0,2335,13.4,1031,1.56,0.0,1000,0.0,0.8,0.0,14.2,0.2,2355,822,22.96,0,,,,,0,
NON_2433,36.39410245067213,127.35017268494421,대전광역시 유성구 자운동 515-22,2024,2,29,14,3,winter,0,1,1,1,0.0,2024-02-29,0,0,0,2400,5.1,1247,0.6,0.2,1400,0.2,3.0,-9.0,5.5,0.0,49,781,32.81,0,,,,,0,
NON_2434,36.33108807460909,127.38893115403454,대전광역시 서구 가장동 190,2025,11,8,10,5,autumn,0,1,1,1,0.0,2025-11-08,0,0,0,106,13.7,1407,1.13,0.4,1000,0.4,3.33,-9.0,13.1,0.4,628,511,19.88,1,,,,,0,
NON_2435,36.38289947713275,127.40660951625661,대전광역시 유성구 원촌동 90,2024,2,29,13,3,winter,0,2,2,2,0.0,2024-02-29,0,0,0,2400,5.1,1247,0.6,0.2,1400,0.2,3.0,-9.0,5.5,0.0,49,308,36.69,0,,,,,0,
NON_2436,36.417350000508506,127.37837873090295,대전광역시 유성구 관평동 657-1,2024,2,29,12,3,winter,0,1,1,1,0.0,2024-02-29,0,0,0,2400,5.1,1247,0.6,0.2,1400,0.2,3.0,-9.0,5.5,0.0,49,379,36.97,0,,,,,0,
NON_2437,36.34869483949745,127.33624860652529,대전광역시 유성구 상대동 556,2025,11,2,11,6,autumn,0,1,2,2,0.0,2025-11-02,0,0,0,1336,9.4,1106,2.11,2.1,1100,-9.0,1.25,-9.0,9.9,6.7,2344,585,20.8,1,,,,,0,
NON_2438,36.348118538481856,127.42115597186775,대전광역시 대덕구 오정동 748-1,2025,10,31,19,4,autumn,1,1,1,1,0.0,2025-10-31,0,0,0,1240,12.6,1451,2.31,0.0,1200,0.2,0.17,0.0,12.7,7.5,1,669,24.24,0,,,,,0,
NON_2439,36.311094552267235,127.32032318094761,대전광역시 유성구 대정동 274,2024,3,17,6,6,spring,0,1,1,1,0.0,2024-03-17,0,0,0,1109,9.7,1337,2.64,0.0,1100,-9.0,0.42,-9.0,13.4,6.8,2359,463,14.11,1,,,,,0,
NON_2440,36.40071347282622,127.31297892048026,대전광역시 유성구 외삼동 574-5,2024,3,6,9,2,spring,1,2,2,2,0.0,2024-03-06,0,0,0,2315,7.0,1522,2.15,-9.0,1200,0.0,-9.0,-9.0,7.2,5.8,2358,875,11.01,0,,,,,0,
NON_2441,36.35745397313409,127.34309548134497,대전광역시 유성구 봉명동 574,2024,3,25,13,0,spring,0,6,14,14,0.0,2024-03-25,0,0,0,2121,9.4,1033,1.45,6.8,1000,26.1,11.25,-9.0,10.0,0.0,12,501,44.14,0,,,,,0,
NON_2442,36.42478889035151,127.29501498560165,세종특별자치시 금남면 두만리 52-8,2024,3,15,14,4,spring,0,3,3,3,0.0,2024-03-15,0,0,0,1451,9.5,1609,3.06,-9.0,1200,-9.0,-9.0,-9.0,10.5,11.0,2301,639,36.01,0,,,,,0,
NON_2443,36.26683657358626,127.28399117106028,대전광역시 유성구 방동 623-4,2024,3,8,15,4,spring,0,1,1,1,0.0,2024-03-08,0,0,0,1350,2.9,1304,2.9,-9.0,1200,-9.0,-9.0,-9.0,4.4,10.2,2400,650,12.39,0,,,,,0,
NON_2444,36.36115432270074,127.35900469923726,대전광역시 유성구 어은동 262-1,2024,2,26,10,0,winter,0,1,1,1,0.0,2024-02-26,0,0,0,1620,3.7,1608,2.62,-9.0,1200,-9.0,-9.0,-9.0,4.9,7.3,806,349,18.79,0,,,,,0,
NON_2445,36.368592036086625,127.3150938877467,대전광역시 유성구 노은동 570,2024,7,1,15,0,summer,0,2,2,2,0.0,2024-07-01,0,0,0,1537,26.2,1700,2.97,-9.0,1300,49.3,-9.0,-9.0,29.7,8.7,2224,646,45.36,0,,,,,0,
NON_2446,36.39224775703234,127.35899338058677,대전광역시 유성구 장동 130-3,2024,3,20,9,2,spring,1,1,1,1,0.0,2024-03-20,0,0,0,259,4.6,1337,3.01,-9.0,1100,-9.0,-9.0,-9.0,8.7,9.9,947,639,12.49,0,,,,,0,
NON_2447,36.398274247440014,127.35731459439651,대전광역시 유성구 장동 202-11,2024,1,19,16,4,winter,0,2,2,2,0.0,2024-01-19,0,0,0,1044,5.9,1256,2.08,-9.0,1200,0.0,-9.0,-9.0,5.5,3.1,955,540,28.26,0,,,,,0,
NON_2448,36.36525172509822,127.3376845447593,대전광역시 유성구 장대동 302,2024,3,26,8,1,spring,1,1,1,1,0.0,2024-03-26,0,0,0,11,6.7,1523,1.95,19.5,1000,0.2,10.33,-9.0,9.5,3.0,2358,628,18.84,0,,,,,0,
NON_2449,36.37085101167478,127.33525699508449,대전광역시 유성구 죽동 799,2024,7,22,7,0,summer,0,5,5,6,0.0,2024-07-22,0,0,0,2330,28.9,1240,2.46,-9.0,1200,0.0,-9.0,-9.0,29.3,2.8,113,1048,36.72,0,,,,,0,
NON_2450,36.40182724391602,127.36411479392964,대전광역시 유성구 장동 12-16,2024,2,28,14,2,winter,0,3,3,3,0.0,2024-02-28,0,0,0,8,6.3,1637,2.16,-9.0,1200,-9.0,-9.0,-9.0,5.9,3.7,916,947,32.23,0,,,,,0,
NON_2451,36.38932314761911,127.40492983021811,대전광역시 유성구 문지동 667,2025,11,3,10,0,autumn,0,2,2,2,0.0,2025-11-03,0,0,0,54,7.0,1519,2.35,-9.0,1200,-9.0,-9.0,-9.0,7.3,9.7,856,576,19.78,0,,,,,0,
NON_2452,36.415548312344924,127.29847231631983,대전광역시 유성구 안산동 284-1,2024,3,20,10,2,spring,0,2,2,2,0.0,2024-03-20,0,0,0,259,4.6,1337,3.01,-9.0,1100,-9.0,-9.0,-9.0,8.7,9.9,947,940,27.25,0,,,,,0,
NON_2453,36.39612171221026,127.40518572892249,대전광역시 유성구 전민동 271-5,2024,2,29,13,3,winter,0,1,1,1,0.0,2024-02-29,0,0,0,2400,5.1,1247,0.6,0.2,1400,0.2,3.0,-9.0,5.5,0.0,49,654,9.85,0,,,,,0,
NON_2454,36.299404007770676,127.31640107342767,대전광역시 유성구 원내동 772,2024,7,23,10,1,summer,0,2,2,2,0.0,2024-07-23,0,0,0,49,27.2,1,0.67,3.9,1300,6.0,10.03,2.5,26.9,0.0,1006,627,30.37,0,,,,,0,
NON_2455,36.384590809958596,127.32166448803444,대전광역시 유성구 하기동 585,2024,3,4,15,0,spring,0,6,6,6,0.0,2024-03-04,0,0,0,1729,6.7,1428,2.21,-9.0,1100,2.2,-9.0,-9.0,6.7,5.7,956,555,28.99,0,,,,,0,
NON_2456,36.39416248267287,127.35067003911703,대전광역시 유성구 자운동 515-22,2024,2,29,14,3,winter,0,1,1,1,0.0,2024-02-29,0,0,0,2400,5.1,1247,0.6,0.2,1400,0.2,3.0,-9.0,5.5,0.0,49,781,32.81,0,,,,,0,
NON_2457,36.29898879415741,127.31628898146913,대전광역시 유성구 원내동 708,2024,7,23,10,1,summer,0,1,1,1,0.0,2024-07-23,0,0,0,49,27.2,1,0.67,3.9,1300,6.0,10.03,2.5,26.9,0.0,1006,687,18.56,0,,,,,0,
NON_2458,36.37820445675779,127.32888971103117,대전광역시 유성구 죽동 369,2025,1,13,16,0,winter,0,1,1,1,0.0,2025-01-13,0,0,0,1242,1.1,1532,1.96,-9.0,1200,0.1,-9.0,-9.0,-0.2,7.8,1008,747,44.87,0,,,,,0,
NON_2459,36.37353441336649,127.4157026298484,대전광역시 대덕구 대화동 63-36,2025,11,10,18,0,autumn,1,3,4,4,0.0,2025-11-10,0,0,0,352,8.9,1447,2.31,-9.0,1200,-9.0,-9.0,-9.0,8.0,9.6,906,882,27.42,0,,,,,0,
NON_2460,36.37089865316332,127.32665005080368,대전광역시 유성구 노은동 107-18,2024,3,16,8,5,spring,1,2,2,2,0.0,2024-03-16,0,0,0,1616,11.4,1456,2.99,0.0,1200,0.0,1.25,-9.0,12.9,8.8,236,369,13.24,1,,,,,0,
NON_2461,36.36146445468783,127.33674372988189,대전광역시 유성구 장대동 344,2024,3,22,14,4,spring,0,1,1,1,0.0,2024-03-22,0,0,0,1442,10.1,1324,2.8,4.1,1100,4.4,6.33,-9.0,9.9,5.9,117,378,33.93,0,,,,,0,
NON_2462,36.36160771796891,127.34512373370343,대전광역시 유성구 궁동 486-4,2024,3,25,13,0,spring,0,1,1,1,0.0,2024-03-25,0,0,0,2121,9.4,1033,1.45,6.8,1000,26.1,11.25,-9.0,10.0,0.0,12,646,35.73,0,,,,,0,
NON_2463,36.38729802864368,127.31906569915738,대전광역시 유성구 하기동 575,2024,3,6,9,2,spring,1,1,1,1,0.0,2024-03-06,0,0,0,2315,7.0,1522,2.15,-9.0,1200,0.0,-9.0,-9.0,7.2,5.8,2358,751,18.35,0,,,,,0,
NON_2464,36.40508068060032,127.36622427938934,대전광역시 유성구 방현동 46-3,2024,2,28,14,2,winter,0,1,1,1,0.0,2024-02-28,0,0,0,8,6.3,1637,2.16,-9.0,1200,-9.0,-9.0,-9.0,5.9,3.7,916,391,23.2,0,,,,,0,
NON_2465,36.35533722987343,127.41773325236173,대전광역시 대덕구 오정동 728,2025,11,10,8,0,autumn,1,3,7,7,0.0,2025-11-10,0,0,0,352,8.9,1447,2.31,-9.0,1200,-9.0,-9.0,-9.0,8.0,9.6,906,639,19.47,0,,,,,0,
NON_2466,36.36048528643553,127.35835622661247,대전광역시 유성구 봉명동 1012,2024,2,26,10,0,winter,0,2,2,2,0.0,2024-02-26,0,0,0,1620,3.7,1608,2.62,-9.0,1200,-9.0,-9.0,-9.0,4.9,7.3,806,335,34.63,0,,,,,0,
NON_2467,36.37200017086334,127.33553934184368,대전광역시 유성구 죽동 799,2024,7,22,7,0,summer,0,3,3,4,0.0,2024-07-22,0,0,0,2330,28.9,1240,2.46,-9.0,1200,0.0,-9.0,-9.0,29.3,2.8,113,350,31.21,0,,,,,0,
NON_2468,36.402221891457366,127.38914364518125,대전광역시 유성구 전민동 891-2,2024,3,19,15,1,spring,0,1,1,1,0.0,2024-03-19,0,0,0,1123,7.2,1433,1.48,0.0,1100,0.0,4.08,-9.0,8.7,3.2,50,436,20.72,0,,,,,0,
NON_2469,36.304338787874016,127.32075770835174,대전광역시 유성구 원내동 773,2024,7,23,11,1,summer,0,4,4,4,0.0,2024-07-23,0,0,0,49,27.2,1,0.67,3.9,1300,6.0,10.03,2.5,26.9,0.0,1006,240,41.22,0,,,,,0,
NON_2470,36.3576947584762,127.34150601451017,대전광역시 유성구 봉명동 531,2024,4,5,9,4,spring,1,1,1,1,0.0,2024-04-05,0,0,0,28,13.3,1540,3.03,0.0,1300,0.0,0.5,0.0,14.6,6.1,921,879,36.86,0,,,,,0,
NON_2471,36.34793108669299,127.32278035740885,대전광역시 유성구 구암동 289,2024,3,27,10,2,spring,0,1,1,1,0.0,2024-03-27,0,0,0,1639,10.2,1438,2.79,-9.0,1200,1.2,-9.0,-9.0,11.6,9.0,711,643,21.79,0,,,,,0,
NON_2472,36.396083622616786,127.40538328122769,대전광역시 유성구 전민동 271-5,2024,2,29,13,3,winter,0,4,4,4,0.0,2024-02-29,0,0,0,2400,5.1,1247,0.6,0.2,1400,0.2,3.0,-9.0,5.5,0.0,49,885,11.63,0,,,,,0,
NON_2473,36.35652498471445,127.41645055182677,대전광역시 대덕구 오정동 404-10,2025,11,10,18,0,autumn,1,1,1,1,0.0,2025-11-10,0,0,0,352,8.9,1447,2.31,-9.0,1200,-9.0,-9.0,-9.0,8.0,9.6,906,400,32.46,0,,,,,0,
NON_2474,36.39828941119407,127.35756212048443,대전광역시 유성구 장동 202-10,2024,2,29,12,3,winter,0,1,1,1,0.0,2024-02-29,0,0,0,2400,5.1,1247,0.6,0.2,1400,0.2,3.0,-9.0,5.5,0.0,49,356,34.74,0,,,,,0,
NON_2475,36.43102831855504,127.38055061727675,대전광역시 유성구 송강동 168-2,2024,3,19,14,1,spring,0,3,3,3,0.0,2024-03-19,0,0,0,1123,7.2,1433,1.48,0.0,1100,0.0,4.08,-9.0,8.7,3.2,50,998,30.72,0,,,,,0,
NON_2476,36.336731512854385,127.42049213351858,대전광역시 중구 선화동 920,2025,10,27,19,0,autumn,1,1,1,1,0.0,2025-10-27,0,0,0,1514,9.5,1327,2.55,-9.0,1200,-9.0,-9.0,-9.0,10.5,9.9,2341,885,26.29,0,,,,,0,
NON_2477,36.429308062330975,127.38259519973968,대전광역시 유성구 송강동 556,2024,2,29,13,3,winter,0,2,2,2,0.0,2024-02-29,0,0,0,2400,5.1,1247,0.6,0.2,1400,0.2,3.0,-9.0,5.5,0.0,49,648,46.72,0,,,,,0,
NON_2478,36.34791272761022,127.33495892890558,대전광역시 유성구 상대동 489,2024,3,22,10,4,spring,0,1,1,1,0.0,2024-03-22,0,0,0,1442,10.1,1324,2.8,4.1,1100,4.4,6.33,-9.0,9.9,5.9,117,486,28.68,0,,,,,0,
NON_2479,36.324199788117824,127.3124030630025,대전광역시 유성구 용계동 402-11,2024,10,30,14,2,autumn,0,1,1,1,0.0,2024-10-30,0,0,0,1945,14.7,1511,2.4,-9.0,1200,-9.0,-9.0,-9.0,14.2,9.6,2325,1097,9.92,0,,,,,0,
NON_2480,36.357870158381424,127.34050776852622,대전광역시 유성구 장대동 373,2024,4,3,16,2,spring,0,1,6,7,0.0,2024-04-03,0,0,0,20,13.2,1405,0.47,16.0,1000,10.3,18.33,2.3,14.0,0.0,1,481,25.98,0,,,,,0,
NON_2481,36.40191734545603,127.36341506382652,대전광역시 유성구 장동 12-16,2024,3,6,12,2,spring,0,5,5,5,0.0,2024-03-06,0,0,0,2315,7.0,1522,2.15,-9.0,1200,0.0,-9.0,-9.0,7.2,5.8,2358,620,8.83,0,,,,,0,
NON_2482,36.373171690908414,127.31977455835585,대전광역시 유성구 지족동 965,2024,4,5,8,4,spring,1,2,2,4,0.0,2024-04-05,0,0,0,28,13.3,1540,3.03,0.0,1300,0.0,0.5,0.0,14.6,6.1,921,877,32.84,0,,,,,0,
NON_2483,36.31194160809204,127.28915759628703,대전광역시 유성구 성북동 731-11,2024,12,13,14,4,winter,0,1,1,1,0.0,2024-12-13,0,0,0,1254,0.6,1235,0.74,0.0,1000,0.0,1.5,-9.0,0.9,0.3,226,694,34.76,0,,,,,0,
NON_2484,36.40677759310558,127.3854692055915,대전광역시 유성구 화암동 57-3,2024,6,20,10,3,summer,0,1,1,1,0.0,2024-06-20,0,0,0,1354,25.7,1457,2.67,-9.0,1400,-9.0,-9.0,-9.0,33.4,6.3,6,833,32.78,0,,,,,0,
NON_2485,36.35884362605273,127.32246879772893,대전광역시 유성구 장대동 258-5,2024,10,29,11,1,autumn,0,1,1,1,0.0,2024-10-29,0,0,0,1054,14.9,1532,1.88,0.0,1100,0.0,0.58,0.0,15.2,3.1,2259,320,35.4,0,,,,,0,
NON_2486,36.33588185341423,127.42125637028873,대전광역시 중구 선화동 920,2025,11,5,11,2,autumn,0,7,8,8,0.0,2025-11-05,0,0,0,1630,10.4,1502,2.04,-9.0,1200,-9.0,-9.0,-9.0,10.3,7.3,921,839,31.13,0,,,,,0,
NON_2487,36.360978853116464,127.3285097394894,대전광역시 유성구 장대동 228-8,2024,3,19,10,1,spring,0,1,1,1,0.0,2024-03-19,0,0,0,1123,7.2,1433,1.48,0.0,1100,0.0,4.08,-9.0,8.7,3.2,50,969,7.82,0,,,,,0,
NON_2488,36.34878383914858,127.3248016234904,대전광역시 유성구 구암동 222-1,2024,3,27,10,2,spring,0,1,1,1,0.0,2024-03-27,0,0,0,1639,10.2,1438,2.79,-9.0,1200,1.2,-9.0,-9.0,11.6,9.0,711,602,40.23,0,,,,,0,
NON_2489,36.30989301188176,127.29067067488958,대전광역시 유성구 성북동 731-11,2025,2,17,11,0,winter,0,1,1,2,0.0,2025-02-17,0,0,0,1336,1.3,1346,2.7,-9.0,1200,-9.0,-9.0,-9.0,2.9,10.0,855,797,36.79,0,,,,,0,
NON_2490,36.34461525009283,127.42381542866262,대전광역시 동구 홍도동 17-1,2025,11,11,8,1,autumn,1,1,1,1,0.0,2025-11-11,0,0,0,1358,8.2,1509,2.21,-9.0,1100,-9.0,-9.0,-9.0,7.7,8.0,2220,358,9.68,0,,,,,0,
NON_2491,36.417866320069585,127.39245455405127,대전광역시 유성구 용산동 672,2024,7,5,10,4,summer,0,2,2,2,0.0,2024-07-05,0,0,0,121,25.8,1555,3.5,3.9,1100,-9.0,2.67,3.7,27.4,7.9,2128,308,26.66,0,,,,,0,
NON_2492,36.35709379935322,127.34664169224355,대전광역시 유성구 봉명동 637,2024,3,29,10,4,spring,0,1,1,1,0.0,2024-03-29,0,0,0,1336,9.3,1116,1.88,0.2,1000,0.2,2.92,-9.0,9.5,2.5,2359,406,29.37,0,,,,,0,
NON_2493,36.34922900576559,127.32644991832471,대전광역시 유성구 상대동 556,2024,7,23,10,1,summer,0,8,8,8,0.0,2024-07-23,0,0,0,49,27.2,1,0.67,3.9,1300,6.0,10.03,2.5,26.9,0.0,1006,557,45.15,0,,,,,0,
NON_2494,36.36414294232044,127.3405655860448,대전광역시 유성구 장대동 377,2024,10,29,9,1,autumn,1,1,1,1,0.0,2024-10-29,0,0,0,1054,14.9,1532,1.88,0.0,1100,0.0,0.58,0.0,15.2,3.1,2259,653,41.38,0,,,,,0,
NON_2495,36.32707619306016,127.43236546417657,대전광역시 동구 원동 60-5,2025,11,9,12,6,autumn,0,1,1,1,0.0,2025-11-09,0,0,0,1345,13.7,1305,1.95,0.0,1300,-9.0,0.75,-9.0,13.0,6.8,1,526,20.91,1,,,,,0,
NON_2496,36.3707480796997,127.31804677621183,대전광역시 유성구 노은동 583,2024,2,28,9,2,winter,1,6,6,6,0.0,2024-02-28,0,0,0,8,6.3,1637,2.16,-9.0,1200,-9.0,-9.0,-9.0,5.9,3.7,916,813,14.06,0,,,,,0,
NON_2497,36.36135772619277,127.35399677757515,대전광역시 유성구 궁동 434,2024,3,5,7,1,spring,0,1,1,1,0.0,2024-03-05,0,0,0,1830,5.9,1,0.29,2.5,1000,0.3,15.42,-9.0,5.8,0.0,208,383,31.24,0,,,,,0,
NON_2498,36.39326610823713,127.35008456856117,대전광역시 유성구 자운동 17-15,2024,8,5,17,0,summer,0,1,1,1,0.0,2024-08-05,0,0,0,1537,27.4,1354,2.94,34.3,1300,33.2,3.38,27.8,30.1,5.4,2231,336,13.47,0,,,,,0,
NON_2499,36.36836803711293,127.41376588077586,대전광역시 대덕구 대화동 38-39,2025,11,11,8,1,autumn,1,1,1,1,0.0,2025-11-11,0,0,0,1358,8.2,1509,2.21,-9.0,1100,-9.0,-9.0,-9.0,7.7,8.0,2220,332,7.6,0,,,,,0,
NON_2500,36.34771449650918,127.33562301355994,대전광역시 유성구 상대동 489,2024,3,22,10,4,spring,0,1,1,1,0.0,2024-03-22,0,0,0,1442,10.1,1324,2.8,4.1,1100,4.4,6.33,-9.0,9.9,5.9,117,486,28.68,0,,,,,0,
NON_2501,36.42058941005961,127.40404117961275,대전광역시 유성구 용산동 604,2024,2,29,13,3,winter,0,1,1,1,0.0,2024-02-29,0,0,0,2400,5.1,1247,0.6,0.2,1400,0.2,3.0,-9.0,5.5,0.0,49,579,30.44,0,,,,,0,
NON_2502,36.44229197830985,127.42791957945691,대전광역시 대덕구 덕암동 31,2024,3,26,10,1,spring,0,1,1,1,0.0,2024-03-26,0,0,0,11,6.7,1523,1.95,19.5,1000,0.2,10.33,-9.0,9.5,3.0,2358,589,29.18,0,,,,,0,
NON_2503,36.359108013915645,127.30439657944842,대전광역시 유성구 덕명동 570,2024,3,17,7,6,spring,0,1,1,1,0.0,2024-03-17,0,0,0,1109,9.7,1337,2.64,0.0,1100,-9.0,0.42,-9.0,13.4,6.8,2359,338,13.28,1,,,,,0,
NON_2504,36.33216179886954,127.33308367145378,대전광역시 유성구 용계동 681,2025,1,23,14,3,winter,0,1,1,1,0.0,2025-01-23,0,0,0,1854,2.9,1543,1.98,-9.0,1200,-9.0,-9.0,-9.0,3.1,8.5,922,427,19.48,0,,,,,0,
NON_2505,36.361125571283,127.35852593776364,대전광역시 유성구 어은동 262-1,2024,10,31,10,3,autumn,0,1,1,1,0.0,2024-10-31,0,0,0,1137,14.5,1406,2.42,-9.0,1200,0.6,-9.0,-9.0,13.8,8.9,858,470,27.32,0,,,,,0,
NON_2506,36.400416299899845,127.31251848398388,대전광역시 유성구 외삼동 574-5,2024,3,6,9,2,spring,1,2,2,2,0.0,2024-03-06,0,0,0,2315,7.0,1522,2.15,-9.0,1200,0.0,-9.0,-9.0,7.2,5.8,2358,875,11.01,0,,,,,0,
NON_2507,36.29375587690369,127.29919700439261,대전광역시 유성구 성북동 731-6,2024,12,13,14,4,winter,0,1,1,1,0.0,2024-12-13,0,0,0,1254,0.6,1235,0.74,0.0,1000,0.0,1.5,-9.0,0.9,0.3,226,716,35.93,0,,,,,0,
NON_2508,36.39025311066532,127.30084323398796,대전광역시 유성구 지족동 1104,2024,3,15,9,4,spring,1,1,1,1,0.0,2024-03-15,0,0,0,1451,9.5,1609,3.06,-9.0,1200,-9.0,-9.0,-9.0,10.5,11.0,2301,518,12.98,0,,,,,0,
NON_2509,36.355631313386056,127.34535102141288,대전광역시 유성구 봉명동 574,2024,3,22,15,4,spring,0,6,11,11,0.0,2024-03-22,0,0,0,1442,10.1,1324,2.8,4.1,1100,4.4,6.33,-9.0,9.9,5.9,117,690,7.14,0,,,,,0,
NON_2510,36.371787240017234,127.34016563389478,대전광역시 유성구 궁동 331-2,2024,6,19,15,2,summer,0,1,1,1,0.0,2024-06-19,0,0,0,1600,27.5,1550,3.46,-9.0,1200,-9.0,-9.0,-9.0,36.0,12.4,715,513,7.21,0,,,,,0,
NON_2511,36.36715591837016,127.41816588190066,대전광역시 대덕구 대화동 16-333,2025,11,11,8,1,autumn,1,1,1,1,0.0,2025-11-11,0,0,0,1358,8.2,1509,2.21,-9.0,1100,-9.0,-9.0,-9.0,7.7,8.0,2220,603,21.62,0,,,,,0,
NON_2512,36.39670564704329,127.35412867053624,대전광역시 유성구 장동 362-2,2024,8,5,17,0,summer,0,1,1,1,0.0,2024-08-05,0,0,0,1537,27.4,1354,2.94,34.3,1300,33.2,3.38,27.8,30.1,5.4,2231,220,24.52,0,,,,,0,
NON_2513,36.39766705915274,127.35520119980835,대전광역시 유성구 장동 363-7,2024,6,24,10,0,summer,0,1,1,1,0.0,2024-06-24,0,0,0,1111,25.3,1500,3.34,-9.0,1200,-9.0,-9.0,-9.0,30.1,8.1,2400,1135,30.36,0,,,,,0,
NON_2514,36.369340866135424,127.35107712236308,대전광역시 유성구 궁동 220,2024,8,5,17,0,summer,0,1,1,1,0.0,2024-08-05,0,0,0,1537,27.4,1354,2.94,34.3,1300,33.2,3.38,27.8,30.1,5.4,2231,636,28.81,0,,,,,0,
NON_2515,36.36720862782208,127.310194950433,대전광역시 유성구 노은동 413-3,2024,2,29,13,3,winter,0,1,1,1,0.0,2024-02-29,0,0,0,2400,5.1,1247,0.6,0.2,1400,0.2,3.0,-9.0,5.5,0.0,49,235,46.06,0,,,,,0,
NON_2516,36.35589505166414,127.3397046888147,대전광역시 유성구 봉명동 442-10,2024,3,7,15,3,spring,0,1,1,1,0.0,2024-03-07,0,0,0,1334,4.6,1424,2.2,0.0,1000,-9.0,0.5,-9.0,6.9,6.7,2356,774,26.04,0,,,,,0,
NON_2517,36.359209926329456,127.3387988584659,대전광역시 유성구 장대동 373,2024,3,6,14,2,spring,0,2,3,3,0.0,2024-03-06,0,0,0,2315,7.0,1522,2.15,-9.0,1200,0.0,-9.0,-9.0,7.2,5.8,2358,419,34.98,0,,,,,0,
NON_2518,36.37607387460114,127.41451488946477,대전광역시 ,2025,10,30,8,3,autumn,1,1,1,1,0.0,2025-10-30,0,0,0,438,10.2,1356,1.69,-9.0,1200,-9.0,-9.0,-9.0,10.6,6.6,852,707,17.93,0,,,,,0,
NON_2519,36.37727261778538,127.37911229468914,대전광역시 유성구 가정동 20-13,2024,3,23,8,5,spring,1,1,1,1,0.0,2024-03-23,0,0,0,1516,14.9,1457,3.14,0.3,1200,-9.0,2.25,-9.0,15.9,9.3,2254,385,14.15,1,,,,,0,
NON_2520,36.38141802366637,127.32456607728163,대전광역시 유성구 죽동 648,2024,3,22,16,4,spring,0,1,1,1,0.0,2024-03-22,0,0,0,1442,10.1,1324,2.8,4.1,1100,4.4,6.33,-9.0,9.9,5.9,117,424,22.9,0,,,,,0,
NON_2521,36.3740759632236,127.34109571200334,대전광역시 유성구 궁동 115,2024,11,27,13,2,autumn,0,1,1,1,0.0,2024-11-27,0,0,0,1200,2.3,1151,1.63,3.8,1300,3.9,13.75,-9.0,4.1,1.4,2207,462,23.1,0,,,,,0,
NON_2522,36.35078545286237,127.34720678786395,대전광역시 유성구 봉명동 1061,2024,5,13,15,0,spring,0,1,1,1,0.0,2024-05-13,0,0,0,1616,17.6,1612,3.68,-9.0,1200,-9.0,-9.0,-9.0,21.9,13.4,2255,745,19.9,0,,,,,0,
NON_2523,36.430548989722006,127.38081534279976,대전광역시 유성구 송강동 168-2,2024,3,19,14,1,spring,0,3,3,3,0.0,2024-03-19,0,0,0,1123,7.2,1433,1.48,0.0,1100,0.0,4.08,-9.0,8.7,3.2,50,998,30.72,0,,,,,0,
NON_2524,36.39894259482666,127.3577326691732,대전광역시 유성구 장동 364-4,2024,6,20,9,3,summer,1,1,1,1,0.0,2024-06-20,0,0,0,1354,25.7,1457,2.67,-9.0,1400,-9.0,-9.0,-9.0,33.4,6.3,6,770,39.89,0,,,,,0,
NON_2525,36.42386924954392,127.42030607819474,대전광역시 대덕구 상서동 349-92,2024,3,28,10,3,spring,0,1,1,1,0.0,2024-03-28,0,0,0,1116,9.0,1,0.42,21.3,1100,20.1,13.75,-9.0,10.0,0.0,4,696,41.75,0,,,,,0,
NON_2526,36.40162508768966,127.36426297151525,대전광역시 유성구 장동 12-16,2024,3,6,12,2,spring,0,4,4,4,0.0,2024-03-06,0,0,0,2315,7.0,1522,2.15,-9.0,1200,0.0,-9.0,-9.0,7.2,5.8,2358,745,18.01,0,,,,,0,
NON_2527,36.37059707481953,127.32299867784866,대전광역시 유성구 노은동 599,2024,3,22,6,4,spring,0,2,2,2,0.0,2024-03-22,0,0,0,1442,10.1,1324,2.8,4.1,1100,4.4,6.33,-9.0,9.9,5.9,117,451,13.36,0,,,,,0,
NON_2528,36.36118966743924,127.35354498039497,대전광역시 유성구 궁동 434,2024,5,8,9,2,spring,1,1,1,2,0.0,2024-05-08,0,0,0,1450,14.4,1629,3.32,1.8,1200,-9.0,2.33,1.1,18.6,10.5,1029,1080,41.79,0,,,,,0,
NON_2529,36.3553799414375,127.3408337199249,대전광역시 유성구 봉명동 442-10,2024,3,7,15,3,spring,0,1,1,1,0.0,2024-03-07,0,0,0,1334,4.6,1424,2.2,0.0,1000,-9.0,0.5,-9.0,6.9,6.7,2356,774,26.04,0,,,,,0,
NON_2530,36.39857744639102,127.31376929443441,대전광역시 유성구 외삼동 574-5,2024,3,6,9,2,spring,1,1,1,1,0.0,2024-03-06,0,0,0,2315,7.0,1522,2.15,-9.0,1200,0.0,-9.0,-9.0,7.2,5.8,2358,747,6.78,0,,,,,0,
NON_2531,36.39903172090298,127.39610635304784,대전광역시 유성구 전민동 592-2,2024,3,19,15,1,spring,0,1,1,1,0.0,2024-03-19,0,0,0,1123,7.2,1433,1.48,0.0,1100,0.0,4.08,-9.0,8.7,3.2,50,483,21.6,0,,,,,0,
NON_2532,36.36161430218222,127.35864006027276,대전광역시 유성구 어은동 262-1,2024,10,31,10,3,autumn,0,1,1,1,0.0,2024-10-31,0,0,0,1137,14.5,1406,2.42,-9.0,1200,0.6,-9.0,-9.0,13.8,8.9,858,470,27.32,0,,,,,0,
NON_2533,36.349960725566575,127.32670869275492,대전광역시 유성구 구암동 240-4,2024,12,4,14,2,winter,0,1,1,1,0.0,2024-12-04,0,0,0,1424,3.6,1408,1.98,0.0,1200,0.0,1.67,-9.0,3.0,8.3,1,1019,30.15,0,,,,,0,
NON_2534,36.39571529559984,127.40447769764957,대전광역시 유성구 문지동 258-3,2024,2,29,13,3,winter,0,1,1,1,0.0,2024-02-29,0,0,0,2400,5.1,1247,0.6,0.2,1400,0.2,3.0,-9.0,5.5,0.0,49,378,46.68,0,,,,,0,
NON_2535,36.35688168133453,127.34920891221911,대전광역시 유성구 봉명동 693,2024,2,26,9,0,winter,1,1,1,1,0.0,2024-02-26,0,0,0,1620,3.7,1608,2.62,-9.0,1200,-9.0,-9.0,-9.0,4.9,7.3,806,462,22.81,0,,,,,0,
NON_2536,36.37964637774913,127.3914777145847,대전광역시 유성구 도룡동 3-6,2024,3,27,14,2,spring,0,2,2,2,0.0,2024-03-27,0,0,0,1639,10.2,1438,2.79,-9.0,1200,1.2,-9.0,-9.0,11.6,9.0,711,368,24.84,0,,,,,0,
NON_2537,36.360456342068424,127.41779227534352,대전광역시 대덕구 오정동 40-9,2025,11,11,8,1,autumn,1,1,1,1,0.0,2025-11-11,0,0,0,1358,8.2,1509,2.21,-9.0,1100,-9.0,-9.0,-9.0,7.7,8.0,2220,992,41.31,0,,,,,0,
NON_2538,36.36520116125546,127.37027719256142,대전광역시 서구 월평동 1501,2025,11,2,12,6,autumn,0,1,1,1,0.0,2025-11-02,0,0,0,1336,9.4,1106,2.11,2.1,1100,-9.0,1.25,-9.0,9.9,6.7,2344,684,29.87,1,,,,,0,
NON_2539,36.350500445757,127.3222159356168,대전광역시 유성구 구암동 337-1,2024,3,27,10,2,spring,0,1,1,1,0.0,2024-03-27,0,0,0,1639,10.2,1438,2.79,-9.0,1200,1.2,-9.0,-9.0,11.6,9.0,711,229,47.27,0,,,,,0,
NON_2540,36.33623729151419,127.42090680051139,대전광역시 중구 선화동 920,2025,10,29,23,2,autumn,0,4,4,4,0.0,2025-10-29,0,0,0,1533,9.6,1506,2.4,-9.0,1200,-9.0,-9.0,-9.0,9.7,9.7,849,802,40.25,0,,,,,0,
NON_2541,36.35494328514309,127.34416183683074,대전광역시 유성구 봉명동 574,2024,4,5,9,4,spring,1,2,15,16,0.0,2024-04-05,0,0,0,28,13.3,1540,3.03,0.0,1300,0.0,0.5,0.0,14.6,6.1,921,1005,18.72,0,,,,,0,
NON_2542,36.3816713170251,127.32368941028068,대전광역시 유성구 죽동 636,2024,3,22,16,4,spring,0,2,2,2,0.0,2024-03-22,0,0,0,1442,10.1,1324,2.8,4.1,1100,4.4,6.33,-9.0,9.9,5.9,117,240,19.21,0,,,,,0,
NON_2543,36.42475895713736,127.29382148853678,세종특별자치시 금남면 두만리 581-10,2024,3,15,14,4,spring,0,1,1,1,0.0,2024-03-15,0,0,0,1451,9.5,1609,3.06,-9.0,1200,-9.0,-9.0,-9.0,10.5,11.0,2301,533,34.01,0,,,,,0,
NON_2544,36.39085621582496,127.39888878350254,대전광역시 유성구 문지동 103-15,2024,3,23,7,5,spring,0,5,5,5,0.0,2024-03-23,0,0,0,1516,14.9,1457,3.14,0.3,1200,-9.0,2.25,-9.0,15.9,9.3,2254,279,6.06,1,,,,,0,
NON_2545,36.364983932099,127.31820685094829,대전광역시 유성구 노은동 611,2024,3,19,10,1,spring,0,1,1,1,0.0,2024-03-19,0,0,0,1123,7.2,1433,1.48,0.0,1100,0.0,4.08,-9.0,8.7,3.2,50,813,22.32,0,,,,,0,
NON_2546,36.36575846165807,127.36291360349797,대전광역시 유성구 구성동 445-1,2024,11,5,9,1,autumn,1,1,1,1,0.0,2024-11-05,0,0,0,1553,9.8,1414,2.34,-9.0,1200,-9.0,-9.0,-9.0,10.5,7.7,2348,985,17.81,0,,,,,0,
NON_2547,36.33527309565933,127.4246177779377,대전광역시 동구 삼성동 280-1,2025,10,26,11,6,autumn,0,1,1,1,0.0,2025-10-26,0,0,0,1342,13.2,1226,2.13,0.0,1200,0.0,1.15,0.0,14.1,1.3,151,277,16.54,1,,,,,0,
NON_2548,36.31442605870662,127.31565489535555,대전광역시 유성구 대정동 507,2024,7,23,10,1,summer,0,1,1,1,0.0,2024-07-23,0,0,0,49,27.2,1,0.67,3.9,1300,6.0,10.03,2.5,26.9,0.0,1006,505,47.52,0,,,,,0,
NON_2549,36.402768353771975,127.31087525248566,대전광역시 유성구 외삼동 408-1,2024,3,25,10,0,spring,0,1,1,1,0.0,2024-03-25,0,0,0,2121,9.4,1033,1.45,6.8,1000,26.1,11.25,-9.0,10.0,0.0,12,427,31.78,0,,,,,0,
NON_2550,36.37356827656701,127.39164397964173,대전광역시 유성구 도룡동 465-1,2024,2,22,14,3,winter,0,2,2,2,0.0,2024-02-22,0,0,0,1233,2.1,1350,0.58,3.7,1300,0.5,20.08,-9.0,3.8,0.0,2122,813,9.36,0,,,,,0,
NON_2551,36.39813190447665,127.31543071410044,대전광역시 유성구 외삼동 574-5,2024,3,20,10,2,spring,0,3,6,6,0.0,2024-03-20,0,0,0,259,4.6,1337,3.01,-9.0,1100,-9.0,-9.0,-9.0,8.7,9.9,947,784,29.59,0,,,,,0,
NON_2552,36.380346902827284,127.31662498234849,대전광역시 유성구 지족동 948,2024,3,25,9,0,spring,1,1,1,1,0.0,2024-03-25,0,0,0,2121,9.4,1033,1.45,6.8,1000,26.1,11.25,-9.0,10.0,0.0,12,649,41.61,0,,,,,0,
NON_2553,36.35284429806394,127.41752273945359,대전광역시 대덕구 오정동 687-1,2025,11,11,8,1,autumn,1,1,1,1,0.0,2025-11-11,0,0,0,1358,8.2,1509,2.21,-9.0,1100,-9.0,-9.0,-9.0,7.7,8.0,2220,902,14.89,0,,,,,0,
NON_2554,36.3744552645205,127.34054436193244,대전광역시 유성구 궁동 114-1,2024,6,19,15,2,summer,0,1,1,1,0.0,2024-06-19,0,0,0,1600,27.5,1550,3.46,-9.0,1200,-9.0,-9.0,-9.0,36.0,12.4,715,515,31.83,0,,,,,0,
NON_2555,36.33198139750617,127.33373100055756,대전광역시 유성구 용계동 681,2025,1,23,14,3,winter,0,1,1,1,0.0,2025-01-23,0,0,0,1854,2.9,1543,1.98,-9.0,1200,-9.0,-9.0,-9.0,3.1,8.5,922,427,19.48,0,,,,,0,
NON_2556,36.38769484502543,127.32598280397463,대전광역시 유성구 하기동 599,2024,3,6,15,2,spring,0,1,1,1,0.0,2024-03-06,0,0,0,2315,7.0,1522,2.15,-9.0,1200,0.0,-9.0,-9.0,7.2,5.8,2358,1137,18.75,0,,,,,0,
NON_2557,36.40348771935405,127.31050681452199,대전광역시 유성구 외삼동 407-2,2024,3,25,10,0,spring,0,1,1,1,0.0,2024-03-25,0,0,0,2121,9.4,1033,1.45,6.8,1000,26.1,11.25,-9.0,10.0,0.0,12,756,26.57,0,,,,,0,
NON_2558,36.37781923535576,127.37599148131363,대전광역시 유성구 가정동 37,2024,3,19,15,1,spring,0,1,1,1,0.0,2024-03-19,0,0,0,1123,7.2,1433,1.48,0.0,1100,0.0,4.08,-9.0,8.7,3.2,50,360,35.97,0,,,,,0,
NON_2559,36.358796280116906,127.33894939974485,대전광역시 유성구 장대동 374,2024,3,22,8,4,spring,1,1,1,1,0.0,2024-03-22,0,0,0,1442,10.1,1324,2.8,4.1,1100,4.4,6.33,-9.0,9.9,5.9,117,337,43.71,0,,,,,0,
NON_2560,36.39700910902568,127.31228421911189,대전광역시 유성구 외삼동 587,2024,3,25,10,0,spring,0,1,1,1,0.0,2024-03-25,0,0,0,2121,9.4,1033,1.45,6.8,1000,26.1,11.25,-9.0,10.0,0.0,12,362,48.28,0,,,,,0,
NON_2561,36.363443500844106,127.35636848996525,대전광역시 유성구 어은동 99,2024,8,5,17,0,summer,0,1,1,1,0.0,2024-08-05,0,0,0,1537,27.4,1354,2.94,34.3,1300,33.2,3.38,27.8,30.1,5.4,2231,907,34.15,0,,,,,0,
NON_2562,36.35707315481909,127.34869956248686,대전광역시 유성구 봉명동 693,2024,2,26,9,0,winter,1,1,1,1,0.0,2024-02-26,0,0,0,1620,3.7,1608,2.62,-9.0,1200,-9.0,-9.0,-9.0,4.9,7.3,806,462,22.81,0,,,,,0,
NON_2563,36.355109312284405,127.3356909828184,대전광역시 유성구 봉명동 571,2024,3,16,7,5,spring,0,1,1,1,0.0,2024-03-16,0,0,0,1616,11.4,1456,2.99,0.0,1200,0.0,1.25,-9.0,12.9,8.8,236,544,11.21,1,,,,,0,
NON_2564,36.3637121181594,127.3550330517385,대전광역시 유성구 어은동 99,2024,8,5,17,0,summer,0,1,1,1,0.0,2024-08-05,0,0,0,1537,27.4,1354,2.94,34.3,1300,33.2,3.38,27.8,30.1,5.4,2231,907,34.15,0,,,,,0,
NON_2565,36.36429857400877,127.31416916530729,대전광역시 유성구 노은동 603,2024,3,20,10,2,spring,0,3,3,3,0.0,2024-03-20,0,0,0,259,4.6,1337,3.01,-9.0,1100,-9.0,-9.0,-9.0,8.7,9.9,947,726,29.82,0,,,,,0,
NON_2566,36.38498540535241,127.35808825154812,대전광역시 유성구 신성동 421,2024,2,28,15,2,winter,0,2,2,2,0.0,2024-02-28,0,0,0,8,6.3,1637,2.16,-9.0,1200,-9.0,-9.0,-9.0,5.9,3.7,916,982,36.25,0,,,,,0,
NON_2567,36.40171840573272,127.40539520722226,대전광역시 유성구 전민동 464-3,2024,4,1,14,0,spring,0,4,4,4,0.0,2024-04-01,0,0,0,1553,13.1,1447,3.22,-9.0,1200,-9.0,-9.0,-9.0,13.5,11.6,1043,498,32.39,0,,,,,0,
NON_2568,36.349652408885014,127.32695238678879,대전광역시 유성구 구암동 242-10,2024,10,31,14,3,autumn,0,1,1,1,0.0,2024-10-31,0,0,0,1137,14.5,1406,2.42,-9.0,1200,0.6,-9.0,-9.0,13.8,8.9,858,837,7.19,0,,,,,0,
NON_2569,36.34928391752938,127.41939691483014,대전광역시 대덕구 오정동 254-1,2025,11,4,7,1,autumn,0,1,1,1,0.0,2025-11-04,0,0,0,1627,10.5,1504,2.27,-9.0,1200,-9.0,-9.0,-9.0,9.7,8.0,1,439,29.99,0,,,,,0,
NON_2570,36.38997866582061,127.40525671912741,대전광역시 유성구 문지동 105-6,2025,11,10,18,0,autumn,1,1,1,1,0.0,2025-11-10,0,0,0,352,8.9,1447,2.31,-9.0,1200,-9.0,-9.0,-9.0,8.0,9.6,906,1124,18.59,0,,,,,0,
NON_2571,36.32282740694013,127.31890003684494,대전광역시 유성구 용계동 332-8,2024,3,21,6,3,spring,0,1,1,1,0.0,2024-03-21,0,0,0,1212,5.2,1448,3.14,-9.0,1200,-9.0,-9.0,-9.0,9.6,11.0,1,1090,30.72,0,,,,,0,
NON_2572,36.43177621094858,127.37991730171501,대전광역시 유성구 송강동 산 4-43,2024,3,19,14,1,spring,0,3,3,3,0.0,2024-03-19,0,0,0,1123,7.2,1433,1.48,0.0,1100,0.0,4.08,-9.0,8.7,3.2,50,324,32.3,0,,,,,0,
NON_2573,36.35129843623668,127.35172332548173,대전광역시 서구 월평동 163-31,2024,3,26,14,1,spring,0,1,1,1,0.0,2024-03-26,0,0,0,11,6.7,1523,1.95,19.5,1000,0.2,10.33,-9.0,9.5,3.0,2358,748,47.88,0,,,,,0,
NON_2574,36.384764920285754,127.37789383760149,대전광역시 유성구 도룡동 409,2024,8,1,16,3,summer,0,1,1,2,0.0,2024-08-01,0,0,0,1028,30.0,1448,2.84,-9.0,1300,-9.0,-9.0,-9.0,34.4,5.9,156,865,32.98,0,,,,,0,
NON_2575,36.36254707300967,127.35796458006142,대전광역시 유성구 어은동 59-12,2024,3,16,8,5,spring,1,1,1,1,0.0,2024-03-16,0,0,0,1616,11.4,1456,2.99,0.0,1200,0.0,1.25,-9.0,12.9,8.8,236,338,8.13,1,,,,,0,
NON_2576,36.31542117832897,127.44071411585024,대전광역시 동구 효동 295-1,2025,11,9,12,6,autumn,0,1,1,1,0.0,2025-11-09,0,0,0,1345,13.7,1305,1.95,0.0,1300,-9.0,0.75,-9.0,13.0,6.8,1,464,5.59,1,,,,,0,
NON_2577,36.370057109762975,127.317841303434,대전광역시 유성구 노은동 583,2024,2,28,9,2,winter,1,8,8,8,0.0,2024-02-28,0,0,0,8,6.3,1637,2.16,-9.0,1200,-9.0,-9.0,-9.0,5.9,3.7,916,338,21.07,0,,,,,0,
NON_2578,36.367892151599676,127.31986872578157,대전광역시 유성구 노은동 612,2024,4,5,14,4,spring,0,1,4,4,0.0,2024-04-05,0,0,0,28,13.3,1540,3.03,0.0,1300,0.0,0.5,0.0,14.6,6.1,921,494,28.15,0,,,,,0,
NON_2579,36.307585883052994,127.44579724440065,대전광역시 중구 석교동 102-7,2025,11,9,12,6,autumn,0,2,2,2,0.0,2025-11-09,0,0,0,1345,13.7,1305,1.95,0.0,1300,-9.0,0.75,-9.0,13.0,6.8,1,206,15.77,1,,,,,0,
NON_2580,36.34913529829314,127.42061446657713,대전광역시 대덕구 오정동 748-1,2025,11,3,8,0,autumn,1,2,2,2,0.0,2025-11-03,0,0,0,54,7.0,1519,2.35,-9.0,1200,-9.0,-9.0,-9.0,7.3,9.7,856,609,18.89,0,,,,,0,
NON_2581,36.37152854331628,127.31790921278268,대전광역시 유성구 노은동 583,2024,3,26,8,1,spring,1,3,13,13,0.0,2024-03-26,0,0,0,11,6.7,1523,1.95,19.5,1000,0.2,10.33,-9.0,9.5,3.0,2358,244,44.36,0,,,,,0,
NON_2582,36.30678302626602,127.4468790157512,대전광역시 중구 석교동 102-7,2025,11,9,12,6,autumn,0,3,3,3,0.0,2025-11-09,0,0,0,1345,13.7,1305,1.95,0.0,1300,-9.0,0.75,-9.0,13.0,6.8,1,520,20.86,1,,,,,0,
NON_2583,36.391276385054276,127.40699009620369,대전광역시 유성구 문지동 668,2025,11,3,18,0,autumn,1,2,2,2,0.0,2025-11-03,0,0,0,54,7.0,1519,2.35,-9.0,1200,-9.0,-9.0,-9.0,7.3,9.7,856,893,24.71,0,,,,,0,
NON_2584,36.38731565558132,127.34416892133237,대전광역시 유성구 하기동 산 2-7,2025,1,20,13,0,winter,0,1,1,1,0.0,2025-01-20,0,0,0,1412,2.8,1427,1.59,-9.0,1400,-9.0,-9.0,-9.0,2.1,3.0,2343,332,27.56,0,,,,,0,
NON_2585,36.366987246097004,127.32207568707426,대전광역시 유성구 노은동 612,2024,3,26,9,1,spring,1,2,2,2,0.0,2024-03-26,0,0,0,11,6.7,1523,1.95,19.5,1000,0.2,10.33,-9.0,9.5,3.0,2358,280,7.28,0,,,,,0,
NON_2586,36.33656196630926,127.42083735257718,대전광역시 중구 선화동 920,2025,10,27,19,0,autumn,1,1,1,1,0.0,2025-10-27,0,0,0,1514,9.5,1327,2.55,-9.0,1200,-9.0,-9.0,-9.0,10.5,9.9,2341,885,26.29,0,,,,,0,
NON_2587,36.391247355009035,127.3274120975056,대전광역시 유성구 하기동 603,2024,2,28,15,2,winter,0,2,2,2,0.0,2024-02-28,0,0,0,8,6.3,1637,2.16,-9.0,1200,-9.0,-9.0,-9.0,5.9,3.7,916,857,34.91,0,,,,,0,
NON_2588,36.36073073384067,127.33612289419457,대전광역시 유성구 장대동 352-3,2024,3,26,10,1,spring,0,1,1,1,0.0,2024-03-26,0,0,0,11,6.7,1523,1.95,19.5,1000,0.2,10.33,-9.0,9.5,3.0,2358,239,10.87,0,,,,,0,
NON_2589,36.38457949484886,127.32170964657601,대전광역시 유성구 하기동 585,2024,2,28,15,2,winter,0,1,1,1,0.0,2024-02-28,0,0,0,8,6.3,1637,2.16,-9.0,1200,-9.0,-9.0,-9.0,5.9,3.7,916,1038,34.71,0,,,,,0,
NON_2590,36.36834309769927,127.31703524844639,대전광역시 유성구 노은동 583,2024,3,26,8,1,spring,1,4,14,14,0.0,2024-03-26,0,0,0,11,6.7,1523,1.95,19.5,1000,0.2,10.33,-9.0,9.5,3.0,2358,735,16.77,0,,,,,0,
NON_2591,36.36961136989237,127.32728316385946,대전광역시 유성구 노은동 62-1,2024,2,23,10,4,winter,0,1,1,1,0.0,2024-02-23,0,0,0,1253,3.0,1324,2.5,0.0,1200,0.0,9.5,-9.0,5.6,3.2,2056,815,32.17,0,,,,,0,
NON_2592,36.369952964295315,127.3174019012579,대전광역시 유성구 노은동 583,2024,2,28,9,2,winter,1,9,9,9,0.0,2024-02-28,0,0,0,8,6.3,1637,2.16,-9.0,1200,-9.0,-9.0,-9.0,5.9,3.7,916,800,27.03,0,,,,,0,
NON_2593,36.3852170611248,127.35584004600285,대전광역시 유성구 신성동 산 5-7,2024,3,19,15,1,spring,0,1,1,1,0.0,2024-03-19,0,0,0,1123,7.2,1433,1.48,0.0,1100,0.0,4.08,-9.0,8.7,3.2,50,1010,14.85,0,,,,,0,
NON_2594,36.360960765711354,127.34459458543013,대전광역시 유성구 궁동 481,2024,7,4,11,3,summer,0,1,1,1,0.0,2024-07-04,0,0,0,2250,28.1,1507,3.46,-9.0,1200,3.9,-9.0,-9.0,29.2,10.0,1,776,17.42,0,,,,,0,
NON_2595,36.418824895591875,127.2957524266442,대전광역시 유성구 안산동 351-2,2024,3,15,15,4,spring,0,1,1,1,0.0,2024-03-15,0,0,0,1451,9.5,1609,3.06,-9.0,1200,-9.0,-9.0,-9.0,10.5,11.0,2301,890,29.18,0,,,,,0,
NON_2596,36.39337332008474,127.35127924537544,대전광역시 유성구 자운동 17-15,2024,8,5,17,0,summer,0,1,1,1,0.0,2024-08-05,0,0,0,1537,27.4,1354,2.94,34.3,1300,33.2,3.38,27.8,30.1,5.4,2231,336,13.47,0,,,,,0,
NON_2597,36.33636056782112,127.42092164561869,대전광역시 중구 선화동 920,2025,10,30,20,3,autumn,0,5,5,5,0.0,2025-10-30,0,0,0,438,10.2,1356,1.69,-9.0,1200,-9.0,-9.0,-9.0,10.6,6.6,852,354,19.85,0,,,,,0,
NON_2598,36.32493423023429,127.42784019059637,대전광역시 중구 대흥동 630,2025,11,2,16,6,autumn,0,3,3,3,0.0,2025-11-02,0,0,0,1336,9.4,1106,2.11,2.1,1100,-9.0,1.25,-9.0,9.9,6.7,2344,769,19.13,1,,,,,0,
NON_2599,36.38215175013996,127.32477787308407,대전광역시 유성구 죽동 636,2024,3,22,16,4,spring,0,2,2,2,0.0,2024-03-22,0,0,0,1442,10.1,1324,2.8,4.1,1100,4.4,6.33,-9.0,9.9,5.9,117,240,19.21,0,,,,,0,
NON_2600,36.4120218926792,127.29766746644671,대전광역시 유성구 안산동 257-2,2024,3,15,14,4,spring,0,1,1,1,0.0,2024-03-15,0,0,0,1451,9.5,1609,3.06,-9.0,1200,-9.0,-9.0,-9.0,10.5,11.0,2301,897,19.05,0,,,,,0,
NON_2601,36.430007687573436,127.38225595142852,대전광역시 유성구 송강동 556,2024,2,29,13,3,winter,0,1,1,1,0.0,2024-02-29,0,0,0,2400,5.1,1247,0.6,0.2,1400,0.2,3.0,-9.0,5.5,0.0,49,406,40.8,0,,,,,0,
NON_2602,36.36328535576795,127.34742203339742,대전광역시 유성구 궁동 438,2024,3,5,6,1,spring,0,2,2,2,0.0,2024-03-05,0,0,0,1830,5.9,1,0.29,2.5,1000,0.3,15.42,-9.0,5.8,0.0,208,488,10.32,0,,,,,0,
NON_2603,36.36405048441599,127.37032721574846,대전광역시 서구 월평동 1501,2025,11,2,12,6,autumn,0,1,1,1,0.0,2025-11-02,0,0,0,1336,9.4,1106,2.11,2.1,1100,-9.0,1.25,-9.0,9.9,6.7,2344,684,29.87,1,,,,,0,
NON_2604,36.349351426560624,127.33142774635073,대전광역시 유성구 상대동 556,2024,7,23,10,1,summer,0,6,6,6,0.0,2024-07-23,0,0,0,49,27.2,1,0.67,3.9,1300,6.0,10.03,2.5,26.9,0.0,1006,285,24.86,0,,,,,0,
NON_2605,36.42827569024911,127.38769764911275,대전광역시 유성구 관평동 1286,2024,1,19,16,4,winter,0,2,2,2,0.0,2024-01-19,0,0,0,1044,5.9,1256,2.08,-9.0,1200,0.0,-9.0,-9.0,5.5,3.1,955,960,10.69,0,,,,,0,
NON_2606,36.39928966379327,127.35740160659722,대전광역시 유성구 장동 202-11,2024,1,19,16,4,winter,0,1,1,1,0.0,2024-01-19,0,0,0,1044,5.9,1256,2.08,-9.0,1200,0.0,-9.0,-9.0,5.5,3.1,955,717,6.51,0,,,,,0,
NON_2607,36.369397137762434,127.32410217873958,대전광역시 유성구 노은동 599,2024,3,23,6,5,spring,0,6,6,6,0.0,2024-03-23,0,0,0,1516,14.9,1457,3.14,0.3,1200,-9.0,2.25,-9.0,15.9,9.3,2254,264,28.6,1,,,,,0,
NON_2608,36.35973764582977,127.34475038863052,대전광역시 유성구 궁동 501,2024,5,28,15,1,spring,0,1,1,1,0.0,2024-05-28,0,0,0,1449,18.8,1506,3.64,-9.0,1200,-9.0,-9.0,-9.0,24.0,11.3,2345,798,17.71,0,,,,,0,
NON_2609,36.33635129813053,127.42438772645654,대전광역시 동구 삼성동 280-1,2025,10,26,11,6,autumn,0,1,1,1,0.0,2025-10-26,0,0,0,1342,13.2,1226,2.13,0.0,1200,0.0,1.15,0.0,14.1,1.3,151,277,16.54,1,,,,,0,
NON_2610,36.34784498695928,127.32460575586452,대전광역시 유성구 구암동 222-1,2024,3,27,10,2,spring,0,1,1,1,0.0,2024-03-27,0,0,0,1639,10.2,1438,2.79,-9.0,1200,1.2,-9.0,-9.0,11.6,9.0,711,602,40.23,0,,,,,0,
NON_2611,36.35894602725709,127.33636909701109,대전광역시 유성구 장대동 290,2024,3,16,7,5,spring,0,5,5,5,0.0,2024-03-16,0,0,0,1616,11.4,1456,2.99,0.0,1200,0.0,1.25,-9.0,12.9,8.8,236,199,8.4,1,,,,,0,
NON_2612,36.37502926456156,127.32906437475637,대전광역시 유성구 죽동 561-1,2025,1,13,16,0,winter,0,1,1,1,0.0,2025-01-13,0,0,0,1242,1.1,1532,1.96,-9.0,1200,0.1,-9.0,-9.0,-0.2,7.8,1008,577,15.39,0,,,,,0,
NON_2613,36.382033636065074,127.40532926754345,대전광역시 유성구 원촌동 90,2024,2,29,13,3,winter,0,1,1,1,0.0,2024-02-29,0,0,0,2400,5.1,1247,0.6,0.2,1400,0.2,3.0,-9.0,5.5,0.0,49,362,7.19,0,,,,,0,
NON_2614,36.35598256659623,127.3411710716287,대전광역시 유성구 봉명동 442-15,2024,3,7,15,3,spring,0,1,1,1,0.0,2024-03-07,0,0,0,1334,4.6,1424,2.2,0.0,1000,-9.0,0.5,-9.0,6.9,6.7,2356,596,41.27,0,,,,,0,
NON_2615,36.35069847500036,127.3682132091696,대전광역시 서구 갈마동 690,2025,11,6,19,3,autumn,1,1,1,1,0.0,2025-11-06,0,0,0,1337,11.3,1438,2.13,-9.0,1200,-9.0,-9.0,-9.0,10.8,6.4,838,964,34.88,0,,,,,0,
NON_2616,36.36510703595345,127.36263403899706,대전광역시 유성구 구성동 445-1,2024,11,5,9,1,autumn,1,1,1,1,0.0,2024-11-05,0,0,0,1553,9.8,1414,2.34,-9.0,1200,-9.0,-9.0,-9.0,10.5,7.7,2348,985,17.81,0,,,,,0,
NON_2617,36.37501128866416,127.35676669179985,대전광역시 유성구 어은동 52-7,2024,3,24,6,6,spring,0,1,1,1,0.0,2024-03-24,0,0,0,839,14.1,1602,2.03,-9.0,1400,-9.0,-9.0,-9.0,15.1,3.6,936,656,25.12,1,,,,,0,
NON_2618,36.348955280946036,127.3367793531777,대전광역시 유성구 상대동 556,2025,11,2,11,6,autumn,0,1,2,2,0.0,2025-11-02,0,0,0,1336,9.4,1106,2.11,2.1,1100,-9.0,1.25,-9.0,9.9,6.7,2344,585,20.8,1,,,,,0,
NON_2619,36.3418530328563,127.4228377499635,대전광역시 동구 삼성동 480-1,2025,11,6,8,3,autumn,1,1,1,1,0.0,2025-11-06,0,0,0,1337,11.3,1438,2.13,-9.0,1200,-9.0,-9.0,-9.0,10.8,6.4,838,437,13.57,0,,,,,0,
NON_2620,36.35776694081807,127.33884531332093,대전광역시 유성구 장대동 371,2024,2,13,15,1,winter,0,1,1,1,0.0,2024-02-13,0,0,0,1302,8.4,1445,2.41,-9.0,1300,0.0,-9.0,-9.0,6.2,8.4,221,535,37.34,0,,,,,0,
NON_2621,36.38498043321812,127.37846955876437,대전광역시 유성구 도룡동 409,2024,3,19,15,1,spring,0,2,2,2,0.0,2024-03-19,0,0,0,1123,7.2,1433,1.48,0.0,1100,0.0,4.08,-9.0,8.7,3.2,50,939,30.9,0,,,,,0,
NON_2622,36.35973463786959,127.32299697307278,대전광역시 유성구 장대동 258-5,2024,10,29,11,1,autumn,0,1,1,1,0.0,2024-10-29,0,0,0,1054,14.9,1532,1.88,0.0,1100,0.0,0.58,0.0,15.2,3.1,2259,320,35.4,0,,,,,0,
NON_2623,36.39969949383851,127.39692674973013,대전광역시 유성구 전민동 592-2,2024,3,19,15,1,spring,0,2,2,2,0.0,2024-03-19,0,0,0,1123,7.2,1433,1.48,0.0,1100,0.0,4.08,-9.0,8.7,3.2,50,316,31.26,0,,,,,0,
NON_2624,36.39082398233116,127.32433153455536,대전광역시 유성구 하기동 603,2024,3,6,6,2,spring,0,4,4,4,0.0,2024-03-06,0,0,0,2315,7.0,1522,2.15,-9.0,1200,0.0,-9.0,-9.0,7.2,5.8,2358,898,36.1,0,,,,,0,
NON_2625,36.36620149882617,127.31253697074956,대전광역시 유성구 노은동 603,2024,3,20,10,2,spring,0,1,1,1,0.0,2024-03-20,0,0,0,259,4.6,1337,3.01,-9.0,1100,-9.0,-9.0,-9.0,8.7,9.9,947,636,39.63,0,,,,,0,
NON_2626,36.37093679546893,127.31521759401225,대전광역시 유성구 노은동 570,2024,7,1,15,0,summer,0,1,1,1,0.0,2024-07-01,0,0,0,1537,26.2,1700,2.97,-9.0,1300,49.3,-9.0,-9.0,29.7,8.7,2224,347,34.2,0,,,,,0,
NON_2627,36.383479100886554,127.40604841200631,대전광역시 유성구 원촌동 135-2,2025,11,10,18,0,autumn,1,1,1,1,0.0,2025-11-10,0,0,0,352,8.9,1447,2.31,-9.0,1200,-9.0,-9.0,-9.0,8.0,9.6,906,358,15.53,0,,,,,0,
NON_2628,36.29433219982736,127.30054248734768,대전광역시 유성구 성북동 731-6,2024,12,13,14,4,winter,0,1,1,1,0.0,2024-12-13,0,0,0,1254,0.6,1235,0.74,0.0,1000,0.0,1.5,-9.0,0.9,0.3,226,716,35.93,0,,,,,0,
NON_2629,36.34268116973738,127.4267522507904,대전광역시 동구 성남동 226-3,2025,10,27,19,0,autumn,1,1,1,1,0.0,2025-10-27,0,0,0,1514,9.5,1327,2.55,-9.0,1200,-9.0,-9.0,-9.0,10.5,9.9,2341,1087,34.73,0,,,,,0,
NON_2630,36.36079166488038,127.35961153066333,대전광역시 유성구 봉명동 1012-1,2024,2,26,10,0,winter,0,1,1,1,0.0,2024-02-26,0,0,0,1620,3.7,1608,2.62,-9.0,1200,-9.0,-9.0,-9.0,4.9,7.3,806,662,24.82,0,,,,,0,
NON_2631,36.335899925041446,127.42003936818146,대전광역시 중구 선화동 920,2025,10,29,23,2,autumn,0,2,2,2,0.0,2025-10-29,0,0,0,1533,9.6,1506,2.4,-9.0,1200,-9.0,-9.0,-9.0,9.7,9.7,849,430,30.44,0,,,,,0,
NON_2632,36.35801296019985,127.34005128282932,대전광역시 유성구 장대동 373,2024,2,13,15,1,winter,0,1,1,1,0.0,2024-02-13,0,0,0,1302,8.4,1445,2.41,-9.0,1300,0.0,-9.0,-9.0,6.2,8.4,221,407,10.8,0,,,,,0,
NON_2633,36.420189810437115,127.38575987325031,대전광역시 유성구 관평동 673,2024,12,2,14,0,winter,0,1,1,1,0.0,2024-12-02,0,0,0,1712,8.3,1354,1.66,0.0,1100,0.0,0.45,-9.0,6.6,5.1,2313,395,24.12,0,,,,,0,
NON_2634,36.395968938337646,127.40419644490898,대전광역시 유성구 전민동 271-5,2024,2,29,13,3,winter,0,1,1,1,0.0,2024-02-29,0,0,0,2400,5.1,1247,0.6,0.2,1400,0.2,3.0,-9.0,5.5,0.0,49,654,9.85,0,,,,,0,
NON_2635,36.364365956743825,127.33824234347911,대전광역시 유성구 장대동 321,2025,11,2,12,6,autumn,0,1,1,1,0.0,2025-11-02,0,0,0,1336,9.4,1106,2.11,2.1,1100,-9.0,1.25,-9.0,9.9,6.7,2344,302,7.8,1,,,,,0,
NON_2636,36.35144981376924,127.32983005754322,대전광역시 유성구 구암동 641,2024,3,4,13,0,spring,0,1,2,2,0.0,2024-03-04,0,0,0,1729,6.7,1428,2.21,-9.0,1100,2.2,-9.0,-9.0,6.7,5.7,956,393,45.28,0,,,,,0,
NON_2637,36.36442931063913,127.32746657547368,대전광역시 유성구 장대동 231-2,2024,8,1,10,3,summer,0,1,1,1,0.0,2024-08-01,0,0,0,1028,30.0,1448,2.84,-9.0,1300,-9.0,-9.0,-9.0,34.4,5.9,156,757,30.19,0,,,,,0,
NON_2638,36.39313034212556,127.35103457300903,대전광역시 유성구 자운동 515-22,2024,2,29,14,3,winter,0,1,1,1,0.0,2024-02-29,0,0,0,2400,5.1,1247,0.6,0.2,1400,0.2,3.0,-9.0,5.5,0.0,49,781,32.81,0,,,,,0,
NON_2639,36.414739047758864,127.40690685417599,대전광역시 유성구 탑립동 945,2024,3,27,13,2,spring,0,3,3,3,0.0,2024-03-27,0,0,0,1639,10.2,1438,2.79,-9.0,1200,1.2,-9.0,-9.0,11.6,9.0,711,298,46.13,0,,,,,0,
NON_2640,36.38645936038315,127.36274535585575,대전광역시 유성구 장동 산 17-45,2024,2,28,12,2,winter,0,1,1,1,0.0,2024-02-28,0,0,0,8,6.3,1637,2.16,-9.0,1200,-9.0,-9.0,-9.0,5.9,3.7,916,561,19.25,0,,,,,0,
NON_2641,36.400266249959856,127.40389198235921,대전광역시 유성구 전민동 394-16,2024,3,23,7,5,spring,0,1,3,3,0.0,2024-03-23,0,0,0,1516,14.9,1457,3.14,0.3,1200,-9.0,2.25,-9.0,15.9,9.3,2254,496,29.39,1,,,,,0,
NON_2642,36.39041049403328,127.39529646955918,대전광역시 유성구 문지동 103-15,2024,3,23,7,5,spring,0,6,6,6,0.0,2024-03-23,0,0,0,1516,14.9,1457,3.14,0.3,1200,-9.0,2.25,-9.0,15.9,9.3,2254,562,29.39,1,,,,,0,
NON_2643,36.36814257026894,127.31800572222629,대전광역시 유성구 노은동 583,2024,4,6,8,5,spring,1,2,7,17,0.0,2024-04-06,0,0,0,1605,13.2,1609,2.2,-9.0,1200,-9.0,-9.0,-9.0,14.0,5.3,808,506,5.12,1,,,,,0,
NON_2644,36.35751343968198,127.33822134109656,대전광역시 유성구 장대동 286-10,2024,3,7,9,3,spring,1,1,1,1,0.0,2024-03-07,0,0,0,1334,4.6,1424,2.2,0.0,1000,-9.0,0.5,-9.0,6.9,6.7,2356,546,21.26,0,,,,,0,
NON_2645,36.34837847068904,127.33169938688145,대전광역시 유성구 상대동 556,2025,10,26,11,6,autumn,0,1,1,1,0.0,2025-10-26,0,0,0,1342,13.2,1226,2.13,0.0,1200,0.0,1.15,0.0,14.1,1.3,151,395,16.34,1,,,,,0,
NON_2646,36.33676645490346,127.42068142473624,대전광역시 중구 선화동 920,2025,11,5,11,2,autumn,0,7,8,8,0.0,2025-11-05,0,0,0,1630,10.4,1502,2.04,-9.0,1200,-9.0,-9.0,-9.0,10.3,7.3,921,839,31.13,0,,,,,0,
NON_2647,36.3899301523245,127.3462565632721,대전광역시 유성구 하기동 18-15,2024,3,25,8,0,spring,1,1,1,1,0.0,2024-03-25,0,0,0,2121,9.4,1033,1.45,6.8,1000,26.1,11.25,-9.0,10.0,0.0,12,759,12.53,0,,,,,0,
NON_2648,36.37170871733419,127.31848041393705,대전광역시 유성구 노은동 583,2024,3,26,8,1,spring,1,3,13,13,0.0,2024-03-26,0,0,0,11,6.7,1523,1.95,19.5,1000,0.2,10.33,-9.0,9.5,3.0,2358,244,44.36,0,,,,,0,
NON_2649,36.35340413126151,127.33621945886924,대전광역시 유성구 봉명동 567-16,2024,3,16,7,5,spring,0,1,1,1,0.0,2024-03-16,0,0,0,1616,11.4,1456,2.99,0.0,1200,0.0,1.25,-9.0,12.9,8.8,236,691,29.83,1,,,,,0,
NON_2650,36.362178536424686,127.3576376872154,대전광역시 유성구 어은동 262-1,2024,10,31,10,3,autumn,0,1,1,1,0.0,2024-10-31,0,0,0,1137,14.5,1406,2.42,-9.0,1200,0.6,-9.0,-9.0,13.8,8.9,858,470,27.32,0,,,,,0,
NON_2651,36.44253528138101,127.38478931451336,대전광역시 유성구 봉산동 973,2024,5,29,15,2,spring,0,1,1,1,0.0,2024-05-29,0,0,0,1248,20.9,1606,3.59,-9.0,1200,-9.0,-9.0,-9.0,26.3,13.3,849,867,10.99,0,,,,,0,
NON_2652,36.31026030972716,127.30726085002804,대전광역시 유성구 교촌동 422-1,2024,4,4,10,3,spring,0,1,1,1,0.0,2024-04-04,0,0,0,2335,13.4,1031,1.56,0.0,1000,0.0,0.8,0.0,14.2,0.2,2355,290,10.92,0,,,,,0,
NON_2653,36.38966884377895,127.30480123869876,대전광역시 유성구 반석동 716,2024,4,5,15,4,spring,0,1,1,1,0.0,2024-04-05,0,0,0,28,13.3,1540,3.03,0.0,1300,0.0,0.5,0.0,14.6,6.1,921,356,9.79,0,,,,,0,
NON_2654,36.347946847464755,127.33122421749745,대전광역시 유성구 상대동 556,2024,7,23,10,1,summer,0,7,7,7,0.0,2024-07-23,0,0,0,49,27.2,1,0.67,3.9,1300,6.0,10.03,2.5,26.9,0.0,1006,506,10.42,0,,,,,0,
NON_2655,36.36400187702673,127.34068949494926,대전광역시 유성구 궁동 335-27,2024,6,26,9,2,summer,1,1,1,1,0.0,2024-06-26,0,0,0,1637,24.3,1616,3.49,-9.0,1200,-9.0,-9.0,-9.0,32.2,12.5,806,929,23.15,0,,,,,0,
NON_2656,36.38233645688659,127.32259215352717,대전광역시 유성구 죽동 630,2024,3,15,16,4,spring,0,1,5,5,0.0,2024-03-15,0,0,0,1451,9.5,1609,3.06,-9.0,1200,-9.0,-9.0,-9.0,10.5,11.0,2301,1014,13.76,0,,,,,0,
NON_2657,36.41122562679521,127.3768599645044,대전광역시 유성구 화암동 156-8,2025,2,21,14,4,winter,0,1,1,1,0.0,2025-02-21,0,0,0,1519,-1.5,1452,2.75,-9.0,1200,0.4,-9.0,-9.0,1.5,10.1,836,331,31.55,0,,,,,0,
NON_2658,36.34014990881637,127.42186671223435,대전광역시 동구 삼성동 363-6,2025,11,5,8,2,autumn,1,1,1,1,0.0,2025-11-05,0,0,0,1630,10.4,1502,2.04,-9.0,1200,-9.0,-9.0,-9.0,10.3,7.3,921,584,17.64,0,,,,,0,
NON_2659,36.40689847491562,127.37412332028936,대전광역시 유성구 방현동 2-1,2024,3,26,12,1,spring,0,1,1,1,0.0,2024-03-26,0,0,0,11,6.7,1523,1.95,19.5,1000,0.2,10.33,-9.0,9.5,3.0,2358,572,32.91,0,,,,,0,
NON_2660,36.35539943330453,127.41762890114212,대전광역시 대덕구 오정동 728,2025,11,10,8,0,autumn,1,3,7,7,0.0,2025-11-10,0,0,0,352,8.9,1447,2.31,-9.0,1200,-9.0,-9.0,-9.0,8.0,9.6,906,639,19.47,0,,,,,0,
NON_2661,36.35074009304115,127.41887207931384,대전광역시 대덕구 오정동 735,2025,10,31,8,4,autumn,1,2,2,2,0.0,2025-10-31,0,0,0,1240,12.6,1451,2.31,0.0,1200,0.2,0.17,0.0,12.7,7.5,1,277,25.03,0,,,,,0,
NON_2662,36.33649798556103,127.42129898983204,대전광역시 중구 선화동 920,2025,11,10,18,0,autumn,1,9,14,14,0.0,2025-11-10,0,0,0,352,8.9,1447,2.31,-9.0,1200,-9.0,-9.0,-9.0,8.0,9.6,906,998,21.92,0,,,,,0,
NON_2663,36.3710761566872,127.3316356113931,대전광역시 유성구 죽동 747,2024,7,22,7,0,summer,0,2,2,2,0.0,2024-07-22,0,0,0,2330,28.9,1240,2.46,-9.0,1200,0.0,-9.0,-9.0,29.3,2.8,113,387,12.11,0,,,,,0,
NON_2664,36.304742793465174,127.449664882496,대전광역시 중구 호동 27-1,2025,11,9,12,6,autumn,0,1,1,1,0.0,2025-11-09,0,0,0,1345,13.7,1305,1.95,0.0,1300,-9.0,0.75,-9.0,13.0,6.8,1,582,7.72,1,,,,,0,
NON_2665,36.36495391982518,127.33723602562885,대전광역시 유성구 장대동 321,2025,11,2,12,6,autumn,0,1,1,1,0.0,2025-11-02,0,0,0,1336,9.4,1106,2.11,2.1,1100,-9.0,1.25,-9.0,9.9,6.7,2344,302,7.8,1,,,,,0,
NON_2666,36.38259535152196,127.32234691908793,대전광역시 유성구 죽동 630,2024,2,28,15,2,winter,0,4,4,4,0.0,2024-02-28,0,0,0,8,6.3,1637,2.16,-9.0,1200,-9.0,-9.0,-9.0,5.9,3.7,916,320,12.29,0,,,,,0,
NON_2667,36.322915979605696,127.41509590039831,대전광역시 중구 문화동 1-9,2025,11,8,10,5,autumn,0,1,1,1,0.0,2025-11-08,0,0,0,106,13.7,1407,1.13,0.4,1000,0.4,3.33,-9.0,13.1,0.4,628,582,11.34,1,,,,,0,
NON_2668,36.28518574188317,127.26048238004572,대전광역시 유성구 송정동 195-2,2025,2,19,15,2,winter,0,1,1,1,0.0,2025-02-19,0,0,0,1534,-1.6,1409,2.71,-9.0,1200,-9.0,-9.0,-9.0,1.5,10.1,2345,667,22.03,0,,,,,0,
NON_2669,36.34809488703051,127.33227847524293,대전광역시 유성구 상대동 556,2024,10,30,9,2,autumn,1,1,1,1,0.0,2024-10-30,0,0,0,1945,14.7,1511,2.4,-9.0,1200,-9.0,-9.0,-9.0,14.2,9.6,2325,1009,23.42,0,,,,,0,
NON_2670,36.36571850373082,127.33265328517402,대전광역시 유성구 장대동 17-4,2024,3,25,10,0,spring,0,3,3,4,0.0,2024-03-25,0,0,0,2121,9.4,1033,1.45,6.8,1000,26.1,11.25,-9.0,10.0,0.0,12,256,9.5,0,,,,,0,
NON_2671,36.41073007977595,127.29989428383743,대전광역시 유성구 안산동 227-9,2024,3,21,14,3,spring,0,2,2,2,0.0,2024-03-21,0,0,0,1212,5.2,1448,3.14,-9.0,1200,-9.0,-9.0,-9.0,9.6,11.0,1,714,18.31,0,,,,,0,
NON_2672,36.36033869842914,127.34407369124528,대전광역시 유성구 궁동 473,2024,3,24,7,6,spring,0,2,2,2,0.0,2024-03-24,0,0,0,839,14.1,1602,2.03,-9.0,1400,-9.0,-9.0,-9.0,15.1,3.6,936,462,11.45,1,,,,,0,
NON_2673,36.361957406158304,127.35700008980245,대전광역시 유성구 어은동 316,2024,12,2,18,0,winter,1,1,1,1,0.0,2024-12-02,0,0,0,1712,8.3,1354,1.66,0.0,1100,0.0,0.45,-9.0,6.6,5.1,2313,917,8.88,0,,,,,0,
NON_2674,36.3811851940216,127.32447944033463,대전광역시 유성구 죽동 648,2024,4,4,10,3,spring,0,1,2,2,0.0,2024-04-04,0,0,0,2335,13.4,1031,1.56,0.0,1000,0.0,0.8,0.0,14.2,0.2,2355,352,9.22,0,,,,,0,
NON_2675,36.41158027900136,127.37864645881463,대전광역시 유성구 화암동 120-3,2024,8,5,17,0,summer,0,1,1,1,0.0,2024-08-05,0,0,0,1537,27.4,1354,2.94,34.3,1300,33.2,3.38,27.8,30.1,5.4,2231,680,39.11,0,,,,,0,
NON_2676,36.26710704458261,127.28454928325881,대전광역시 유성구 방동 623-4,2024,3,8,15,4,spring,0,1,1,1,0.0,2024-03-08,0,0,0,1350,2.9,1304,2.9,-9.0,1200,-9.0,-9.0,-9.0,4.4,10.2,2400,650,12.39,0,,,,,0,
NON_2677,36.357602542012515,127.3425655917703,대전광역시 유성구 봉명동 608,2024,6,27,15,3,summer,0,1,1,1,0.0,2024-06-27,0,0,0,1601,23.7,1451,1.79,-9.0,1400,-9.0,-9.0,-9.0,28.5,2.1,17,1075,15.26,0,,,,,0,
NON_2678,36.322978567094204,127.4154061794389,대전광역시 중구 문화동 1-9,2025,11,8,10,5,autumn,0,2,2,2,0.0,2025-11-08,0,0,0,106,13.7,1407,1.13,0.4,1000,0.4,3.33,-9.0,13.1,0.4,628,467,33.63,1,,,,,0,
NON_2679,36.42032492191777,127.40670076689696,대전광역시 유성구 탑립동 709,2024,3,27,14,2,spring,0,2,2,2,0.0,2024-03-27,0,0,0,1639,10.2,1438,2.79,-9.0,1200,1.2,-9.0,-9.0,11.6,9.0,711,551,29.9,0,,,,,0,
NON_2680,36.42689005961926,127.38571043417375,대전광역시 유성구 송강동 513,2024,2,29,12,3,winter,0,1,1,1,0.0,2024-02-29,0,0,0,2400,5.1,1247,0.6,0.2,1400,0.2,3.0,-9.0,5.5,0.0,49,751,38.74,0,,,,,0,
NON_2681,36.36293424949161,127.34099600049598,대전광역시 유성구 장대동 350,2024,3,25,8,0,spring,1,1,1,1,0.0,2024-03-25,0,0,0,2121,9.4,1033,1.45,6.8,1000,26.1,11.25,-9.0,10.0,0.0,12,765,31.89,0,,,,,0,
NON_2682,36.39797903126469,127.31453168756346,대전광역시 유성구 외삼동 577,2024,3,20,9,2,spring,1,2,4,4,0.0,2024-03-20,0,0,0,259,4.6,1337,3.01,-9.0,1100,-9.0,-9.0,-9.0,8.7,9.9,947,1046,16.36,0,,,,,0,
NON_2683,36.39024038591726,127.29726579455682,대전광역시 유성구 반석동 499-2,2024,3,7,14,3,spring,0,1,1,1,0.0,2024-03-07,0,0,0,1334,4.6,1424,2.2,0.0,1000,-9.0,0.5,-9.0,6.9,6.7,2356,634,13.14,0,,,,,0,
NON_2684,36.43104772922117,127.3803238226751,대전광역시 유성구 송강동 168-2,2024,3,19,14,1,spring,0,2,2,2,0.0,2024-03-19,0,0,0,1123,7.2,1433,1.48,0.0,1100,0.0,4.08,-9.0,8.7,3.2,50,625,14.93,0,,,,,0,
NON_2685,36.371579119848825,127.31620970093857,대전광역시 유성구 노은동 570,2024,3,26,8,1,spring,1,4,4,4,0.0,2024-03-26,0,0,0,11,6.7,1523,1.95,19.5,1000,0.2,10.33,-9.0,9.5,3.0,2358,272,35.07,0,,,,,0,
NON_2686,36.412505473553296,127.38810218449034,대전광역시 유성구 용산동 764,2024,6,20,10,3,summer,0,1,1,1,0.0,2024-06-20,0,0,0,1354,25.7,1457,2.67,-9.0,1400,-9.0,-9.0,-9.0,33.4,6.3,6,617,17.81,0,,,,,0,
NON_2687,36.39366807308474,127.31307829574959,대전광역시 유성구 반석동 689,2024,3,22,16,4,spring,0,1,2,2,0.0,2024-03-22,0,0,0,1442,10.1,1324,2.8,4.1,1100,4.4,6.33,-9.0,9.9,5.9,117,248,40.63,0,,,,,0,
NON_2688,36.391316934583934,127.3306790639414,대전광역시 유성구 하기동 603,2024,3,20,5,2,spring,0,2,6,6,0.0,2024-03-20,0,0,0,259,4.6,1337,3.01,-9.0,1100,-9.0,-9.0,-9.0,8.7,9.9,947,340,22.71,0,,,,,0,
NON_2689,36.36134088935838,127.3455324513191,대전광역시 유성구 궁동 220-9,2024,2,27,9,1,winter,1,1,1,1,0.0,2024-02-27,0,0,0,952,5.3,1428,2.68,-9.0,1200,-9.0,-9.0,-9.0,5.6,7.3,1001,884,11.57,0,,,,,0,
NON_2690,36.38699859687845,127.32246652555554,대전광역시 유성구 하기동 603,2024,6,20,9,3,summer,1,1,1,3,0.0,2024-06-20,0,0,0,1354,25.7,1457,2.67,-9.0,1400,-9.0,-9.0,-9.0,33.4,6.3,6,848,40.28,0,,,,,0,
NON_2691,36.35403359478112,127.34211259552698,대전광역시 유성구 봉명동 553-2,2024,10,30,14,2,autumn,0,1,1,1,0.0,2024-10-30,0,0,0,1945,14.7,1511,2.4,-9.0,1200,-9.0,-9.0,-9.0,14.2,9.6,2325,830,37.21,0,,,,,0,
NON_2692,36.38248787160326,127.40661511006374,대전광역시 유성구 원촌동 90,2024,2,29,13,3,winter,0,3,3,3,0.0,2024-02-29,0,0,0,2400,5.1,1247,0.6,0.2,1400,0.2,3.0,-9.0,5.5,0.0,49,695,9.83,0,,,,,0,
NON_2693,36.37445087395113,127.34125270754839,대전광역시 유성구 궁동 115,2024,11,27,13,2,autumn,0,1,1,1,0.0,2024-11-27,0,0,0,1200,2.3,1151,1.63,3.8,1300,3.9,13.75,-9.0,4.1,1.4,2207,462,23.1,0,,,,,0,
NON_2694,36.391057543439445,127.39479561379247,대전광역시 유성구 문지동 103-15,2024,3,27,10,2,spring,0,5,9,9,0.0,2024-03-27,0,0,0,1639,10.2,1438,2.79,-9.0,1200,1.2,-9.0,-9.0,11.6,9.0,711,501,37.81,0,,,,,0,
NON_2695,36.36991860672353,127.32790500292755,대전광역시 유성구 노은동 97,2024,3,20,14,2,spring,0,4,4,4,0.0,2024-03-20,0,0,0,259,4.6,1337,3.01,-9.0,1100,-9.0,-9.0,-9.0,8.7,9.9,947,954,38.29,0,,,,,0,
NON_2696,36.402721133213326,127.40459875962684,대전광역시 유성구 전민동 464-3,2024,4,1,14,0,spring,0,4,4,4,0.0,2024-04-01,0,0,0,1553,13.1,1447,3.22,-9.0,1200,-9.0,-9.0,-9.0,13.5,11.6,1043,498,32.39,0,,,,,0,
NON_2697,36.30574240256136,127.44927945140955,대전광역시 중구 호동 27-1,2025,11,9,12,6,autumn,0,1,1,1,0.0,2025-11-09,0,0,0,1345,13.7,1305,1.95,0.0,1300,-9.0,0.75,-9.0,13.0,6.8,1,582,7.72,1,,,,,0,
NON_2698,36.39891276321593,127.40477045857436,대전광역시 유성구 전민동 394-16,2024,3,23,7,5,spring,0,1,3,3,0.0,2024-03-23,0,0,0,1516,14.9,1457,3.14,0.3,1200,-9.0,2.25,-9.0,15.9,9.3,2254,496,29.39,1,,,,,0,
NON_2699,36.36129271551204,127.35327648099334,대전광역시 유성구 궁동 434,2024,3,5,7,1,spring,0,1,1,1,0.0,2024-03-05,0,0,0,1830,5.9,1,0.29,2.5,1000,0.3,15.42,-9.0,5.8,0.0,208,383,31.24,0,,,,,0,
NON_2700,36.30450858132666,127.32040233776398,대전광역시 유성구 교촌동 652,2024,7,23,10,1,summer,0,1,1,1,0.0,2024-07-23,0,0,0,49,27.2,1,0.67,3.9,1300,6.0,10.03,2.5,26.9,0.0,1006,607,32.02,0,,,,,0,
NON_2701,36.4206803844674,127.40473412589976,대전광역시 유성구 용산동 604,2024,3,22,9,4,spring,1,2,3,3,0.0,2024-03-22,0,0,0,1442,10.1,1324,2.8,4.1,1100,4.4,6.33,-9.0,9.9,5.9,117,731,25.06,0,,,,,0,
NON_2702,36.35528562196233,127.3451397070579,대전광역시 유성구 봉명동 574,2024,4,5,7,4,spring,0,1,14,15,0.0,2024-04-05,0,0,0,28,13.3,1540,3.03,0.0,1300,0.0,0.5,0.0,14.6,6.1,921,400,11.13,0,,,,,0,
NON_2703,36.30074412664499,127.32065045532872,대전광역시 유성구 원내동 738,2024,4,4,6,3,spring,0,1,1,1,0.0,2024-04-04,0,0,0,2335,13.4,1031,1.56,0.0,1000,0.0,0.8,0.0,14.2,0.2,2355,788,16.28,0,,,,,0,
NON_2704,36.36063032122354,127.33853319592886,대전광역시 유성구 장대동 351,2024,3,20,8,2,spring,1,1,1,1,0.0,2024-03-20,0,0,0,259,4.6,1337,3.01,-9.0,1100,-9.0,-9.0,-9.0,8.7,9.9,947,419,24.34,0,,,,,0,
NON_2705,36.343440589393616,127.42246898008761,대전광역시 동구 삼성동 458,2025,11,6,8,3,autumn,1,2,2,2,0.0,2025-11-06,0,0,0,1337,11.3,1438,2.13,-9.0,1200,-9.0,-9.0,-9.0,10.8,6.4,838,369,14.59,0,,,,,0,
NON_2706,36.33684275339258,127.31684848540583,대전광역시 유성구 학하동 687,2024,7,23,10,1,summer,0,1,1,1,0.0,2024-07-23,0,0,0,49,27.2,1,0.67,3.9,1300,6.0,10.03,2.5,26.9,0.0,1006,703,32.85,0,,,,,0,
NON_2707,36.39883828530676,127.35709220224396,대전광역시 유성구 장동 202-11,2024,1,19,16,4,winter,0,1,1,1,0.0,2024-01-19,0,0,0,1044,5.9,1256,2.08,-9.0,1200,0.0,-9.0,-9.0,5.5,3.1,955,717,6.51,0,,,,,0,
NON_2708,36.36088497574756,127.34911516092295,대전광역시 유성구 궁동 367-2,2024,12,30,10,0,winter,0,1,1,1,0.0,2024-12-30,0,0,0,1620,6.7,1341,1.59,0.0,1300,-9.0,0.57,-9.0,3.9,2.1,1,772,28.63,0,,,,,0,
NON_2709,36.36403385518188,127.35581048018933,대전광역시 유성구 어은동 99,2024,8,5,17,0,summer,0,1,1,1,0.0,2024-08-05,0,0,0,1537,27.4,1354,2.94,34.3,1300,33.2,3.38,27.8,30.1,5.4,2231,907,34.15,0,,,,,0,
NON_2710,36.336528545276266,127.420007280604,대전광역시 중구 선화동 920,2025,11,9,21,6,autumn,0,7,12,12,0.0,2025-11-09,0,0,0,1345,13.7,1305,1.95,0.0,1300,-9.0,0.75,-9.0,13.0,6.8,1,374,17.76,1,,,,,0,
NON_2711,36.34482178551157,127.30975345455066,대전광역시 유성구 복용동 629,2024,3,27,10,2,spring,0,1,2,2,0.0,2024-03-27,0,0,0,1639,10.2,1438,2.79,-9.0,1200,1.2,-9.0,-9.0,11.6,9.0,711,397,21.44,0,,,,,0,
NON_2712,36.36816594182149,127.31742137452254,대전광역시 유성구 노은동 583,2024,3,19,10,1,spring,0,1,11,11,0.0,2024-03-19,0,0,0,1123,7.2,1433,1.48,0.0,1100,0.0,4.08,-9.0,8.7,3.2,50,938,37.37,0,,,,,0,
NON_2713,36.391394963971514,127.34951931913135,대전광역시 유성구 신성동 466,2024,12,11,13,2,winter,0,2,2,2,0.0,2024-12-11,0,0,0,2144,2.5,1546,1.35,-9.0,1200,-9.0,-9.0,-9.0,1.8,5.0,2325,870,6.34,0,,,,,0,
NON_2714,36.36094139275479,127.35072110036079,대전광역시 유성구 궁동 29-4,2024,5,7,10,1,spring,0,1,1,1,0.0,2024-05-07,0,0,0,1952,12.9,1319,1.26,14.1,1200,14.7,17.97,3.7,14.7,0.0,2336,425,25.32,0,,,,,0,
NON_2715,36.38086144253878,127.34350198686184,대전광역시 유성구 신성동 산 40-28,2024,4,5,8,4,spring,1,1,1,1,0.0,2024-04-05,0,0,0,28,13.3,1540,3.03,0.0,1300,0.0,0.5,0.0,14.6,6.1,921,367,38.27,0,,,,,0,
NON_2716,36.32693325751284,127.43293959516245,대전광역시 동구 원동 85-1,2025,11,9,11,6,autumn,0,1,1,1,0.0,2025-11-09,0,0,0,1345,13.7,1305,1.95,0.0,1300,-9.0,0.75,-9.0,13.0,6.8,1,534,25.47,1,,,,,0,
NON_2717,36.390624553673035,127.3623535199069,대전광역시 유성구 장동 23-9,2024,3,25,15,0,spring,0,1,1,1,0.0,2024-03-25,0,0,0,2121,9.4,1033,1.45,6.8,1000,26.1,11.25,-9.0,10.0,0.0,12,769,16.73,0,,,,,0,
NON_2718,36.36153739680787,127.34379577516643,대전광역시 유성구 궁동 481,2024,11,28,14,3,autumn,0,1,1,1,0.0,2024-11-28,0,0,0,1324,3.2,1126,1.34,4.7,1100,4.6,12.88,-9.0,4.2,2.6,13,308,11.14,0,,,,,0,
NON_2719,36.350590347147865,127.33888358008525,대전광역시 유성구 봉명동 576-1,2024,3,16,7,5,spring,0,1,1,1,0.0,2024-03-16,0,0,0,1616,11.4,1456,2.99,0.0,1200,0.0,1.25,-9.0,12.9,8.8,236,603,18.01,1,,,,,0,
NON_2720,36.39574706904306,127.40488561218181,대전광역시 유성구 전민동 271-5,2024,2,29,13,3,winter,0,3,3,3,0.0,2024-02-29,0,0,0,2400,5.1,1247,0.6,0.2,1400,0.2,3.0,-9.0,5.5,0.0,49,315,7.96,0,,,,,0,
NON_2721,36.44539210311647,127.43084108052912,대전광역시 대덕구 신탄진동 745,2024,3,26,10,1,spring,0,1,1,1,0.0,2024-03-26,0,0,0,11,6.7,1523,1.95,19.5,1000,0.2,10.33,-9.0,9.5,3.0,2358,696,35.19,0,,,,,0,
NON_2722,36.34828063983684,127.32670429874227,대전광역시 유성구 상대동 556,2024,7,23,10,1,summer,0,8,8,8,0.0,2024-07-23,0,0,0,49,27.2,1,0.67,3.9,1300,6.0,10.03,2.5,26.9,0.0,1006,557,45.15,0,,,,,0,
NON_2723,36.285853058975526,127.30984699055607,대전광역시 유성구 방동 19-25,2024,2,19,10,0,winter,0,1,1,1,0.0,2024-02-19,0,0,0,1349,9.8,1344,0.59,16.6,1300,1.2,13.83,-9.0,9.7,0.0,2253,581,9.88,0,,,,,0,
NON_2724,36.40132690904039,127.36370432909457,대전광역시 유성구 장동 12-16,2024,2,28,14,2,winter,0,1,1,1,0.0,2024-02-28,0,0,0,8,6.3,1637,2.16,-9.0,1200,-9.0,-9.0,-9.0,5.9,3.7,916,519,14.59,0,,,,,0,
NON_2725,36.37001892726874,127.42007358840853,대전광역시 대덕구 대화동 1-29,2025,11,6,8,3,autumn,1,2,2,2,0.0,2025-11-06,0,0,0,1337,11.3,1438,2.13,-9.0,1200,-9.0,-9.0,-9.0,10.8,6.4,838,858,14.94,0,,,,,0,
NON_2726,36.35585620057088,127.34519821819343,대전광역시 유성구 봉명동 574,2024,3,7,9,3,spring,1,2,3,3,0.0,2024-03-07,0,0,0,1334,4.6,1424,2.2,0.0,1000,-9.0,0.5,-9.0,6.9,6.7,2356,1126,10.0,0,,,,,0,
NON_2727,36.37074548711124,127.3155761185886,대전광역시 유성구 노은동 570,2024,7,1,15,0,summer,0,1,1,1,0.0,2024-07-01,0,0,0,1537,26.2,1700,2.97,-9.0,1300,49.3,-9.0,-9.0,29.7,8.7,2224,347,34.2,0,,,,,0,
NON_2728,36.386917849415816,127.31619613277908,대전광역시 유성구 지족동 1001,2024,2,23,9,4,winter,1,1,1,1,0.0,2024-02-23,0,0,0,1253,3.0,1324,2.5,0.0,1200,0.0,9.5,-9.0,5.6,3.2,2056,638,26.17,0,,,,,0,
NON_2729,36.38536147065561,127.37899438338012,대전광역시 유성구 도룡동 409,2024,3,19,15,1,spring,0,1,1,1,0.0,2024-03-19,0,0,0,1123,7.2,1433,1.48,0.0,1100,0.0,4.08,-9.0,8.7,3.2,50,1038,42.17,0,,,,,0,
NON_2730,36.418100259293645,127.37823655189737,대전광역시 유성구 관평동 657-3,2024,8,5,16,0,summer,0,1,1,1,0.0,2024-08-05,0,0,0,1537,27.4,1354,2.94,34.3,1300,33.2,3.38,27.8,30.1,5.4,2231,305,26.32,0,,,,,0,
NON_2731,36.345111134902005,127.42012213783191,대전광역시 대덕구 오정동 753,2025,11,4,7,1,autumn,0,1,1,1,0.0,2025-11-04,0,0,0,1627,10.5,1504,2.27,-9.0,1200,-9.0,-9.0,-9.0,9.7,8.0,1,970,39.05,0,,,,,0,
NON_2732,36.34623038007906,127.40988653747888,대전광역시 중구 중촌동 166-3,2025,11,4,20,1,autumn,0,1,1,1,0.0,2025-11-04,0,0,0,1627,10.5,1504,2.27,-9.0,1200,-9.0,-9.0,-9.0,9.7,8.0,1,738,7.37,0,,,,,0,
NON_2733,36.394284684051456,127.40684568595131,대전광역시 유성구 문지동 668,2024,1,19,16,4,winter,0,1,1,1,0.0,2024-01-19,0,0,0,1044,5.9,1256,2.08,-9.0,1200,0.0,-9.0,-9.0,5.5,3.1,955,581,16.6,0,,,,,0,
NON_2734,36.417773924202734,127.3785675656822,대전광역시 유성구 덕진동 51-4,2024,5,30,15,3,spring,0,1,1,1,0.0,2024-05-30,0,0,0,2334,21.1,1156,2.03,-9.0,1100,-9.0,-9.0,-9.0,24.6,0.9,2,501,20.72,0,,,,,0,
NON_2735,36.3739583666779,127.32073658150175,대전광역시 유성구 지족동 973,2024,3,21,9,3,spring,1,2,2,2,0.0,2024-03-21,0,0,0,1212,5.2,1448,3.14,-9.0,1200,-9.0,-9.0,-9.0,9.6,11.0,1,326,38.83,0,,,,,0,
NON_2736,36.39091408120268,127.33019475968402,대전광역시 유성구 하기동 603,2024,3,20,5,2,spring,0,2,6,6,0.0,2024-03-20,0,0,0,259,4.6,1337,3.01,-9.0,1100,-9.0,-9.0,-9.0,8.7,9.9,947,340,22.71,0,,,,,0,
NON_2737,36.36187057053376,127.35680922973833,대전광역시 유성구 어은동 109,2024,9,8,16,6,autumn,0,1,1,9,0.0,2024-09-08,0,0,0,1556,27.6,1504,3.17,-9.0,1200,-9.0,-9.0,-9.0,34.8,10.4,755,438,7.44,1,,,,,0,
NON_2738,36.39059336349074,127.40457948366577,대전광역시 유성구 문지동 667,2024,4,30,13,1,spring,0,1,1,1,0.0,2024-04-30,0,0,0,1632,16.6,1430,1.96,0.0,1100,-9.0,0.33,0.0,19.3,0.4,2331,1149,13.77,0,,,,,0,
NON_2739,36.387758173010994,127.41217499636306,대전광역시 대덕구 신대동 535,2024,3,28,10,3,spring,0,1,1,1,0.0,2024-03-28,0,0,0,1116,9.0,1,0.42,21.3,1100,20.1,13.75,-9.0,10.0,0.0,4,254,35.7,0,,,,,0,
NON_2740,36.35605492460193,127.41620311737496,대전광역시 대덕구 오정동 728,2025,11,11,8,1,autumn,1,4,10,10,0.0,2025-11-11,0,0,0,1358,8.2,1509,2.21,-9.0,1100,-9.0,-9.0,-9.0,7.7,8.0,2220,931,9.28,0,,,,,0,
NON_2741,36.40652497231063,127.40361575920878,대전광역시 유성구 전민동 841-6,2024,3,4,13,0,spring,0,1,1,1,0.0,2024-03-04,0,0,0,1729,6.7,1428,2.21,-9.0,1100,2.2,-9.0,-9.0,6.7,5.7,956,190,39.23,0,,,,,0,
NON_2742,36.3364114490693,127.33524011613312,대전광역시 유성구 상대동 498,2024,9,10,9,1,autumn,1,1,1,2,0.0,2024-09-10,0,0,0,215,29.5,1506,3.1,-9.0,1200,-9.0,-9.0,-9.0,36.0,11.4,911,1123,40.57,0,,,,,0,
NON_2743,36.37635517755161,127.4125460724594,대전광역시 대덕구 읍내동 509-9,2025,10,27,8,0,autumn,1,1,1,1,0.0,2025-10-27,0,0,0,1514,9.5,1327,2.55,-9.0,1200,-9.0,-9.0,-9.0,10.5,9.9,2341,1059,36.36,0,,,,,0,
NON_2744,36.33005454235095,127.31378564702955,대전광역시 유성구 용계동 390-3,2024,7,23,10,1,summer,0,1,1,1,0.0,2024-07-23,0,0,0,49,27.2,1,0.67,3.9,1300,6.0,10.03,2.5,26.9,0.0,1006,341,18.88,0,,,,,0,
NON_2745,36.363143473003234,127.34352464713774,대전광역시 유성구 궁동 254-3,2024,11,6,15,2,autumn,0,1,1,1,0.0,2024-11-06,0,0,0,1323,7.3,1416,2.36,-9.0,1200,-9.0,-9.0,-9.0,7.4,9.6,2323,982,18.95,0,,,,,0,
NON_2746,36.366826405931526,127.3170693246423,대전광역시 유성구 노은동 602,2024,6,17,14,0,summer,0,1,1,2,0.0,2024-06-17,0,0,0,1633,23.4,1619,2.9,-9.0,1100,-9.0,-9.0,-9.0,27.7,7.5,813,557,31.36,0,,,,,0,
NON_2747,36.361825935131705,127.35604545950505,대전광역시 유성구 어은동 109,2025,1,24,11,4,winter,0,1,1,2,0.0,2025-01-24,0,0,0,1412,2.6,1407,2.17,-9.0,1200,-9.0,-9.0,-9.0,1.9,9.2,1021,896,7.82,0,,,,,0,
NON_2748,36.345860141962405,127.41142922523454,대전광역시 중구 중촌동 413-19,2025,11,2,8,6,autumn,1,1,1,1,0.0,2025-11-02,0,0,0,1336,9.4,1106,2.11,2.1,1100,-9.0,1.25,-9.0,9.9,6.7,2344,681,29.27,1,,,,,0,
NON_2749,36.342391630541286,127.42709069647913,대전광역시 동구 성남동 226-3,2025,10,27,19,0,autumn,1,1,1,1,0.0,2025-10-27,0,0,0,1514,9.5,1327,2.55,-9.0,1200,-9.0,-9.0,-9.0,10.5,9.9,2341,1087,34.73,0,,,,,0,
NON_2750,36.35875355622441,127.33903982914514,대전광역시 유성구 장대동 373,2024,3,6,14,2,spring,0,1,2,2,0.0,2024-03-06,0,0,0,2315,7.0,1522,2.15,-9.0,1200,0.0,-9.0,-9.0,7.2,5.8,2358,722,36.38,0,,,,,0,
NON_2751,36.356557468542796,127.41707388160107,대전광역시 대덕구 오정동 728,2025,11,11,8,1,autumn,1,4,10,10,0.0,2025-11-11,0,0,0,1358,8.2,1509,2.21,-9.0,1100,-9.0,-9.0,-9.0,7.7,8.0,2220,931,9.28,0,,,,,0,
NON_2752,36.3537732530821,127.418034006374,대전광역시 대덕구 오정동 687-1,2025,11,11,8,1,autumn,1,1,1,1,0.0,2025-11-11,0,0,0,1358,8.2,1509,2.21,-9.0,1100,-9.0,-9.0,-9.0,7.7,8.0,2220,902,14.89,0,,,,,0,
NON_2753,36.33673075035625,127.4196124284158,대전광역시 중구 선화동 260-1,2025,11,9,21,6,autumn,0,4,6,6,0.0,2025-11-09,0,0,0,1345,13.7,1305,1.95,0.0,1300,-9.0,0.75,-9.0,13.0,6.8,1,601,25.19,1,,,,,0,
NON_2754,36.374877795223526,127.30578176537857,대전광역시 유성구 지족동 1060-1,2024,7,5,10,4,summer,0,1,1,1,0.0,2024-07-05,0,0,0,121,25.8,1555,3.5,3.9,1100,-9.0,2.67,3.7,27.4,7.9,2128,684,27.49,0,,,,,0,
NON_2755,36.36250906518013,127.33659967028694,대전광역시 유성구 장대동 344,2024,3,22,14,4,spring,0,1,1,1,0.0,2024-03-22,0,0,0,1442,10.1,1324,2.8,4.1,1100,4.4,6.33,-9.0,9.9,5.9,117,378,33.93,0,,,,,0,
NON_2756,36.36064146122516,127.30691669343008,대전광역시 유성구 구암동 686,2025,11,2,11,6,autumn,0,1,1,1,0.0,2025-11-02,0,0,0,1336,9.4,1106,2.11,2.1,1100,-9.0,1.25,-9.0,9.9,6.7,2344,516,13.76,1,,,,,0,
NON_2757,36.36445049944867,127.37033800122121,대전광역시 서구 월평동 1501,2025,11,2,12,6,autumn,0,1,1,1,0.0,2025-11-02,0,0,0,1336,9.4,1106,2.11,2.1,1100,-9.0,1.25,-9.0,9.9,6.7,2344,684,29.87,1,,,,,0,
NON_2758,36.335962151860706,127.42072529311906,대전광역시 중구 선화동 920,2025,10,29,23,2,autumn,0,4,4,4,0.0,2025-10-29,0,0,0,1533,9.6,1506,2.4,-9.0,1200,-9.0,-9.0,-9.0,9.7,9.7,849,802,40.25,0,,,,,0,
NON_2759,36.34998620540124,127.41975037869591,대전광역시 대덕구 오정동 236-7,2025,11,7,8,4,autumn,1,1,1,1,0.0,2025-11-07,0,0,0,2128,13.3,1516,2.17,-9.0,1200,-9.0,-9.0,-9.0,11.9,6.3,811,431,34.9,0,,,,,0,
NON_2760,36.35600820004733,127.3418855420081,대전광역시 유성구 봉명동 574-1,2024,3,19,8,1,spring,1,1,1,1,0.0,2024-03-19,0,0,0,1123,7.2,1433,1.48,0.0,1100,0.0,4.08,-9.0,8.7,3.2,50,901,18.26,0,,,,,0,
NON_2761,36.404583989306964,127.30524438485739,대전광역시 유성구 외삼동 441-4,2024,3,15,14,4,spring,0,1,1,1,0.0,2024-03-15,0,0,0,1451,9.5,1609,3.06,-9.0,1200,-9.0,-9.0,-9.0,10.5,11.0,2301,571,25.92,0,,,,,0,
NON_2762,36.38579851260125,127.36332194602626,대전광역시 유성구 장동 62-2,2024,3,23,7,5,spring,0,1,1,1,0.0,2024-03-23,0,0,0,1516,14.9,1457,3.14,0.3,1200,-9.0,2.25,-9.0,15.9,9.3,2254,615,11.92,1,,,,,0,
NON_2763,36.3906205469838,127.39459703376009,대전광역시 유성구 문지동 103-15,2024,3,19,15,1,spring,0,2,2,2,0.0,2024-03-19,0,0,0,1123,7.2,1433,1.48,0.0,1100,0.0,4.08,-9.0,8.7,3.2,50,483,27.36,0,,,,,0,
NON_2764,36.40224795071782,127.40490272080396,대전광역시 유성구 전민동 464-3,2024,4,1,14,0,spring,0,4,4,4,0.0,2024-04-01,0,0,0,1553,13.1,1447,3.22,-9.0,1200,-9.0,-9.0,-9.0,13.5,11.6,1043,498,32.39,0,,,,,0,
NON_2765,36.36444928927062,127.3402933661677,대전광역시 유성구 장대동 321,2024,10,29,9,1,autumn,1,1,1,1,0.0,2024-10-29,0,0,0,1054,14.9,1532,1.88,0.0,1100,0.0,0.58,0.0,15.2,3.1,2259,944,10.78,0,,,,,0,
NON_2766,36.39369710905114,127.31122742892889,대전광역시 유성구 반석동 676,2024,3,25,15,0,spring,0,5,6,6,0.0,2024-03-25,0,0,0,2121,9.4,1033,1.45,6.8,1000,26.1,11.25,-9.0,10.0,0.0,12,526,8.24,0,,,,,0,
NON_2767,36.331976729124506,127.38830657443019,대전광역시 서구 가장동 190,2025,11,8,10,5,autumn,0,1,1,1,0.0,2025-11-08,0,0,0,106,13.7,1407,1.13,0.4,1000,0.4,3.33,-9.0,13.1,0.4,628,511,19.88,1,,,,,0,
NON_2768,36.39950763653388,127.31198206572817,대전광역시 유성구 외삼동 574-5,2024,3,6,9,2,spring,1,3,3,3,0.0,2024-03-06,0,0,0,2315,7.0,1522,2.15,-9.0,1200,0.0,-9.0,-9.0,7.2,5.8,2358,710,25.25,0,,,,,0,
NON_2769,36.36717574437571,127.31087994575743,대전광역시 유성구 노은동 413-3,2024,2,29,13,3,winter,0,1,1,1,0.0,2024-02-29,0,0,0,2400,5.1,1247,0.6,0.2,1400,0.2,3.0,-9.0,5.5,0.0,49,235,46.06,0,,,,,0,
NON_2770,36.424969992038086,127.39295645116385,대전광역시 유성구 관평동 1288,2024,6,27,11,3,summer,0,1,1,1,0.0,2024-06-27,0,0,0,1601,23.7,1451,1.79,-9.0,1400,-9.0,-9.0,-9.0,28.5,2.1,17,951,41.88,0,,,,,0,
NON_2771,36.384273212404324,127.32115941327658,대전광역시 유성구 하기동 585,2024,2,28,15,2,winter,0,4,4,4,0.0,2024-02-28,0,0,0,8,6.3,1637,2.16,-9.0,1200,-9.0,-9.0,-9.0,5.9,3.7,916,947,22.56,0,,,,,0,
NON_2772,36.344777838316595,127.30705253449501,대전광역시 유성구 복용동 557-2,2024,3,15,14,4,spring,0,1,1,1,0.0,2024-03-15,0,0,0,1451,9.5,1609,3.06,-9.0,1200,-9.0,-9.0,-9.0,10.5,11.0,2301,903,11.39,0,,,,,0,
NON_2773,36.39906553041648,127.31597253307301,대전광역시 유성구 외삼동 574-5,2024,3,20,10,2,spring,0,2,5,5,0.0,2024-03-20,0,0,0,259,4.6,1337,3.01,-9.0,1100,-9.0,-9.0,-9.0,8.7,9.9,947,859,29.15,0,,,,,0,
NON_2774,36.37330013350163,127.41629551936279,대전광역시 대덕구 읍내동 450-6,2025,10,30,19,3,autumn,1,1,1,1,0.0,2025-10-30,0,0,0,438,10.2,1356,1.69,-9.0,1200,-9.0,-9.0,-9.0,10.6,6.6,852,1124,20.54,0,,,,,0,
NON_2775,36.35147482296581,127.3314711980901,대전광역시 유성구 구암동 641,2024,2,26,10,0,winter,0,1,1,1,0.0,2024-02-26,0,0,0,1620,3.7,1608,2.62,-9.0,1200,-9.0,-9.0,-9.0,4.9,7.3,806,1187,29.84,0,,,,,0,
NON_2776,36.33675455000615,127.33263152721344,대전광역시 유성구 상대동 589,2024,12,5,9,3,winter,1,2,2,2,0.0,2024-12-05,0,0,0,1243,4.5,1429,1.54,0.0,1100,0.0,4.53,-9.0,4.0,3.7,54,1225,26.51,0,,,,,0,
NON_2777,36.351372849945655,127.33634120170028,대전광역시 유성구 구암동 641,2024,3,22,14,4,spring,0,2,4,4,0.0,2024-03-22,0,0,0,1442,10.1,1324,2.8,4.1,1100,4.4,6.33,-9.0,9.9,5.9,117,286,40.43,0,,,,,0,
NON_2778,36.36223662148235,127.39658609254496,대전광역시 서구 둔산동 1514,2025,11,2,12,6,autumn,0,2,2,2,0.0,2025-11-02,0,0,0,1336,9.4,1106,2.11,2.1,1100,-9.0,1.25,-9.0,9.9,6.7,2344,358,16.03,1,,,,,0,
NON_2779,36.34829654703628,127.33300776803162,대전광역시 유성구 상대동 556,2024,10,30,9,2,autumn,1,1,1,1,0.0,2024-10-30,0,0,0,1945,14.7,1511,2.4,-9.0,1200,-9.0,-9.0,-9.0,14.2,9.6,2325,1009,23.42,0,,,,,0,
NON_2780,36.361883912784876,127.35800751349485,대전광역시 유성구 봉명동 1012,2024,2,26,10,0,winter,0,1,1,1,0.0,2024-02-26,0,0,0,1620,3.7,1608,2.62,-9.0,1200,-9.0,-9.0,-9.0,4.9,7.3,806,299,25.97,0,,,,,0,
NON_2781,36.38794755868166,127.32560452834912,대전광역시 유성구 하기동 599,2024,3,6,15,2,spring,0,1,1,1,0.0,2024-03-06,0,0,0,2315,7.0,1522,2.15,-9.0,1200,0.0,-9.0,-9.0,7.2,5.8,2358,1137,18.75,0,,,,,0,
NON_2782,36.3765280303687,127.31863865171084,대전광역시 유성구 지족동 946,2024,2,28,9,2,winter,1,1,1,1,0.0,2024-02-28,0,0,0,8,6.3,1637,2.16,-9.0,1200,-9.0,-9.0,-9.0,5.9,3.7,916,1035,17.55,0,,,,,0,
NON_2783,36.346396519737674,127.42071215786193,대전광역시 동구 홍도동 862,2025,11,7,8,4,autumn,1,1,1,1,0.0,2025-11-07,0,0,0,2128,13.3,1516,2.17,-9.0,1200,-9.0,-9.0,-9.0,11.9,6.3,811,944,9.78,0,,,,,0,
NON_2784,36.36135173683693,127.35879887687045,대전광역시 유성구 어은동 262-1,2024,2,26,10,0,winter,0,1,1,1,0.0,2024-02-26,0,0,0,1620,3.7,1608,2.62,-9.0,1200,-9.0,-9.0,-9.0,4.9,7.3,806,349,18.79,0,,,,,0,
NON_2785,36.393097047483714,127.31207174580472,대전광역시 유성구 반석동 689,2024,3,26,15,1,spring,0,2,3,3,0.0,2024-03-26,0,0,0,11,6.7,1523,1.95,19.5,1000,0.2,10.33,-9.0,9.5,3.0,2358,615,17.08,0,,,,,0,
NON_2786,36.39881484271095,127.35662812010423,대전광역시 유성구 장동 364-4,2024,6,20,9,3,summer,1,1,1,1,0.0,2024-06-20,0,0,0,1354,25.7,1457,2.67,-9.0,1400,-9.0,-9.0,-9.0,33.4,6.3,6,770,39.89,0,,,,,0,
NON_2787,36.3705857888113,127.3241505298006,대전광역시 유성구 노은동 599,2024,3,23,6,5,spring,0,5,5,5,0.0,2024-03-23,0,0,0,1516,14.9,1457,3.14,0.3,1200,-9.0,2.25,-9.0,15.9,9.3,2254,737,30.76,1,,,,,0,
NON_2788,36.356005299487265,127.34145388643478,대전광역시 유성구 봉명동 442-15,2024,3,7,15,3,spring,0,1,1,1,0.0,2024-03-07,0,0,0,1334,4.6,1424,2.2,0.0,1000,-9.0,0.5,-9.0,6.9,6.7,2356,596,41.27,0,,,,,0,
NON_2789,36.361732857366945,127.35678104123504,대전광역시 유성구 어은동 316,2024,12,2,18,0,winter,1,1,1,1,0.0,2024-12-02,0,0,0,1712,8.3,1354,1.66,0.0,1100,0.0,0.45,-9.0,6.6,5.1,2313,917,8.88,0,,,,,0,
NON_2790,36.4134242316533,127.29746615575124,대전광역시 유성구 안산동 273-2,2024,3,6,10,2,spring,0,1,1,1,0.0,2024-03-06,0,0,0,2315,7.0,1522,2.15,-9.0,1200,0.0,-9.0,-9.0,7.2,5.8,2358,950,33.1,0,,,,,0,
NON_2791,36.28487503659357,127.30818747378818,대전광역시 유성구 방동 19-20,2024,3,27,13,2,spring,0,1,1,1,0.0,2024-03-27,0,0,0,1639,10.2,1438,2.79,-9.0,1200,1.2,-9.0,-9.0,11.6,9.0,711,688,33.96,0,,,,,0,
NON_2792,36.35752732919444,127.33347627106323,대전광역시 유성구 장대동 251-3,2024,3,25,8,0,spring,1,2,2,2,0.0,2024-03-25,0,0,0,2121,9.4,1033,1.45,6.8,1000,26.1,11.25,-9.0,10.0,0.0,12,319,38.83,0,,,,,0,
NON_2793,36.360406977192035,127.34727764481372,대전광역시 유성구 궁동 491,2024,3,25,13,0,spring,0,1,1,1,0.0,2024-03-25,0,0,0,2121,9.4,1033,1.45,6.8,1000,26.1,11.25,-9.0,10.0,0.0,12,574,13.25,0,,,,,0,
NON_2794,36.394693356653256,127.31020417920108,대전광역시 유성구 반석동 676,2024,3,15,15,4,spring,0,1,1,1,0.0,2024-03-15,0,0,0,1451,9.5,1609,3.06,-9.0,1200,-9.0,-9.0,-9.0,10.5,11.0,2301,888,23.02,0,,,,,0,
NON_2795,36.34951334528997,127.3397250650683,대전광역시 유성구 봉명동 1058,2024,7,23,10,1,summer,0,1,2,2,0.0,2024-07-23,0,0,0,49,27.2,1,0.67,3.9,1300,6.0,10.03,2.5,26.9,0.0,1006,552,35.41,0,,,,,0,
NON_2796,36.35558934361721,127.4162057138229,대전광역시 대덕구 오정동 404-10,2025,11,10,18,0,autumn,1,1,1,1,0.0,2025-11-10,0,0,0,352,8.9,1447,2.31,-9.0,1200,-9.0,-9.0,-9.0,8.0,9.6,906,400,32.46,0,,,,,0,
NON_2797,36.38967596622721,127.344970547795,대전광역시 유성구 하기동 26-3,2024,2,28,10,2,winter,0,1,1,1,0.0,2024-02-28,0,0,0,8,6.3,1637,2.16,-9.0,1200,-9.0,-9.0,-9.0,5.9,3.7,916,451,28.99,0,,,,,0,
NON_2798,36.37784607045522,127.41086849533872,대전광역시 대덕구 읍내동 505-3,2025,11,11,8,1,autumn,1,1,2,2,0.0,2025-11-11,0,0,0,1358,8.2,1509,2.21,-9.0,1100,-9.0,-9.0,-9.0,7.7,8.0,2220,992,35.41,0,,,,,0,
NON_2799,36.422182813731645,127.40679714018772,대전광역시 유성구 용산동 605,2024,12,13,10,4,winter,0,1,1,1,0.0,2024-12-13,0,0,0,1254,0.6,1235,0.74,0.0,1000,0.0,1.5,-9.0,0.9,0.3,226,327,36.8,0,,,,,0,
NON_2800,36.36064255937943,127.3291463876745,대전광역시 유성구 장대동 228-8,2024,3,19,10,1,spring,0,1,1,1,0.0,2024-03-19,0,0,0,1123,7.2,1433,1.48,0.0,1100,0.0,4.08,-9.0,8.7,3.2,50,969,7.82,0,,,,,0,
NON_2801,36.35307034483256,127.4175233784165,대전광역시 대덕구 오정동 728,2025,11,10,18,0,autumn,1,4,8,8,0.0,2025-11-10,0,0,0,352,8.9,1447,2.31,-9.0,1200,-9.0,-9.0,-9.0,8.0,9.6,906,941,39.55,0,,,,,0,
NON_2802,36.33619717364393,127.42058508679963,대전광역시 중구 선화동 920,2025,10,29,23,2,autumn,0,4,4,4,0.0,2025-10-29,0,0,0,1533,9.6,1506,2.4,-9.0,1200,-9.0,-9.0,-9.0,9.7,9.7,849,802,40.25,0,,,,,0,
NON_2803,36.358867857533966,127.33503854583539,대전광역시 유성구 장대동 277-6,2024,3,8,11,4,spring,0,1,1,1,0.0,2024-03-08,0,0,0,1350,2.9,1304,2.9,-9.0,1200,-9.0,-9.0,-9.0,4.4,10.2,2400,794,22.56,0,,,,,0,
NON_2804,36.359783102053484,127.34393385456538,대전광역시 유성구 궁동 473,2024,3,24,7,6,spring,0,1,1,1,0.0,2024-03-24,0,0,0,839,14.1,1602,2.03,-9.0,1400,-9.0,-9.0,-9.0,15.1,3.6,936,372,13.63,1,,,,,0,
NON_2805,36.39183271934727,127.39483714956998,대전광역시 유성구 문지동 103-15,2024,3,20,9,2,spring,1,4,4,4,0.0,2024-03-20,0,0,0,259,4.6,1337,3.01,-9.0,1100,-9.0,-9.0,-9.0,8.7,9.9,947,449,38.61,0,,,,,0,
NON_2806,36.3968215368086,127.31244600581091,대전광역시 유성구 외삼동 587,2024,3,25,10,0,spring,0,1,1,1,0.0,2024-03-25,0,0,0,2121,9.4,1033,1.45,6.8,1000,26.1,11.25,-9.0,10.0,0.0,12,362,48.28,0,,,,,0,
NON_2807,36.36038214759939,127.34338781202192,대전광역시 유성구 궁동 473,2024,3,24,7,6,spring,0,1,1,1,0.0,2024-03-24,0,0,0,839,14.1,1602,2.03,-9.0,1400,-9.0,-9.0,-9.0,15.1,3.6,936,372,13.63,1,,,,,0,
NON_2808,36.35097058515617,127.35172044606706,대전광역시 서구 월평동 163-31,2024,3,26,14,1,spring,0,1,1,1,0.0,2024-03-26,0,0,0,11,6.7,1523,1.95,19.5,1000,0.2,10.33,-9.0,9.5,3.0,2358,748,47.88,0,,,,,0,
NON_2809,36.324497150641136,127.31836128934273,대전광역시 유성구 용계동 623,2024,10,28,10,0,autumn,0,1,1,1,0.0,2024-10-28,0,0,0,2246,14.8,1145,1.41,0.0,1100,0.0,1.17,0.0,15.4,0.4,2309,1068,10.9,0,,,,,0,
NON_2810,36.37450888773038,127.3051189341755,대전광역시 유성구 지족동 1060-1,2024,3,7,14,3,spring,0,3,3,3,0.0,2024-03-07,0,0,0,1334,4.6,1424,2.2,0.0,1000,-9.0,0.5,-9.0,6.9,6.7,2356,1046,14.08,0,,,,,0,
NON_2811,36.393223729953085,127.35007994784779,대전광역시 유성구 자운동 515-22,2024,2,29,14,3,winter,0,1,1,1,0.0,2024-02-29,0,0,0,2400,5.1,1247,0.6,0.2,1400,0.2,3.0,-9.0,5.5,0.0,49,781,32.81,0,,,,,0,
NON_2812,36.42993317237003,127.38181011438073,대전광역시 유성구 송강동 168-2,2024,3,19,14,1,spring,0,3,3,3,0.0,2024-03-19,0,0,0,1123,7.2,1433,1.48,0.0,1100,0.0,4.08,-9.0,8.7,3.2,50,998,30.72,0,,,,,0,
NON_2813,36.344545060804606,127.2952461629336,대전광역시 유성구 계산동 242,2024,4,5,7,4,spring,0,1,1,1,0.0,2024-04-05,0,0,0,28,13.3,1540,3.03,0.0,1300,0.0,0.5,0.0,14.6,6.1,921,648,30.55,0,,,,,0,
NON_2814,36.36639927870905,127.31540708731269,대전광역시 유성구 노은동 553-2,2024,3,25,14,0,spring,0,1,1,1,0.0,2024-03-25,0,0,0,2121,9.4,1033,1.45,6.8,1000,26.1,11.25,-9.0,10.0,0.0,12,324,32.32,0,,,,,0,
NON_2815,36.3526339793975,127.4104336503265,대전광역시 대덕구 오정동 726,2025,11,8,12,5,autumn,0,1,1,1,0.0,2025-11-08,0,0,0,106,13.7,1407,1.13,0.4,1000,0.4,3.33,-9.0,13.1,0.4,628,228,18.43,1,,,,,0,
NON_2816,36.34713455996837,127.42133009235204,대전광역시 동구 홍도동 826-3,2025,11,10,18,0,autumn,1,1,1,1,0.0,2025-11-10,0,0,0,352,8.9,1447,2.31,-9.0,1200,-9.0,-9.0,-9.0,8.0,9.6,906,414,23.18,0,,,,,0,
NON_2817,36.36375341499685,127.33778293464714,대전광역시 유성구 장대동 321,2025,11,2,12,6,autumn,0,1,1,1,0.0,2025-11-02,0,0,0,1336,9.4,1106,2.11,2.1,1100,-9.0,1.25,-9.0,9.9,6.7,2344,302,7.8,1,,,,,0,
NON_2818,36.39017984941013,127.40613109351978,대전광역시 유성구 문지동 668,2025,11,5,12,2,autumn,0,3,3,3,0.0,2025-11-05,0,0,0,1630,10.4,1502,2.04,-9.0,1200,-9.0,-9.0,-9.0,10.3,7.3,921,1135,15.04,0,,,,,0,
NON_2819,36.31425561787987,127.31546272715477,대전광역시 유성구 대정동 507,2024,7,23,10,1,summer,0,1,1,1,0.0,2024-07-23,0,0,0,49,27.2,1,0.67,3.9,1300,6.0,10.03,2.5,26.9,0.0,1006,505,47.52,0,,,,,0,
NON_2820,36.36867392967738,127.31839688598924,대전광역시 유성구 노은동 583,2024,2,28,9,2,winter,1,1,1,1,0.0,2024-02-28,0,0,0,8,6.3,1637,2.16,-9.0,1200,-9.0,-9.0,-9.0,5.9,3.7,916,764,36.9,0,,,,,0,
NON_2821,36.38142977685717,127.4055051890459,대전광역시 유성구 원촌동 90,2024,2,29,13,3,winter,0,3,3,3,0.0,2024-02-29,0,0,0,2400,5.1,1247,0.6,0.2,1400,0.2,3.0,-9.0,5.5,0.0,49,695,9.83,0,,,,,0,
NON_2822,36.35786516527684,127.33755776070713,대전광역시 유성구 장대동 290,2024,8,1,9,3,summer,1,2,2,2,0.0,2024-08-01,0,0,0,1028,30.0,1448,2.84,-9.0,1300,-9.0,-9.0,-9.0,34.4,5.9,156,1056,12.95,0,,,,,0,
NON_2823,36.3799886313386,127.40915792593916,대전광역시 유성구 원촌동 45-12,2025,11,3,18,0,autumn,1,1,1,1,0.0,2025-11-03,0,0,0,54,7.0,1519,2.35,-9.0,1200,-9.0,-9.0,-9.0,7.3,9.7,856,802,9.02,0,,,,,0,
NON_2824,36.313066286678804,127.33072785328996,대전광역시 유성구 대정동 679-1,2024,3,8,14,4,spring,0,2,2,2,0.0,2024-03-08,0,0,0,1350,2.9,1304,2.9,-9.0,1200,-9.0,-9.0,-9.0,4.4,10.2,2400,914,25.83,0,,,,,0,
NON_2825,36.378335138750614,127.40951075162427,대전광역시 유성구 원촌동 266,2025,11,10,18,0,autumn,1,1,1,1,0.0,2025-11-10,0,0,0,352,8.9,1447,2.31,-9.0,1200,-9.0,-9.0,-9.0,8.0,9.6,906,1043,38.35,0,,,,,0,
NON_2826,36.360521244643344,127.33464325849296,대전광역시 유성구 장대동 289,2024,12,19,10,3,winter,0,1,1,1,0.0,2024-12-19,0,0,0,1500,-1.9,1407,1.93,-9.0,1200,-9.0,-9.0,-9.0,-2.5,8.5,913,438,6.6,0,,,,,0,
NON_2827,36.3357550160942,127.42137680787164,대전광역시 중구 선화동 920,2025,10,29,23,2,autumn,0,3,3,3,0.0,2025-10-29,0,0,0,1533,9.6,1506,2.4,-9.0,1200,-9.0,-9.0,-9.0,9.7,9.7,849,1064,11.8,0,,,,,0,
NON_2828,36.3004353132088,127.32003488788355,대전광역시 유성구 원내동 735,2024,4,4,6,3,spring,0,2,2,2,0.0,2024-04-04,0,0,0,2335,13.4,1031,1.56,0.0,1000,0.0,0.8,0.0,14.2,0.2,2355,577,30.97,0,,,,,0,
NON_2829,36.33078203497857,127.31365942482569,대전광역시 유성구 용계동 390-3,2024,7,23,10,1,summer,0,1,1,1,0.0,2024-07-23,0,0,0,49,27.2,1,0.67,3.9,1300,6.0,10.03,2.5,26.9,0.0,1006,341,18.88,0,,,,,0,
NON_2830,36.31383887039841,127.32075695117372,대전광역시 유성구 대정동 318,2024,3,6,15,2,spring,0,1,1,1,0.0,2024-03-06,0,0,0,2315,7.0,1522,2.15,-9.0,1200,0.0,-9.0,-9.0,7.2,5.8,2358,525,23.21,0,,,,,0,
NON_2831,36.357215978841985,127.31015865521688,대전광역시 유성구 구암동 495-3,2025,11,2,11,6,autumn,0,1,1,1,0.0,2025-11-02,0,0,0,1336,9.4,1106,2.11,2.1,1100,-9.0,1.25,-9.0,9.9,6.7,2344,585,13.29,1,,,,,0,
NON_2832,36.3597555977429,127.33923205672927,대전광역시 유성구 장대동 373,2024,3,16,7,5,spring,0,1,3,4,0.0,2024-03-16,0,0,0,1616,11.4,1456,2.99,0.0,1200,0.0,1.25,-9.0,12.9,8.8,236,185,29.8,1,,,,,0,
NON_2833,36.39541316939639,127.3486201007593,대전광역시 유성구 자운동 515-21,2024,2,14,13,2,winter,0,2,2,2,0.0,2024-02-14,0,0,0,1630,13.2,1441,1.57,0.0,1400,0.0,2.67,-9.0,10.8,2.8,11,1015,16.37,0,,,,,0,
NON_2834,36.430277893168416,127.38294851739819,대전광역시 유성구 송강동 556,2024,2,29,13,3,winter,0,2,2,2,0.0,2024-02-29,0,0,0,2400,5.1,1247,0.6,0.2,1400,0.2,3.0,-9.0,5.5,0.0,49,648,46.72,0,,,,,0,
NON_2835,36.37501076366844,127.41448296592377,대전광역시 대덕구 대화동 568-33,2025,11,10,18,0,autumn,1,1,1,1,0.0,2025-11-10,0,0,0,352,8.9,1447,2.31,-9.0,1200,-9.0,-9.0,-9.0,8.0,9.6,906,915,11.81,0,,,,,0,
NON_2836,36.33061740401215,127.3707827091533,대전광역시 서구 변동 254-478,2025,10,25,15,5,autumn,0,1,1,1,0.0,2025-10-25,0,0,0,1704,14.3,1408,1.57,-9.0,1200,0.0,-9.0,-9.0,15.4,2.4,1,588,21.83,1,,,,,0,
NON_2837,36.3592456507817,127.3359241515071,대전광역시 유성구 장대동 290,2024,3,16,7,5,spring,0,4,4,4,0.0,2024-03-16,0,0,0,1616,11.4,1456,2.99,0.0,1200,0.0,1.25,-9.0,12.9,8.8,236,301,14.72,1,,,,,0,
NON_2838,36.33775582872757,127.41981419785161,대전광역시 동구 성남동 491-2,2025,11,8,14,5,autumn,0,1,1,1,0.0,2025-11-08,0,0,0,106,13.7,1407,1.13,0.4,1000,0.4,3.33,-9.0,13.1,0.4,628,204,37.49,1,,,,,0,
NON_2839,36.36242838865328,127.35709760641048,대전광역시 유성구 어은동 59-12,2024,4,4,6,3,spring,0,1,2,2,0.0,2024-04-04,0,0,0,2335,13.4,1031,1.56,0.0,1000,0.0,0.8,0.0,14.2,0.2,2355,940,27.17,0,,,,,0,
NON_2840,36.34707331124878,127.32565635326556,대전광역시 유성구 구암동 225-4,2024,2,19,10,0,winter,0,1,1,1,0.0,2024-02-19,0,0,0,1349,9.8,1344,0.59,16.6,1300,1.2,13.83,-9.0,9.7,0.0,2253,542,17.46,0,,,,,0,
NON_2841,36.36063409269631,127.29268901826951,대전광역시 유성구 갑동 392-11,2024,7,25,10,3,summer,0,1,1,1,0.0,2024-07-25,0,0,0,1749,28.1,1446,3.29,0.1,1400,0.1,0.83,0.1,33.5,7.6,2229,314,27.23,0,,,,,0,
NON_2842,36.39144605234547,127.35815601398345,대전광역시 유성구 장동 130-3,2024,3,20,9,2,spring,1,1,1,1,0.0,2024-03-20,0,0,0,259,4.6,1337,3.01,-9.0,1100,-9.0,-9.0,-9.0,8.7,9.9,947,639,12.49,0,,,,,0,
NON_2843,36.40053792138866,127.31278176505218,대전광역시 유성구 외삼동 574-5,2024,3,6,9,2,spring,1,3,3,3,0.0,2024-03-06,0,0,0,2315,7.0,1522,2.15,-9.0,1200,0.0,-9.0,-9.0,7.2,5.8,2358,710,25.25,0,,,,,0,
NON_2844,36.33823285001584,127.31631955467806,대전광역시 유성구 학하동 685-139,2024,9,8,15,6,autumn,0,1,1,1,0.0,2024-09-08,0,0,0,1556,27.6,1504,3.17,-9.0,1200,-9.0,-9.0,-9.0,34.8,10.4,755,610,24.66,1,,,,,0,
NON_2845,36.31040082097999,127.30828581664997,대전광역시 유성구 교촌동 422-1,2024,4,4,10,3,spring,0,1,1,1,0.0,2024-04-04,0,0,0,2335,13.4,1031,1.56,0.0,1000,0.0,0.8,0.0,14.2,0.2,2355,290,10.92,0,,,,,0,
NON_2846,36.400223150331556,127.39784270503723,대전광역시 유성구 전민동 898,2024,3,23,7,5,spring,0,1,1,1,0.0,2024-03-23,0,0,0,1516,14.9,1457,3.14,0.3,1200,-9.0,2.25,-9.0,15.9,9.3,2254,580,30.96,1,,,,,0,
NON_2847,36.36153197876055,127.3563147192837,대전광역시 유성구 어은동 109,2024,12,8,18,6,winter,1,1,1,1,0.0,2024-12-08,0,0,0,1433,0.5,1422,2.02,0.0,1200,-9.0,0.25,-9.0,0.5,8.1,930,551,30.14,1,,,,,0,
NON_2848,36.35788499213283,127.33551770410371,대전광역시 유성구 장대동 277-6,2024,3,8,11,4,spring,0,1,1,1,0.0,2024-03-08,0,0,0,1350,2.9,1304,2.9,-9.0,1200,-9.0,-9.0,-9.0,4.4,10.2,2400,794,22.56,0,,,,,0,
NON_2849,36.32754562917125,127.43289699542068,대전광역시 동구 원동 60-5,2025,11,9,12,6,autumn,0,1,1,1,0.0,2025-11-09,0,0,0,1345,13.7,1305,1.95,0.0,1300,-9.0,0.75,-9.0,13.0,6.8,1,526,20.91,1,,,,,0,
NON_2850,36.3920092159506,127.31104775567569,대전광역시 유성구 반석동 676,2024,3,22,16,4,spring,0,2,3,3,0.0,2024-03-22,0,0,0,1442,10.1,1324,2.8,4.1,1100,4.4,6.33,-9.0,9.9,5.9,117,248,47.88,0,,,,,0,
NON_2851,36.35200209522846,127.40096807865102,대전광역시 서구 둔산동 2168,2025,11,5,19,2,autumn,1,1,1,1,0.0,2025-11-05,0,0,0,1630,10.4,1502,2.04,-9.0,1200,-9.0,-9.0,-9.0,10.3,7.3,921,443,27.06,0,,,,,0,
NON_2852,36.36360360344378,127.3141192633475,대전광역시 유성구 노은동 603,2024,3,26,8,1,spring,1,6,6,6,0.0,2024-03-26,0,0,0,11,6.7,1523,1.95,19.5,1000,0.2,10.33,-9.0,9.5,3.0,2358,612,46.59,0,,,,,0,
NON_2853,36.35085437672946,127.33766071414229,대전광역시 유성구 구암동 641,2024,4,4,10,3,spring,0,1,4,6,0.0,2024-04-04,0,0,0,2335,13.4,1031,1.56,0.0,1000,0.0,0.8,0.0,14.2,0.2,2355,341,12.48,0,,,,,0,
NON_2854,36.3759044281279,127.32266316123004,대전광역시 유성구 지족동 975,2024,4,22,14,0,spring,0,1,1,1,0.0,2024-04-22,0,0,0,1623,17.4,1414,3.34,0.0,1200,-9.0,0.37,0.0,20.9,6.2,2217,1049,34.88,0,,,,,0,
NON_2855,36.28525753784892,127.30783124296217,대전광역시 유성구 방동 19-20,2024,3,27,13,2,spring,0,1,1,1,0.0,2024-03-27,0,0,0,1639,10.2,1438,2.79,-9.0,1200,1.2,-9.0,-9.0,11.6,9.0,711,688,33.96,0,,,,,0,
NON_2856,36.37441705341637,127.39083378907435,대전광역시 유성구 도룡동 465-1,2024,2,22,14,3,winter,0,2,2,2,0.0,2024-02-22,0,0,0,1233,2.1,1350,0.58,3.7,1300,0.5,20.08,-9.0,3.8,0.0,2122,813,9.36,0,,,,,0,
NON_2857,36.35973031031418,127.30558995965048,대전광역시 유성구 덕명동 570,2024,10,28,10,0,autumn,0,1,1,1,0.0,2024-10-28,0,0,0,2246,14.8,1145,1.41,0.0,1100,0.0,1.17,0.0,15.4,0.4,2309,393,21.95,0,,,,,0,
NON_2858,36.39335684460927,127.31266238868163,대전광역시 유성구 반석동 689,2024,3,15,15,4,spring,0,1,1,1,0.0,2024-03-15,0,0,0,1451,9.5,1609,3.06,-9.0,1200,-9.0,-9.0,-9.0,10.5,11.0,2301,446,17.3,0,,,,,0,
NON_2859,36.33703311695288,127.4122544843194,대전광역시 중구 중촌동 18-6,2025,10,25,11,5,autumn,0,1,1,1,0.0,2025-10-25,0,0,0,1704,14.3,1408,1.57,-9.0,1200,0.0,-9.0,-9.0,15.4,2.4,1,636,25.78,1,,,,,0,
NON_2860,36.33619420071009,127.42102868411081,대전광역시 중구 선화동 920,2025,11,9,15,6,autumn,0,6,11,11,0.0,2025-11-09,0,0,0,1345,13.7,1305,1.95,0.0,1300,-9.0,0.75,-9.0,13.0,6.8,1,569,24.39,1,,,,,0,
NON_2861,36.385175019688816,127.35140049712166,대전광역시 유성구 신성동 281-5,2024,3,20,5,2,spring,0,2,2,2,0.0,2024-03-20,0,0,0,259,4.6,1337,3.01,-9.0,1100,-9.0,-9.0,-9.0,8.7,9.9,947,560,40.03,0,,,,,0,
NON_2862,36.385260321327756,127.32135563298073,대전광역시 유성구 하기동 585,2024,4,4,15,3,spring,0,1,1,7,0.0,2024-04-04,0,0,0,2335,13.4,1031,1.56,0.0,1000,0.0,0.8,0.0,14.2,0.2,2355,866,8.21,0,,,,,0,
NON_2863,36.43092643096904,127.38055728081054,대전광역시 유성구 송강동 168-2,2024,3,19,14,1,spring,0,1,1,1,0.0,2024-03-19,0,0,0,1123,7.2,1433,1.48,0.0,1100,0.0,4.08,-9.0,8.7,3.2,50,307,17.08,0,,,,,0,
NON_2864,36.363488602213366,127.34669000166453,대전광역시 유성구 궁동 438,2024,3,5,6,1,spring,0,2,2,2,0.0,2024-03-05,0,0,0,1830,5.9,1,0.29,2.5,1000,0.3,15.42,-9.0,5.8,0.0,208,488,10.32,0,,,,,0,
NON_2865,36.362446943619574,127.34105039346795,대전광역시 유성구 궁동 352,2024,12,12,15,3,winter,0,1,1,1,0.0,2024-12-12,0,0,0,1320,1.2,1340,1.95,-9.0,1200,-9.0,-9.0,-9.0,0.6,6.7,934,447,20.38,0,,,,,0,
NON_2866,36.35318420255245,127.4182320167936,대전광역시 대덕구 오정동 429-24,2025,11,10,18,0,autumn,1,1,1,1,0.0,2025-11-10,0,0,0,352,8.9,1447,2.31,-9.0,1200,-9.0,-9.0,-9.0,8.0,9.6,906,479,42.27,0,,,,,0,
NON_2867,36.39423473133183,127.35005920124817,대전광역시 유성구 자운동 515-22,2024,2,29,14,3,winter,0,1,1,1,0.0,2024-02-29,0,0,0,2400,5.1,1247,0.6,0.2,1400,0.2,3.0,-9.0,5.5,0.0,49,781,32.81,0,,,,,0,
NON_2868,36.39169188300557,127.35950774400689,대전광역시 유성구 장동 130-3,2024,3,20,9,2,spring,1,1,1,1,0.0,2024-03-20,0,0,0,259,4.6,1337,3.01,-9.0,1100,-9.0,-9.0,-9.0,8.7,9.9,947,639,12.49,0,,,,,0,
NON_2869,36.39441315309571,127.35228383000683,대전광역시 유성구 신성동 549,2024,3,19,15,1,spring,0,1,1,1,0.0,2024-03-19,0,0,0,1123,7.2,1433,1.48,0.0,1100,0.0,4.08,-9.0,8.7,3.2,50,414,30.05,0,,,,,0,
NON_2870,36.405368628012205,127.40319092682698,대전광역시 유성구 전민동 841-6,2024,3,4,13,0,spring,0,1,1,1,0.0,2024-03-04,0,0,0,1729,6.7,1428,2.21,-9.0,1100,2.2,-9.0,-9.0,6.7,5.7,956,190,39.23,0,,,,,0,
NON_2871,36.343327863068836,127.4072614337155,대전광역시 중구 중촌동 266-11,2025,10,25,12,5,autumn,0,1,1,1,0.0,2025-10-25,0,0,0,1704,14.3,1408,1.57,-9.0,1200,0.0,-9.0,-9.0,15.4,2.4,1,672,32.22,1,,,,,0,
NON_2872,36.358950723089556,127.41622580705352,대전광역시 대덕구 오정동 707,2025,11,3,11,0,autumn,0,1,1,1,0.0,2025-11-03,0,0,0,54,7.0,1519,2.35,-9.0,1200,-9.0,-9.0,-9.0,7.3,9.7,856,1087,21.65,0,,,,,0,
NON_2873,36.30798904856625,127.44576085918341,대전광역시 중구 석교동 102-7,2025,11,9,12,6,autumn,0,2,2,2,0.0,2025-11-09,0,0,0,1345,13.7,1305,1.95,0.0,1300,-9.0,0.75,-9.0,13.0,6.8,1,206,15.77,1,,,,,0,
NON_2874,36.36965866854966,127.35122324249942,대전광역시 유성구 궁동 220,2024,8,5,17,0,summer,0,1,1,1,0.0,2024-08-05,0,0,0,1537,27.4,1354,2.94,34.3,1300,33.2,3.38,27.8,30.1,5.4,2231,636,28.81,0,,,,,0,
NON_2875,36.39143000877814,127.33027813311037,대전광역시 유성구 하기동 603,2024,3,20,5,2,spring,0,1,5,5,0.0,2024-03-20,0,0,0,259,4.6,1337,3.01,-9.0,1100,-9.0,-9.0,-9.0,8.7,9.9,947,680,40.36,0,,,,,0,
NON_2876,36.30086658646871,127.45249608531766,대전광역시 중구 옥계동 51-1,2025,11,9,12,6,autumn,0,1,1,1,0.0,2025-11-09,0,0,0,1345,13.7,1305,1.95,0.0,1300,-9.0,0.75,-9.0,13.0,6.8,1,270,13.85,1,,,,,0,
NON_2877,36.39953636702549,127.31497997074135,대전광역시 유성구 외삼동 577,2024,3,20,9,2,spring,1,2,4,4,0.0,2024-03-20,0,0,0,259,4.6,1337,3.01,-9.0,1100,-9.0,-9.0,-9.0,8.7,9.9,947,1046,16.36,0,,,,,0,
NON_2878,36.41800603560813,127.378732263489,대전광역시 유성구 관평동 657-3,2024,8,5,16,0,summer,0,1,1,1,0.0,2024-08-05,0,0,0,1537,27.4,1354,2.94,34.3,1300,33.2,3.38,27.8,30.1,5.4,2231,305,26.32,0,,,,,0,
NON_2879,36.33966399701921,127.34318497846496,대전광역시 유성구 원신흥동 586,2024,12,11,10,2,winter,0,1,1,1,0.0,2024-12-11,0,0,0,2144,2.5,1546,1.35,-9.0,1200,-9.0,-9.0,-9.0,1.8,5.0,2325,893,6.89,0,,,,,0,
NON_2880,36.38689265499974,127.33851234575089,대전광역시 유성구 하기동 148-12,2024,2,28,10,2,winter,0,1,1,1,0.0,2024-02-28,0,0,0,8,6.3,1637,2.16,-9.0,1200,-9.0,-9.0,-9.0,5.9,3.7,916,982,9.31,0,,,,,0,
NON_2881,36.41613216036916,127.2984858420706,대전광역시 유성구 안산동 284-1,2024,3,20,10,2,spring,0,2,2,2,0.0,2024-03-20,0,0,0,259,4.6,1337,3.01,-9.0,1100,-9.0,-9.0,-9.0,8.7,9.9,947,940,27.25,0,,,,,0,
NON_2882,36.450392341669485,127.42161651108654,대전광역시 대덕구 석봉동 766,2024,3,26,11,1,spring,0,1,1,1,0.0,2024-03-26,0,0,0,11,6.7,1523,1.95,19.5,1000,0.2,10.33,-9.0,9.5,3.0,2358,627,33.94,0,,,,,0,
NON_2883,36.37198997114843,127.32150272431598,대전광역시 유성구 노은동 569,2024,3,25,6,0,spring,0,3,3,3,0.0,2024-03-25,0,0,0,2121,9.4,1033,1.45,6.8,1000,26.1,11.25,-9.0,10.0,0.0,12,707,45.79,0,,,,,0,
NON_2884,36.362886599837935,127.34684467651894,대전광역시 유성구 궁동 438,2024,3,5,6,1,spring,0,2,2,2,0.0,2024-03-05,0,0,0,1830,5.9,1,0.29,2.5,1000,0.3,15.42,-9.0,5.8,0.0,208,488,10.32,0,,,,,0,
NON_2885,36.36019886672269,127.3543203704714,대전광역시 유성구 어은동 311,2024,12,6,13,4,winter,0,2,2,2,0.0,2024-12-06,0,0,0,1501,4.0,1354,2.01,0.0,1200,-9.0,0.33,-9.0,4.0,5.8,2219,417,10.14,0,,,,,0,
NON_2886,36.381512838148446,127.40665780410369,대전광역시 유성구 원촌동 90,2024,2,29,13,3,winter,0,4,4,4,0.0,2024-02-29,0,0,0,2400,5.1,1247,0.6,0.2,1400,0.2,3.0,-9.0,5.5,0.0,49,377,9.09,0,,,,,0,
NON_2887,36.34143710335857,127.33814189576586,대전광역시 유성구 상대동 498,2025,1,23,14,3,winter,0,2,2,2,0.0,2025-01-23,0,0,0,1854,2.9,1543,1.98,-9.0,1200,-9.0,-9.0,-9.0,3.1,8.5,922,335,9.4,0,,,,,0,
NON_2888,36.36178632626156,127.34458229515138,대전광역시 유성구 궁동 220-9,2024,12,12,13,3,winter,0,1,1,1,0.0,2024-12-12,0,0,0,1320,1.2,1340,1.95,-9.0,1200,-9.0,-9.0,-9.0,0.6,6.7,934,660,37.84,0,,,,,0,
NON_2889,36.35908626463006,127.30935543180051,대전광역시 유성구 구암동 692,2025,2,11,14,1,winter,0,1,1,1,0.0,2025-02-11,0,0,0,1152,0.3,1551,2.46,-9.0,1200,3.9,-9.0,-9.0,1.0,9.7,826,194,16.91,0,,,,,0,
NON_2890,36.32203103267229,127.4117711680286,대전광역시 중구 오류동 195,2025,10,25,15,5,autumn,0,1,1,1,0.0,2025-10-25,0,0,0,1704,14.3,1408,1.57,-9.0,1200,0.0,-9.0,-9.0,15.4,2.4,1,363,18.01,1,,,,,0,
NON_2891,36.38794120913034,127.3253238637424,대전광역시 유성구 하기동 597-3,2024,3,6,15,2,spring,0,1,1,1,0.0,2024-03-06,0,0,0,2315,7.0,1522,2.15,-9.0,1200,0.0,-9.0,-9.0,7.2,5.8,2358,579,19.21,0,,,,,0,
NON_2892,36.46530825441921,127.39655232074676,대전광역시 유성구 금고동 산 21,2024,3,27,16,2,spring,0,3,3,3,0.0,2024-03-27,0,0,0,1639,10.2,1438,2.79,-9.0,1200,1.2,-9.0,-9.0,11.6,9.0,711,573,34.75,0,,,,,0,
NON_2893,36.34924267469762,127.32280114050548,대전광역시 유성구 구암동 289,2024,3,27,10,2,spring,0,1,1,1,0.0,2024-03-27,0,0,0,1639,10.2,1438,2.79,-9.0,1200,1.2,-9.0,-9.0,11.6,9.0,711,643,21.79,0,,,,,0,
NON_2894,36.37731378375378,127.30576846018901,대전광역시 유성구 지족동 1062-1,2024,2,29,13,3,winter,0,1,1,1,0.0,2024-02-29,0,0,0,2400,5.1,1247,0.6,0.2,1400,0.2,3.0,-9.0,5.5,0.0,49,310,29.3,0,,,,,0,
NON_2895,36.31351253430776,127.31924008065782,대전광역시 유성구 대정동 318,2024,3,6,15,2,spring,0,1,1,1,0.0,2024-03-06,0,0,0,2315,7.0,1522,2.15,-9.0,1200,0.0,-9.0,-9.0,7.2,5.8,2358,525,23.21,0,,,,,0,
NON_2896,36.37058503318083,127.3147181316852,대전광역시 유성구 노은동 570,2024,3,26,8,1,spring,1,2,2,2,0.0,2024-03-26,0,0,0,11,6.7,1523,1.95,19.5,1000,0.2,10.33,-9.0,9.5,3.0,2358,771,37.11,0,,,,,0,
NON_2897,36.36477130730004,127.33792354451312,대전광역시 유성구 장대동 321,2025,11,2,12,6,autumn,0,1,1,1,0.0,2025-11-02,0,0,0,1336,9.4,1106,2.11,2.1,1100,-9.0,1.25,-9.0,9.9,6.7,2344,302,7.8,1,,,,,0,
NON_2898,36.374332376949,127.41497135437567,대전광역시 대덕구 읍내동 543-1,2025,11,5,8,2,autumn,1,3,3,3,0.0,2025-11-05,0,0,0,1630,10.4,1502,2.04,-9.0,1200,-9.0,-9.0,-9.0,10.3,7.3,921,693,6.67,0,,,,,0,
NON_2899,36.361814245232345,127.34776248599965,대전광역시 유성구 궁동 438,2024,3,8,7,4,spring,0,3,3,3,0.0,2024-03-08,0,0,0,1350,2.9,1304,2.9,-9.0,1200,-9.0,-9.0,-9.0,4.4,10.2,2400,1067,15.6,0,,,,,0,
NON_2900,36.350201388831984,127.33740943228813,대전광역시 유성구 구암동 638,2025,2,5,14,2,winter,0,1,1,1,0.0,2025-02-05,0,0,0,1536,-6.4,1446,2.25,0.0,1300,0.0,3.0,-9.0,-1.5,9.1,2354,304,9.97,0,,,,,0,
NON_2901,36.34866763674859,127.32361554986437,대전광역시 유성구 구암동 289,2024,3,27,10,2,spring,0,1,1,1,0.0,2024-03-27,0,0,0,1639,10.2,1438,2.79,-9.0,1200,1.2,-9.0,-9.0,11.6,9.0,711,643,21.79,0,,,,,0,
NON_2902,36.41949034236893,127.38690359401883,대전광역시 유성구 관평동 673,2024,12,2,14,0,winter,0,1,1,1,0.0,2024-12-02,0,0,0,1712,8.3,1354,1.66,0.0,1100,0.0,0.45,-9.0,6.6,5.1,2313,395,24.12,0,,,,,0,
NON_2903,36.38053359014426,127.31696287750985,대전광역시 유성구 지족동 948,2024,7,1,15,0,summer,0,2,2,2,0.0,2024-07-01,0,0,0,1537,26.2,1700,2.97,-9.0,1300,49.3,-9.0,-9.0,29.7,8.7,2224,756,15.62,0,,,,,0,
NON_2904,36.399567590170896,127.39527798784992,대전광역시 유성구 전민동 816-1,2024,3,19,15,1,spring,0,1,1,1,0.0,2024-03-19,0,0,0,1123,7.2,1433,1.48,0.0,1100,0.0,4.08,-9.0,8.7,3.2,50,1122,41.81,0,,,,,0,
NON_2905,36.34458397719551,127.29875398186606,대전광역시 유성구 계산동 775,2024,3,8,10,4,spring,0,1,1,1,0.0,2024-03-08,0,0,0,1350,2.9,1304,2.9,-9.0,1200,-9.0,-9.0,-9.0,4.4,10.2,2400,982,40.31,0,,,,,0,
NON_2906,36.44471037509394,127.43080655308374,대전광역시 대덕구 신탄진동 745,2024,3,26,10,1,spring,0,1,1,1,0.0,2024-03-26,0,0,0,11,6.7,1523,1.95,19.5,1000,0.2,10.33,-9.0,9.5,3.0,2358,696,35.19,0,,,,,0,
NON_2907,36.414951077449,127.40715589915052,대전광역시 유성구 탑립동 945,2024,3,27,13,2,spring,0,3,3,3,0.0,2024-03-27,0,0,0,1639,10.2,1438,2.79,-9.0,1200,1.2,-9.0,-9.0,11.6,9.0,711,298,46.13,0,,,,,0,
NON_2908,36.38321173189395,127.32268870268805,대전광역시 유성구 죽동 630,2024,2,28,15,2,winter,0,4,4,4,0.0,2024-02-28,0,0,0,8,6.3,1637,2.16,-9.0,1200,-9.0,-9.0,-9.0,5.9,3.7,916,320,12.29,0,,,,,0,
NON_2909,36.30017851107472,127.31598038456572,대전광역시 유성구 원내동 735,2024,7,23,10,1,summer,0,3,3,3,0.0,2024-07-23,0,0,0,49,27.2,1,0.67,3.9,1300,6.0,10.03,2.5,26.9,0.0,1006,714,18.15,0,,,,,0,
NON_2910,36.39846765945938,127.3155634541976,대전광역시 유성구 외삼동 574-5,2024,3,25,10,0,spring,0,4,7,7,0.0,2024-03-25,0,0,0,2121,9.4,1033,1.45,6.8,1000,26.1,11.25,-9.0,10.0,0.0,12,862,40.81,0,,,,,0,
NON_2911,36.398151928741235,127.35736038208556,대전광역시 유성구 장동 419-1,2024,2,29,12,3,winter,0,1,1,1,0.0,2024-02-29,0,0,0,2400,5.1,1247,0.6,0.2,1400,0.2,3.0,-9.0,5.5,0.0,49,369,22.57,0,,,,,0,
NON_2912,36.34252857018167,127.42775377161955,대전광역시 동구 성남동 226-3,2025,11,10,18,0,autumn,1,1,2,2,0.0,2025-11-10,0,0,0,352,8.9,1447,2.31,-9.0,1200,-9.0,-9.0,-9.0,8.0,9.6,906,583,38.37,0,,,,,0,
NON_2913,36.35669029949678,127.4165068375373,대전광역시 대덕구 오정동 728,2025,11,11,8,1,autumn,1,4,10,10,0.0,2025-11-11,0,0,0,1358,8.2,1509,2.21,-9.0,1100,-9.0,-9.0,-9.0,7.7,8.0,2220,931,9.28,0,,,,,0,
NON_2914,36.35381276077627,127.34107371506593,대전광역시 유성구 봉명동 553-2,2024,10,30,14,2,autumn,0,1,1,1,0.0,2024-10-30,0,0,0,1945,14.7,1511,2.4,-9.0,1200,-9.0,-9.0,-9.0,14.2,9.6,2325,830,37.21,0,,,,,0,
NON_2915,36.391653302825645,127.39454214826138,대전광역시 유성구 문지동 103-15,2024,3,27,10,2,spring,0,5,9,9,0.0,2024-03-27,0,0,0,1639,10.2,1438,2.79,-9.0,1200,1.2,-9.0,-9.0,11.6,9.0,711,501,37.81,0,,,,,0,
NON_2916,36.35905736747084,127.33689709898505,대전광역시 유성구 장대동 290,2024,7,30,9,1,summer,1,1,1,1,0.0,2024-07-30,0,0,0,44,28.7,1339,3.44,-9.0,1300,-9.0,-9.0,-9.0,33.9,7.4,735,1058,12.47,0,,,,,0,
NON_2917,36.35006524761518,127.33786156061188,대전광역시 유성구 봉명동 576-1,2024,3,16,7,5,spring,0,1,1,1,0.0,2024-03-16,0,0,0,1616,11.4,1456,2.99,0.0,1200,0.0,1.25,-9.0,12.9,8.8,236,603,18.01,1,,,,,0,
NON_2918,36.36391895809079,127.34024644209862,대전광역시 유성구 장대동 377,2024,10,29,9,1,autumn,1,1,1,1,0.0,2024-10-29,0,0,0,1054,14.9,1532,1.88,0.0,1100,0.0,0.58,0.0,15.2,3.1,2259,653,41.38,0,,,,,0,
NON_2919,36.346009444369024,127.42125082660716,대전광역시 동구 홍도동 138-24,2025,11,3,8,0,autumn,1,1,1,1,0.0,2025-11-03,0,0,0,54,7.0,1519,2.35,-9.0,1200,-9.0,-9.0,-9.0,7.3,9.7,856,301,35.55,0,,,,,0,
NON_2920,36.379455300138886,127.40643552638734,대전광역시 유성구 원촌동 69-1,2024,2,28,10,2,winter,0,1,1,1,0.0,2024-02-28,0,0,0,8,6.3,1637,2.16,-9.0,1200,-9.0,-9.0,-9.0,5.9,3.7,916,647,7.69,0,,,,,0,
NON_2921,36.363623287084344,127.35708192757848,대전광역시 유성구 어은동 99,2024,2,28,9,2,winter,1,8,8,8,0.0,2024-02-28,0,0,0,8,6.3,1637,2.16,-9.0,1200,-9.0,-9.0,-9.0,5.9,3.7,916,945,40.34,0,,,,,0,
NON_2922,36.31041867576814,127.26472446133057,대전광역시 유성구 세동 산 75-1,2025,2,19,16,2,winter,0,1,1,1,0.0,2025-02-19,0,0,0,1534,-1.6,1409,2.71,-9.0,1200,-9.0,-9.0,-9.0,1.5,10.1,2345,1005,15.22,0,,,,,0,
NON_2923,36.340897771913426,127.33735391107098,대전광역시 유성구 상대동 498,2025,1,23,14,3,winter,0,2,2,2,0.0,2025-01-23,0,0,0,1854,2.9,1543,1.98,-9.0,1200,-9.0,-9.0,-9.0,3.1,8.5,922,335,9.4,0,,,,,0,
NON_2924,36.38259232787995,127.32410461020747,대전광역시 유성구 죽동 641,2024,3,15,16,4,spring,0,1,1,1,0.0,2024-03-15,0,0,0,1451,9.5,1609,3.06,-9.0,1200,-9.0,-9.0,-9.0,10.5,11.0,2301,713,28.23,0,,,,,0,
NON_2925,36.42447497756041,127.39459859262222,대전광역시 유성구 관평동 1288,2024,2,29,13,3,winter,0,1,1,1,0.0,2024-02-29,0,0,0,2400,5.1,1247,0.6,0.2,1400,0.2,3.0,-9.0,5.5,0.0,49,858,34.6,0,,,,,0,
NON_2926,36.36677276563237,127.31112233532897,대전광역시 유성구 노은동 413-3,2024,2,29,13,3,winter,0,1,1,1,0.0,2024-02-29,0,0,0,2400,5.1,1247,0.6,0.2,1400,0.2,3.0,-9.0,5.5,0.0,49,235,46.06,0,,,,,0,
NON_2927,36.33617500654658,127.41979263340389,대전광역시 중구 선화동 903,2025,10,31,8,4,autumn,1,1,1,1,0.0,2025-10-31,0,0,0,1240,12.6,1451,2.31,0.0,1200,0.2,0.17,0.0,12.7,7.5,1,851,42.26,0,,,,,0,
NON_2928,36.372709832994765,127.32123396620035,대전광역시 유성구 지족동 976,2025,2,24,14,0,winter,0,1,1,1,0.0,2025-02-24,0,0,0,1413,-0.7,1434,2.82,-9.0,1200,-9.0,-9.0,-9.0,1.4,10.3,926,340,39.03,0,,,,,0,
NON_2929,36.372393934963576,127.33206941319715,대전광역시 유성구 죽동 747,2024,7,22,8,0,summer,1,3,3,3,0.0,2024-07-22,0,0,0,2330,28.9,1240,2.46,-9.0,1200,0.0,-9.0,-9.0,29.3,2.8,113,923,23.09,0,,,,,0,
NON_2930,36.37153424551681,127.31787230818162,대전광역시 유성구 노은동 583,2024,2,28,9,2,winter,1,10,10,10,0.0,2024-02-28,0,0,0,8,6.3,1637,2.16,-9.0,1200,-9.0,-9.0,-9.0,5.9,3.7,916,383,16.15,0,,,,,0,
NON_2931,36.37862560153048,127.40913464692308,대전광역시 유성구 원촌동 45-12,2025,11,3,18,0,autumn,1,1,1,1,0.0,2025-11-03,0,0,0,54,7.0,1519,2.35,-9.0,1200,-9.0,-9.0,-9.0,7.3,9.7,856,802,9.02,0,,,,,0,
NON_2932,36.40285163607946,127.36412589358343,대전광역시 유성구 장동 산 1-17,2024,2,28,14,2,winter,0,1,1,1,0.0,2024-02-28,0,0,0,8,6.3,1637,2.16,-9.0,1200,-9.0,-9.0,-9.0,5.9,3.7,916,1088,38.96,0,,,,,0,
NON_2933,36.37848389298151,127.40865852197376,대전광역시 유성구 원촌동 266,2025,11,10,18,0,autumn,1,1,1,1,0.0,2025-11-10,0,0,0,352,8.9,1447,2.31,-9.0,1200,-9.0,-9.0,-9.0,8.0,9.6,906,1043,38.35,0,,,,,0,
NON_2934,36.36627303410539,127.35135296744596,대전광역시 유성구 궁동 220,2024,3,25,7,0,spring,0,1,1,1,0.0,2024-03-25,0,0,0,2121,9.4,1033,1.45,6.8,1000,26.1,11.25,-9.0,10.0,0.0,12,451,36.15,0,,,,,0,
NON_2935,36.3908753679562,127.39879902247439,대전광역시 유성구 문지동 103-15,2024,3,25,7,0,spring,0,8,8,8,0.0,2024-03-25,0,0,0,2121,9.4,1033,1.45,6.8,1000,26.1,11.25,-9.0,10.0,0.0,12,722,38.37,0,,,,,0,
NON_2936,36.392161082575186,127.35775645989563,대전광역시 유성구 장동 157-4,2024,3,27,8,2,spring,1,1,1,1,0.0,2024-03-27,0,0,0,1639,10.2,1438,2.79,-9.0,1200,1.2,-9.0,-9.0,11.6,9.0,711,379,48.48,0,,,,,0,
NON_2937,36.32951682424045,127.31299096220482,대전광역시 유성구 용계동 390-3,2024,7,23,10,1,summer,0,1,1,1,0.0,2024-07-23,0,0,0,49,27.2,1,0.67,3.9,1300,6.0,10.03,2.5,26.9,0.0,1006,341,18.88,0,,,,,0,
NON_2938,36.42016846466852,127.38610565153091,대전광역시 유성구 관평동 673,2024,12,2,14,0,winter,0,2,2,2,0.0,2024-12-02,0,0,0,1712,8.3,1354,1.66,0.0,1100,0.0,0.45,-9.0,6.6,5.1,2313,902,17.24,0,,,,,0,
NON_2939,36.28511997243616,127.30996027406019,대전광역시 유성구 방동 19-25,2024,2,19,10,0,winter,0,2,2,2,0.0,2024-02-19,0,0,0,1349,9.8,1344,0.59,16.6,1300,1.2,13.83,-9.0,9.7,0.0,2253,274,33.33,0,,,,,0,
NON_2940,36.38192367169977,127.32475211971473,대전광역시 유성구 죽동 641,2024,3,15,16,4,spring,0,1,1,1,0.0,2024-03-15,0,0,0,1451,9.5,1609,3.06,-9.0,1200,-9.0,-9.0,-9.0,10.5,11.0,2301,713,28.23,0,,,,,0,
NON_2941,36.35759661483314,127.34236812540856,대전광역시 유성구 봉명동 574,2024,3,25,13,0,spring,0,6,14,14,0.0,2024-03-25,0,0,0,2121,9.4,1033,1.45,6.8,1000,26.1,11.25,-9.0,10.0,0.0,12,501,44.14,0,,,,,0,
NON_2942,36.31553488321709,127.42547903278009,대전광역시 중구 대사동 644-20,2025,11,2,16,6,autumn,0,1,1,1,0.0,2025-11-02,0,0,0,1336,9.4,1106,2.11,2.1,1100,-9.0,1.25,-9.0,9.9,6.7,2344,475,8.28,1,,,,,0,
NON_2943,36.4131112203138,127.37753229818593,대전광역시 유성구 화암동 120-3,2024,2,28,14,2,winter,0,1,1,1,0.0,2024-02-28,0,0,0,8,6.3,1637,2.16,-9.0,1200,-9.0,-9.0,-9.0,5.9,3.7,916,446,32.38,0,,,,,0,
NON_2944,36.38507744151267,127.35638551700289,대전광역시 유성구 신성동 산 5-7,2024,3,19,15,1,spring,0,1,1,1,0.0,2024-03-19,0,0,0,1123,7.2,1433,1.48,0.0,1100,0.0,4.08,-9.0,8.7,3.2,50,1010,14.85,0,,,,,0,
NON_2945,36.40686358964518,127.37424018486354,대전광역시 유성구 방현동 349,2024,2,28,14,2,winter,0,1,1,1,0.0,2024-02-28,0,0,0,8,6.3,1637,2.16,-9.0,1200,-9.0,-9.0,-9.0,5.9,3.7,916,764,9.05,0,,,,,0,
NON_2946,36.39120597100811,127.39378527518271,대전광역시 유성구 문지동 103-15,2024,3,19,8,1,spring,1,1,1,1,0.0,2024-03-19,0,0,0,1123,7.2,1433,1.48,0.0,1100,0.0,4.08,-9.0,8.7,3.2,50,1199,39.57,0,,,,,0,
NON_2947,36.38427452977417,127.36443792467637,대전광역시 유성구 가정동 산 16-5,2024,2,28,12,2,winter,0,2,2,2,0.0,2024-02-28,0,0,0,8,6.3,1637,2.16,-9.0,1200,-9.0,-9.0,-9.0,5.9,3.7,916,852,22.85,0,,,,,0,
NON_2948,36.30558317519059,127.44861915888953,대전광역시 중구 호동 27-1,2025,11,9,12,6,autumn,0,1,1,1,0.0,2025-11-09,0,0,0,1345,13.7,1305,1.95,0.0,1300,-9.0,0.75,-9.0,13.0,6.8,1,582,7.72,1,,,,,0,
NON_2949,36.39319943818176,127.35017404464936,대전광역시 유성구 자운동 515-22,2024,2,29,14,3,winter,0,4,4,4,0.0,2024-02-29,0,0,0,2400,5.1,1247,0.6,0.2,1400,0.2,3.0,-9.0,5.5,0.0,49,544,41.18,0,,,,,0,
NON_2950,36.3863588200193,127.37337084869746,대전광역시 유성구 도룡동 404-2,2024,3,19,15,1,spring,0,1,1,1,0.0,2024-03-19,0,0,0,1123,7.2,1433,1.48,0.0,1100,0.0,4.08,-9.0,8.7,3.2,50,1015,20.2,0,,,,,0,
NON_2951,36.36928413628395,127.32706945840235,대전광역시 유성구 노은동 62-1,2024,2,23,10,4,winter,0,1,1,1,0.0,2024-02-23,0,0,0,1253,3.0,1324,2.5,0.0,1200,0.0,9.5,-9.0,5.6,3.2,2056,815,32.17,0,,,,,0,
NON_2952,36.39579362047152,127.30992056691342,대전광역시 유성구 반석동 676,2024,3,15,15,4,spring,0,1,1,1,0.0,2024-03-15,0,0,0,1451,9.5,1609,3.06,-9.0,1200,-9.0,-9.0,-9.0,10.5,11.0,2301,888,23.02,0,,,,,0,
NON_2953,36.37515996347801,127.32137336028323,대전광역시 유성구 지족동 973,2024,3,21,9,3,spring,1,1,1,1,0.0,2024-03-21,0,0,0,1212,5.2,1448,3.14,-9.0,1200,-9.0,-9.0,-9.0,9.6,11.0,1,1016,22.26,0,,,,,0,
NON_2954,36.380970207238775,127.32465125669067,대전광역시 유성구 죽동 648,2024,4,4,15,3,spring,0,4,5,5,0.0,2024-04-04,0,0,0,2335,13.4,1031,1.56,0.0,1000,0.0,0.8,0.0,14.2,0.2,2355,989,20.94,0,,,,,0,
NON_2955,36.3512429434107,127.41965588419187,대전광역시 대덕구 오정동 735,2025,10,27,19,0,autumn,1,1,1,1,0.0,2025-10-27,0,0,0,1514,9.5,1327,2.55,-9.0,1200,-9.0,-9.0,-9.0,10.5,9.9,2341,855,9.54,0,,,,,0,
NON_2956,36.395982322163455,127.3999765325834,대전광역시 유성구 전민동 899,2024,3,19,15,1,spring,0,1,1,1,0.0,2024-03-19,0,0,0,1123,7.2,1433,1.48,0.0,1100,0.0,4.08,-9.0,8.7,3.2,50,386,33.41,0,,,,,0,
NON_2957,36.36955329480016,127.31781985127718,대전광역시 유성구 노은동 583,2024,3,26,16,1,spring,0,4,15,15,0.0,2024-03-26,0,0,0,11,6.7,1523,1.95,19.5,1000,0.2,10.33,-9.0,9.5,3.0,2358,471,34.58,0,,,,,0,
NON_2958,36.401462967387886,127.36174755861767,대전광역시 유성구 장동 241-5,2025,2,24,14,0,winter,0,1,1,1,0.0,2025-02-24,0,0,0,1413,-0.7,1434,2.82,-9.0,1200,-9.0,-9.0,-9.0,1.4,10.3,926,1088,25.51,0,,,,,0,
NON_2959,36.37182265326046,127.4168471478662,대전광역시 대덕구 대화동 1-9,2025,11,10,18,0,autumn,1,1,1,1,0.0,2025-11-10,0,0,0,352,8.9,1447,2.31,-9.0,1200,-9.0,-9.0,-9.0,8.0,9.6,906,496,34.68,0,,,,,0,
NON_2960,36.355182317236654,127.3452400264797,대전광역시 유성구 봉명동 574,2024,4,5,7,4,spring,0,1,14,15,0.0,2024-04-05,0,0,0,28,13.3,1540,3.03,0.0,1300,0.0,0.5,0.0,14.6,6.1,921,400,11.13,0,,,,,0,
NON_2961,36.38702082035196,127.31824306796179,대전광역시 유성구 하기동 575,2024,3,6,9,2,spring,1,1,1,1,0.0,2024-03-06,0,0,0,2315,7.0,1522,2.15,-9.0,1200,0.0,-9.0,-9.0,7.2,5.8,2358,751,18.35,0,,,,,0,
NON_2962,36.35730522510847,127.3394528137879,대전광역시 유성구 장대동 373,2024,11,27,14,2,autumn,0,2,2,2,0.0,2024-11-27,0,0,0,1200,2.3,1151,1.63,3.8,1300,3.9,13.75,-9.0,4.1,1.4,2207,422,12.11,0,,,,,0,
NON_2963,36.360693263265716,127.32703472791978,대전광역시 유성구 장대동 223-20,2024,8,1,10,3,summer,0,1,1,1,0.0,2024-08-01,0,0,0,1028,30.0,1448,2.84,-9.0,1300,-9.0,-9.0,-9.0,34.4,5.9,156,359,40.08,0,,,,,0,
NON_2964,36.34212190756636,127.30543199527314,대전광역시 유성구 학하동 793,2024,3,23,6,5,spring,0,1,1,1,0.0,2024-03-23,0,0,0,1516,14.9,1457,3.14,0.3,1200,-9.0,2.25,-9.0,15.9,9.3,2254,655,17.69,1,,,,,0,
NON_2965,36.35904703188974,127.41543721705871,대전광역시 대덕구 오정동 707,2025,11,3,11,0,autumn,0,1,1,1,0.0,2025-11-03,0,0,0,54,7.0,1519,2.35,-9.0,1200,-9.0,-9.0,-9.0,7.3,9.7,856,1087,21.65,0,,,,,0,
NON_2966,36.35407887055321,127.34152804912532,대전광역시 유성구 봉명동 553-2,2024,10,30,14,2,autumn,0,1,1,1,0.0,2024-10-30,0,0,0,1945,14.7,1511,2.4,-9.0,1200,-9.0,-9.0,-9.0,14.2,9.6,2325,830,37.21,0,,,,,0,
NON_2967,36.38862801042102,127.34747234089272,대전광역시 유성구 하기동 18-15,2024,3,25,8,0,spring,1,1,1,1,0.0,2024-03-25,0,0,0,2121,9.4,1033,1.45,6.8,1000,26.1,11.25,-9.0,10.0,0.0,12,759,12.53,0,,,,,0,
NON_2968,36.322997411121335,127.41560893650212,대전광역시 중구 문화동 1-9,2025,11,8,10,5,autumn,0,1,1,1,0.0,2025-11-08,0,0,0,106,13.7,1407,1.13,0.4,1000,0.4,3.33,-9.0,13.1,0.4,628,582,11.34,1,,,,,0,
NON_2969,36.383537979662236,127.36365598602386,대전광역시 유성구 가정동 산 16-5,2024,2,28,12,2,winter,0,2,2,2,0.0,2024-02-28,0,0,0,8,6.3,1637,2.16,-9.0,1200,-9.0,-9.0,-9.0,5.9,3.7,916,852,22.85,0,,,,,0,
NON_2970,36.39143111922581,127.4074201088669,대전광역시 유성구 문지동 661-3,2024,7,3,15,2,summer,0,1,1,1,0.0,2024-07-03,0,0,0,1436,25.7,1537,2.97,31.9,1400,0.0,7.8,10.9,28.2,3.8,2146,809,23.17,0,,,,,0,
NON_2971,36.3117053256902,127.32026806440494,대전광역시 유성구 대정동 274,2024,3,17,6,6,spring,0,4,4,4,0.0,2024-03-17,0,0,0,1109,9.7,1337,2.64,0.0,1100,-9.0,0.42,-9.0,13.4,6.8,2359,740,24.06,1,,,,,0,
NON_2972,36.36499110327629,127.33181363013287,대전광역시 유성구 장대동 121-2,2024,3,19,10,1,spring,0,1,1,1,0.0,2024-03-19,0,0,0,1123,7.2,1433,1.48,0.0,1100,0.0,4.08,-9.0,8.7,3.2,50,1052,41.55,0,,,,,0,
NON_2973,36.38413965151627,127.32188707346444,대전광역시 유성구 하기동 585,2024,2,28,15,2,winter,0,3,3,3,0.0,2024-02-28,0,0,0,8,6.3,1637,2.16,-9.0,1200,-9.0,-9.0,-9.0,5.9,3.7,916,650,33.61,0,,,,,0,
NON_2974,36.36103658167575,127.35411647745129,대전광역시 유성구 어은동 311,2025,1,24,11,4,winter,0,2,2,6,0.0,2025-01-24,0,0,0,1412,2.6,1407,2.17,-9.0,1200,-9.0,-9.0,-9.0,1.9,9.2,1021,832,39.31,0,,,,,0,
NON_2975,36.396179658174155,127.3486247613952,대전광역시 유성구 자운동 515-21,2024,2,14,13,2,winter,0,1,1,1,0.0,2024-02-14,0,0,0,1630,13.2,1441,1.57,0.0,1400,0.0,2.67,-9.0,10.8,2.8,11,503,40.26,0,,,,,0,
NON_2976,36.38294341005649,127.34330915223245,대전광역시 유성구 신성동 367-4,2025,1,31,14,4,winter,0,1,1,1,0.0,2025-01-31,0,0,0,1741,1.9,1554,1.23,0.0,1200,0.2,1.33,-9.0,1.6,1.3,831,463,12.69,0,,,,,0,
NON_2977,36.3132828281627,127.44191658144749,대전광역시 동구 효동 122-5,2025,11,9,12,6,autumn,0,1,1,1,0.0,2025-11-09,0,0,0,1345,13.7,1305,1.95,0.0,1300,-9.0,0.75,-9.0,13.0,6.8,1,721,19.34,1,,,,,0,
NON_2978,36.335405429859506,127.42118246853937,대전광역시 중구 선화동 920,2025,11,6,8,3,autumn,1,5,9,9,0.0,2025-11-06,0,0,0,1337,11.3,1438,2.13,-9.0,1200,-9.0,-9.0,-9.0,10.8,6.4,838,1109,11.21,0,,,,,0,
NON_2979,36.412332672546334,127.3781660302155,대전광역시 유성구 화암동 25-13,2024,7,5,10,4,summer,0,1,1,1,0.0,2024-07-05,0,0,0,121,25.8,1555,3.5,3.9,1100,-9.0,2.67,3.7,27.4,7.9,2128,840,21.68,0,,,,,0,
NON_2980,36.42133561926641,127.4032146225614,대전광역시 유성구 용산동 604,2024,3,22,9,4,spring,1,1,2,2,0.0,2024-03-22,0,0,0,1442,10.1,1324,2.8,4.1,1100,4.4,6.33,-9.0,9.9,5.9,117,684,25.18,0,,,,,0,
NON_2981,36.38661396081586,127.36403094064153,대전광역시 유성구 장동 62-2,2024,3,23,7,5,spring,0,1,1,1,0.0,2024-03-23,0,0,0,1516,14.9,1457,3.14,0.3,1200,-9.0,2.25,-9.0,15.9,9.3,2254,615,11.92,1,,,,,0,
NON_2982,36.39061248379843,127.32460371977017,대전광역시 유성구 하기동 603,2024,12,17,10,1,winter,0,1,1,1,0.0,2024-12-17,0,0,0,1528,1.6,1326,1.9,-9.0,1200,-9.0,-9.0,-9.0,1.6,6.6,948,1011,34.67,0,,,,,0,
NON_2983,36.41856152338718,127.37853727145068,대전광역시 유성구 덕진동 51-4,2024,5,30,15,3,spring,0,1,1,1,0.0,2024-05-30,0,0,0,2334,21.1,1156,2.03,-9.0,1100,-9.0,-9.0,-9.0,24.6,0.9,2,501,20.72,0,,,,,0,
NON_2984,36.399928438415536,127.39640641999863,대전광역시 유성구 전민동 592-2,2024,3,19,15,1,spring,0,2,2,2,0.0,2024-03-19,0,0,0,1123,7.2,1433,1.48,0.0,1100,0.0,4.08,-9.0,8.7,3.2,50,316,31.26,0,,,,,0,
NON_2985,36.41457513933984,127.29767006347198,대전광역시 유성구 안산동 275-1,2024,3,8,10,4,spring,0,1,1,1,0.0,2024-03-08,0,0,0,1350,2.9,1304,2.9,-9.0,1200,-9.0,-9.0,-9.0,4.4,10.2,2400,1011,7.52,0,,,,,0,
NON_2986,36.382744289675124,127.32133326500539,대전광역시 유성구 지족동 862-10,2024,3,8,16,4,spring,0,1,1,1,0.0,2024-03-08,0,0,0,1350,2.9,1304,2.9,-9.0,1200,-9.0,-9.0,-9.0,4.4,10.2,2400,517,33.38,0,,,,,0,
NON_2987,36.34515417613582,127.30205392326691,대전광역시 유성구 덕명동 621,2024,10,28,10,0,autumn,0,1,1,1,0.0,2024-10-28,0,0,0,2246,14.8,1145,1.41,0.0,1100,0.0,1.17,0.0,15.4,0.4,2309,881,27.36,0,,,,,0,
NON_2988,36.38469165570789,127.32109729703971,대전광역시 유성구 하기동 585,2024,3,4,15,0,spring,0,6,6,6,0.0,2024-03-04,0,0,0,1729,6.7,1428,2.21,-9.0,1100,2.2,-9.0,-9.0,6.7,5.7,956,555,28.99,0,,,,,0,
NON_2989,36.3604037083536,127.34293478660851,대전광역시 유성구 궁동 473,2024,3,24,7,6,spring,0,2,2,2,0.0,2024-03-24,0,0,0,839,14.1,1602,2.03,-9.0,1400,-9.0,-9.0,-9.0,15.1,3.6,936,462,11.45,1,,,,,0,
NON_2990,36.34937752158173,127.4205483526777,대전광역시 대덕구 오정동 748-1,2025,11,3,8,0,autumn,1,2,2,2,0.0,2025-11-03,0,0,0,54,7.0,1519,2.35,-9.0,1200,-9.0,-9.0,-9.0,7.3,9.7,856,609,18.89,0,,,,,0,
NON_2991,36.38767285473841,127.35099990095924,대전광역시 유성구 신성동 475,2024,3,22,15,4,spring,0,1,1,1,0.0,2024-03-22,0,0,0,1442,10.1,1324,2.8,4.1,1100,4.4,6.33,-9.0,9.9,5.9,117,326,46.11,0,,,,,0,
NON_2992,36.34302068091521,127.29990970041851,대전광역시 유성구 계산동 781,2024,4,4,13,3,spring,0,1,2,2,0.0,2024-04-04,0,0,0,2335,13.4,1031,1.56,0.0,1000,0.0,0.8,0.0,14.2,0.2,2355,508,20.07,0,,,,,0,
NON_2993,36.35613585371044,127.3345335867759,대전광역시 유성구 봉명동 570,2024,5,8,14,2,spring,0,1,1,1,0.0,2024-05-08,0,0,0,1450,14.4,1629,3.32,1.8,1200,-9.0,2.33,1.1,18.6,10.5,1029,328,27.65,0,,,,,0,
NON_2994,36.37997605034285,127.34339853618299,대전광역시 유성구 신성동 산 40-28,2024,5,7,14,1,spring,0,1,1,2,0.0,2024-05-07,0,0,0,1952,12.9,1319,1.26,14.1,1200,14.7,17.97,3.7,14.7,0.0,2336,435,22.91,0,,,,,0,
NON_2995,36.356211580621476,127.34278844525562,대전광역시 유성구 봉명동 574,2024,3,23,8,5,spring,1,5,13,13,0.0,2024-03-23,0,0,0,1516,14.9,1457,3.14,0.3,1200,-9.0,2.25,-9.0,15.9,9.3,2254,714,16.67,1,,,,,0,
NON_2996,36.398006578173344,127.3149084448035,대전광역시 유성구 외삼동 577,2024,3,20,9,2,spring,1,2,4,4,0.0,2024-03-20,0,0,0,259,4.6,1337,3.01,-9.0,1100,-9.0,-9.0,-9.0,8.7,9.9,947,1046,16.36,0,,,,,0,
NON_2997,36.419990238682765,127.37944930115843,대전광역시 유성구 덕진동 산 14-3,2024,2,29,12,3,winter,0,1,1,1,0.0,2024-02-29,0,0,0,2400,5.1,1247,0.6,0.2,1400,0.2,3.0,-9.0,5.5,0.0,49,553,12.93,0,,,,,0,
NON_2998,36.3685070762413,127.31804218186079,대전광역시 유성구 노은동 583,2024,4,6,8,5,spring,1,3,8,18,0.0,2024-04-06,0,0,0,1605,13.2,1609,2.2,-9.0,1200,-9.0,-9.0,-9.0,14.0,5.3,808,485,15.54,1,,,,,0,
NON_2999,36.35486848923598,127.34430747103782,대전광역시 유성구 봉명동 574,2024,4,5,7,4,spring,0,1,14,15,0.0,2024-04-05,0,0,0,28,13.3,1540,3.03,0.0,1300,0.0,0.5,0.0,14.6,6.1,921,400,11.13,0,,,,,0,
