dataId,trsmDy,trmnId,trsmYear,trsmMt,trsmTm,trsmMs,vhcleLot,vhcleLat,fcwsCd,ldwsCd,pcwsCd,dowsCd,lbhlStatCd,hbhlStatCd,leftTusgStatCd,rghtTusgStatCd,hasgStatCd,alctStatCd,drlgStatCd,fglgStatCd,pklgStatCd,frntWiperStatCd,vhcleAcr,laneCd,rgtrId,regDt
PVDL-IDV1257027100-1728373902-4268,8,IDV1257027100,2024,10,180224,002,127.103113,37.600386,-1,-1,-1,-1,-1,-1,-1,-1,-1,-1,-1,-1,-1,0,-1.0,-1,v2x,2024-10-08T09:02:24.000+00:00
PVDL-IDV1257027230-1728377705-425,8,IDV1257027230,2024,10,180224,339,127.17543,37.562897,-1,-1,-1,-1,-1,-1,-1,-1,-1,-1,-1,-1,-1,0,-1.0,-1,v2x,2024-10-08T09:02:24.000+00:00
PVDL-IDV1257027690-1728375894-2246,8,IDV1257027690,2024,10,180224,368,127.061624,37.509533,-1,-1,-1,-1,-1,-1,-1,-1,-1,-1,-1,-1,-1,1,0.0,-1,v2x,2024-10-08T09:02:24.000+00:00
PVDL-IDV1257027700-1728366712-11421,8,IDV1257027700,2024,10,180224,069,127.13775,37.534262,-1,-1,-1,-1,-1,-1,-1,-1,-1,-1,-1,-1,-1,1,-72.0,-1,v2x,2024-10-08T09:02:24.000+00:00
PVDL-IDV1257027880-1728375382-2758,8,IDV1257027880,2024,10,180224,082,127.0831243,37.5957598,-1,-1,-1,-1,-1,-1,-1,-1,-1,-1,-1,-1,-1,1,36.0,11,v2x,2024-10-08T09:02:24.000+00:00
PVDL-IDV1257027920-1728370911-7223,8,IDV1257027920,2024,10,180224,349,127.02067,37.51226,-1,-1,-1,-1,-1,-1,-1,-1,-1,-1,-1,-1,-1,1,50.0,-1,v2x,2024-10-08T09:02:24.000+00:00
PVDL-IDV1257057040-1728378007-127,8,IDV1257057040,2024,10,180224,268,126.884339,37.592027,-1,-1,-1,-1,-1,-1,-1,-1,-1,-1,-1,-1,-1,0,-1.0,-1,v2x,2024-10-08T09:02:24.000+00:00
PVDL-IDV1257057050-1728377835-298,8,IDV1257057050,2024,10,180224,440,127.045886,37.466562,-1,-1,-1,-1,-1,-1,-1,-1,-1,-1,-1,-1,-1,0,-1.0,-1,v2x,2024-10-08T09:02:24.000+00:00
PVDL-IDV1257057060-1728377385-747,8,IDV1257057060,2024,10,180224,187,127.039791,37.469088,-1,-1,-1,-1,-1,-1,-1,-1,-1,-1,-1,-1,-1,1,0.0,-1,v2x,2024-10-08T09:02:24.000+00:00
PVDL-IDV1257057070-1728367980-10153,8,IDV1257057070,2024,10,180224,080,126.963733,37.538731,-1,-1,-1,-1,-1,-1,-1,-1,-1,-1,-1,-1,-1,0,-1.0,-1,v2x,2024-10-08T09:02:24.000+00:00
PVDL-IDV1257062240-1728375650-2483,8,IDV1257062240,2024,10,180224,079,127.08724,37.580883,-1,-1,-1,-1,-1,-1,-1,-1,-1,-1,-1,-1,-1,1,-488.0,-1,v2x,2024-10-08T09:02:24.000+00:00
PVDL-IDV1257062280-1728373590-4549,8,IDV1257062280,2024,10,180224,424,127.060074,37.572851,-1,-1,-1,-1,-1,-1,-1,-1,-1,-1,-1,-1,-1,1,-94.0,-1,v2x,2024-10-08T09:02:24.000+00:00
PVDL-IDV1257062290-1728369555-8615,8,IDV1257062290,2024,10,180224,071,127.025263,37.576214,-1,-1,-1,-1,-1,-1,-1,-1,-1,-1,-1,-1,-1,1,0.0,-1,v2x,2024-10-08T09:02:24.000+00:00
PVDL-IDV1257062360-1728328176-49957,8,IDV1257062360,2024,10,180224,257,127.086139,37.578433,-1,-1,-1,-1,-1,-1,-1,-1,-1,-1,-1,-1,-1,1,0.0,-1,v2x,2024-10-08T09:02:24.000+00:00
PVDL-IDV1257062380-1728377090-1042,8,IDV1257062380,2024,10,180224,269,127.087693,37.58821,-1,-1,-1,-1,-1,-1,-1,-1,-1,-1,-1,-1,-1,1,0.0,-1,v2x,2024-10-08T09:02:24.000+00:00
PVDL-IDV1257062390-1728359903-18236,8,IDV1257062390,2024,10,180224,262,127.054011,37.582959,-1,-1,-1,-1,-1,-1,-1,-1,-1,-1,-1,-1,-1,1,0.0,-1,v2x,2024-10-08T09:02:24.000+00:00
PVDL-IDV1257062480-1728369160-8974,8,IDV1257062480,2024,10,180224,124,126.932549,37.526842,-1,-1,-1,-1,-1,-1,-1,-1,-1,-1,-1,-1,-1,1,-55.0,-1,v2x,2024-10-08T09:02:24.000+00:00
PVDL-IDV1257062490-1728328634-49500,8,IDV1257062490,2024,10,180224,257,127.104118,37.613861,-1,-1,-1,-1,-1,-1,-1,-1,-1,-1,-1,-1,-1,0,-1.0,-1,v2x,2024-10-08T09:02:24.000+00:00
PVDL-IDV1257062500-1728355496-22637,8,IDV1257062500,2024,10,180224,051,127.019457,37.574183,-1,-1,-1,-1,-1,-1,-1,-1,-1,-1,-1,-1,-1,1,0.0,-1,v2x,2024-10-08T09:02:24.000+00:00
PVDL-IDV1257062520-1728365481-12652,8,IDV1257062520,2024,10,180224,084,127.048272,37.575657,-1,-1,-1,-1,-1,-1,-1,-1,-1,-1,-1,-1,-1,1,-2.0,-1,v2x,2024-10-08T09:02:24.000+00:00
PVDL-IDV1257062530-1728377388-761,8,IDV1257062530,2024,10,180224,072,126.9828425,37.5662879,-1,-1,-1,-1,-1,-1,-1,-1,-1,-1,-1,-1,-1,1,-11.0,23,v2x,2024-10-08T09:02:24.000+00:00
PVDL-IDV1257062560-1728363534-14599,8,IDV1257062560,2024,10,180224,435,127.079057,37.571794,-1,-1,-1,-1,-1,-1,-1,-1,-1,-1,-1,-1,-1,0,-1.0,-1,v2x,2024-10-08T09:02:24.000+00:00
PVDL-IDV1257062580-1728352774-25360,8,IDV1257062580,2024,10,180224,042,126.927773,37.524773,-1,-1,-1,-1,-1,-1,-1,-1,-1,-1,-1,-1,-1,1,183.0,-1,v2x,2024-10-08T09:02:24.000+00:00
PVDL-IDV1257062590-1728369895-8244,8,IDV1257062590,2024,10,180224,284,127.102852,37.613386,-1,-1,-1,-1,-1,-1,-1,-1,-1,-1,-1,-1,-1,2,22.0,-1,v2x,2024-10-08T09:02:24.000+00:00
PVDL-IDV1257062600-1728357780-20353,8,IDV1257062600,2024,10,180224,192,127.108186,37.601155,-1,-1,-1,-1,-1,-1,-1,-1,-1,-1,-1,-1,-1,1,-38.0,-1,v2x,2024-10-08T09:02:24.000+00:00
PVDL-IDV1257062630-1728372732-5402,8,IDV1257062630,2024,10,180224,071,126.9825759,37.5677936,-1,-1,-1,-1,-1,-1,-1,-1,-1,-1,-1,-1,-1,1,-141.0,24,v2x,2024-10-08T09:02:24.000+00:00
PVDL-IDV1257062660-1728370558-7576,8,IDV1257062660,2024,10,180224,187,126.969911,37.575978,-1,-1,-1,-1,-1,-1,-1,-1,-1,-1,-1,-1,-1,1,33.0,-1,v2x,2024-10-08T09:02:24.000+00:00
PVDL-IDV1257062680-1728375671-2499,8,IDV1257062680,2024,10,180224,292,126.969058,37.55737,-1,-1,-1,-1,-1,-1,-1,-1,-1,-1,-1,-1,-1,1,0.0,-1,v2x,2024-10-08T09:02:24.000+00:00
PVDL-IDV1257062690-1728369920-8250,8,IDV1257062690,2024,10,180224,261,126.954644,37.571181,-1,-1,-1,-1,-1,-1,-1,-1,-1,-1,-1,-1,-1,1,-44.0,-1,v2x,2024-10-08T09:02:24.000+00:00
PVDL-IDV1257062710-1728370759-7380,8,IDV1257062710,2024,10,180224,431,126.969459,37.540598,-1,-1,-1,-1,-1,-1,-1,-1,-1,-1,-1,-1,-1,0,-1.0,-1,v2x,2024-10-08T09:02:24.000+00:00
PVDL-IDV1257062720-1728376421-1713,8,IDV1257062720,2024,10,180224,351,127.087641,37.603017,-1,-1,-1,-1,-1,-1,-1,-1,-1,-1,-1,-1,-1,1,13.0,-1,v2x,2024-10-08T09:02:24.000+00:00
PVDL-IDV1257062730-1728376087-2083,8,IDV1257062730,2024,10,180224,177,127.0378171,37.5781752,-1,-1,-1,3,-1,-1,-1,-1,-1,-1,-1,-1,-1,1,0.0,11,v2x,2024-10-08T09:02:24.000+00:00
PVDL-IDV1257062820-1728376336-1834,8,IDV1257062820,2024,10,180224,108,126.9859449,37.5766506,-1,-1,-1,-1,-1,-1,-1,-1,-1,-1,-1,-1,-1,1,0.0,24,v2x,2024-10-08T09:02:24.000+00:00
PVDL-IDV1257062840-1728374835-3335,8,IDV1257062840,2024,10,180224,275,127.088683,37.581992,-1,-1,-1,-1,-1,-1,-1,-1,-1,-1,-1,-1,-1,1,0.0,-1,v2x,2024-10-08T09:02:24.000+00:00
PVDL-IDV1257062870-1728352152-26018,8,IDV1257062870,2024,10,180224,277,126.9433408,37.5627549,-1,-1,-1,-1,-1,-1,-1,-1,-1,-1,-1,-1,-1,1,0.0,21,v2x,2024-10-08T09:02:24.000+00:00
PVDL-IDV1257062890-1728361776-16357,8,IDV1257062890,2024,10,180224,184,127.077849,37.571893,-1,-1,-1,-1,-1,-1,-1,-1,-1,-1,-1,-1,-1,1,0.0,-1,v2x,2024-10-08T09:02:24.000+00:00
PVDL-IDV1257062900-1728372976-5194,8,IDV1257062900,2024,10,180224,324,127.0233273,37.5766817,-1,-1,-1,-1,-1,-1,-1,-1,-1,-1,-1,-1,-1,1,100.0,23,v2x,2024-10-08T09:02:24.000+00:00
PVDL-IDV1257063020-1728373372-4762,8,IDV1257063020,2024,10,180224,111,126.981792,37.575854,-1,-1,-1,-1,-1,-1,-1,-1,-1,-1,-1,-1,-1,0,-1.0,-1,v2x,2024-10-08T09:02:24.000+00:00
PVDL-IDV1257063070-1728366312-11858,8,IDV1257063070,2024,10,180224,269,127.023229,37.576903,-1,-1,-1,-1,-1,-1,-1,-1,-1,-1,-1,-1,-1,1,-30.0,-1,v2x,2024-10-08T09:02:24.000+00:00
PVDL-IDV1257063080-1728376927-1213,8,IDV1257063080,2024,10,180224,109,126.996585,37.580804,-1,-1,-1,-1,-1,-1,-1,-1,-1,-1,-1,-1,-1,1,-113.0,-1,v2x,2024-10-08T09:02:24.000+00:00
PVDL-IDV1257063090-1728376132-2002,8,IDV1257063090,2024,10,180224,109,127.054195,37.5880929,-1,-1,-1,-1,-1,-1,-1,-1,-1,-1,-1,-1,-1,1,-33.0,11,v2x,2024-10-08T09:02:24.000+00:00
PVDL-IDV1257063130-1728376907-1227,8,IDV1257063130,2024,10,180224,268,127.084761,37.573124,-1,-1,-1,-1,-1,-1,-1,-1,-1,-1,-1,-1,-1,0,-1.0,-1,v2x,2024-10-08T09:02:24.000+00:00
PVDL-IDV1257063150-1728378074-60,8,IDV1257063150,2024,10,180224,276,127.084617,37.573304,-1,-1,-1,-1,-1,-1,-1,-1,-1,-1,-1,-1,-1,0,-1.0,-1,v2x,2024-10-08T09:02:24.000+00:00
PVDL-IDV1257063310-1728375161-2973,8,IDV1257063310,2024,10,180224,102,127.067823,37.591787,-1,-1,-1,-1,-1,-1,-1,-1,-1,-1,-1,-1,-1,2,0.0,-1,v2x,2024-10-08T09:02:24.000+00:00
PVDL-IDV1257063350-1728365152-12981,8,IDV1257063350,2024,10,180224,265,127.091883,37.743696,-1,-1,-1,-1,-1,-1,-1,-1,-1,-1,-1,-1,-1,0,-1.0,-1,v2x,2024-10-08T09:02:24.000+00:00
PVDL-IDV1257063370-1728366335-11798,8,IDV1257063370,2024,10,180224,114,127.037422,37.477407,-1,-1,-1,-1,-1,-1,-1,-1,-1,-1,-1,-1,-1,1,-27.0,-1,v2x,2024-10-08T09:02:24.000+00:00
PVDL-IDV1257063390-1728369895-8244,8,IDV1257063390,2024,10,180224,194,127.108724,37.600609,-1,-1,-1,-1,-1,-1,-1,-1,-1,-1,-1,-1,-1,0,-1.0,-1,v2x,2024-10-08T09:02:24.000+00:00
PVDL-IDV1257063550-1728364060-14074,8,IDV1257063550,2024,10,180224,071,127.0360556,37.578197,-1,-1,-1,-1,-1,-1,-1,-1,-1,-1,-1,-1,-1,1,0.0,-1,v2x,2024-10-08T09:02:24.000+00:00
PVDL-IDV1257063620-1728371453-6681,8,IDV1257063620,2024,10,180224,267,127.038305,37.4786,-1,-1,-1,-1,-1,-1,-1,-1,-1,-1,-1,-1,-1,0,-1.0,-1,v2x,2024-10-08T09:02:24.000+00:00
PVDL-IDV1257063670-1728350182-27951,8,IDV1257063670,2024,10,180224,052,127.055278,37.506299,-1,-1,-1,-1,-1,-1,-1,-1,-1,-1,-1,-1,-1,1,0.0,-1,v2x,2024-10-08T09:02:24.000+00:00
PVDL-IDV1257064320-1728368397-9737,8,IDV1257064320,2024,10,180224,344,126.993329,37.50273,-1,-1,-1,-1,-1,-1,-1,-1,-1,-1,-1,-1,-1,0,-1.0,-1,v2x,2024-10-08T09:02:24.000+00:00
PVDL-IDV1257064530-1728370010-8160,8,IDV1257064530,2024,10,180224,279,127.139378,37.464148,-1,-1,-1,-1,-1,-1,-1,-1,-1,-1,-1,-1,-1,1,100.0,-1,v2x,2024-10-08T09:02:24.000+00:00
PVDL-IDV1257064540-1728366389-11745,8,IDV1257064540,2024,10,180224,366,127.039692,37.468619,-1,-1,-1,-1,-1,-1,-1,-1,-1,-1,-1,-1,-1,0,-1.0,-1,v2x,2024-10-08T09:02:24.000+00:00
PVDL-IDV1257064650-1728339949-38220,8,IDV1257064650,2024,10,180224,396,127.064939,37.611154,-1,-1,-1,-1,-1,-1,-1,-1,-1,-1,-1,-1,-1,0,-1.0,-1,v2x,2024-10-08T09:02:24.000+00:00
PVDL-IDV1257064940-1728376995-1152,8,IDV1257064940,2024,10,180224,357,127.030388,37.492092,-1,-1,-1,-1,-1,-1,-1,-1,-1,-1,-1,-1,-1,0,-1.0,-1,v2x,2024-10-08T09:02:24.000+00:00
PVDL-IDV1257065020-1728369522-8618,8,IDV1257065020,2024,10,180224,427,127.113144,37.477823,-1,-1,-1,-1,-1,-1,-1,-1,-1,-1,-1,-1,-1,0,-1.0,-1,v2x,2024-10-08T09:02:24.000+00:00
PVDL-IDV1257065040-1728372302-5868,8,IDV1257065040,2024,10,180224,387,127.02232,37.509093,-1,-1,-1,-1,-1,-1,-1,-1,-1,-1,-1,-1,-1,1,47.0,-1,v2x,2024-10-08T09:02:24.000+00:00
PVDL-IDV1257065050-1728368105-10028,8,IDV1257065050,2024,10,180224,064,127.035267,37.483339,-1,-1,-1,-1,-1,-1,-1,-1,-1,-1,-1,-1,-1,1,0.0,-1,v2x,2024-10-08T09:02:24.000+00:00
PVDL-IDV1257065090-1728376433-1717,8,IDV1257065090,2024,10,180224,033,127.000337,37.504858,-1,-1,-1,-1,-1,-1,-1,-1,-1,-1,-1,-1,-1,1,22.0,-1,v2x,2024-10-08T09:02:24.000+00:00
PVDL-IDV1257065390-1728373273-4861,8,IDV1257065390,2024,10,180224,265,127.0931,37.468016,-1,-1,-1,-1,-1,-1,-1,-1,-1,-1,-1,-1,-1,0,-1.0,-1,v2x,2024-10-08T09:02:24.000+00:00
PVDL-IDV1257065650-1728372198-5935,8,IDV1257065650,2024,10,180224,049,127.0386918,37.4771202,-1,-1,-1,-1,-1,-1,-1,-1,-1,-1,-1,-1,-1,1,-27.0,11,v2x,2024-10-08T09:02:24.000+00:00
PVDL-IDV1257065870-1728377198-941,8,IDV1257065870,2024,10,180224,229,126.904859,37.575408,-1,-1,-1,-1,-1,-1,-1,-1,-1,-1,-1,-1,-1,1,-11.0,-1,v2x,2024-10-08T09:02:24.000+00:00
PVDL-IDV1257065880-1728369660-8510,8,IDV1257065880,2024,10,180224,074,127.038797,37.472944,-1,-1,-1,-1,-1,-1,-1,-1,-1,-1,-1,-1,-1,1,0.0,-1,v2x,2024-10-08T09:02:24.000+00:00
PVDL-IDV1257065890-1728369111-9022,8,IDV1257065890,2024,10,180224,192,127.063166,37.455561,-1,-1,-1,-1,-1,-1,-1,-1,-1,-1,-1,-1,-1,0,-1.0,-1,v2x,2024-10-08T09:02:24.000+00:00
PVDL-IDV1257065900-1728371772-6361,8,IDV1257065900,2024,10,180224,271,127.022577,37.640688,-1,-1,-1,-1,-1,-1,-1,-1,-1,-1,-1,-1,-1,0,-1.0,-1,v2x,2024-10-08T09:02:24.000+00:00
PVDL-IDV1257065910-1728369369-8765,8,IDV1257065910,2024,10,180224,282,126.961254,37.508315,-1,-1,-1,-1,-1,-1,-1,-1,-1,-1,-1,-1,-1,1,-47.0,-1,v2x,2024-10-08T09:02:24.000+00:00
PVDL-IDV1257066620-1728368994-9140,8,IDV1257066620,2024,10,180224,357,127.080577,37.647993,-1,-1,-1,-1,-1,-1,-1,-1,-1,-1,-1,-1,-1,1,-22.0,-1,v2x,2024-10-08T09:02:24.000+00:00
PVDL-IDV1257066640-1728371643-6490,8,IDV1257066640,2024,10,180224,199,126.959754,37.519363,-1,-1,-1,-1,-1,-1,-1,-1,-1,-1,-1,-1,-1,1,-11.0,-1,v2x,2024-10-08T09:02:24.000+00:00
PVDL-IDV1257066650-1728367777-10357,8,IDV1257066650,2024,10,180224,364,126.845004,37.496497,-1,-1,-1,-1,-1,-1,-1,-1,-1,-1,-1,-1,-1,0,-1.0,-1,v2x,2024-10-08T09:02:24.000+00:00
PVDL-IDV1257066660-1728371329-6810,8,IDV1257066660,2024,10,180224,269,126.898364,37.47369,-1,-1,-1,-1,-1,-1,-1,-1,-1,-1,-1,-1,-1,1,0.0,-1,v2x,2024-10-08T09:02:24.000+00:00
PVDL-IDV1257066670-1728369895-8244,8,IDV1257066670,2024,10,180224,346,126.82101,37.491908,-1,-1,-1,-1,-1,-1,-1,-1,-1,-1,-1,-1,-1,0,-1.0,-1,v2x,2024-10-08T09:02:24.000+00:00
PVDL-IDV1257066680-1728331588-46552,8,IDV1257066680,2024,10,180224,042,126.928363,37.524321,-1,-1,-1,-1,-1,-1,-1,-1,-1,-1,-1,-1,-1,1,0.0,-1,v2x,2024-10-08T09:02:24.000+00:00
PVDL-IDV1257066700-1728374751-3418,8,IDV1257066700,2024,10,180224,149,126.821029,37.492061,-1,-1,-1,-1,-1,-1,-1,-1,-1,-1,-1,-1,-1,0,-1.0,-1,v2x,2024-10-08T09:02:24.000+00:00
PVDL-IDV1257066710-1728326806-51328,8,IDV1257066710,2024,10,180224,060,126.95412,37.54841,-1,-1,-1,-1,-1,-1,-1,-1,-1,-1,-1,-1,-1,1,5.0,-1,v2x,2024-10-08T09:02:24.000+00:00
PVDL-IDV1257066760-1728376771-1399,8,IDV1257066760,2024,10,180224,274,126.940979,37.536379,-1,-1,-1,-1,-1,-1,-1,-1,-1,-1,-1,-1,-1,0,-1.0,-1,v2x,2024-10-08T09:02:24.000+00:00
PVDL-IDV1257066770-1728377199-935,8,IDV1257066770,2024,10,180224,041,127.04094,37.659088,-1,-1,-1,-1,-1,-1,-1,-1,-1,-1,-1,-1,-1,0,-1.0,-1,v2x,2024-10-08T09:02:24.000+00:00
PVDL-IDV1257066790-1728365358-12782,8,IDV1257066790,2024,10,180224,285,127.044048,37.6902,-1,-1,-1,-1,-1,-1,-1,-1,-1,-1,-1,-1,-1,0,-1.0,-1,v2x,2024-10-08T09:02:24.000+00:00
PVDL-IDV1257066850-1728377899-235,8,IDV1257066850,2024,10,180224,347,127.04381,37.690224,-1,-1,-1,-1,-1,-1,-1,-1,-1,-1,-1,-1,-1,0,-1.0,-1,v2x,2024-10-08T09:02:24.000+00:00
PVDL-IDV1257066860-1728346071-32100,8,IDV1257066860,2024,10,180224,283,126.889861,37.457183,-1,-1,-1,-1,-1,-1,-1,-1,-1,-1,-1,-1,-1,1,0.0,-1,v2x,2024-10-08T09:02:24.000+00:00
PVDL-IDV1257066880-1728366343-11791,8,IDV1257066880,2024,10,180224,085,126.903244,37.484842,-1,-1,-1,-1,-1,-1,-1,-1,-1,-1,-1,-1,-1,1,33.0,-1,v2x,2024-10-08T09:02:24.000+00:00
PVDL-IDV1257066890-1728332158-45977,8,IDV1257066890,2024,10,180224,286,126.9708742,37.5603358,-1,-1,-1,-1,-1,-1,-1,-1,-1,-1,-1,-1,-1,1,0.0,21,v2x,2024-10-08T09:02:24.000+00:00
PVDL-IDV1257066900-1728330503-47637,8,IDV1257066900,2024,10,180224,122,126.835783,37.493273,-1,-1,-1,-1,-1,-1,-1,-1,-1,-1,-1,-1,-1,1,69.0,-1,v2x,2024-10-08T09:02:24.000+00:00
PVDL-IDV1257066910-1728337713-40427,8,IDV1257066910,2024,10,180224,062,126.888158,37.508872,-1,-1,-1,-1,-1,-1,-1,-1,-1,-1,-1,-1,-1,1,-88.0,-1,v2x,2024-10-08T09:02:24.000+00:00
PVDL-IDV1257066920-1728365141-13029,8,IDV1257066920,2024,10,180224,330,127.043095,37.689854,-1,-1,-1,-1,-1,-1,-1,-1,-1,-1,-1,-1,-1,0,-1.0,-1,v2x,2024-10-08T09:02:24.000+00:00
PVDL-IDV1257066990-1728377004-1129,8,IDV1257066990,2024,10,180224,366,126.90301,37.435779,-1,-1,-1,-1,-1,-1,-1,-1,-1,-1,-1,-1,-1,0,-1.0,-1,v2x,2024-10-08T09:02:24.000+00:00
PVDL-IDV1257067040-1728345288-32852,8,IDV1257067040,2024,10,180224,079,126.887763,37.508624,-1,-1,-1,-1,-1,-1,-1,-1,-1,-1,-1,-1,-1,1,-47.0,-1,v2x,2024-10-08T09:02:24.000+00:00
PVDL-IDV1257067060-1728335070-43066,8,IDV1257067060,2024,10,180224,261,126.860239,37.506345,-1,-1,-1,-1,-1,-1,-1,-1,-1,-1,-1,-1,-1,1,0.0,-1,v2x,2024-10-08T09:02:24.000+00:00
PVDL-IDV1257067070-1728363829-14304,8,IDV1257067070,2024,10,180224,357,126.926377,37.512673,-1,-1,-1,-1,-1,-1,-1,-1,-1,-1,-1,-1,-1,1,69.0,-1,v2x,2024-10-08T09:02:24.000+00:00
PVDL-IDV1257067080-1728369053-9081,8,IDV1257067080,2024,10,180224,144,126.950705,37.512775,-1,-1,-1,-1,-1,-1,-1,-1,-1,-1,-1,-1,-1,0,-1.0,-1,v2x,2024-10-08T09:02:24.000+00:00
PVDL-IDV1257067090-1728375731-2403,8,IDV1257067090,2024,10,180224,177,126.930033,37.483989,-1,-1,-1,-1,-1,-1,-1,-1,-1,-1,-1,-1,-1,0,-1.0,-1,v2x,2024-10-08T09:02:24.000+00:00
PVDL-IDV1257067100-1728371774-6359,8,IDV1257067100,2024,10,180224,106,126.994029,37.56113,-1,-1,-1,-1,-1,-1,-1,-1,-1,-1,-1,-1,-1,1,-27.0,-1,v2x,2024-10-08T09:02:24.000+00:00
PVDL-IDV1257067120-1728368638-9495,8,IDV1257067120,2024,10,180224,357,126.972003,37.55001,-1,-1,-1,-1,-1,-1,-1,-1,-1,-1,-1,-1,-1,0,-1.0,-1,v2x,2024-10-08T09:02:24.000+00:00
PVDL-IDV1257067130-1728369895-8244,8,IDV1257067130,2024,10,180224,094,126.903355,37.485226,-1,-1,-1,-1,-1,-1,-1,-1,-1,-1,-1,-1,-1,0,-1.0,-1,v2x,2024-10-08T09:02:24.000+00:00
PVDL-IDV1257067140-1728370290-7844,8,IDV1257067140,2024,10,180224,047,126.936648,37.513431,-1,-1,-1,-1,-1,-1,-1,-1,-1,-1,-1,-1,-1,1,22.0,-1,v2x,2024-10-08T09:02:24.000+00:00
PVDL-IDV1257067150-1728346204-31929,8,IDV1257067150,2024,10,180224,292,126.88997,37.457027,-1,-1,-1,-1,-1,-1,-1,-1,-1,-1,-1,-1,-1,1,0.0,-1,v2x,2024-10-08T09:02:24.000+00:00
PVDL-IDV1257067160-1728366981-11152,8,IDV1257067160,2024,10,180224,042,126.890024,37.45704,-1,-1,-1,-1,-1,-1,-1,-1,-1,-1,-1,-1,-1,1,0.0,-1,v2x,2024-10-08T09:02:24.000+00:00
PVDL-IDV1257067170-1728362299-15834,8,IDV1257067170,2024,10,180224,121,127.002209,37.575862,-1,-1,-1,-1,-1,-1,-1,-1,-1,-1,-1,-1,-1,0,-1.0,-1,v2x,2024-10-08T09:02:24.000+00:00
PVDL-IDV1257067180-1728365276-12858,8,IDV1257067180,2024,10,180224,079,126.951024,37.54386,-1,-1,-1,-1,-1,-1,-1,-1,-1,-1,-1,-1,-1,1,0.0,-1,v2x,2024-10-08T09:02:24.000+00:00
PVDL-IDV1257067190-1728374380-3790,8,IDV1257067190,2024,10,180224,343,126.821056,37.491845,-1,-1,-1,-1,-1,-1,-1,-1,-1,-1,-1,-1,-1,0,-1.0,-1,v2x,2024-10-08T09:02:24.000+00:00
PVDL-IDV1257067200-1728327957-50182,8,IDV1257067200,2024,10,180224,200,126.954225,37.548316,-1,-1,-1,-1,-1,-1,-1,-1,-1,-1,-1,-1,-1,1,-8.0,-1,v2x,2024-10-08T09:02:24.000+00:00
PVDL-IDV1257067220-1728372447-5686,8,IDV1257067220,2024,10,180224,034,126.951335,37.544364,-1,-1,-1,-1,-1,-1,-1,-1,-1,-1,-1,-1,-1,1,0.0,-1,v2x,2024-10-08T09:02:24.000+00:00
PVDL-IDV1257067230-1728377093-1047,8,IDV1257067230,2024,10,180224,167,126.9546138,37.5493174,-1,-1,-1,-1,-1,-1,-1,-1,-1,-1,-1,-1,-1,0,-1.0,11,v2x,2024-10-08T09:02:24.000+00:00
PVDL-IDV1257067240-1728358861-19272,8,IDV1257067240,2024,10,180224,004,127.045631,37.681277,-1,-1,-1,-1,-1,-1,-1,-1,-1,-1,-1,-1,-1,1,-30.0,-1,v2x,2024-10-08T09:02:24.000+00:00
PVDL-IDV1257067260-1728378046-86,8,IDV1257067260,2024,10,180224,023,126.999126,37.583247,-1,-1,-1,-1,-1,-1,-1,-1,-1,-1,-1,-1,-1,1,0.0,-1,v2x,2024-10-08T09:02:24.000+00:00
PVDL-IDV1257067300-1728359199-18935,8,IDV1257067300,2024,10,180224,274,127.044059,37.690146,-1,-1,-1,-1,-1,-1,-1,-1,-1,-1,-1,-1,-1,0,-1.0,-1,v2x,2024-10-08T09:02:24.000+00:00
PVDL-IDV1257067330-1728326277-51855,8,IDV1257067330,2024,10,180224,062,126.9631505,37.5606361,-1,-1,-1,-1,-1,-1,-1,-1,-1,-1,-1,-1,-1,1,-25.0,21,v2x,2024-10-08T09:02:24.000+00:00
PVDL-IDV1257067340-1728363969-14164,8,IDV1257067340,2024,10,180224,189,127.002157,37.575592,-1,-1,-1,-1,-1,-1,-1,-1,-1,-1,-1,-1,-1,1,0.0,-1,v2x,2024-10-08T09:02:24.000+00:00
PVDL-IDV1257067350-1728369302-8831,8,IDV1257067350,2024,10,180224,288,126.82115,37.491997,-1,-1,-1,-1,-1,-1,-1,-1,-1,-1,-1,-1,-1,0,-1.0,-1,v2x,2024-10-08T09:02:24.000+00:00
PVDL-IDV1257067360-1728374564-3570,8,IDV1257067360,2024,10,180224,084,126.903682,37.478108,-1,-1,-1,-1,-1,-1,-1,-1,-1,-1,-1,-1,-1,1,-55.0,-1,v2x,2024-10-08T09:02:24.000+00:00
PVDL-IDV1257067370-1728365490-12644,8,IDV1257067370,2024,10,180224,026,126.901788,37.479324,-1,-1,-1,-1,-1,-1,-1,-1,-1,-1,-1,-1,-1,1,0.0,-1,v2x,2024-10-08T09:02:24.000+00:00
PVDL-IDV1257067390-1728377689-481,8,IDV1257067390,2024,10,180224,192,126.898697,37.49749,-1,-1,-1,-1,-1,-1,-1,-1,-1,-1,-1,-1,-1,1,27.0,-1,v2x,2024-10-08T09:02:24.000+00:00
PVDL-IDV1257067400-1728368844-9296,8,IDV1257067400,2024,10,180224,084,126.845598,37.501242,-1,-1,-1,-1,-1,-1,-1,-1,-1,-1,-1,-1,-1,2,0.0,-1,v2x,2024-10-08T09:02:24.000+00:00
PVDL-IDV1257067460-1728331769-46371,8,IDV1257067460,2024,10,180224,355,127.001908,37.586386,-1,-1,-1,-1,-1,-1,-1,-1,-1,-1,-1,-1,-1,1,-69.0,-1,v2x,2024-10-08T09:02:24.000+00:00
PVDL-IDV1257067500-1728374972-3161,8,IDV1257067500,2024,10,180224,216,126.945612,37.482885,-1,-1,-1,-1,-1,-1,-1,-1,-1,-1,-1,-1,-1,1,0.0,-1,v2x,2024-10-08T09:02:24.000+00:00
PVDL-IDV1257067540-1728377035-1102,8,IDV1257067540,2024,10,180224,079,126.978658,37.570202,-1,-1,-1,-1,-1,-1,-1,-1,-1,-1,-1,-1,-1,1,-61.0,-1,v2x,2024-10-08T09:02:24.000+00:00
PVDL-IDV1257067550-1728376987-1183,8,IDV1257067550,2024,10,180224,090,127.018158,37.593799,-1,-1,-1,-1,-1,-1,-1,-1,-1,-1,-1,-1,-1,1,55.0,-1,v2x,2024-10-08T09:02:24.000+00:00
PVDL-IDV1257067560-1728374496-3638,8,IDV1257067560,2024,10,180224,304,127.029607,37.608481,-1,-1,-1,-1,-1,-1,-1,-1,-1,-1,-1,-1,-1,1,55.0,-1,v2x,2024-10-08T09:02:24.000+00:00
PVDL-IDV1257067630-1728376831-1302,8,IDV1257067630,2024,10,180224,199,127.034694,37.648681,-1,-1,-1,-1,-1,-1,-1,-1,-1,-1,-1,-1,-1,0,-1.0,-1,v2x,2024-10-08T09:02:24.000+00:00
PVDL-IDV1257067920-1728372564-5606,8,IDV1257067920,2024,10,180224,067,126.921817,37.503708,-1,-1,-1,-1,-1,-1,-1,-1,-1,-1,-1,-1,-1,0,-1.0,-1,v2x,2024-10-08T09:02:24.000+00:00
PVDL-IDV1257067940-1728332414-45726,8,IDV1257067940,2024,10,180224,119,126.910035,37.493156,-1,-1,-1,-1,-1,-1,-1,-1,-1,-1,-1,-1,-1,1,8.0,-1,v2x,2024-10-08T09:02:24.000+00:00
PVDL-IDV1257067950-1728370162-7972,8,IDV1257067950,2024,10,180224,057,126.913787,37.49662,-1,-1,-1,-1,-1,-1,-1,-1,-1,-1,-1,-1,-1,1,0.0,-1,v2x,2024-10-08T09:02:24.000+00:00
PVDL-IDV1257067960-1728363558-14573,8,IDV1257067960,2024,10,180224,269,126.902562,37.437187,-1,-1,-1,-1,-1,-1,-1,-1,-1,-1,-1,-1,-1,0,-1.0,-1,v2x,2024-10-08T09:02:24.000+00:00
PVDL-IDV1257067970-1728367267-10867,8,IDV1257067970,2024,10,180224,081,126.910832,37.506488,-1,-1,-1,-1,-1,-1,-1,-1,-1,-1,-1,-1,-1,1,30.0,-1,v2x,2024-10-08T09:02:24.000+00:00
PVDL-IDV1257067980-1728361065-17069,8,IDV1257067980,2024,10,180224,289,127.041608,37.660077,-1,-1,-1,-1,-1,-1,-1,-1,-1,-1,-1,-1,-1,0,-1.0,-1,v2x,2024-10-08T09:02:24.000+00:00
PVDL-IDV1257068000-1728335490-42646,8,IDV1257068000,2024,10,180224,075,126.897734,37.466898,-1,-1,-1,-1,-1,-1,-1,-1,-1,-1,-1,-1,-1,1,0.0,-1,v2x,2024-10-08T09:02:24.000+00:00
PVDL-IDV1257070120-1728366836-11334,8,IDV1257070120,2024,10,180224,074,126.941265,37.591828,-1,-1,-1,-1,-1,-1,-1,-1,-1,-1,-1,-1,-1,1,0.0,-1,v2x,2024-10-08T09:02:24.000+00:00
PVDL-IDV1257070130-1728370750-7417,8,IDV1257070130,2024,10,180224,262,126.881842,37.629605,-1,-1,-1,-1,-1,-1,-1,-1,-1,-1,-1,-1,-1,1,105.0,-1,v2x,2024-10-08T09:02:24.000+00:00
PVDL-IDV1257070140-1728354516-23641,8,IDV1257070140,2024,10,180224,280,126.916728,37.599356,-1,-1,-1,-1,-1,-1,-1,-1,-1,-1,-1,-1,-1,1,-61.0,-1,v2x,2024-10-08T09:02:24.000+00:00
PVDL-IDV1257070330-1728335772-42361,8,IDV1257070330,2024,10,180224,266,126.970975,37.707331,-1,-1,-1,-1,-1,-1,-1,-1,-1,-1,-1,-1,-1,0,-1.0,-1,v2x,2024-10-08T09:02:24.000+00:00
PVDL-IDV1257070340-1728333834-44298,8,IDV1257070340,2024,10,180224,274,126.919224,37.639227,-1,-1,-1,-1,-1,-1,-1,-1,-1,-1,-1,-1,-1,0,-1.0,-1,v2x,2024-10-08T09:02:24.000+00:00
PVDL-IDV1257072480-1728376111-2022,8,IDV1257072480,2024,10,180224,349,126.916778,37.590381,-1,-1,-1,-1,-1,-1,-1,-1,-1,-1,-1,-1,-1,1,0.0,-1,v2x,2024-10-08T09:02:24.000+00:00
PVDL-IDV1257072510-1728375489-2645,8,IDV1257072510,2024,10,180224,275,126.790422,37.653643,-1,-1,-1,-1,-1,-1,-1,-1,-1,-1,-1,-1,-1,1,-44.0,-1,v2x,2024-10-08T09:02:24.000+00:00
PVDL-IDV1257072520-1728366485-11649,8,IDV1257072520,2024,10,180224,328,126.787151,37.651891,-1,-1,-1,-1,-1,-1,-1,-1,-1,-1,-1,-1,-1,1,13.0,-1,v2x,2024-10-08T09:02:24.000+00:00
PVDL-IDV1257072730-1728348193-29939,8,IDV1257072730,2024,10,180224,297,126.8832995,37.5914985,-1,-1,-1,-1,-1,-1,-1,-1,-1,-1,-1,-1,-1,1,5.0,-1,v2x,2024-10-08T09:02:24.000+00:00
PVDL-IDV1257072750-1728333151-44983,8,IDV1257072750,2024,10,180224,285,126.923951,37.584511,-1,-1,-1,-1,-1,-1,-1,-1,-1,-1,-1,-1,-1,1,0.0,-1,v2x,2024-10-08T09:02:24.000+00:00
PVDL-IDV1257072760-1728363817-14316,8,IDV1257072760,2024,10,180224,280,126.921625,37.578064,-1,-1,-1,-1,-1,-1,-1,-1,-1,-1,-1,-1,-1,1,50.0,-1,v2x,2024-10-08T09:02:24.000+00:00
PVDL-IDV1257072880-1728357886-20247,8,IDV1257072880,2024,10,180224,185,126.9727679,37.5757738,-1,-1,-1,-1,-1,-1,-1,-1,-1,-1,-1,-1,-1,1,38.0,99,v2x,2024-10-08T09:02:24.000+00:00
PVDL-IDV1257072890-1728368243-9897,8,IDV1257072890,2024,10,180224,041,126.900112,37.579469,-1,-1,-1,-1,-1,-1,-1,-1,-1,-1,-1,-1,-1,1,36.0,-1,v2x,2024-10-08T09:02:24.000+00:00
PVDL-IDV1257072910-1728332171-45962,8,IDV1257072910,2024,10,180224,260,126.884982,37.592517,-1,-1,-1,-1,-1,-1,-1,-1,-1,-1,-1,-1,-1,1,-55.0,-1,v2x,2024-10-08T09:02:24.000+00:00
PVDL-IDV1257072930-1728337037-41096,8,IDV1257072930,2024,10,180224,272,126.91901,37.585879,-1,-1,-1,-1,-1,-1,-1,-1,-1,-1,-1,-1,-1,1,-77.0,-1,v2x,2024-10-08T09:02:24.000+00:00
PVDL-IDV1257077750-1728351806-26364,8,IDV1257077750,2024,10,180224,135,126.9670015,37.5656371,-1,-1,-1,3,-1,-1,-1,-1,-1,-1,-1,-1,-1,1,0.0,21,v2x,2024-10-08T09:02:24.000+00:00
PVDL-IDV1257077760-1728339912-38258,8,IDV1257077760,2024,10,180224,052,126.9161498,37.5686918,-1,-1,-1,-1,-1,-1,-1,-1,-1,-1,-1,-1,-1,1,22.0,21,v2x,2024-10-08T09:02:24.000+00:00
PVDL-IDV1257077800-1728341678-36461,8,IDV1257077800,2024,10,180224,105,126.955942,37.513524,-1,-1,-1,-1,-1,-1,-1,-1,-1,-1,-1,-1,-1,0,-1.0,-1,v2x,2024-10-08T09:02:24.000+00:00
PVDL-IDV1257078120-1728371253-6881,8,IDV1257078120,2024,10,180224,062,127.030159,37.613218,-1,-1,-1,-1,-1,-1,-1,-1,-1,-1,-1,-1,-1,0,-1.0,-1,v2x,2024-10-08T09:02:24.000+00:00
PVDL-IDV1257079010-1728376048-2085,8,IDV1257079010,2024,10,180224,424,126.889471,37.544575,-1,-1,-1,-1,-1,-1,-1,-1,-1,-1,-1,-1,-1,0,-1.0,-1,v2x,2024-10-08T09:02:24.000+00:00
PVDL-IDV1257079030-1728376436-1703,8,IDV1257079030,2024,10,180224,424,126.852236,37.555741,-1,-1,-1,-1,-1,-1,-1,-1,-1,-1,-1,-1,-1,1,19.0,-1,v2x,2024-10-08T09:02:24.000+00:00
PVDL-IDV1257079180-1728377659-474,8,IDV1257079180,2024,10,180224,357,126.838485,37.533481,-1,-1,-1,-1,-1,-1,-1,-1,-1,-1,-1,-1,-1,1,16.0,-1,v2x,2024-10-08T09:02:24.000+00:00
PVDL-IDV1257079230-1728330930-47204,8,IDV1257079230,2024,10,180224,259,126.830571,37.524367,-1,-1,-1,-1,-1,-1,-1,-1,-1,-1,-1,-1,-1,0,-1.0,-1,v2x,2024-10-08T09:02:24.000+00:00
PVDL-IDV1257079240-1728354235-23904,8,IDV1257079240,2024,10,180224,349,126.830663,37.524564,-1,-1,-1,-1,-1,-1,-1,-1,-1,-1,-1,-1,-1,0,-1.0,-1,v2x,2024-10-08T09:02:24.000+00:00
PVDL-IDV1257079360-1728376389-1744,8,IDV1257079360,2024,10,180224,346,126.842714,37.522293,-1,-1,-1,-1,-1,-1,-1,-1,-1,-1,-1,-1,-1,1,25.0,-1,v2x,2024-10-08T09:02:24.000+00:00
PVDL-IDV1257079740-1728367384-10755,8,IDV1257079740,2024,10,180224,197,126.841604,37.51797,-1,-1,-1,-1,-1,-1,-1,-1,-1,-1,-1,-1,-1,1,0.0,-1,v2x,2024-10-08T09:02:24.000+00:00
PVDL-IDV1257079750-1728375538-2604,8,IDV1257079750,2024,10,180224,339,126.899222,37.537665,-1,-1,-1,-1,-1,-1,-1,-1,-1,-1,-1,-1,-1,1,47.0,-1,v2x,2024-10-08T09:02:24.000+00:00
PVDL-IDV1257079760-1728376124-2022,8,IDV1257079760,2024,10,180224,190,126.952231,37.557229,-1,-1,-1,-1,-1,-1,-1,-1,-1,-1,-1,-1,-1,0,-1.0,-1,v2x,2024-10-08T09:02:24.000+00:00
PVDL-IDV1257079770-1728362352-15788,8,IDV1257079770,2024,10,180224,077,126.9365734,37.5552432,-1,-1,-1,-1,-1,-1,-1,-1,-1,-1,-1,-1,-1,1,0.0,24,v2x,2024-10-08T09:02:24.000+00:00
PVDL-IDV1257079790-1728363454-14679,8,IDV1257079790,2024,10,180224,270,126.884658,37.537105,-1,-1,-1,-1,-1,-1,-1,-1,-1,-1,-1,-1,-1,1,33.0,-1,v2x,2024-10-08T09:02:24.000+00:00
PVDL-IDV1257079800-1728328523-49611,8,IDV1257079800,2024,10,180224,284,126.9235159,37.5566748,-1,-1,-1,3,-1,-1,-1,-1,-1,-1,-1,-1,-1,1,0.0,21,v2x,2024-10-08T09:02:24.000+00:00
PVDL-IDV1257079810-1728355375-22771,8,IDV1257079810,2024,10,180224,291,126.898565,37.53562,-1,-1,-1,-1,-1,-1,-1,-1,-1,-1,-1,-1,-1,1,8.0,-1,v2x,2024-10-08T09:02:24.000+00:00
PVDL-IDV1257079820-1728330655-47485,8,IDV1257079820,2024,10,180224,285,126.85921,37.521827,-1,-1,-1,-1,-1,-1,-1,-1,-1,-1,-1,-1,-1,1,61.0,-1,v2x,2024-10-08T09:02:24.000+00:00
PVDL-IDV1257079840-1728370753-7417,8,IDV1257079840,2024,10,180224,264,126.869595,37.525358,-1,-1,-1,-1,-1,-1,-1,-1,-1,-1,-1,-1,-1,1,52.0,-1,v2x,2024-10-08T09:02:24.000+00:00
PVDL-IDV1257079960-1728350382-27788,8,IDV1257079960,2024,10,180224,356,126.838222,37.516903,-1,-1,-1,-1,-1,-1,-1,-1,-1,-1,-1,-1,-1,0,-1.0,-1,v2x,2024-10-08T09:02:24.000+00:00
PVDL-IDV1257080150-1728362907-15227,8,IDV1257080150,2024,10,180224,278,126.838486,37.529504,-1,-1,-1,-1,-1,-1,-1,-1,-1,-1,-1,-1,-1,0,-1.0,-1,v2x,2024-10-08T09:02:24.000+00:00
PVDL-IDV1257080160-1728368422-9718,8,IDV1257080160,2024,10,180224,339,126.837072,37.5372,-1,-1,-1,-1,-1,-1,-1,-1,-1,-1,-1,-1,-1,1,36.0,-1,v2x,2024-10-08T09:02:24.000+00:00
PVDL-IDV1257080210-1728368532-9599,8,IDV1257080210,2024,10,180224,260,126.905307,37.544402,-1,-1,-1,-1,-1,-1,-1,-1,-1,-1,-1,-1,-1,1,2.0,-1,v2x,2024-10-08T09:02:24.000+00:00
PVDL-IDV1257080230-1728372502-5638,8,IDV1257080230,2024,10,180224,104,127.011671,37.571934,-1,-1,-1,-1,-1,-1,-1,-1,-1,-1,-1,-1,-1,1,0.0,-1,v2x,2024-10-08T09:02:24.000+00:00
PVDL-IDV1257081620-1728375245-2900,8,IDV1257081620,2024,10,180224,352,126.834479,37.566064,-1,-1,-1,-1,-1,-1,-1,-1,-1,-1,-1,-1,-1,1,-69.0,-1,v2x,2024-10-08T09:02:24.000+00:00
PVDL-IDV1257083170-1728343777-34393,8,IDV1257083170,2024,10,180224,011,126.829515,37.506477,-1,-1,-1,-1,-1,-1,-1,-1,-1,-1,-1,-1,-1,1,0.0,-1,v2x,2024-10-08T09:02:24.000+00:00
PVDL-IDV1257089280-1728338420-39720,8,IDV1257089280,2024,10,180224,287,127.001113,37.452204,-1,-1,-1,-1,-1,-1,-1,-1,-1,-1,-1,-1,-1,1,88.0,-1,v2x,2024-10-08T09:02:24.000+00:00
PVDL-IDV1257089300-1728336622-41512,8,IDV1257089300,2024,10,180224,019,127.036027,37.460605,-1,-1,-1,-1,-1,-1,-1,-1,-1,-1,-1,-1,-1,1,0.0,-1,v2x,2024-10-08T09:02:24.000+00:00
PVDL-IDV1257089320-1728377360-773,8,IDV1257089320,2024,10,180224,267,126.958687,37.302653,-1,-1,-1,-1,-1,-1,-1,-1,-1,-1,-1,-1,-1,0,-1.0,-1,v2x,2024-10-08T09:02:24.000+00:00
PVDL-IDV1257089330-1728378136-0,8,IDV1257089330,2024,10,180224,355,126.964641,37.372439,-1,-1,-1,-1,-1,-1,-1,-1,-1,-1,-1,-1,-1,0,-1.0,-1,v2x,2024-10-08T09:02:24.000+00:00
PVDL-IDV1257089350-1728366165-12005,8,IDV1257089350,2024,10,180224,054,127.02426,37.504718,-1,-1,-1,-1,-1,-1,-1,-1,-1,-1,-1,-1,-1,1,-8.0,-1,v2x,2024-10-08T09:02:24.000+00:00
PVDL-IDV1257089370-1728337677-40465,8,IDV1257089370,2024,10,180224,054,127.026321,37.500782,-1,-1,-1,-1,-1,-1,-1,-1,-1,-1,-1,-1,-1,1,0.0,-1,v2x,2024-10-08T09:02:24.000+00:00
PVDL-IDV1257089380-1728357991-20149,8,IDV1257089380,2024,10,180224,295,126.958815,37.302709,-1,-1,-1,-1,-1,-1,-1,-1,-1,-1,-1,-1,-1,0,-1.0,-1,v2x,2024-10-08T09:02:24.000+00:00
PVDL-IDV1257089530-1728346255-31915,8,IDV1257089530,2024,10,180224,270,126.956921,37.333008,-1,-1,-1,-1,-1,-1,-1,-1,-1,-1,-1,-1,-1,1,0.0,-1,v2x,2024-10-08T09:02:24.000+00:00
PVDL-IDV1257089540-1728347796-30344,8,IDV1257089540,2024,10,180224,131,127.041079,37.464479,-1,-1,-1,-1,-1,-1,-1,-1,-1,-1,-1,-1,-1,1,16.0,-1,v2x,2024-10-08T09:02:24.000+00:00
PVDL-IDV1257089570-1728377152-981,8,IDV1257089570,2024,10,180224,365,126.974362,37.347632,-1,-1,-1,-1,-1,-1,-1,-1,-1,-1,-1,-1,-1,1,-2.0,-1,v2x,2024-10-08T09:02:24.000+00:00
PVDL-IDV1257089580-1728339781-38359,8,IDV1257089580,2024,10,180224,275,126.986611,37.417284,-1,-1,-1,-1,-1,-1,-1,-1,-1,-1,-1,-1,-1,0,-1.0,-1,v2x,2024-10-08T09:02:24.000+00:00
PVDL-IDV1257089590-1728345495-32645,8,IDV1257089590,2024,10,180224,287,126.996652,37.435708,-1,-1,-1,-1,-1,-1,-1,-1,-1,-1,-1,-1,-1,1,0.0,-1,v2x,2024-10-08T09:02:24.000+00:00
PVDL-IDV1257089600-1728371079-7063,8,IDV1257089600,2024,10,180224,297,127.038867,37.471503,-1,-1,-1,-1,-1,-1,-1,-1,-1,-1,-1,-1,-1,1,-25.0,-1,v2x,2024-10-08T09:02:24.000+00:00
PVDL-IDV1257089640-1728338999-39141,8,IDV1257089640,2024,10,180224,356,127.00911,37.455544,-1,-1,-1,-1,-1,-1,-1,-1,-1,-1,-1,-1,-1,1,13.0,-1,v2x,2024-10-08T09:02:24.000+00:00
PVDL-IDV1257090080-1728365980-12154,8,IDV1257090080,2024,10,180224,283,126.989746,37.426213,-1,-1,-1,-1,-1,-1,-1,-1,-1,-1,-1,-1,-1,1,0.0,-1,v2x,2024-10-08T09:02:24.000+00:00
PVDL-IDV1257090100-1728369895-8244,8,IDV1257090100,2024,10,180224,280,126.956775,37.32898,-1,-1,-1,-1,-1,-1,-1,-1,-1,-1,-1,-1,-1,1,0.0,-1,v2x,2024-10-08T09:02:24.000+00:00
PVDL-IDV1257093670-1728326956-51183,8,IDV1257093670,2024,10,180224,194,127.054187,37.493802,-1,-1,-1,-1,-1,-1,-1,-1,-1,-1,-1,-1,-1,0,-1.0,-1,v2x,2024-10-08T09:02:24.000+00:00
PVDL-IDV1257093730-1728375860-2290,8,IDV1257093730,2024,10,180224,204,127.041469,37.516634,-1,-1,-1,-1,-1,-1,-1,-1,-1,-1,-1,-1,-1,1,0.0,-1,v2x,2024-10-08T09:02:24.000+00:00
PVDL-IDV1257093740-1728334079-44055,8,IDV1257093740,2024,10,180224,081,127.006725,37.534895,-1,-1,-1,-1,-1,-1,-1,-1,-1,-1,-1,-1,-1,1,-102.0,-1,v2x,2024-10-08T09:02:24.000+00:00
PVDL-IDV1257093750-1728374564-3585,8,IDV1257093750,2024,10,180224,118,126.988942,37.561961,-1,-1,-1,-1,-1,-1,-1,-1,-1,-1,-1,-1,-1,1,13.0,-1,v2x,2024-10-08T09:02:24.000+00:00
PVDL-IDV1257093760-1728375934-2213,8,IDV1257093760,2024,10,180224,064,127.008769,37.532387,-1,-1,-1,-1,-1,-1,-1,-1,-1,-1,-1,-1,-1,0,-1.0,-1,v2x,2024-10-08T09:02:24.000+00:00
PVDL-IDV1257095150-1728361054-17079,8,IDV1257095150,2024,10,180224,264,127.135946,37.480663,-1,-1,-1,-1,-1,-1,-1,-1,-1,-1,-1,-1,-1,0,-1.0,-1,v2x,2024-10-08T09:02:24.000+00:00
PVDL-IDV1257095170-1728368902-9237,8,IDV1257095170,2024,10,180224,068,127.00563,37.53579,-1,-1,-1,-1,-1,-1,-1,-1,-1,-1,-1,-1,-1,1,0.0,-1,v2x,2024-10-08T09:02:24.000+00:00
PVDL-IDV1257095180-1728371473-6661,8,IDV1257095180,2024,10,180224,330,127.010319,37.530246,-1,-1,-1,-1,-1,-1,-1,-1,-1,-1,-1,-1,-1,0,-1.0,-1,v2x,2024-10-08T09:02:24.000+00:00
PVDL-IDV1257095190-1728371519-6651,8,IDV1257095190,2024,10,180224,369,127.022768,37.507956,-1,-1,-1,-1,-1,-1,-1,-1,-1,-1,-1,-1,-1,1,11.0,-1,v2x,2024-10-08T09:02:24.000+00:00
PVDL-IDV1257095200-1728364771-13363,8,IDV1257095200,2024,10,180224,199,127.067107,37.486699,-1,-1,-1,-1,-1,-1,-1,-1,-1,-1,-1,-1,-1,2,0.0,-1,v2x,2024-10-08T09:02:24.000+00:00
PVDL-IDV1257095220-1728374333-3837,8,IDV1257095220,2024,10,180224,362,126.977594,37.567329,-1,-1,-1,-1,-1,-1,-1,-1,-1,-1,-1,-1,-1,1,0.0,-1,v2x,2024-10-08T09:02:24.000+00:00
PVDL-IDV1257095230-1728368271-9863,8,IDV1257095230,2024,10,180224,258,126.977064,37.556104,-1,-1,-1,-1,-1,-1,-1,-1,-1,-1,-1,-1,-1,1,-44.0,-1,v2x,2024-10-08T09:02:24.000+00:00
PVDL-IDV1257095240-1728365656-12483,8,IDV1257095240,2024,10,180224,306,127.128871,37.492798,-1,-1,-1,-1,-1,-1,-1,-1,-1,-1,-1,-1,-1,0,-1.0,-1,v2x,2024-10-08T09:02:24.000+00:00
PVDL-IDV1257095250-1728370697-7437,8,IDV1257095250,2024,10,180224,519,126.9772276,37.5649665,-1,-1,-1,-1,-1,-1,-1,-1,-1,-1,-1,-1,-1,0,-1.0,-1,v2x,2024-10-08T09:02:24.000+00:00
PVDL-IDV1257095340-1728325373-52761,8,IDV1257095340,2024,10,180224,135,126.92819,37.52957,-1,-1,-1,-1,-1,-1,-1,-1,-1,-1,-1,-1,-1,0,-1.0,-1,v2x,2024-10-08T09:02:24.000+00:00
PVDL-IDV1257095420-1728328001-50133,8,IDV1257095420,2024,10,180224,257,127.119792,37.478894,-1,-1,-1,-1,-1,-1,-1,-1,-1,-1,-1,-1,-1,1,33.0,-1,v2x,2024-10-08T09:02:24.000+00:00
PVDL-IDV1257095430-1728329773-48366,8,IDV1257095430,2024,10,180224,112,127.069414,37.489793,-1,-1,-1,-1,-1,-1,-1,-1,-1,-1,-1,-1,-1,2,-2.0,-1,v2x,2024-10-08T09:02:24.000+00:00
PVDL-IDV1257095470-1728369325-8845,8,IDV1257095470,2024,10,180224,071,127.032868,37.4868527,-1,-1,-1,-1,-1,-1,-1,-1,-1,-1,-1,-1,-1,1,-88.0,11,v2x,2024-10-08T09:02:24.000+00:00
PVDL-IDV1257095500-1728367580-10554,8,IDV1257095500,2024,10,180224,274,126.996489,37.541307,-1,-1,-1,-1,-1,-1,-1,-1,-1,-1,-1,-1,-1,1,0.0,-1,v2x,2024-10-08T09:02:24.000+00:00
PVDL-IDV1257095510-1728368629-9505,8,IDV1257095510,2024,10,180224,269,126.972073,37.559569,-1,-1,-1,-1,-1,-1,-1,-1,-1,-1,-1,-1,-1,1,41.0,-1,v2x,2024-10-08T09:02:24.000+00:00
PVDL-IDV1257095550-1728369423-8711,8,IDV1257095550,2024,10,180224,057,127.0074521,37.5338846,-1,-1,-1,-1,-1,-1,-1,-1,-1,-1,-1,-1,-1,1,25.0,-1,v2x,2024-10-08T09:02:24.000+00:00
PVDL-IDV1257095560-1728370083-8050,8,IDV1257095560,2024,10,180224,059,127.0234511,37.5067856,-1,-1,-1,-1,-1,-1,-1,-1,-1,-1,-1,-1,-1,1,52.0,99,v2x,2024-10-08T09:02:24.000+00:00
PVDL-IDV1257095580-1728371469-6665,8,IDV1257095580,2024,10,180224,207,127.031261,37.490687,-1,-1,-1,-1,-1,-1,-1,-1,-1,-1,-1,-1,-1,1,94.0,-1,v2x,2024-10-08T09:02:24.000+00:00
PVDL-IDV1257095590-1728373146-4988,8,IDV1257095590,2024,10,180224,030,127.045432,37.486462,-1,-1,-1,-1,-1,-1,-1,-1,-1,-1,-1,-1,-1,1,0.0,-1,v2x,2024-10-08T09:02:24.000+00:00
PVDL-IDV1257095630-1728375581-2552,8,IDV1257095630,2024,10,180224,342,127.110227,37.477002,-1,-1,-1,-1,-1,-1,-1,-1,-1,-1,-1,-1,-1,1,83.0,-1,v2x,2024-10-08T09:02:24.000+00:00
PVDL-IDV1257095810-1728375624-2509,8,IDV1257095810,2024,10,180224,297,127.102189,37.487013,-1,-1,-1,-1,-1,-1,-1,-1,-1,-1,-1,-1,-1,1,0.0,-1,v2x,2024-10-08T09:02:24.000+00:00
PVDL-IDV1257095840-1728328263-49870,8,IDV1257095840,2024,10,180224,282,127.136005,37.480781,-1,-1,-1,-1,-1,-1,-1,-1,-1,-1,-1,-1,-1,0,-1.0,-1,v2x,2024-10-08T09:02:24.000+00:00
PVDL-IDV1257097040-1728365430-12703,8,IDV1257097040,2024,10,180224,259,127.090709,37.60446,-1,-1,-1,-1,-1,-1,-1,-1,-1,-1,-1,-1,-1,0,-1.0,-1,v2x,2024-10-08T09:02:24.000+00:00
PVDL-IDV1257097050-1728372417-5753,8,IDV1257097050,2024,10,180224,042,126.926079,37.526816,-1,-1,-1,-1,-1,-1,-1,-1,-1,-1,-1,-1,-1,0,-1.0,-1,v2x,2024-10-08T09:02:24.000+00:00
PVDL-IDV1257097070-1728368621-9513,8,IDV1257097070,2024,10,180224,366,127.001586,37.584573,-1,-1,-1,-1,-1,-1,-1,-1,-1,-1,-1,-1,-1,0,-1.0,-1,v2x,2024-10-08T09:02:24.000+00:00
PVDL-IDV1257097090-1728370311-7821,8,IDV1257097090,2024,10,180224,072,126.935268,37.555712,-1,-1,-1,-1,-1,-1,-1,-1,-1,-1,-1,-1,-1,0,-1.0,-1,v2x,2024-10-08T09:02:24.000+00:00
PVDL-IDV1257112230-1728333550-44584,8,IDV1257112230,2024,10,180224,106,127.0015862,37.5709882,-1,-1,-1,-1,-1,-1,-1,-1,-1,-1,-1,-1,-1,1,0.0,11,v2x,2024-10-08T09:02:24.000+00:00
PVDL-IDV1257112250-1728377448-692,8,IDV1257112250,2024,10,180224,050,126.988869,37.570295,-1,-1,-1,-1,-1,-1,-1,-1,-1,-1,-1,-1,-1,1,13.0,-1,v2x,2024-10-08T09:02:24.000+00:00
PVDL-IDV1257112270-1728334178-43961,8,IDV1257112270,2024,10,180224,262,126.977573,37.570337,-1,-1,-1,-1,-1,-1,-1,-1,-1,-1,-1,-1,-1,1,0.0,-1,v2x,2024-10-08T09:02:24.000+00:00
PVDL-IDV1257112280-1728374504-3630,8,IDV1257112280,2024,10,180224,097,127.032847,37.602016,-1,-1,-1,-1,-1,-1,-1,-1,-1,-1,-1,-1,-1,1,0.0,-1,v2x,2024-10-08T09:02:24.000+00:00
PVDL-IDV1257112290-1728374713-3421,8,IDV1257112290,2024,10,180224,147,127.030389,37.610344,-1,-1,-1,-1,-1,-1,-1,-1,-1,-1,-1,-1,-1,1,41.0,-1,v2x,2024-10-08T09:02:24.000+00:00
PVDL-IDV1257112320-1728338079-40055,8,IDV1257112320,2024,10,180224,063,127.034929,37.649098,-1,-1,-1,-1,-1,-1,-1,-1,-1,-1,-1,-1,-1,0,-1.0,-1,v2x,2024-10-08T09:02:24.000+00:00
PVDL-IDV1257112330-1728373879-4254,8,IDV1257112330,2024,10,180224,086,126.982916,37.570315,-1,-1,-1,-1,-1,-1,-1,-1,-1,-1,-1,-1,-1,0,-1.0,-1,v2x,2024-10-08T09:02:24.000+00:00
PVDL-IDV1257112340-1728326654-51486,8,IDV1257112340,2024,10,180224,276,127.012099,37.663992,-1,-1,-1,-1,-1,-1,-1,-1,-1,-1,-1,-1,-1,1,-44.0,-1,v2x,2024-10-08T09:02:24.000+00:00
PVDL-IDV1257112350-1728335595-42541,8,IDV1257112350,2024,10,180224,137,127.0159514,37.5731478,-1,-1,-1,-1,-1,-1,-1,-1,-1,-1,-1,-1,-1,1,0.0,11,v2x,2024-10-08T09:02:24.000+00:00
PVDL-IDV1257112410-1728377764-369,8,IDV1257112410,2024,10,180224,267,127.014147,37.660773,-1,-1,-1,-1,-1,-1,-1,-1,-1,-1,-1,-1,-1,0,-1.0,-1,v2x,2024-10-08T09:02:24.000+00:00
PVDL-IDV1257112420-1728374926-3223,8,IDV1257112420,2024,10,180224,268,127.01421,37.660795,-1,-1,-1,-1,-1,-1,-1,-1,-1,-1,-1,-1,-1,0,-1.0,-1,v2x,2024-10-08T09:02:24.000+00:00
PVDL-IDV1257112570-1728376967-1175,8,IDV1257112570,2024,10,180224,289,127.0143494,37.5923264,-1,-1,-1,-1,-1,-1,-1,-1,-1,-1,-1,-1,-1,1,-2.0,22,v2x,2024-10-08T09:02:24.000+00:00
PVDL-IDV1257112680-1728376334-1811,8,IDV1257112680,2024,10,180224,282,127.014246,37.660902,-1,-1,-1,-1,-1,-1,-1,-1,-1,-1,-1,-1,-1,0,-1.0,-1,v2x,2024-10-08T09:02:24.000+00:00
PVDL-IDV1257112870-1728374771-3363,8,IDV1257112870,2024,10,180224,032,127.013952,37.592201,-1,-1,-1,-1,-1,-1,-1,-1,-1,-1,-1,-1,-1,1,27.0,-1,v2x,2024-10-08T09:02:24.000+00:00
PVDL-IDV1257118130-1728365093-13047,8,IDV1257118130,2024,10,180224,185,127.025182,37.63766,-1,-1,-1,-1,-1,-1,-1,-1,-1,-1,-1,-1,-1,1,0.0,-1,v2x,2024-10-08T09:02:24.000+00:00
PVDL-IDV1257118140-1728371235-6899,8,IDV1257118140,2024,10,180224,080,127.020259,37.513889,-1,-1,-1,-1,-1,-1,-1,-1,-1,-1,-1,-1,-1,1,144.0,-1,v2x,2024-10-08T09:02:24.000+00:00
PVDL-IDV1257118150-1728377228-942,8,IDV1257118150,2024,10,180224,280,127.029717,37.617441,-1,-1,-1,-1,-1,-1,-1,-1,-1,-1,-1,-1,-1,1,0.0,-1,v2x,2024-10-08T09:02:24.000+00:00
PVDL-IDV1257118170-1728376135-1999,8,IDV1257118170,2024,10,180224,302,126.9637877,37.5687895,-1,-1,-1,-1,-1,-1,-1,-1,-1,-1,-1,-1,-1,1,-55.0,21,v2x,2024-10-08T09:02:24.000+00:00
PVDL-IDV1257118230-1728371431-6740,8,IDV1257118230,2024,10,180224,319,126.926788,37.622045,-1,-1,-1,-1,-1,-1,-1,-1,-1,-1,-1,-1,-1,1,50.0,-1,v2x,2024-10-08T09:02:24.000+00:00
PVDL-IDV1257118270-1728366228-11905,8,IDV1257118270,2024,10,180224,347,127.059215,37.594891,-1,-1,-1,-1,-1,-1,-1,-1,-1,-1,-1,-1,-1,2,0.0,-1,v2x,2024-10-08T09:02:24.000+00:00
PVDL-IDV1257118280-1728366316-11851,8,IDV1257118280,2024,10,180224,061,126.931872,37.52726,-1,-1,-1,-1,-1,-1,-1,-1,-1,-1,-1,-1,-1,0,-1.0,-1,v2x,2024-10-08T09:02:24.000+00:00
PVDL-IDV1257118310-1728376716-1417,8,IDV1257118310,2024,10,180224,274,127.077881,37.601678,-1,-1,-1,-1,-1,-1,-1,-1,-1,-1,-1,-1,-1,1,0.0,-1,v2x,2024-10-08T09:02:24.000+00:00
PVDL-IDV1257118320-1728375735-2399,8,IDV1257118320,2024,10,180224,357,126.846962,37.500664,-1,-1,-1,-1,-1,-1,-1,-1,-1,-1,-1,-1,-1,0,-1.0,-1,v2x,2024-10-08T09:02:24.000+00:00
PVDL-IDV1257118360-1728374842-3292,8,IDV1257118360,2024,10,180224,062,126.9626627,37.5699144,-1,-1,-1,-1,-1,-1,-1,-1,-1,-1,-1,-1,-1,2,0.0,21,v2x,2024-10-08T09:02:24.000+00:00
PVDL-IDV1257118390-1728368476-9658,8,IDV1257118390,2024,10,180224,061,127.0433457,37.4655894,-1,-1,-1,-1,-1,-1,-1,-1,-1,-1,-1,-1,-1,0,-1.0,-1,v2x,2024-10-08T09:02:24.000+00:00
PVDL-IDV1257118410-1728359981-18152,8,IDV1257118410,2024,10,180224,269,126.909418,37.646691,-1,-1,-1,-1,-1,-1,-1,-1,-1,-1,-1,-1,-1,0,-1.0,-1,v2x,2024-10-08T09:02:24.000+00:00
PVDL-IDV1257118420-1728372003-6131,8,IDV1257118420,2024,10,180224,359,127.032158,37.487885,-1,-1,-1,-1,-1,-1,-1,-1,-1,-1,-1,-1,-1,0,-1.0,-1,v2x,2024-10-08T09:02:24.000+00:00
PVDL-IDV1257118430-1728367836-10334,8,IDV1257118430,2024,10,180224,357,127.0200656,37.5141929,-1,-1,-1,-1,-1,-1,-1,-1,-1,-1,-1,-1,-1,1,100.0,-1,v2x,2024-10-08T09:02:24.000+00:00
PVDL-IDV1257118440-1728377362-772,8,IDV1257118440,2024,10,180224,439,126.927264,37.645707,-1,-1,-1,-1,-1,-1,-1,-1,-1,-1,-1,-1,-1,1,0.0,-1,v2x,2024-10-08T09:02:24.000+00:00
PVDL-IDV1257118450-1728376894-1240,8,IDV1257118450,2024,10,180224,041,127.040821,37.658886,-1,-1,-1,-1,-1,-1,-1,-1,-1,-1,-1,-1,-1,1,-100.0,-1,v2x,2024-10-08T09:02:24.000+00:00
PVDL-IDV1257118460-1728358497-19637,8,IDV1257118460,2024,10,180224,077,126.949764,37.583526,-1,-1,-1,-1,-1,-1,-1,-1,-1,-1,-1,-1,-1,1,13.0,-1,v2x,2024-10-08T09:02:24.000+00:00
PVDL-IDV1257118470-1728368030-10102,8,IDV1257118470,2024,10,180224,081,127.031968,37.488935,-1,1,-1,-1,-1,-1,-1,-1,-1,-1,-1,-1,-1,1,-16.0,-1,v2x,2024-10-08T09:02:24.000+00:00
PVDL-IDV1257118480-1728373358-4776,8,IDV1257118480,2024,10,180224,062,126.989523,37.561351,-1,-1,-1,-1,-1,-1,-1,-1,-1,-1,-1,-1,-1,2,-63.0,-1,v2x,2024-10-08T09:02:24.000+00:00
PVDL-IDV1257118490-1728376719-1415,8,IDV1257118490,2024,10,180224,414,126.930354,37.629854,-1,-1,-1,-1,-1,-1,-1,-1,-1,-1,-1,-1,-1,1,0.0,-1,v2x,2024-10-08T09:02:24.000+00:00
PVDL-IDV1257118500-1728366896-11237,8,IDV1257118500,2024,10,180224,260,126.909243,37.646618,-1,-1,-1,-1,-1,-1,-1,-1,-1,-1,-1,-1,-1,0,-1.0,-1,v2x,2024-10-08T09:02:24.000+00:00
PVDL-IDV1257118510-1728378122-12,8,IDV1257118510,2024,10,180224,515,126.915225,37.64432,-1,-1,-1,-1,-1,-1,-1,-1,-1,-1,-1,-1,-1,0,-1.0,-1,v2x,2024-10-08T09:02:24.000+00:00
PVDL-IDV1257118530-1728376209-1937,8,IDV1257118530,2024,10,180224,026,126.986541,37.566101,-1,-1,-1,-1,-1,-1,-1,-1,-1,-1,-1,-1,-1,0,-1.0,-1,v2x,2024-10-08T09:02:24.000+00:00
PVDL-IDV1257118560-1728370671-7463,8,IDV1257118560,2024,10,180224,062,127.035324,37.483244,-1,-1,-1,-1,-1,-1,-1,-1,-1,-1,-1,-1,-1,1,0.0,-1,v2x,2024-10-08T09:02:24.000+00:00
PVDL-IDV1257118570-1728376412-1721,8,IDV1257118570,2024,10,180224,033,127.03356,37.646659,-1,-1,-1,-1,-1,-1,-1,-1,-1,-1,-1,-1,-1,1,69.0,-1,v2x,2024-10-08T09:02:24.000+00:00
PVDL-IDV1257118600-1728371357-6777,8,IDV1257118600,2024,10,180224,271,127.02915,37.496004,-1,-1,-1,-1,-1,-1,-1,-1,-1,-1,-1,-1,-1,1,0.0,-1,v2x,2024-10-08T09:02:24.000+00:00
PVDL-IDV1257118610-1728365404-12730,8,IDV1257118610,2024,10,180224,076,127.007706,37.58918,-1,-1,-1,-1,-1,-1,-1,-1,-1,-1,-1,-1,-1,0,-1.0,-1,v2x,2024-10-08T09:02:24.000+00:00
PVDL-IDV1257118620-1728364271-13862,8,IDV1257118620,2024,10,180224,107,127.0345346,37.6482317,-1,-1,-1,-1,-1,-1,-1,-1,-1,-1,-1,-1,-1,1,94.0,99,v2x,2024-10-08T09:02:24.000+00:00
PVDL-IDV1257118630-1728377292-842,8,IDV1257118630,2024,10,180224,102,127.044877,37.67735,-1,-1,-1,-1,-1,-1,-1,-1,-1,-1,-1,-1,-1,0,-1.0,-1,v2x,2024-10-08T09:02:24.000+00:00
PVDL-IDV1257118640-1728374296-3837,8,IDV1257118640,2024,10,180224,524,126.99784,37.569258,-1,-1,-1,-1,-1,-1,-1,-1,-1,-1,-1,-1,-1,0,-1.0,-1,v2x,2024-10-08T09:02:24.000+00:00
PVDL-IDV1257118650-1728364529-13605,8,IDV1257118650,2024,10,180224,601,127.029957,37.616822,-1,-1,-1,-1,-1,-1,-1,-1,-1,-1,-1,-1,-1,0,-1.0,-1,v2x,2024-10-08T09:02:24.000+00:00
PVDL-IDV1257118710-1728369895-8244,8,IDV1257118710,2024,10,180224,107,126.919198,37.629909,-1,-1,-1,-1,-1,-1,-1,-1,-1,-1,-1,-1,-1,1,19.0,-1,v2x,2024-10-08T09:02:24.000+00:00
PVDL-IDV1257118930-1728378110-23,8,IDV1257118930,2024,10,180224,352,126.908996,37.646824,-1,-1,-1,-1,-1,-1,-1,-1,-1,-1,-1,-1,-1,0,-1.0,-1,v2x,2024-10-08T09:02:24.000+00:00
PVDL-IDV1257119010-1728371959-6175,8,IDV1257119010,2024,10,180224,270,127.018621,37.510335,-1,-1,-1,-1,-1,-1,-1,-1,-1,-1,-1,-1,-1,1,86.0,-1,v2x,2024-10-08T09:02:24.000+00:00
PVDL-IDV1257119030-1728368840-9293,8,IDV1257119030,2024,10,180224,370,126.932682,37.634726,-1,-1,-1,-1,-1,-1,-1,-1,-1,-1,-1,-1,-1,1,0.0,-1,v2x,2024-10-08T09:02:24.000+00:00
PVDL-IDV1257119040-1728375129-3004,8,IDV1257119040,2024,10,180224,064,126.95152,37.580767,-1,-1,-1,-1,-1,-1,-1,-1,-1,-1,-1,-1,-1,1,-194.0,-1,v2x,2024-10-08T09:02:24.000+00:00
PVDL-IDV1257122370-1728350795-27355,8,IDV1257122370,2024,10,180224,076,126.9689093,37.5681257,-1,-1,-1,-1,-1,-1,-1,-1,-1,-1,-1,-1,-1,1,0.0,21,v2x,2024-10-08T09:02:24.000+00:00
PVDL-IDV1257122380-1728326419-51721,8,IDV1257122380,2024,10,180224,279,126.818146,37.545493,-1,-1,-1,-1,-1,-1,-1,-1,-1,-1,-1,-1,-1,0,-1.0,-1,v2x,2024-10-08T09:02:24.000+00:00
PVDL-IDV1257122410-1728348088-30052,8,IDV1257122410,2024,10,180224,287,126.986973,37.570423,-1,-1,-1,-1,-1,-1,-1,-1,-1,-1,-1,-1,-1,0,-1.0,-1,v2x,2024-10-08T09:02:24.000+00:00
PVDL-IDV1257122430-1728377577-556,8,IDV1257122430,2024,10,180224,422,127.104244,37.613442,-1,-1,-1,-1,-1,-1,-1,-1,-1,-1,-1,-1,-1,0,-1.0,-1,v2x,2024-10-08T09:02:24.000+00:00
PVDL-IDV1257132020-1728364134-13999,8,IDV1257132020,2024,10,180224,123,126.904376,37.448974,-1,-1,-1,-1,-1,-1,-1,-1,-1,-1,-1,-1,-1,1,-105.0,-1,v2x,2024-10-08T09:02:24.000+00:00
PVDL-IDV1257132090-1728369676-8457,8,IDV1257132090,2024,10,180224,002,126.844911,37.496826,-1,-1,-1,-1,-1,-1,-1,-1,-1,-1,-1,-1,-1,1,0.0,-1,v2x,2024-10-08T09:02:24.000+00:00
PVDL-IDV1257132100-1728367592-10548,8,IDV1257132100,2024,10,180224,107,126.867251,37.499609,-1,-1,-1,-1,-1,-1,-1,-1,-1,-1,-1,-1,-1,1,41.0,-1,v2x,2024-10-08T09:02:24.000+00:00
PVDL-IDV1257132110-1728350186-27940,8,IDV1257132110,2024,10,180224,064,126.881941,37.504469,-1,-1,-1,-1,-1,-1,-1,-1,-1,-1,-1,-1,-1,1,0.0,-1,v2x,2024-10-08T09:02:24.000+00:00
PVDL-IDV1257132120-1728375650-2490,8,IDV1257132120,2024,10,180224,117,126.9976938,37.5717961,-1,-1,-1,-1,-1,-1,-1,-1,-1,-1,-1,-1,-1,1,22.0,21,v2x,2024-10-08T09:02:24.000+00:00
PVDL-IDV1257132130-1728362395-15738,8,IDV1257132130,2024,10,180224,412,126.977337,37.56992,-1,-1,-1,-1,-1,-1,-1,-1,-1,-1,-1,-1,-1,1,0.0,-1,v2x,2024-10-08T09:02:24.000+00:00
PVDL-IDV1257132140-1728372234-5900,8,IDV1257132140,2024,10,180224,069,126.969523,37.530902,-1,-1,-1,-1,-1,-1,-1,-1,-1,-1,-1,-1,-1,1,-19.0,-1,v2x,2024-10-08T09:02:24.000+00:00
PVDL-IDV1257132150-1728331411-46722,8,IDV1257132150,2024,10,180224,309,126.820935,37.491885,-1,-1,-1,-1,-1,-1,-1,-1,-1,-1,-1,-1,-1,0,-1.0,-1,v2x,2024-10-08T09:02:24.000+00:00
PVDL-IDV1257132160-1728363843-14291,8,IDV1257132160,2024,10,180224,127,126.961806,37.52231,-1,-1,-1,-1,-1,-1,-1,-1,-1,-1,-1,-1,-1,1,63.0,-1,v2x,2024-10-08T09:02:24.000+00:00
PVDL-IDV1257132170-1728375779-2355,8,IDV1257132170,2024,10,180224,068,127.023183,37.634717,-1,-1,-1,-1,-1,-1,-1,-1,-1,-1,-1,-1,-1,0,-1.0,-1,v2x,2024-10-08T09:02:24.000+00:00
PVDL-IDV1257132180-1728365064-13070,8,IDV1257132180,2024,10,180224,061,126.95942,37.518155,-1,-1,-1,-1,-1,-1,-1,-1,-1,-1,-1,-1,-1,1,-25.0,-1,v2x,2024-10-08T09:02:24.000+00:00
PVDL-IDV1257132310-1728334626-43507,8,IDV1257132310,2024,10,180224,039,126.878118,37.501765,-1,-1,-1,-1,-1,-1,-1,-1,-1,-1,-1,-1,-1,1,36.0,-1,v2x,2024-10-08T09:02:24.000+00:00
PVDL-IDV1257132340-1728355459-22674,8,IDV1257132340,2024,10,180224,365,126.82099,37.491998,-1,-1,-1,-1,-1,-1,-1,-1,-1,-1,-1,-1,-1,0,-1.0,-1,v2x,2024-10-08T09:02:24.000+00:00
PVDL-IDV1257132350-1728359123-19010,8,IDV1257132350,2024,10,180224,062,126.889348,37.509755,-1,-1,-1,-1,-1,-1,-1,-1,-1,-1,-1,-1,-1,0,-1.0,-1,v2x,2024-10-08T09:02:24.000+00:00
PVDL-IDV1257132360-1728336706-41427,8,IDV1257132360,2024,10,180224,075,126.917532,37.521634,-1,-1,-1,-1,-1,-1,-1,-1,-1,-1,-1,-1,-1,0,-1.0,-1,v2x,2024-10-08T09:02:24.000+00:00
PVDL-IDV1257132380-1728362327-15813,8,IDV1257132380,2024,10,180224,709,126.900269,37.514309,-1,-1,-1,-1,-1,-1,-1,-1,-1,-1,-1,-1,-1,1,-44.0,-1,v2x,2024-10-08T09:02:24.000+00:00
PVDL-IDV1257132390-1728368767-9366,8,IDV1257132390,2024,10,180224,265,126.82099,37.491892,-1,-1,-1,-1,-1,-1,-1,-1,-1,-1,-1,-1,-1,0,-1.0,-1,v2x,2024-10-08T09:02:24.000+00:00
PVDL-IDV1257132420-1728372054-6079,8,IDV1257132420,2024,10,180224,101,126.917138,37.521364,-1,-1,-1,-1,-1,-1,-1,-1,-1,-1,-1,-1,-1,1,-2.0,-1,v2x,2024-10-08T09:02:24.000+00:00
PVDL-IDV1257132620-1728373468-4665,8,IDV1257132620,2024,10,180224,117,126.9771455,37.5702308,-1,-1,-1,-1,-1,-1,-1,-1,-1,-1,-1,-1,-1,1,55.0,21,v2x,2024-10-08T09:02:24.000+00:00
PVDL-IDV1257132630-1728375588-2582,8,IDV1257132630,2024,10,180224,324,127.043745,37.689954,-1,-1,-1,-1,-1,-1,-1,-1,-1,-1,-1,-1,-1,0,-1.0,-1,v2x,2024-10-08T09:02:24.000+00:00
PVDL-IDV1257132690-1728327855-50277,8,IDV1257132690,2024,10,180224,127,126.957212,37.554501,-1,-1,-1,-1,-1,-1,-1,-1,-1,-1,-1,-1,-1,1,25.0,-1,v2x,2024-10-08T09:02:24.000+00:00
PVDL-IDV1257132700-1728369895-8244,8,IDV1257132700,2024,10,180224,374,126.987133,37.570338,-1,-1,-1,-1,-1,-1,-1,-1,-1,-1,-1,-1,-1,1,0.0,-1,v2x,2024-10-08T09:02:24.000+00:00
PVDL-IDV1257132740-1728371069-7065,8,IDV1257132740,2024,10,180224,187,126.899767,37.514094,-1,-1,-1,-1,-1,-1,-1,-1,-1,-1,-1,-1,-1,1,55.0,-1,v2x,2024-10-08T09:02:24.000+00:00
PVDL-IDV1257132760-1728330640-47499,8,IDV1257132760,2024,10,180224,267,126.821081,37.491891,-1,-1,-1,-1,-1,-1,-1,-1,-1,-1,-1,-1,-1,0,-1.0,-1,v2x,2024-10-08T09:02:24.000+00:00
PVDL-IDV1257132770-1728364597-13543,8,IDV1257132770,2024,10,180224,080,126.964826,37.563185,-1,-1,-1,-1,-1,-1,-1,-1,-1,-1,-1,-1,-1,1,41.0,-1,v2x,2024-10-08T09:02:24.000+00:00
PVDL-IDV1257132780-1728376858-1312,8,IDV1257132780,2024,10,180224,165,126.9065682,37.5163362,-1,-1,-1,-1,-1,-1,-1,-1,-1,-1,-1,-1,-1,1,-11.0,99,v2x,2024-10-08T09:02:24.000+00:00
PVDL-IDV1257132790-1728330014-48119,8,IDV1257132790,2024,10,180224,137,126.874102,37.4995,-1,-1,-1,-1,-1,-1,-1,-1,-1,-1,-1,-1,-1,1,-69.0,-1,v2x,2024-10-08T09:02:24.000+00:00
PVDL-IDV1257132800-1728369895-8244,8,IDV1257132800,2024,10,180224,190,126.863053,37.501759,-1,-1,-1,-1,-1,-1,-1,-1,-1,-1,-1,-1,-1,0,-1.0,-1,v2x,2024-10-08T09:02:24.000+00:00
PVDL-IDV1257132830-1728335920-42214,8,IDV1257132830,2024,10,180224,357,127.043954,37.690212,-1,-1,-1,-1,-1,-1,-1,-1,-1,-1,-1,-1,-1,0,-1.0,-1,v2x,2024-10-08T09:02:24.000+00:00
PVDL-IDV1257132840-1728341113-37027,8,IDV1257132840,2024,10,180224,224,127.0019958,37.5711199,-1,-1,-1,-1,-1,-1,-1,-1,-1,-1,-1,-1,-1,1,0.0,99,v2x,2024-10-08T09:02:24.000+00:00
PVDL-IDV1257132850-1728328267-49867,8,IDV1257132850,2024,10,180224,209,126.904267,37.486389,-1,-1,-1,-1,-1,-1,-1,-1,-1,-1,-1,-1,-1,0,-1.0,-1,v2x,2024-10-08T09:02:24.000+00:00
PVDL-IDV1257132860-1728365061-13073,8,IDV1257132860,2024,10,180224,020,126.952798,37.512677,-1,-1,-1,-1,-1,-1,-1,-1,-1,-1,-1,-1,-1,1,-63.0,-1,v2x,2024-10-08T09:02:24.000+00:00
PVDL-IDV1257132870-1728340573-37561,8,IDV1257132870,2024,10,180224,062,127.021765,37.597902,-1,-1,-1,-1,-1,-1,-1,-1,-1,-1,-1,-1,-1,0,-1.0,-1,v2x,2024-10-08T09:02:24.000+00:00
PVDL-IDV1257412020-1728328561-49573,8,IDV1257412020,2024,10,180224,257,127.095163,37.58522,-1,-1,-1,-1,-1,-1,-1,-1,-1,-1,-1,-1,-1,0,-1.0,-1,v2x,2024-10-08T09:02:24.000+00:00
PVDL-IDV1257412040-1728360366-17804,8,IDV1257412040,2024,10,180224,062,126.968526,37.567727,-1,-1,-1,-1,-1,-1,-1,-1,-1,-1,-1,-1,-1,1,0.0,-1,v2x,2024-10-08T09:02:24.000+00:00
PVDL-IDV1257412060-1728376455-1687,8,IDV1257412060,2024,10,180224,181,126.9696019,37.5686482,-1,-1,-1,-1,-1,-1,-1,-1,-1,-1,-1,-1,-1,1,0.0,21,v2x,2024-10-08T09:02:24.000+00:00
PVDL-IDV1257412180-1728370343-7790,8,IDV1257412180,2024,10,180224,364,127.092736,37.594091,-1,-1,-1,-1,-1,-1,-1,-1,-1,-1,-1,-1,-1,1,77.0,-1,v2x,2024-10-08T09:02:24.000+00:00
PVDL-IDV1257412220-1728352067-26066,8,IDV1257412220,2024,10,180224,088,126.915263,37.550331,-1,-1,-1,-1,-1,-1,-1,-1,-1,-1,-1,-1,-1,1,0.0,-1,v2x,2024-10-08T09:02:24.000+00:00
PVDL-IDV1257412250-1728337659-40474,8,IDV1257412250,2024,10,180224,142,126.906446,37.560341,-1,-1,-1,-1,-1,-1,-1,-1,-1,-1,-1,-1,-1,0,-1.0,-1,v2x,2024-10-08T09:02:24.000+00:00
PVDL-IDV1257412290-1728363280-14854,8,IDV1257412290,2024,10,180224,276,127.083902,37.592111,-1,-1,-1,-1,-1,-1,-1,-1,-1,-1,-1,-1,-1,1,0.0,-1,v2x,2024-10-08T09:02:24.000+00:00
PVDL-IDV1257412300-1728357834-20300,8,IDV1257412300,2024,10,180224,053,126.998383,37.570954,-1,-1,-1,-1,-1,-1,-1,-1,-1,-1,-1,-1,-1,0,-1.0,-1,v2x,2024-10-08T09:02:24.000+00:00
PVDL-IDV1257412320-1728369793-8341,8,IDV1257412320,2024,10,180224,184,126.927641,37.558481,-1,-1,-1,-1,-1,-1,-1,-1,-1,-1,-1,-1,-1,1,-86.0,-1,v2x,2024-10-08T09:02:24.000+00:00
PVDL-IDV1257412380-1728377589-561,8,IDV1257412380,2024,10,180224,264,126.9520776,37.5571847,-1,-1,-1,-1,-1,-1,-1,-1,-1,-1,-1,-1,-1,1,0.0,21,v2x,2024-10-08T09:02:24.000+00:00
PVDL-IDV1257412400-1728343333-34807,8,IDV1257412400,2024,10,180224,033,126.8912534,37.5776285,-1,-1,-1,3,-1,-1,-1,-1,-1,-1,-1,-1,-1,1,0.0,99,v2x,2024-10-08T09:02:24.000+00:00
PVDL-IDV1257412430-1728354499-23634,8,IDV1257412430,2024,10,180224,088,126.889224,37.579179,-1,-1,-1,-1,-1,-1,-1,-1,-1,-1,-1,-1,-1,2,225.0,-1,v2x,2024-10-08T09:02:24.000+00:00
PVDL-IDV1257412480-1728359005-19129,8,IDV1257412480,2024,10,180224,182,127.0604976,37.5896196,-1,-1,-1,-1,-1,-1,-1,-1,-1,-1,-1,-1,-1,1,-100.0,11,v2x,2024-10-08T09:02:24.000+00:00
PVDL-IDV1257412530-1728373941-4199,8,IDV1257412530,2024,10,180224,335,126.902013,37.564927,-1,-1,-1,-1,-1,-1,-1,-1,-1,-1,-1,-1,-1,1,69.0,-1,v2x,2024-10-08T09:02:24.000+00:00
PVDL-IDV1257412540-1728335913-42221,8,IDV1257412540,2024,10,180224,379,126.875911,37.581429,-1,-1,-1,-1,-1,-1,-1,-1,-1,-1,-1,-1,-1,0,-1.0,-1,v2x,2024-10-08T09:02:24.000+00:00
PVDL-IDV1257412590-1728338929-39205,8,IDV1257412590,2024,10,180224,197,126.931157,37.557166,-1,-1,-1,-1,-1,-1,-1,-1,-1,-1,-1,-1,-1,1,-58.0,-1,v2x,2024-10-08T09:02:24.000+00:00
PVDL-IDV1257412600-1728348042-30092,8,IDV1257412600,2024,10,180224,073,126.879086,37.584972,-1,-1,-1,-1,-1,-1,-1,-1,-1,-1,-1,-1,-1,1,0.0,-1,v2x,2024-10-08T09:02:24.000+00:00
PVDL-IDV1257412620-1728331879-46254,8,IDV1257412620,2024,10,180224,067,127.015871,37.572955,-1,-1,-1,-1,-1,-1,-1,-1,-1,-1,-1,-1,-1,1,0.0,-1,v2x,2024-10-08T09:02:24.000+00:00
PVDL-IDV1257412640-1728328578-49556,8,IDV1257412640,2024,10,180224,254,127.094018,37.594414,-1,-1,-1,-1,-1,-1,-1,-1,-1,-1,-1,-1,-1,0,-1.0,-1,v2x,2024-10-08T09:02:24.000+00:00
PVDL-IDV1257412690-1728339148-38986,8,IDV1257412690,2024,10,180224,222,126.91311,37.550331,-1,-1,-1,-1,-1,-1,-1,-1,-1,-1,-1,-1,-1,1,25.0,-1,v2x,2024-10-08T09:02:24.000+00:00
PVDL-IDV1257412710-1728365765-12361,8,IDV1257412710,2024,10,180224,064,126.98951,37.570324,-1,-1,-1,-1,-1,-1,-1,-1,-1,-1,-1,-1,-1,1,0.0,-1,v2x,2024-10-08T09:02:24.000+00:00
PVDL-IDV1257412730-1728347419-30715,8,IDV1257412730,2024,10,180224,197,127.056862,37.588559,-1,-1,-1,-1,-1,-1,-1,-1,-1,-1,-1,-1,-1,1,0.0,-1,v2x,2024-10-08T09:02:24.000+00:00
PVDL-IDV1257412750-1728360412-17722,8,IDV1257412750,2024,10,180224,272,127.095232,37.586454,-1,-1,-1,-1,-1,-1,-1,-1,-1,-1,-1,-1,-1,0,-1.0,-1,v2x,2024-10-08T09:02:24.000+00:00
PVDL-IDV1257412760-1728377605-565,8,IDV1257412760,2024,10,180224,374,126.9229327,37.5561106,-1,-1,-1,-1,-1,-1,-1,-1,-1,-1,-1,-1,-1,1,0.0,22,v2x,2024-10-08T09:02:24.000+00:00
PVDL-IDV1257412780-1728332348-45786,8,IDV1257412780,2024,10,180224,119,127.035489,37.578249,-1,-1,-1,-1,-1,-1,-1,-1,-1,-1,-1,-1,-1,1,-58.0,-1,v2x,2024-10-08T09:02:24.000+00:00
PVDL-IDV1257412800-1728331739-46394,8,IDV1257412800,2024,10,180224,729,127.071979,37.592853,-1,-1,-1,-1,-1,-1,-1,-1,-1,-1,-1,-1,-1,0,-1.0,-1,v2x,2024-10-08T09:02:24.000+00:00
PVDL-IDV1257412800-1728331739-46395,8,IDV1257412800,2024,10,180224,729,127.071997,37.592855,-1,-1,-1,-1,-1,-1,-1,-1,-1,-1,-1,-1,-1,0,-1.0,-1,v2x,2024-10-08T09:02:24.000+00:00
PVDL-IDV1257412810-1728328535-49599,8,IDV1257412810,2024,10,180224,347,127.095248,37.585135,-1,-1,-1,-1,-1,-1,-1,-1,-1,-1,-1,-1,-1,0,-1.0,-1,v2x,2024-10-08T09:02:24.000+00:00
PVDL-IDV1257412820-1728375522-2612,8,IDV1257412820,2024,10,180224,107,127.048532,37.5827839,-1,-1,-1,-1,-1,-1,-1,-1,-1,-1,-1,-1,-1,1,-102.0,-1,v2x,2024-10-08T09:02:24.000+00:00
PVDL-IDV1257412830-1728336068-42072,8,IDV1257412830,2024,10,180224,062,126.891909,37.576736,-1,-1,-1,-1,-1,-1,-1,-1,-1,-1,-1,-1,-1,1,0.0,-1,v2x,2024-10-08T09:02:24.000+00:00
PVDL-IDV1257412840-1728374843-3290,8,IDV1257412840,2024,10,180224,190,127.039383,37.57839,-1,-1,-1,-1,-1,-1,-1,-1,-1,-1,-1,-1,-1,1,-8.0,-1,v2x,2024-10-08T09:02:24.000+00:00
PVDL-IDV1257412850-1728362851-15282,8,IDV1257412850,2024,10,180224,262,127.099434,37.594254,-1,-1,-1,-1,-1,-1,-1,-1,-1,-1,-1,-1,-1,1,0.0,-1,v2x,2024-10-08T09:02:24.000+00:00
PVDL-IDV1257413340-1728375501-2633,8,IDV1257413340,2024,10,180224,085,126.944165,37.563453,-1,-1,-1,-1,-1,-1,-1,-1,-1,-1,-1,-1,-1,1,30.0,-1,v2x,2024-10-08T09:02:24.000+00:00
PVDL-IDV1257413500-1728369269-8865,8,IDV1257413500,2024,10,180224,014,126.867747,37.54957,-1,-1,-1,-1,-1,-1,-1,-1,-1,-1,-1,-1,-1,0,-1.0,-1,v2x,2024-10-08T09:02:24.000+00:00
PVDL-IDV1257413630-1728374972-3162,8,IDV1257413630,2024,10,180224,057,126.940081,37.5602579,-1,-1,-1,-1,-1,-1,-1,-1,-1,-1,-1,-1,-1,1,0.0,21,v2x,2024-10-08T09:02:24.000+00:00
PVDL-IDV1257413870-1728378045-89,8,IDV1257413870,2024,10,180224,297,126.877774,37.581533,-1,-1,-1,-1,-1,-1,-1,-1,-1,-1,-1,-1,-1,0,-1.0,-1,v2x,2024-10-08T09:02:24.000+00:00
PVDL-IDV1257413890-1728376625-1509,8,IDV1257413890,2024,10,180224,047,126.895304,37.582243,-1,-1,-1,-1,-1,-1,-1,-1,-1,-1,-1,-1,-1,1,119.0,-1,v2x,2024-10-08T09:02:24.000+00:00
PVDL-IDV1257413900-1728369895-8244,8,IDV1257413900,2024,10,180224,449,126.9231,37.55631,-1,-1,-1,-1,-1,-1,-1,-1,-1,-1,-1,-1,-1,1,0.0,-1,v2x,2024-10-08T09:02:24.000+00:00
PVDL-IDV1257413920-1728373743-4391,8,IDV1257413920,2024,10,180224,079,126.987413,37.565668,-1,-1,-1,-1,-1,-1,-1,-1,-1,-1,-1,-1,-1,1,0.0,-1,v2x,2024-10-08T09:02:24.000+00:00
PVDL-IDV1257413930-1728360540-17594,8,IDV1257413930,2024,10,180224,264,126.903713,37.543009,-1,-1,-1,-1,-1,-1,-1,-1,-1,-1,-1,-1,-1,1,-8.0,-1,v2x,2024-10-08T09:02:24.000+00:00
PVDL-IDV1257414060-1728363424-14716,8,IDV1257414060,2024,10,180224,409,126.814387,37.580044,-1,-1,-1,-1,-1,-1,-1,-1,-1,-1,-1,-1,-1,0,-1.0,-1,v2x,2024-10-08T09:02:24.000+00:00
PVDL-IDV1257414190-1728369353-8781,8,IDV1257414190,2024,10,180224,220,127.05076,37.461114,-1,-1,-1,-1,-1,-1,-1,-1,-1,-1,-1,-1,-1,1,-158.0,-1,v2x,2024-10-08T09:02:24.000+00:00
PVDL-IDV1257414340-1728370648-7485,8,IDV1257414340,2024,10,180224,339,126.864824,37.55864,-1,-1,-1,-1,-1,-1,-1,-1,-1,-1,-1,-1,-1,0,-1.0,-1,v2x,2024-10-08T09:02:24.000+00:00
PVDL-IDV1257414360-1728377665-481,8,IDV1257414360,2024,10,180224,176,126.895403,37.566969,-1,-1,-1,-1,-1,-1,-1,-1,-1,-1,-1,-1,-1,1,-116.0,-1,v2x,2024-10-08T09:02:24.000+00:00
PVDL-IDV1257414370-1728369070-9063,8,IDV1257414370,2024,10,180224,273,127.040804,37.468103,-1,-1,-1,-1,-1,-1,-1,-1,-1,-1,-1,-1,-1,1,0.0,-1,v2x,2024-10-08T09:02:24.000+00:00
PVDL-IDV1257414380-1728373301-4833,8,IDV1257414380,2024,10,180224,049,127.021788,37.598047,-1,-1,-1,-1,-1,-1,-1,-1,-1,-1,-1,-1,-1,1,11.0,-1,v2x,2024-10-08T09:02:24.000+00:00
PVDL-IDV1257414390-1728374841-3299,8,IDV1257414390,2024,10,180224,051,126.976412,37.575179,-1,-1,-1,-1,-1,-1,-1,-1,-1,-1,-1,-1,-1,0,-1.0,-1,v2x,2024-10-08T09:02:24.000+00:00
PVDL-IDV1257414430-1728374354-3780,8,IDV1257414430,2024,10,180224,115,126.982262,37.570413,-1,-1,-1,-1,-1,-1,-1,-1,-1,-1,-1,-1,-1,1,0.0,-1,v2x,2024-10-08T09:02:24.000+00:00
PVDL-IDV1257414540-1728336290-41849,8,IDV1257414540,2024,10,180224,341,126.956491,37.490579,-1,-1,-1,-1,-1,-1,-1,-1,-1,-1,-1,-1,-1,1,-25.0,-1,v2x,2024-10-08T09:02:24.000+00:00
PVDL-IDV1257415270-1728336634-41500,8,IDV1257415270,2024,10,180224,197,127.121911,37.514066,-1,-1,-1,-1,-1,-1,-1,-1,-1,-1,-1,-1,-1,1,50.0,-1,v2x,2024-10-08T09:02:24.000+00:00
PVDL-IDV1257415350-1728373284-4850,8,IDV1257415350,2024,10,180224,369,127.043201,37.586213,-1,-1,-1,-1,-1,-1,-1,-1,-1,-1,-1,-1,-1,1,-16.0,-1,v2x,2024-10-08T09:02:24.000+00:00
PVDL-IDV1257415480-1728372723-5410,8,IDV1257415480,2024,10,180224,228,126.9981353,37.5708117,-1,-1,-1,-1,-1,-1,-1,-1,-1,-1,-1,-1,-1,1,-75.0,11,v2x,2024-10-08T09:02:24.000+00:00
PVDL-IDV1257415510-1728373457-4676,8,IDV1257415510,2024,10,180224,122,127.036764,37.500789,-1,-1,-1,-1,-1,-1,-1,-1,-1,-1,-1,-1,-1,0,-1.0,-1,v2x,2024-10-08T09:02:24.000+00:00
PVDL-IDV1257415540-1728365032-13102,8,IDV1257415540,2024,10,180224,264,127.13793,37.588443,-1,-1,-1,-1,-1,-1,-1,-1,-1,-1,-1,-1,-1,1,-8.0,-1,v2x,2024-10-08T09:02:24.000+00:00
PVDL-IDV1257415620-1728375911-2247,8,IDV1257415620,2024,10,180224,268,127.06988,37.737423,-1,-1,-1,-1,-1,-1,-1,-1,-1,-1,-1,-1,-1,1,61.0,-1,v2x,2024-10-08T09:02:24.000+00:00
PVDL-IDV1257415630-1728377809-325,8,IDV1257415630,2024,10,180224,275,127.119002,37.749302,-1,-1,-1,-1,-1,-1,-1,-1,-1,-1,-1,-1,-1,0,-1.0,-1,v2x,2024-10-08T09:02:24.000+00:00
PVDL-IDV1257415660-1728376917-1238,8,IDV1257415660,2024,10,180224,324,127.06005,37.726382,-1,-1,-1,-1,-1,-1,-1,-1,-1,-1,-1,-1,-1,1,58.0,-1,v2x,2024-10-08T09:02:24.000+00:00
PVDL-IDV1257415680-1728360626-17507,8,IDV1257415680,2024,10,180224,267,127.040135,37.687256,-1,-1,-1,-1,-1,-1,-1,-1,-1,-1,-1,-1,-1,0,-1.0,-1,v2x,2024-10-08T09:02:24.000+00:00
PVDL-IDV1257415810-1728376575-1558,8,IDV1257415810,2024,10,180224,102,126.940774,37.513632,-1,-1,-1,-1,-1,-1,-1,-1,-1,-1,-1,-1,-1,0,-1.0,-1,v2x,2024-10-08T09:02:24.000+00:00
PVDL-IDV1257415880-1728377235-912,8,IDV1257415880,2024,10,180224,189,127.01122,37.493009,-1,-1,-1,-1,-1,-1,-1,-1,-1,-1,-1,-1,-1,0,-1.0,-1,v2x,2024-10-08T09:02:24.000+00:00
PVDL-IDV1257415990-1728377047-1087,8,IDV1257415990,2024,10,180224,022,127.038428,37.495514,-1,-1,-1,-1,-1,-1,-1,-1,-1,-1,-1,-1,-1,0,-1.0,-1,v2x,2024-10-08T09:02:24.000+00:00
PVDL-IDV1257416060-1728329084-49050,8,IDV1257416060,2024,10,180224,265,127.002217,37.586635,-1,-1,-1,-1,-1,-1,-1,-1,-1,-1,-1,-1,-1,1,-61.0,-1,v2x,2024-10-08T09:02:24.000+00:00
PVDL-IDV1257416080-1728329847-48286,8,IDV1257416080,2024,10,180224,057,127.001641,37.584458,-1,-1,-1,-1,-1,-1,-1,-1,-1,-1,-1,-1,-1,1,0.0,-1,v2x,2024-10-08T09:02:24.000+00:00
PVDL-IDV1257416090-1728365437-12697,8,IDV1257416090,2024,10,180224,057,127.00215,37.57576,-1,-1,-1,-1,-1,-1,-1,-1,-1,-1,-1,-1,-1,1,0.0,-1,v2x,2024-10-08T09:02:24.000+00:00
PVDL-IDV1257416130-1728370178-7956,8,IDV1257416130,2024,10,180224,025,127.095718,37.465275,-1,-1,-1,-1,-1,-1,-1,-1,-1,-1,-1,-1,-1,1,133.0,-1,v2x,2024-10-08T09:02:24.000+00:00
PVDL-IDV1257416170-1728376521-1618,8,IDV1257416170,2024,10,180224,189,127.030579,37.492023,-1,-1,-1,-1,-1,-1,-1,-1,-1,-1,-1,-1,-1,0,-1.0,-1,v2x,2024-10-08T09:02:24.000+00:00
PVDL-IDV1257416210-1728343333-34807,8,IDV1257416210,2024,10,180224,111,127.0015,37.58518,-1,-1,-1,-1,-1,-1,-1,-1,-1,-1,-1,-1,-1,0,-1.0,-1,v2x,2024-10-08T09:02:24.000+00:00
PVDL-IDV1257416300-1728344815-33355,8,IDV1257416300,2024,10,180224,116,126.852769,37.5206,-1,-1,-1,-1,-1,-1,-1,-1,-1,-1,-1,-1,-1,1,0.0,-1,v2x,2024-10-08T09:02:24.000+00:00
PVDL-IDV1257416350-1728336390-41743,8,IDV1257416350,2024,10,180224,259,126.837028,37.508225,-1,-1,-1,-1,-1,-1,-1,-1,-1,-1,-1,-1,-1,0,-1.0,-1,v2x,2024-10-08T09:02:24.000+00:00
PVDL-IDV1257416430-1728331348-46785,8,IDV1257416430,2024,10,180224,044,127.0019893,37.5722405,-1,-1,-1,-1,-1,-1,-1,-1,-1,-1,-1,-1,-1,0,-1.0,-1,v2x,2024-10-08T09:02:24.000+00:00
PVDL-IDV1257416440-1728369895-8244,8,IDV1257416440,2024,10,180224,064,126.982424,37.564298,-1,-1,-1,-1,-1,-1,-1,-1,-1,-1,-1,-1,-1,1,147.0,-1,v2x,2024-10-08T09:02:24.000+00:00
PVDL-IDV1257416450-1728365302-12832,8,IDV1257416450,2024,10,180224,022,127.000775,37.5061,-1,-1,-1,-1,-1,-1,-1,-1,-1,-1,-1,-1,-1,1,19.0,-1,v2x,2024-10-08T09:02:24.000+00:00
PVDL-IDV1257416550-1728377101-1041,8,IDV1257416550,2024,10,180224,301,127.011973,37.640122,-1,-1,-1,-1,-1,-1,-1,-1,-1,-1,-1,-1,-1,1,0.0,-1,v2x,2024-10-08T09:02:24.000+00:00
PVDL-IDV1257418060-1728329792-48342,8,IDV1257418060,2024,10,180224,111,126.925373,37.566401,-1,-1,-1,-1,-1,-1,-1,-1,-1,-1,-1,-1,-1,1,0.0,-1,v2x,2024-10-08T09:02:24.000+00:00
PVDL-IDV1257418120-1728375188-2946,8,IDV1257418120,2024,10,180224,269,127.158134,37.448082,-1,-1,-1,-1,-1,-1,-1,-1,-1,-1,-1,-1,-1,0,-1.0,-1,v2x,2024-10-08T09:02:24.000+00:00
PVDL-IDV1257418130-1728331016-47118,8,IDV1257418130,2024,10,180224,274,126.876851,37.585569,-1,-1,-1,-1,-1,-1,-1,-1,-1,-1,-1,-1,-1,1,-2.0,-1,v2x,2024-10-08T09:02:24.000+00:00
PVDL-IDV1257418180-1728376066-2088,8,IDV1257418180,2024,10,180224,199,126.9867054,37.5771291,-1,-1,-1,-1,-1,-1,-1,-1,-1,-1,-1,-1,-1,1,0.0,21,v2x,2024-10-08T09:02:24.000+00:00
PVDL-IDV1257418210-1728376301-1848,8,IDV1257418210,2024,10,180224,048,127.020324,37.513167,-1,-1,-1,-1,-1,-1,-1,-1,-1,-1,-1,-1,-1,1,50.0,-1,v2x,2024-10-08T09:02:24.000+00:00
PVDL-IDV1257418320-1728376467-1691,8,IDV1257418320,2024,10,180224,011,126.8994148,37.5729045,-1,-1,-1,-1,-1,-1,-1,-1,-1,-1,-1,-1,-1,0,-1.0,23,v2x,2024-10-08T09:02:24.000+00:00
PVDL-IDV1257418340-1728374532-3618,8,IDV1257418340,2024,10,180224,011,126.886869,37.580443,-1,-1,-1,-1,-1,-1,-1,-1,-1,-1,-1,-1,-1,1,44.0,-1,v2x,2024-10-08T09:02:24.000+00:00
PVDL-IDV1257418350-1728375116-3030,8,IDV1257418350,2024,10,180224,102,126.883036,37.582796,-1,-1,-1,-1,-1,-1,-1,-1,-1,-1,-1,-1,-1,1,0.0,-1,v2x,2024-10-08T09:02:24.000+00:00
PVDL-IDV1257418370-1728373972-4162,8,IDV1257418370,2024,10,180224,025,127.001664,37.585998,-1,-1,-1,-1,-1,-1,-1,-1,-1,-1,-1,-1,-1,1,61.0,-1,v2x,2024-10-08T09:02:24.000+00:00
PVDL-IDV1257418510-1728368133-10000,8,IDV1257418510,2024,10,180224,109,127.060854,37.653095,-1,-1,-1,-1,-1,-1,-1,-1,-1,-1,-1,-1,-1,1,-75.0,-1,v2x,2024-10-08T09:02:24.000+00:00
PVDL-IDV1257418530-1728361302-16832,8,IDV1257418530,2024,10,180224,047,127.068326,37.591929,-1,-1,-1,-1,-1,-1,-1,-1,-1,-1,-1,-1,-1,1,-88.0,-1,v2x,2024-10-08T09:02:24.000+00:00
PVDL-IDV1257418700-1728361760-16380,8,IDV1257418700,2024,10,180224,260,127.069072,37.633956,-1,-1,-1,-1,-1,-1,-1,-1,-1,-1,-1,-1,-1,0,-1.0,-1,v2x,2024-10-08T09:02:24.000+00:00
PVDL-IDV1257418930-1728376663-1470,8,IDV1257418930,2024,10,180224,247,127.055204,37.64585,-1,-1,-1,-1,-1,-1,-1,-1,-1,-1,-1,-1,-1,1,0.0,-1,v2x,2024-10-08T09:02:24.000+00:00
PVDL-IDV1257419070-1728375477-2670,8,IDV1257419070,2024,10,180224,292,127.046167,37.46328,-1,-1,-1,-1,-1,-1,-1,-1,-1,-1,-1,-1,-1,1,8.0,-1,v2x,2024-10-08T09:02:24.000+00:00
PVDL-IDV1257419280-1728361450-16683,8,IDV1257419280,2024,10,180224,268,127.128999,37.470343,-1,-1,-1,-1,-1,-1,-1,-1,-1,-1,-1,-1,-1,0,-1.0,-1,v2x,2024-10-08T09:02:24.000+00:00
PVDL-IDV1257419660-1728377172-969,8,IDV1257419660,2024,10,180224,072,127.051703,37.495938,-1,-1,-1,-1,-1,-1,-1,-1,-1,-1,-1,-1,-1,1,0.0,-1,v2x,2024-10-08T09:02:24.000+00:00
PVDL-IDV1257419810-1728377479-655,8,IDV1257419810,2024,10,180224,265,127.129861,37.469287,-1,-1,-1,-1,-1,-1,-1,-1,-1,-1,-1,-1,-1,1,-27.0,-1,v2x,2024-10-08T09:02:24.000+00:00
PVDL-IDV1257419860-1728349668-28472,8,IDV1257419860,2024,10,180224,191,127.035089,37.578331,-1,-1,-1,-1,-1,-1,-1,-1,-1,-1,-1,-1,-1,1,-80.0,-1,v2x,2024-10-08T09:02:24.000+00:00
PVDL-IDV1257420020-1728327304-50836,8,IDV1257420020,2024,10,180224,309,127.04014,37.687594,-1,-1,-1,-1,-1,-1,-1,-1,-1,-1,-1,-1,-1,0,-1.0,-1,v2x,2024-10-08T09:02:24.000+00:00
PVDL-IDV1257420050-1728368262-9872,8,IDV1257420050,2024,10,180224,107,127.028881,37.495078,-1,-1,-1,-1,-1,-1,-1,-1,-1,-1,-1,-1,-1,0,-1.0,-1,v2x,2024-10-08T09:02:24.000+00:00
PVDL-IDV1257420190-1728376414-1756,8,IDV1257420190,2024,10,180224,127,127.027951,37.640162,-1,-1,-1,-1,-1,-1,-1,-1,-1,-1,-1,-1,-1,0,-1.0,-1,v2x,2024-10-08T09:02:24.000+00:00
PVDL-IDV1257420460-1728377187-946,8,IDV1257420460,2024,10,180224,269,127.04585,37.466568,-1,-1,-1,-1,-1,-1,-1,-1,-1,-1,-1,-1,-1,1,0.0,-1,v2x,2024-10-08T09:02:24.000+00:00
PVDL-IDV1257421160-1728377439-694,8,IDV1257421160,2024,10,180224,267,127.031586,37.657945,-1,-1,-1,-1,-1,-1,-1,-1,-1,-1,-1,-1,-1,1,63.0,-1,v2x,2024-10-08T09:02:24.000+00:00
PVDL-IDV1257421420-1728332730-45404,8,IDV1257421420,2024,10,180224,364,127.014018,37.660709,-1,-1,-1,-1,-1,-1,-1,-1,-1,-1,-1,-1,-1,0,-1.0,-1,v2x,2024-10-08T09:02:24.000+00:00
PVDL-IDV1257421770-1728365495-12639,8,IDV1257421770,2024,10,180224,365,127.130624,37.47519,-1,-1,-1,-1,-1,-1,-1,-1,-1,-1,-1,-1,-1,1,-44.0,-1,v2x,2024-10-08T09:02:24.000+00:00
PVDL-IDV1257422050-1728373924-4216,8,IDV1257422050,2024,10,180224,339,127.014581,37.517628,-1,-1,-1,-1,-1,-1,-1,-1,-1,-1,-1,-1,-1,1,-8.0,-1,v2x,2024-10-08T09:02:24.000+00:00
PVDL-IDV1257422100-1728333732-44407,8,IDV1257422100,2024,10,180224,022,127.061822,37.504129,-1,-1,-1,-1,-1,-1,-1,-1,-1,-1,-1,-1,-1,0,-1.0,-1,v2x,2024-10-08T09:02:24.000+00:00
PVDL-IDV1257422170-1728377575-558,8,IDV1257422170,2024,10,180224,265,127.067518,37.486377,-1,-1,-1,-1,-1,-1,-1,-1,-1,-1,-1,-1,-1,1,50.0,-1,v2x,2024-10-08T09:02:24.000+00:00
PVDL-IDV1257422220-1728358878-19262,8,IDV1257422220,2024,10,180224,027,126.99797,37.511596,-1,-1,-1,-1,-1,-1,-1,-1,-1,-1,-1,-1,-1,1,22.0,-1,v2x,2024-10-08T09:02:24.000+00:00
PVDL-IDV1257422290-1728360672-17468,8,IDV1257422290,2024,10,180224,129,127.005936,37.506544,-1,-1,-1,-1,-1,-1,-1,-1,-1,-1,-1,-1,-1,1,0.0,-1,v2x,2024-10-08T09:02:24.000+00:00
PVDL-IDV1257422360-1728329843-48297,8,IDV1257422360,2024,10,180224,314,127.034367,37.599063,-1,-1,-1,-1,-1,-1,-1,-1,-1,-1,-1,-1,-1,1,0.0,-1,v2x,2024-10-08T09:02:24.000+00:00
PVDL-IDV1257422390-1728368988-9146,8,IDV1257422390,2024,10,180224,110,127.067385,37.486264,-1,-1,-1,-1,-1,-1,-1,-1,-1,-1,-1,-1,-1,1,0.0,-1,v2x,2024-10-08T09:02:24.000+00:00
PVDL-IDV1257422420-1728336176-41958,8,IDV1257422420,2024,10,180224,097,127.063643,37.507331,-1,-1,-1,-1,-1,-1,-1,-1,-1,-1,-1,-1,-1,1,-44.0,-1,v2x,2024-10-08T09:02:24.000+00:00
PVDL-IDV1257422450-1728332845-45294,8,IDV1257422450,2024,10,180224,312,127.016039,37.520966,-1,-1,-1,-1,-1,-1,-1,-1,-1,-1,-1,-1,-1,1,0.0,-1,v2x,2024-10-08T09:02:24.000+00:00
PVDL-IDV1257422500-1728334224-43910,8,IDV1257422500,2024,10,180224,036,127.058353,37.518338,-1,-1,-1,-1,-1,-1,-1,-1,-1,-1,-1,-1,-1,0,-1.0,-1,v2x,2024-10-08T09:02:24.000+00:00
PVDL-IDV1257422560-1728365712-12428,8,IDV1257422560,2024,10,180224,290,127.126138,37.466046,-1,-1,-1,-1,-1,-1,-1,-1,-1,-1,-1,-1,-1,1,0.0,-1,v2x,2024-10-08T09:02:24.000+00:00
PVDL-IDV1257423000-1728334513-43620,8,IDV1257423000,2024,10,180224,297,127.032711,37.586332,-1,-1,-1,-1,-1,-1,-1,-1,-1,-1,-1,-1,-1,1,-8.0,-1,v2x,2024-10-08T09:02:24.000+00:00
PVDL-IDV1257423210-1728370640-7514,8,IDV1257423210,2024,10,180224,289,127.094824,37.466288,-1,-1,-1,-1,-1,-1,-1,-1,-1,-1,-1,-1,-1,1,-30.0,-1,v2x,2024-10-08T09:02:24.000+00:00
PVDL-IDV1257423230-1728375578-2592,8,IDV1257423230,2024,10,180224,057,127.03078,37.491358,-1,-1,-1,-1,-1,-1,-1,-1,-1,-1,-1,-1,-1,2,63.0,-1,v2x,2024-10-08T09:02:24.000+00:00
PVDL-IDV1257423250-1728371863-6277,8,IDV1257423250,2024,10,180224,261,127.024234,37.460485,-1,-1,-1,-1,-1,-1,-1,-1,-1,-1,-1,-1,-1,1,-86.0,-1,v2x,2024-10-08T09:02:24.000+00:00
PVDL-IDV1257423780-1728378074-59,8,IDV1257423780,2024,10,180224,367,126.87788,37.581621,-1,-1,-1,-1,-1,-1,-1,-1,-1,-1,-1,-1,-1,0,-1.0,-1,v2x,2024-10-08T09:02:24.000+00:00
PVDL-IDV1257423870-1728334569-43570,8,IDV1257423870,2024,10,180224,265,126.909046,37.646305,-1,-1,-1,-1,-1,-1,-1,-1,-1,-1,-1,-1,-1,0,-1.0,-1,v2x,2024-10-08T09:02:24.000+00:00
PVDL-IDV1257423920-1728377534-599,8,IDV1257423920,2024,10,180224,372,126.878452,37.581264,-1,-1,-1,-1,-1,-1,-1,-1,-1,-1,-1,-1,-1,1,16.0,-1,v2x,2024-10-08T09:02:24.000+00:00
PVDL-IDV1257424270-1728367939-10193,8,IDV1257424270,2024,10,180224,066,127.038566,37.578483,-1,-1,-1,-1,-1,-1,-1,-1,-1,-1,-1,-1,-1,1,44.0,-1,v2x,2024-10-08T09:02:24.000+00:00
PVDL-IDV1257424290-1728365505-12629,8,IDV1257424290,2024,10,180224,231,126.930663,37.557445,-1,-1,-1,-1,-1,-1,-1,-1,-1,-1,-1,-1,-1,0,-1.0,-1,v2x,2024-10-08T09:02:24.000+00:00
PVDL-IDV1257424300-1728374971-3163,8,IDV1257424300,2024,10,180224,052,126.951372,37.55717,-1,-1,-1,-1,-1,-1,-1,-1,-1,-1,-1,-1,-1,1,0.0,-1,v2x,2024-10-08T09:02:24.000+00:00
PVDL-IDV1257424320-1728372665-5469,8,IDV1257424320,2024,10,180224,226,127.028366,37.528228,-1,-1,-1,-1,-1,-1,-1,-1,-1,-1,-1,-1,-1,1,-13.0,-1,v2x,2024-10-08T09:02:24.000+00:00
PVDL-IDV1257424580-1728372237-5897,8,IDV1257424580,2024,10,180224,267,126.763661,37.679719,-1,-1,-1,-1,-1,-1,-1,-1,-1,-1,-1,-1,-1,1,44.0,-1,v2x,2024-10-08T09:02:24.000+00:00
PVDL-IDV1257424600-1728374837-3296,8,IDV1257424600,2024,10,180224,301,126.846461,37.617844,-1,-1,-1,-1,-1,-1,-1,-1,-1,-1,-1,-1,-1,1,0.0,-1,v2x,2024-10-08T09:02:24.000+00:00
PVDL-IDV1257424640-1728375433-2721,8,IDV1257424640,2024,10,180224,357,126.882685,37.55072,-1,-1,-1,-1,-1,-1,-1,-1,-1,-1,-1,-1,-1,0,-1.0,-1,v2x,2024-10-08T09:02:24.000+00:00
PVDL-IDV1257424660-1728375235-2911,8,IDV1257424660,2024,10,180224,421,126.904274,37.532693,-1,-1,-1,-1,-1,-1,-1,-1,-1,-1,-1,-1,-1,1,16.0,-1,v2x,2024-10-08T09:02:24.000+00:00
PVDL-IDV1257424670-1728377308-850,8,IDV1257424670,2024,10,180224,372,126.74905,37.681711,-1,-1,-1,-1,-1,-1,-1,-1,-1,-1,-1,-1,-1,0,-1.0,-1,v2x,2024-10-08T09:02:24.000+00:00
PVDL-IDV1257424690-1728362150-15984,8,IDV1257424690,2024,10,180224,267,126.754276,37.673312,-1,-1,-1,-1,-1,-1,-1,-1,-1,-1,-1,-1,-1,0,-1.0,-1,v2x,2024-10-08T09:02:24.000+00:00
PVDL-IDV1257424740-1728369895-8244,8,IDV1257424740,2024,10,180224,263,126.9147,37.592164,-1,-1,-1,-1,-1,-1,-1,-1,-1,-1,-1,-1,-1,1,-47.0,-1,v2x,2024-10-08T09:02:24.000+00:00
PVDL-IDV1257424780-1728377909-225,8,IDV1257424780,2024,10,180224,345,126.758152,37.686848,-1,-1,-1,-1,-1,-1,-1,-1,-1,-1,-1,-1,-1,1,36.0,-1,v2x,2024-10-08T09:02:24.000+00:00
PVDL-IDV1257425040-1728376493-1656,8,IDV1257425040,2024,10,180224,299,126.936892,37.55725,-1,-1,-1,-1,-1,-1,-1,-1,-1,-1,-1,-1,-1,1,22.0,-1,v2x,2024-10-08T09:02:24.000+00:00
PVDL-IDV1257425150-1728339283-38857,8,IDV1257425150,2024,10,180224,316,126.836861,37.508215,-1,-1,-1,-1,-1,-1,-1,-1,-1,-1,-1,-1,-1,0,-1.0,-1,v2x,2024-10-08T09:02:24.000+00:00
PVDL-IDV1257425240-1728374953-3196,8,IDV1257425240,2024,10,180224,432,126.910665,37.566677,-1,-1,-1,-1,-1,-1,-1,-1,-1,-1,-1,-1,-1,1,-119.0,-1,v2x,2024-10-08T09:02:24.000+00:00
PVDL-IDV1257425360-1728368882-9251,8,IDV1257425360,2024,10,180224,359,126.981596,37.575872,-1,-1,-1,-1,-1,-1,-1,-1,-1,-1,-1,-1,-1,1,0.0,-1,v2x,2024-10-08T09:02:24.000+00:00
PVDL-IDV1257425390-1728375177-2964,8,IDV1257425390,2024,10,180224,044,126.956371,37.5574256,-1,-1,-1,-1,-1,-1,-1,-1,-1,-1,-1,-1,-1,1,0.0,21,v2x,2024-10-08T09:02:24.000+00:00
PVDL-IDV1257425400-1728372612-5521,8,IDV1257425400,2024,10,180224,148,126.974498,37.575852,-1,-1,-1,-1,-1,-1,-1,-1,-1,-1,-1,-1,-1,1,66.0,-1,v2x,2024-10-08T09:02:24.000+00:00
PVDL-IDV1257425430-1728366969-11165,8,IDV1257425430,2024,10,180224,059,126.883168,37.582752,-1,-1,-1,-1,-1,-1,-1,-1,-1,-1,-1,-1,-1,1,0.0,-1,v2x,2024-10-08T09:02:24.000+00:00
PVDL-IDV1257425470-1728369895-8244,8,IDV1257425470,2024,10,180224,265,126.910205,37.59993,-1,-1,-1,-1,-1,-1,-1,-1,-1,-1,-1,-1,-1,1,130.0,-1,v2x,2024-10-08T09:02:24.000+00:00
PVDL-IDV1257425480-1728372740-5415,8,IDV1257425480,2024,10,180224,292,126.911448,37.613477,-1,-1,-1,-1,-1,-1,-1,-1,-1,-1,-1,-1,-1,1,16.0,-1,v2x,2024-10-08T09:02:24.000+00:00
PVDL-IDV1257425510-1728346836-31334,8,IDV1257425510,2024,10,180224,050,126.974128,37.536045,-1,-1,-1,-1,-1,-1,-1,-1,-1,-1,-1,-1,-1,1,0.0,-1,v2x,2024-10-08T09:02:24.000+00:00
PVDL-IDV1257425520-1728370464-7670,8,IDV1257425520,2024,10,180224,360,127.08317,37.595808,-1,-1,-1,-1,-1,-1,-1,-1,-1,-1,-1,-1,-1,0,-1.0,-1,v2x,2024-10-08T09:02:24.000+00:00
PVDL-IDV1257425530-1728368490-9644,8,IDV1257425530,2024,10,180224,284,127.075504,37.593921,-1,-1,-1,-1,-1,-1,-1,-1,-1,-1,-1,-1,-1,1,86.0,-1,v2x,2024-10-08T09:02:24.000+00:00
PVDL-IDV1257425560-1728364261-13872,8,IDV1257425560,2024,10,180224,040,126.882085,37.583446,-1,-1,-1,-1,-1,-1,-1,-1,-1,-1,-1,-1,-1,1,0.0,-1,v2x,2024-10-08T09:02:24.000+00:00
PVDL-IDV1257425600-1728370404-7730,8,IDV1257425600,2024,10,180224,262,127.108858,37.60504,-1,-1,-1,-1,-1,-1,-1,-1,-1,-1,-1,-1,-1,1,122.0,-1,v2x,2024-10-08T09:02:24.000+00:00
PVDL-IDV1257425610-1728375589-2544,8,IDV1257425610,2024,10,180224,100,126.972614,37.555605,-1,-1,-1,-1,-1,-1,-1,-1,-1,-1,-1,-1,-1,1,0.0,-1,v2x,2024-10-08T09:02:24.000+00:00
PVDL-IDV1257425620-1728363316-14818,8,IDV1257425620,2024,10,180224,054,126.942606,37.56231,-1,-1,-1,-1,-1,-1,-1,-1,-1,-1,-1,-1,-1,1,13.0,-1,v2x,2024-10-08T09:02:24.000+00:00
PVDL-IDV1257425660-1728374115-4025,8,IDV1257425660,2024,10,180224,042,127.022623,37.508319,-1,-1,-1,-1,-1,-1,-1,-1,-1,-1,-1,-1,-1,1,8.0,-1,v2x,2024-10-08T09:02:24.000+00:00
PVDL-IDV1257425830-1728352425-25743,8,IDV1257425830,2024,10,180224,263,126.880277,37.631953,-1,-1,-1,-1,-1,-1,-1,-1,-1,-1,-1,-1,-1,0,-1.0,-1,v2x,2024-10-08T09:02:24.000+00:00
PVDL-IDV1257426640-1728364339-13831,8,IDV1257426640,2024,10,180224,262,126.855311,37.613261,-1,-1,-1,-1,-1,-1,-1,-1,-1,-1,-1,-1,-1,1,13.0,-1,v2x,2024-10-08T09:02:24.000+00:00
PVDL-IDV1257426750-1728365785-12349,8,IDV1257426750,2024,10,180224,100,126.8844251,37.5848908,-1,-1,-1,-1,-1,-1,-1,-1,-1,-1,-1,-1,-1,0,-1.0,99,v2x,2024-10-08T09:02:24.000+00:00
PVDL-IDV1257427320-1728329903-48237,8,IDV1257427320,2024,10,180224,034,126.849718,37.53081,-1,-1,-1,-1,-1,-1,-1,-1,-1,-1,-1,-1,-1,1,-127.0,-1,v2x,2024-10-08T09:02:24.000+00:00
PVDL-IDV1257427430-1728375155-3015,8,IDV1257427430,2024,10,180224,389,126.953155,37.54435,-1,-1,-1,-1,-1,-1,-1,-1,-1,-1,-1,-1,-1,1,0.0,-1,v2x,2024-10-08T09:02:24.000+00:00
PVDL-IDV1257427770-1728369895-8244,8,IDV1257427770,2024,10,180224,259,126.850289,37.511678,-1,-1,-1,-1,-1,-1,-1,-1,-1,-1,-1,-1,-1,1,-80.0,-1,v2x,2024-10-08T09:02:24.000+00:00
PVDL-IDV1257427780-1728330422-47711,8,IDV1257427780,2024,10,180224,254,126.856842,37.531603,-1,-1,-1,-1,-1,-1,-1,-1,-1,-1,-1,-1,-1,1,-61.0,-1,v2x,2024-10-08T09:02:24.000+00:00
PVDL-IDV1257428040-1728353949-24223,8,IDV1257428040,2024,10,180224,370,126.918284,37.5526913,-1,-1,-1,-1,-1,-1,-1,-1,-1,-1,-1,-1,-1,0,-1.0,99,v2x,2024-10-08T09:02:24.000+00:00
PVDL-IDV1257428230-1728358823-19310,8,IDV1257428230,2024,10,180224,011,126.864074,37.550306,-1,-1,-1,-1,-1,-1,-1,-1,-1,-1,-1,-1,-1,1,0.0,-1,v2x,2024-10-08T09:02:24.000+00:00
PVDL-IDV1257428250-1728375052-3098,8,IDV1257428250,2024,10,180224,047,126.863504,37.536779,-1,-1,-1,-1,-1,-1,-1,-1,-1,-1,-1,-1,-1,1,30.0,-1,v2x,2024-10-08T09:02:24.000+00:00
PVDL-IDV1257428280-1728359234-18906,8,IDV1257428280,2024,10,180224,291,126.837118,37.508211,-1,-1,-1,-1,-1,-1,-1,-1,-1,-1,-1,-1,-1,0,-1.0,-1,v2x,2024-10-08T09:02:24.000+00:00
PVDL-IDV1257428570-1728336406-41727,8,IDV1257428570,2024,10,180224,262,126.8309,37.494547,-1,-1,-1,-1,-1,-1,-1,-1,-1,-1,-1,-1,-1,0,-1.0,-1,v2x,2024-10-08T09:02:24.000+00:00
PVDL-IDV1257428580-1728328660-49474,8,IDV1257428580,2024,10,180224,261,126.836957,37.508118,-1,-1,-1,-1,-1,-1,-1,-1,-1,-1,-1,-1,-1,0,-1.0,-1,v2x,2024-10-08T09:02:24.000+00:00
PVDL-IDV1257428610-1728335082-43050,8,IDV1257428610,2024,10,180224,194,126.835311,37.506736,-1,-1,-1,-1,-1,-1,-1,-1,-1,-1,-1,-1,-1,1,27.0,-1,v2x,2024-10-08T09:02:24.000+00:00
PVDL-IDV1257430010-1728326188-51952,8,IDV1257430010,2024,10,180224,129,127.02127,37.601753,-1,-1,-1,-1,-1,-1,-1,-1,-1,-1,-1,-1,-1,1,822.0,-1,v2x,2024-10-08T09:02:24.000+00:00
PVDL-IDV1257430180-1728334693-43449,8,IDV1257430180,2024,10,180224,030,127.06405,37.493045,-1,-1,-1,-1,-1,-1,-1,-1,-1,-1,-1,-1,-1,0,-1.0,-1,v2x,2024-10-08T09:02:24.000+00:00
PVDL-IDV1257430210-1728339608-38532,8,IDV1257430210,2024,10,180224,001,127.064762,37.48416,-1,-1,-1,-1,-1,-1,-1,-1,-1,-1,-1,-1,-1,0,-1.0,-1,v2x,2024-10-08T09:02:24.000+00:00
PVDL-IDV1257430250-1728330054-48086,8,IDV1257430250,2024,10,180224,164,126.88827,37.522652,-1,-1,-1,-1,-1,-1,-1,-1,-1,-1,-1,-1,-1,0,-1.0,-1,v2x,2024-10-08T09:02:24.000+00:00
PVDL-IDV1257430280-1728335381-42752,8,IDV1257430280,2024,10,180224,134,127.067715,37.485693,-1,-1,-1,-1,-1,-1,-1,-1,-1,-1,-1,-1,-1,0,-1.0,-1,v2x,2024-10-08T09:02:24.000+00:00
PVDL-IDV1257430440-1728366254-11886,8,IDV1257430440,2024,10,180224,024,127.060472,37.503704,-1,-1,-1,-1,-1,-1,-1,-1,-1,-1,-1,-1,-1,1,0.0,-1,v2x,2024-10-08T09:02:24.000+00:00
PVDL-IDV1257430580-1728375409-2731,8,IDV1257430580,2024,10,180224,490,127.062879,37.509068,-1,-1,-1,-1,-1,-1,-1,-1,-1,-1,-1,-1,-1,1,-11.0,-1,v2x,2024-10-08T09:02:24.000+00:00
PVDL-IDV1257430620-1728376125-2009,8,IDV1257430620,2024,10,180224,222,126.962495,37.570131,-1,-1,-1,-1,-1,-1,-1,-1,-1,-1,-1,-1,-1,1,-8.0,-1,v2x,2024-10-08T09:02:24.000+00:00
PVDL-IDV1257430630-1728365935-12235,8,IDV1257430630,2024,10,180224,268,127.102766,37.613947,-1,-1,-1,-1,-1,-1,-1,-1,-1,-1,-1,-1,-1,0,-1.0,-1,v2x,2024-10-08T09:02:24.000+00:00
PVDL-IDV1257430680-1728369895-8244,8,IDV1257430680,2024,10,180224,180,127.056681,37.520514,-1,-1,-1,-1,-1,-1,-1,-1,-1,-1,-1,-1,-1,1,69.0,-1,v2x,2024-10-08T09:02:24.000+00:00
PVDL-IDV1257430740-1728370219-7951,8,IDV1257430740,2024,10,180224,374,127.007399,37.510414,-1,-1,-1,-1,-1,-1,-1,-1,-1,-1,-1,-1,-1,1,44.0,-1,v2x,2024-10-08T09:02:24.000+00:00
PVDL-IDV1257430780-1728363621-14512,8,IDV1257430780,2024,10,180224,032,127.105704,37.477812,-1,-1,-1,-1,-1,-1,-1,-1,-1,-1,-1,-1,-1,2,30.0,-1,v2x,2024-10-08T09:02:24.000+00:00
PVDL-IDV1257431010-1728364915-13218,8,IDV1257431010,2024,10,180224,288,127.029199,37.495379,-1,-1,-1,-1,-1,-1,-1,-1,-1,-1,-1,-1,-1,1,0.0,-1,v2x,2024-10-08T09:02:24.000+00:00
PVDL-IDV1257431020-1728371214-6918,8,IDV1257431020,2024,10,180224,299,127.02061,37.56564,-1,-1,-1,-1,-1,-1,-1,-1,-1,-1,-1,-1,-1,1,27.0,-1,v2x,2024-10-08T09:02:24.000+00:00
PVDL-IDV1257431140-1728368914-9226,8,IDV1257431140,2024,10,180224,113,126.979874,37.534749,-1,-1,-1,-1,-1,-1,-1,-1,-1,-1,-1,-1,-1,0,-1.0,-1,v2x,2024-10-08T09:02:24.000+00:00
PVDL-IDV1257431180-1728363547-14587,8,IDV1257431180,2024,10,180224,110,126.978508,37.521,-1,-1,-1,-1,-1,-1,-1,-1,-1,-1,-1,-1,-1,1,0.0,-1,v2x,2024-10-08T09:02:24.000+00:00
PVDL-IDV1257431190-1728371339-6794,8,IDV1257431190,2024,10,180224,266,127.023413,37.569803,-1,-1,-1,-1,-1,-1,-1,-1,-1,-1,-1,-1,-1,1,-102.0,-1,v2x,2024-10-08T09:02:24.000+00:00
PVDL-IDV1257431210-1728362756-15378,8,IDV1257431210,2024,10,180224,424,127.010789,37.529326,-1,-1,-1,-1,-1,-1,-1,-1,-1,-1,-1,-1,-1,1,22.0,-1,v2x,2024-10-08T09:02:24.000+00:00
PVDL-IDV1257431270-1728360274-17860,8,IDV1257431270,2024,10,180224,047,127.022511,37.508654,-1,-1,-1,-1,-1,-1,-1,-1,-1,-1,-1,-1,-1,1,5.0,-1,v2x,2024-10-08T09:02:24.000+00:00
PVDL-IDV1257431300-1728356626-21507,8,IDV1257431300,2024,10,180224,038,127.032994,37.486793,-1,-1,-1,-1,-1,-1,-1,-1,-1,-1,-1,-1,-1,0,-1.0,-1,v2x,2024-10-08T09:02:24.000+00:00
PVDL-IDV1257431320-1728374868-3265,8,IDV1257431320,2024,10,180224,379,127.008479,37.532533,-1,-1,-1,-1,-1,-1,-1,-1,-1,-1,-1,-1,-1,0,-1.0,-1,v2x,2024-10-08T09:02:24.000+00:00
PVDL-IDV1257431440-1728376894-1239,8,IDV1257431440,2024,10,180224,271,127.03982,37.468988,-1,-1,-1,-1,-1,-1,-1,-1,-1,-1,-1,-1,-1,1,0.0,-1,v2x,2024-10-08T09:02:24.000+00:00
PVDL-IDV1257431470-1728376146-1987,8,IDV1257431470,2024,10,180224,267,127.045892,37.466743,-1,-1,-1,-1,-1,-1,-1,-1,-1,-1,-1,-1,-1,0,-1.0,-1,v2x,2024-10-08T09:02:24.000+00:00
PVDL-IDV1257431500-1728364754-13379,8,IDV1257431500,2024,10,180224,080,126.973728,37.558105,-1,-1,-1,-1,-1,-1,-1,-1,-1,-1,-1,-1,-1,1,44.0,-1,v2x,2024-10-08T09:02:24.000+00:00
PVDL-IDV1257431540-1728376831-1318,8,IDV1257431540,2024,10,180224,359,127.065921,37.479354,-1,-1,-1,-1,-1,-1,-1,-1,-1,-1,-1,-1,-1,0,-1.0,-1,v2x,2024-10-08T09:02:24.000+00:00
PVDL-IDV1257431550-1728375179-2954,8,IDV1257431550,2024,10,180224,062,127.026165,37.501138,-1,-1,-1,-1,-1,-1,-1,-1,-1,-1,-1,-1,-1,0,-1.0,-1,v2x,2024-10-08T09:02:24.000+00:00
PVDL-IDV1257431580-1728369895-8244,8,IDV1257431580,2024,10,180224,106,127.006289,37.535069,-1,-1,-1,-1,-1,-1,-1,-1,-1,-1,-1,-1,-1,0,-1.0,-1,v2x,2024-10-08T09:02:24.000+00:00
PVDL-IDV1257431590-1728372643-5490,8,IDV1257431590,2024,10,180224,696,126.975326,37.556795,-1,-1,-1,-1,-1,-1,-1,-1,-1,-1,-1,-1,-1,1,-25.0,-1,v2x,2024-10-08T09:02:24.000+00:00
PVDL-IDV1257431600-1728365141-12993,8,IDV1257431600,2024,10,180224,312,127.023933,37.565356,-1,-1,-1,-1,-1,-1,-1,-1,-1,-1,-1,-1,-1,0,-1.0,-1,v2x,2024-10-08T09:02:24.000+00:00
PVDL-IDV1257431610-1728371070-7063,8,IDV1257431610,2024,10,180224,434,126.967793,37.5448,-1,-1,-1,-1,-1,-1,-1,-1,-1,-1,-1,-1,-1,0,-1.0,-1,v2x,2024-10-08T09:02:24.000+00:00
PVDL-IDV1257431650-1728373887-4247,8,IDV1257431650,2024,10,180224,261,126.999126,37.528188,-1,-1,-1,-1,-1,-1,-1,-1,-1,-1,-1,-1,-1,0,-1.0,-1,v2x,2024-10-08T09:02:24.000+00:00
PVDL-IDV1257431700-1728366837-11296,8,IDV1257431700,2024,10,180224,103,127.036269,37.563609,-1,-1,-1,-1,-1,-1,-1,-1,-1,-1,-1,-1,-1,0,-1.0,-1,v2x,2024-10-08T09:02:24.000+00:00
PVDL-IDV1257431850-1728367070-11064,8,IDV1257431850,2024,10,180224,119,127.034031,37.554427,-1,-1,-1,-1,-1,-1,-1,-1,-1,-1,-1,-1,-1,0,-1.0,-1,v2x,2024-10-08T09:02:24.000+00:00
PVDL-IDV1257431860-1728376709-1461,8,IDV1257431860,2024,10,180224,285,126.966037,37.528994,-1,-1,-1,-1,-1,-1,-1,-1,-1,-1,-1,-1,-1,1,22.0,-1,v2x,2024-10-08T09:02:24.000+00:00
PVDL-IDV1257431870-1728364987-13147,8,IDV1257431870,2024,10,180224,084,126.994214,37.561381,-1,-1,-1,-1,-1,-1,-1,-1,-1,-1,-1,-1,-1,0,-1.0,-1,v2x,2024-10-08T09:02:24.000+00:00
PVDL-IDV1257431900-1728374660-3473,8,IDV1257431900,2024,10,180224,025,126.994197,37.533819,-1,-1,-1,-1,-1,-1,-1,-1,-1,-1,-1,-1,-1,0,-1.0,-1,v2x,2024-10-08T09:02:24.000+00:00
PVDL-IDV1257431920-1728367383-10750,8,IDV1257431920,2024,10,180224,282,127.025396,37.548054,-1,-1,-1,-1,-1,-1,-1,-1,-1,-1,-1,-1,-1,2,0.0,-1,v2x,2024-10-08T09:02:24.000+00:00
PVDL-IDV1257431940-1728374694-3439,8,IDV1257431940,2024,10,180224,154,127.023037,37.507647,-1,-1,-1,-1,-1,-1,-1,-1,-1,-1,-1,-1,-1,1,58.0,-1,v2x,2024-10-08T09:02:24.000+00:00
PVDL-IDV1257431950-1728374483-3650,8,IDV1257431950,2024,10,180224,114,127.002522,37.541972,-1,-1,-1,-1,-1,-1,-1,-1,-1,-1,-1,-1,-1,1,0.0,-1,v2x,2024-10-08T09:02:24.000+00:00
PVDL-IDV1257431980-1728355944-22189,8,IDV1257431980,2024,10,180224,114,127.020628,37.512719,-1,-1,-1,-1,-1,-1,-1,-1,-1,-1,-1,-1,-1,0,-1.0,-1,v2x,2024-10-08T09:02:24.000+00:00
PVDL-IDV1257432010-1728334473-43660,8,IDV1257432010,2024,10,180224,300,127.011578,37.663415,-1,-1,-1,-1,-1,-1,-1,-1,-1,-1,-1,-1,-1,0,-1.0,-1,v2x,2024-10-08T09:02:24.000+00:00
PVDL-IDV1257432020-1728334293-43841,8,IDV1257432020,2024,10,180224,267,127.013047,37.662386,-1,-1,-1,-1,-1,-1,-1,-1,-1,-1,-1,-1,-1,2,-22.0,-1,v2x,2024-10-08T09:02:24.000+00:00
PVDL-IDV1257432040-1728334232-43902,8,IDV1257432040,2024,10,180224,280,127.014204,37.658496,-1,-1,-1,-1,-1,-1,-1,-1,-1,-1,-1,-1,-1,0,-1.0,-1,v2x,2024-10-08T09:02:24.000+00:00
PVDL-IDV1257432050-1728336722-41412,8,IDV1257432050,2024,10,180224,279,127.013973,37.649014,-1,-1,-1,-1,-1,-1,-1,-1,-1,-1,-1,-1,-1,0,-1.0,-1,v2x,2024-10-08T09:02:24.000+00:00
PVDL-IDV1257432060-1728336310-41830,8,IDV1257432060,2024,10,180224,292,127.030129,37.613512,-1,-1,-1,-1,-1,-1,-1,-1,-1,-1,-1,-1,-1,1,0.0,-1,v2x,2024-10-08T09:02:24.000+00:00
PVDL-IDV1257432080-1728356934-21204,8,IDV1257432080,2024,10,180224,197,127.031834,37.604842,-1,-1,-1,-1,-1,-1,-1,-1,-1,-1,-1,-1,-1,1,-113.0,-1,v2x,2024-10-08T09:02:24.000+00:00
PVDL-IDV1257432090-1728337728-40406,8,IDV1257432090,2024,10,180224,102,127.036194,37.594013,-1,-1,-1,-1,-1,-1,-1,-1,-1,-1,-1,-1,-1,1,0.0,-1,v2x,2024-10-08T09:02:24.000+00:00
PVDL-IDV1257432100-1728337766-40367,8,IDV1257432100,2024,10,180224,056,127.0148454,37.5728331,-1,-1,-1,-1,-1,-1,-1,-1,-1,-1,-1,-1,-1,1,0.0,11,v2x,2024-10-08T09:02:24.000+00:00
PVDL-IDV1257432110-1728361304-16830,8,IDV1257432110,2024,10,180224,364,127.017633,37.632953,-1,-1,-1,-1,-1,-1,-1,-1,-1,-1,-1,-1,-1,1,0.0,-1,v2x,2024-10-08T09:02:24.000+00:00
PVDL-IDV1257432120-1728376980-1166,8,IDV1257432120,2024,10,180224,099,127.006061,37.547695,-1,-1,-1,-1,-1,-1,-1,-1,-1,-1,-1,-1,-1,0,-1.0,-1,v2x,2024-10-08T09:02:24.000+00:00
PVDL-IDV1257432140-1728328940-49193,8,IDV1257432140,2024,10,180224,287,127.021174,37.49043,-1,-1,-1,-1,-1,-1,-1,-1,-1,-1,-1,-1,-1,1,77.0,-1,v2x,2024-10-08T09:02:24.000+00:00
PVDL-IDV1257432150-1728328651-49483,8,IDV1257432150,2024,10,180224,110,127.022399,37.508756,-1,-1,-1,-1,-1,-1,-1,-1,-1,-1,-1,-1,-1,1,0.0,-1,v2x,2024-10-08T09:02:24.000+00:00
PVDL-IDV1257432180-1728329544-48595,8,IDV1257432180,2024,10,180224,064,127.006954,37.534164,-1,-1,-1,-1,-1,-1,-1,-1,-1,-1,-1,-1,-1,1,0.0,-1,v2x,2024-10-08T09:02:24.000+00:00
PVDL-IDV1257432200-1728336390-41749,8,IDV1257432200,2024,10,180224,192,127.033482,37.601601,-1,-1,-1,-1,-1,-1,-1,-1,-1,-1,-1,-1,-1,1,0.0,-1,v2x,2024-10-08T09:02:24.000+00:00
PVDL-IDV1257432210-1728357342-20792,8,IDV1257432210,2024,10,180224,296,127.006304,37.534962,-1,-1,-1,-1,-1,-1,-1,-1,-1,-1,-1,-1,-1,1,-8.0,-1,v2x,2024-10-08T09:02:24.000+00:00
PVDL-IDV1257432220-1728331362-46777,8,IDV1257432220,2024,10,180224,090,127.0041298,37.5385816,-1,-1,-1,-1,-1,-1,-1,-1,-1,-1,-1,-1,-1,1,-11.0,-1,v2x,2024-10-08T09:02:24.000+00:00
PVDL-IDV1257432230-1728374341-3793,8,IDV1257432230,2024,10,180224,311,127.031625,37.585033,-1,-1,-1,-1,-1,-1,-1,-1,-1,-1,-1,-1,-1,1,-13.0,-1,v2x,2024-10-08T09:02:24.000+00:00
PVDL-IDV1257432260-1728352567-25566,8,IDV1257432260,2024,10,180224,117,127.022792,37.575409,-1,-1,-1,-1,-1,-1,-1,-1,-1,-1,-1,-1,-1,1,0.0,-1,v2x,2024-10-08T09:02:24.000+00:00
PVDL-IDV1257432300-1728336802-41332,8,IDV1257432300,2024,10,180224,302,127.006493,37.56205,-1,-1,-1,-1,-1,-1,-1,-1,-1,-1,-1,-1,-1,1,0.0,-1,v2x,2024-10-08T09:02:24.000+00:00
PVDL-IDV1257432410-1728351494-26676,8,IDV1257432410,2024,10,180224,265,127.013112,37.65067,-1,-1,-1,-1,-1,-1,-1,-1,-1,-1,-1,-1,-1,1,-25.0,-1,v2x,2024-10-08T09:02:24.000+00:00
PVDL-IDV1257432420-1728333159-44976,8,IDV1257432420,2024,10,180224,261,127.011854,37.66328,-1,-1,-1,-1,-1,-1,-1,-1,-1,-1,-1,-1,-1,1,0.0,-1,v2x,2024-10-08T09:02:24.000+00:00
PVDL-IDV1257432440-1728327529-50611,8,IDV1257432440,2024,10,180224,045,127.020695,37.512641,-1,-1,-1,-1,-1,-1,-1,-1,-1,-1,-1,-1,-1,1,0.0,-1,v2x,2024-10-08T09:02:24.000+00:00
PVDL-IDV1257432450-1728346074-32096,8,IDV1257432450,2024,10,180224,057,127.018212,37.520131,-1,-1,-1,-1,-1,-1,-1,-1,-1,-1,-1,-1,-1,0,-1.0,-1,v2x,2024-10-08T09:02:24.000+00:00
PVDL-IDV1257432460-1728330048-48086,8,IDV1257432460,2024,10,180224,256,127.005681,37.560247,-1,-1,-1,-1,-1,-1,-1,-1,-1,-1,-1,-1,-1,1,22.0,-1,v2x,2024-10-08T09:02:24.000+00:00
PVDL-IDV1257432500-1728329913-48221,8,IDV1257432500,2024,10,180224,266,127.009693,37.553311,-1,-1,-1,-1,-1,-1,-1,-1,-1,-1,-1,-1,-1,1,-41.0,-1,v2x,2024-10-08T09:02:24.000+00:00
PVDL-IDV1257432700-1728331794-46339,8,IDV1257432700,2024,10,180224,358,127.020926,37.620178,-1,-1,-1,-1,-1,-1,-1,-1,-1,-1,-1,-1,-1,1,13.0,-1,v2x,2024-10-08T09:02:24.000+00:00
PVDL-IDV1257432750-1728366296-11838,8,IDV1257432750,2024,10,180224,196,127.008931,37.557326,-1,-1,-1,-1,-1,-1,-1,-1,-1,-1,-1,-1,-1,1,-16.0,-1,v2x,2024-10-08T09:02:24.000+00:00
PVDL-IDV1257432760-1728331805-46328,8,IDV1257432760,2024,10,180224,359,127.017198,37.637031,-1,-1,-1,-1,-1,-1,-1,-1,-1,-1,-1,-1,-1,1,-27.0,-1,v2x,2024-10-08T09:02:24.000+00:00
PVDL-IDV1257432920-1728376055-2092,8,IDV1257432920,2024,10,180224,277,127.065871,37.479314,-1,-1,-1,-1,-1,-1,-1,-1,-1,-1,-1,-1,-1,0,-1.0,-1,v2x,2024-10-08T09:02:24.000+00:00
PVDL-IDV1257432960-1728377455-694,8,IDV1257432960,2024,10,180224,059,127.01818,37.520232,-1,-1,-1,-1,-1,-1,-1,-1,-1,-1,-1,-1,-1,1,11.0,-1,v2x,2024-10-08T09:02:24.000+00:00
PVDL-IDV1257433010-1728374430-3716,8,IDV1257433010,2024,10,180224,299,127.068722,37.484258,-1,-1,-1,-1,-1,-1,-1,-1,-1,-1,-1,-1,-1,1,0.0,-1,v2x,2024-10-08T09:02:24.000+00:00
PVDL-IDV1257433090-1728376375-1772,8,IDV1257433090,2024,10,180224,079,127.007192,37.563967,-1,-1,-1,-1,-1,-1,-1,-1,-1,-1,-1,-1,-1,1,0.0,-1,v2x,2024-10-08T09:02:24.000+00:00
PVDL-IDV1257433820-1728374573-3576,8,IDV1257433820,2024,10,180224,346,127.009098,37.610786,-1,-1,-1,-1,-1,-1,-1,-1,-1,-1,-1,-1,-1,1,0.0,-1,v2x,2024-10-08T09:02:24.000+00:00
PVDL-IDV1257434510-1728344513-33621,8,IDV1257434510,2024,10,180224,187,126.9982805,37.5825538,-1,-1,-1,-1,-1,-1,-1,-1,-1,-1,-1,-1,-1,1,100.0,-1,v2x,2024-10-08T09:02:24.000+00:00
PVDL-IDV1257434700-1728378073-93,8,IDV1257434700,2024,10,180224,144,127.0145213,37.5922966,-1,-1,-1,-1,-1,-1,-1,-1,-1,-1,-1,-1,-1,0,-1.0,11,v2x,2024-10-08T09:02:24.000+00:00
PVDL-IDV1257434720-1728377505-628,8,IDV1257434720,2024,10,180224,357,127.082949,37.64476,-1,-1,-1,-1,-1,-1,-1,-1,-1,-1,-1,-1,-1,1,0.0,-1,v2x,2024-10-08T09:02:24.000+00:00
PVDL-IDV1257434810-1728365678-12456,8,IDV1257434810,2024,10,180224,279,127.0212,37.503101,-1,-1,-1,-1,-1,-1,-1,-1,-1,-1,-1,-1,-1,0,-1.0,-1,v2x,2024-10-08T09:02:24.000+00:00
PVDL-IDV1257434830-1728374784-3358,8,IDV1257434830,2024,10,180224,120,127.070425,37.637685,-1,-1,-1,-1,-1,-1,-1,-1,-1,-1,-1,-1,-1,0,-1.0,-1,v2x,2024-10-08T09:02:24.000+00:00
PVDL-IDV1257434860-1728377828-306,8,IDV1257434860,2024,10,180224,262,127.045402,37.689364,-1,-1,-1,-1,-1,-1,-1,-1,-1,-1,-1,-1,-1,0,-1.0,-1,v2x,2024-10-08T09:02:24.000+00:00
PVDL-IDV1257434870-1728370399-7733,8,IDV1257434870,2024,10,180224,086,127.038808,37.473362,-1,-1,-1,-1,-1,-1,-1,-1,-1,-1,-1,-1,-1,1,0.0,-1,v2x,2024-10-08T09:02:24.000+00:00
PVDL-IDV1257434890-1728356813-21357,8,IDV1257434890,2024,10,180224,099,126.970684,37.5693963,-1,-1,-1,-1,-1,-1,-1,-1,-1,-1,-1,-1,-1,1,0.0,21,v2x,2024-10-08T09:02:24.000+00:00
PVDL-IDV1257434950-1728367047-11093,8,IDV1257434950,2024,10,180224,530,127.0139747,37.5725199,-1,-1,-1,-1,-1,-1,-1,-1,-1,-1,-1,-1,-1,1,0.0,11,v2x,2024-10-08T09:02:24.000+00:00
PVDL-IDV1257435010-1728377873-293,8,IDV1257435010,2024,10,180224,186,127.052985,37.626033,-1,-1,-1,-1,-1,-1,-1,-1,-1,-1,-1,-1,-1,1,-8.0,-1,v2x,2024-10-08T09:02:24.000+00:00
PVDL-IDV1257435020-1728375074-3096,8,IDV1257435020,2024,10,180224,027,126.982057,37.5637316,-1,-1,-1,-1,-1,-1,-1,-1,-1,-1,-1,-1,-1,1,-97.0,22,v2x,2024-10-08T09:02:24.000+00:00
PVDL-IDV1257435190-1728330175-47958,8,IDV1257435190,2024,10,180224,052,126.971868,37.549479,-1,-1,-1,-1,-1,-1,-1,-1,-1,-1,-1,-1,-1,1,-147.0,-1,v2x,2024-10-08T09:02:24.000+00:00
PVDL-IDV1257435210-1728333768-44366,8,IDV1257435210,2024,10,180224,354,127.063524,37.659272,-1,-1,-1,-1,-1,-1,-1,-1,-1,-1,-1,-1,-1,0,-1.0,-1,v2x,2024-10-08T09:02:24.000+00:00
PVDL-IDV1257435220-1728328044-50089,8,IDV1257435220,2024,10,180224,260,127.063925,37.659317,-1,-1,-1,-1,-1,-1,-1,-1,-1,-1,-1,-1,-1,0,-1.0,-1,v2x,2024-10-08T09:02:24.000+00:00
PVDL-IDV1257435420-1728370399-7771,8,IDV1257435420,2024,10,180224,129,126.9869749,37.5773158,-1,-1,-1,-1,-1,-1,-1,-1,-1,-1,-1,-1,-1,1,0.0,-1,v2x,2024-10-08T09:02:24.000+00:00
PVDL-IDV1257435430-1728332949-45185,8,IDV1257435430,2024,10,180224,065,127.07063,37.637836,-1,-1,-1,-1,-1,-1,-1,-1,-1,-1,-1,-1,-1,0,-1.0,-1,v2x,2024-10-08T09:02:24.000+00:00
PVDL-IDV1257435460-1728363563-14570,8,IDV1257435460,2024,10,180224,019,127.069793,37.648964,-1,-1,-1,-1,-1,-1,-1,-1,-1,-1,-1,-1,-1,1,0.0,-1,v2x,2024-10-08T09:02:24.000+00:00
PVDL-IDV1257435670-1728361756-16384,8,IDV1257435670,2024,10,180224,082,127.014923,37.592514,-1,-1,-1,-1,-1,-1,-1,-1,-1,-1,-1,-1,-1,1,0.0,-1,v2x,2024-10-08T09:02:24.000+00:00
PVDL-IDV1257435710-1728350157-27985,8,IDV1257435710,2024,10,180224,105,127.0306926,37.6092541,-1,-1,-1,3,-1,-1,-1,-1,-1,-1,-1,-1,-1,1,27.0,22,v2x,2024-10-08T09:02:24.000+00:00
PVDL-IDV1257435770-1728346954-31180,8,IDV1257435770,2024,10,180224,445,127.050086,37.623868,-1,-1,-1,-1,-1,-1,-1,-1,-1,-1,-1,-1,-1,1,0.0,-1,v2x,2024-10-08T09:02:24.000+00:00
PVDL-IDV1257435780-1728348730-29410,8,IDV1257435780,2024,10,180224,214,127.022957,37.57578,-1,-1,-1,-1,-1,-1,-1,-1,-1,-1,-1,-1,-1,1,-155.0,-1,v2x,2024-10-08T09:02:24.000+00:00
PVDL-IDV1257435950-1728355759-22381,8,IDV1257435950,2024,10,180224,270,127.048108,37.645217,-1,-1,-1,-1,-1,-1,-1,-1,-1,-1,-1,-1,-1,1,0.0,-1,v2x,2024-10-08T09:02:24.000+00:00
PVDL-IDV1257436080-1728328086-50050,8,IDV1257436080,2024,10,180224,355,127.017273,37.588543,-1,-1,-1,-1,-1,-1,-1,-1,-1,-1,-1,-1,-1,1,-244.0,-1,v2x,2024-10-08T09:02:24.000+00:00
PVDL-IDV1257436110-1728330429-47712,8,IDV1257436110,2024,10,180224,034,126.969472,37.562624,-1,-1,-1,-1,-1,-1,-1,-1,-1,-1,-1,-1,-1,1,0.0,-1,v2x,2024-10-08T09:02:24.000+00:00
PVDL-IDV1257436120-1728333015-45118,8,IDV1257436120,2024,10,180224,265,127.019208,37.585643,-1,-1,-1,-1,-1,-1,-1,-1,-1,-1,-1,-1,-1,1,-72.0,-1,v2x,2024-10-08T09:02:24.000+00:00
PVDL-IDV1257436140-1728334468-43671,8,IDV1257436140,2024,10,180224,339,127.050267,37.627162,-1,-1,-1,-1,-1,-1,-1,-1,-1,-1,-1,-1,-1,0,-1.0,-1,v2x,2024-10-08T09:02:24.000+00:00
PVDL-IDV1257436170-1728360431-17739,8,IDV1257436170,2024,10,180224,182,127.036151,37.612134,-1,-1,-1,-1,-1,-1,-1,-1,-1,-1,-1,-1,-1,1,0.0,-1,v2x,2024-10-08T09:02:24.000+00:00
PVDL-IDV1257436290-1728370401-7733,8,IDV1257436290,2024,10,180224,273,126.97012,37.561611,-1,-1,-1,-1,-1,-1,-1,-1,-1,-1,-1,-1,-1,1,-1155.0,-1,v2x,2024-10-08T09:02:24.000+00:00
PVDL-IDV1257436360-1728373904-4266,8,IDV1257436360,2024,10,180224,272,126.825702,37.628298,-1,-1,-1,-1,-1,-1,-1,-1,-1,-1,-1,-1,-1,1,13.0,-1,v2x,2024-10-08T09:02:24.000+00:00
PVDL-IDV1257436370-1728378104-36,8,IDV1257436370,2024,10,180224,275,126.767111,37.666593,-1,-1,-1,-1,-1,-1,-1,-1,-1,-1,-1,-1,-1,1,0.0,-1,v2x,2024-10-08T09:02:24.000+00:00
PVDL-IDV1257436380-1728363907-14227,8,IDV1257436380,2024,10,180224,367,126.759838,37.686817,-1,-1,-1,-1,-1,-1,-1,-1,-1,-1,-1,-1,-1,0,-1.0,-1,v2x,2024-10-08T09:02:24.000+00:00
PVDL-IDV1257436390-1728350627-27543,8,IDV1257436390,2024,10,180224,268,126.817395,37.624887,-1,-1,-1,-1,-1,-1,-1,-1,-1,-1,-1,-1,-1,1,0.0,-1,v2x,2024-10-08T09:02:24.000+00:00
PVDL-IDV1257436730-1728353073-25097,8,IDV1257436730,2024,10,180224,265,127.141672,37.478046,-1,-1,-1,-1,-1,-1,-1,-1,-1,-1,-1,-1,-1,0,-1.0,-1,v2x,2024-10-08T09:02:24.000+00:00
PVDL-IDV1257436750-1728376640-1499,8,IDV1257436750,2024,10,180224,384,127.039498,37.524297,-1,-1,-1,-1,-1,-1,-1,-1,-1,-1,-1,-1,-1,0,-1.0,-1,v2x,2024-10-08T09:02:24.000+00:00
PVDL-IDV1257436900-1728364143-14028,8,IDV1257436900,2024,10,180224,083,126.992764,37.57056,-1,-1,-1,-1,-1,-1,-1,-1,-1,-1,-1,-1,-1,1,-47.0,-1,v2x,2024-10-08T09:02:24.000+00:00
PVDL-IDV1257436970-1728363144-14989,8,IDV1257436970,2024,10,180224,280,127.128655,37.469719,-1,-1,-1,-1,-1,-1,-1,-1,-1,-1,-1,-1,-1,0,-1.0,-1,v2x,2024-10-08T09:02:24.000+00:00
PVDL-IDV1257436980-1728371381-6753,8,IDV1257436980,2024,10,180224,199,127.060581,37.562126,-1,-1,-1,-1,-1,-1,-1,-1,-1,-1,-1,-1,-1,1,0.0,-1,v2x,2024-10-08T09:02:24.000+00:00
PVDL-IDV1257437000-1728348563-29609,8,IDV1257437000,2024,10,180224,187,126.989162,37.570198,-1,-1,-1,-1,-1,-1,-1,-1,-1,-1,-1,-1,-1,1,-55.0,-1,v2x,2024-10-08T09:02:24.000+00:00
PVDL-IDV1257438080-1728376339-1807,8,IDV1257438080,2024,10,180224,192,126.990755,37.577564,-1,-1,-1,-1,-1,-1,-1,-1,-1,-1,-1,-1,-1,0,-1.0,-1,v2x,2024-10-08T09:02:24.000+00:00
PVDL-IDV1257438210-1728375071-3083,8,IDV1257438210,2024,10,180224,076,126.9857501,37.5767931,-1,-1,-1,-1,-1,-1,-1,-1,-1,-1,-1,-1,-1,1,2.0,99,v2x,2024-10-08T09:02:24.000+00:00
PVDL-IDV1257438240-1728354857-23277,8,IDV1257438240,2024,10,180224,279,127.012474,37.663487,-1,-1,-1,-1,-1,-1,-1,-1,-1,-1,-1,-1,-1,0,-1.0,-1,v2x,2024-10-08T09:02:24.000+00:00
PVDL-IDV1257438240-1728354857-23278,8,IDV1257438240,2024,10,180224,314,127.012438,37.663544,-1,-1,-1,-1,-1,-1,-1,-1,-1,-1,-1,-1,-1,0,-1.0,-1,v2x,2024-10-08T09:02:24.000+00:00
PVDL-IDV1257438340-1728375256-2890,8,IDV1257438340,2024,10,180224,436,127.013889,37.660704,-1,-1,-1,-1,-1,-1,-1,-1,-1,-1,-1,-1,-1,0,-1.0,-1,v2x,2024-10-08T09:02:24.000+00:00
PVDL-IDV1257438350-1728367027-11104,8,IDV1257438350,2024,10,180224,068,127.030455,37.642447,-1,-1,-1,-1,-1,-1,-1,-1,-1,-1,-1,-1,-1,1,-33.0,-1,v2x,2024-10-08T09:02:24.000+00:00
PVDL-IDV1257438370-1728378123-17,8,IDV1257438370,2024,10,180224,162,127.0298523,37.6168913,-1,-1,-1,-1,-1,-1,-1,-1,-1,-1,-1,-1,-1,2,0.0,11,v2x,2024-10-08T09:02:24.000+00:00
PVDL-IDV1257438410-1728359756-18378,8,IDV1257438410,2024,10,180224,259,127.018658,37.619992,-1,-1,-1,-1,-1,-1,-1,-1,-1,-1,-1,-1,-1,1,0.0,-1,v2x,2024-10-08T09:02:24.000+00:00
PVDL-IDV1257438480-1728376179-1955,8,IDV1257438480,2024,10,180224,099,126.999545,37.571038,-1,-1,-1,-1,-1,-1,-1,-1,-1,-1,-1,-1,-1,1,44.0,-1,v2x,2024-10-08T09:02:24.000+00:00
PVDL-IDV1257438570-1728375685-2455,8,IDV1257438570,2024,10,180224,298,127.013966,37.658546,-1,-1,-1,-1,-1,-1,-1,-1,-1,-1,-1,-1,-1,0,-1.0,-1,v2x,2024-10-08T09:02:24.000+00:00
PVDL-IDV1257438710-1728365409-12725,8,IDV1257438710,2024,10,180224,276,127.014492,37.658335,-1,-1,-1,-1,-1,-1,-1,-1,-1,-1,-1,-1,-1,1,0.0,-1,v2x,2024-10-08T09:02:24.000+00:00
PVDL-IDV1257438780-1728378111-37,8,IDV1257438780,2024,10,180224,049,127.025315,37.57637,-1,-1,-1,-1,-1,-1,-1,-1,-1,-1,-1,-1,-1,0,-1.0,-1,v2x,2024-10-08T09:02:24.000+00:00
PVDL-IDV1257438790-1728378094-51,8,IDV1257438790,2024,10,180224,197,127.022478,37.634656,-1,-1,-1,-1,-1,-1,-1,-1,-1,-1,-1,-1,-1,0,-1.0,-1,v2x,2024-10-08T09:02:24.000+00:00
PVDL-IDV1257438810-1728369895-8244,8,IDV1257438810,2024,10,180224,287,127.012741,37.651738,-1,-1,-1,-1,-1,-1,-1,-1,-1,-1,-1,-1,-1,0,-1.0,-1,v2x,2024-10-08T09:02:24.000+00:00
PVDL-IDV1257438820-1728366155-11979,8,IDV1257438820,2024,10,180224,297,127.013558,37.638008,-1,-1,-1,-1,-1,-1,-1,-1,-1,-1,-1,-1,-1,0,-1.0,-1,v2x,2024-10-08T09:02:24.000+00:00
PVDL-IDV1257438840-1728370814-7320,8,IDV1257438840,2024,10,180224,067,127.035081,37.483379,-1,-1,-1,-1,-1,-1,-1,-1,-1,-1,-1,-1,-1,1,0.0,-1,v2x,2024-10-08T09:02:24.000+00:00
PVDL-IDV1257438880-1728375084-3049,8,IDV1257438880,2024,10,180224,094,127.024872,37.603997,-1,-1,-1,-1,-1,-1,-1,-1,-1,-1,-1,-1,-1,0,-1.0,-1,v2x,2024-10-08T09:02:24.000+00:00
PVDL-IDV1257438910-1728367639-10495,8,IDV1257438910,2024,10,180224,281,127.007115,37.534286,-1,-1,-1,-1,-1,-1,-1,-1,-1,-1,-1,-1,-1,0,-1.0,-1,v2x,2024-10-08T09:02:24.000+00:00
PVDL-IDV1257438950-1728376160-1990,8,IDV1257438950,2024,10,180224,054,127.034799,37.6486796,-1,-1,-1,-1,-1,-1,-1,-1,-1,-1,-1,-1,-1,1,80.0,11,v2x,2024-10-08T09:02:24.000+00:00
PVDL-IDV1257438960-1728375139-3002,8,IDV1257438960,2024,10,180224,000,127.036145,37.589496,-1,-1,-1,-1,-1,-1,-1,-1,-1,-1,-1,-1,-1,1,0.0,-1,v2x,2024-10-08T09:02:24.000+00:00
PVDL-IDV1257439010-1728328363-49771,8,IDV1257439010,2024,10,180224,104,127.064761,37.611229,-1,-1,-1,-1,-1,-1,-1,-1,-1,-1,-1,-1,-1,0,-1.0,-1,v2x,2024-10-08T09:02:24.000+00:00
PVDL-IDV1257439020-1728334189-43944,8,IDV1257439020,2024,10,180224,312,127.01385,37.611335,-1,-1,-1,-1,-1,-1,-1,-1,-1,-1,-1,-1,-1,0,-1.0,-1,v2x,2024-10-08T09:02:24.000+00:00
PVDL-IDV1257439050-1728377102-1068,8,IDV1257439050,2024,10,180224,304,127.0420496,37.5791135,-1,-1,-1,-1,-1,-1,-1,-1,-1,-1,-1,-1,-1,0,-1.0,12,v2x,2024-10-08T09:02:24.000+00:00
PVDL-IDV1257439140-1728377241-892,8,IDV1257439140,2024,10,180224,255,127.062841,37.647291,-1,-1,-1,-1,-1,-1,-1,-1,-1,-1,-1,-1,-1,0,-1.0,-1,v2x,2024-10-08T09:02:24.000+00:00
PVDL-IDV1257439150-1728331838-46302,8,IDV1257439150,2024,10,180224,077,127.028102,37.577056,-1,-1,-1,-1,-1,-1,-1,-1,-1,-1,-1,-1,-1,1,-5.0,-1,v2x,2024-10-08T09:02:24.000+00:00
PVDL-IDV1257439180-1728357709-20431,8,IDV1257439180,2024,10,180224,310,126.963131,37.552265,-1,-1,-1,-1,-1,-1,-1,-1,-1,-1,-1,-1,-1,1,83.0,-1,v2x,2024-10-08T09:02:24.000+00:00
PVDL-IDV1257439440-1728333483-44655,8,IDV1257439440,2024,10,180224,187,126.930213,37.52879,-1,-1,-1,-1,-1,-1,-1,-1,-1,-1,-1,-1,-1,0,-1.0,-1,v2x,2024-10-08T09:02:24.000+00:00
PVDL-IDV1257439500-1728377044-1096,8,IDV1257439500,2024,10,180224,083,127.009411,37.570888,-1,-1,-1,-1,-1,-1,-1,-1,-1,-1,-1,-1,-1,1,-130.0,-1,v2x,2024-10-08T09:02:24.000+00:00
PVDL-IDV1257439510-1728333538-44596,8,IDV1257439510,2024,10,180224,262,126.9369158,37.5188518,-1,-1,-1,-1,-1,-1,-1,-1,-1,-1,-1,-1,-1,1,-91.0,21,v2x,2024-10-08T09:02:24.000+00:00
PVDL-IDV1257439530-1728333940-44200,8,IDV1257439530,2024,10,180224,296,126.934429,37.518255,-1,-1,-1,-1,-1,-1,-1,-1,-1,-1,-1,-1,-1,1,88.0,-1,v2x,2024-10-08T09:02:24.000+00:00
PVDL-IDV1257439570-1728334769-43364,8,IDV1257439570,2024,10,180224,094,126.93169,37.530861,-1,-1,-1,-1,-1,-1,-1,-1,-1,-1,-1,-1,-1,0,-1.0,-1,v2x,2024-10-08T09:02:24.000+00:00
PVDL-IDV1257439610-1728333304-44829,8,IDV1257439610,2024,10,180224,343,126.939269,37.520395,-1,-1,-1,-1,-1,-1,-1,-1,-1,-1,-1,-1,-1,1,0.0,-1,v2x,2024-10-08T09:02:24.000+00:00
PVDL-IDV1257439620-1728334653-43483,8,IDV1257439620,2024,10,180224,060,126.931146,37.527871,-1,-1,-1,-1,-1,-1,-1,-1,-1,-1,-1,-1,-1,1,2.0,-1,v2x,2024-10-08T09:02:24.000+00:00
PVDL-IDV1257439630-1728334562-43572,8,IDV1257439630,2024,10,180224,279,126.92693,37.5189847,-1,-1,-1,-1,-1,-1,-1,-1,-1,-1,-1,-1,-1,0,-1.0,-1,v2x,2024-10-08T09:02:24.000+00:00
PVDL-IDV1257439670-1728372326-5808,8,IDV1257439670,2024,10,180224,356,126.976732,37.560712,-1,-1,-1,-1,-1,-1,-1,-1,-1,-1,-1,-1,-1,1,0.0,-1,v2x,2024-10-08T09:02:24.000+00:00
PVDL-IDV1257439870-1728353105-25029,8,IDV1257439870,2024,10,180224,041,126.989324,37.5662853,-1,-1,-1,-1,-1,-1,-1,-1,-1,-1,-1,-1,-1,1,-5.0,23,v2x,2024-10-08T09:02:24.000+00:00
PVDL-IDV1257439900-1728327639-50503,8,IDV1257439900,2024,10,180224,069,127.064639,37.611189,-1,-1,-1,-1,-1,-1,-1,-1,-1,-1,-1,-1,-1,0,-1.0,-1,v2x,2024-10-08T09:02:24.000+00:00
PVDL-IDV1257439910-1728336357-41783,8,IDV1257439910,2024,10,180224,303,127.0095517,37.5699858,-1,-1,-1,-1,-1,-1,-1,-1,-1,-1,-1,-1,-1,1,0.0,99,v2x,2024-10-08T09:02:24.000+00:00
PVDL-IDV1257439920-1728376688-1446,8,IDV1257439920,2024,10,180224,350,127.049773,37.61648,-1,-1,-1,-1,-1,-1,-1,-1,-1,-1,-1,-1,-1,1,22.0,-1,v2x,2024-10-08T09:02:24.000+00:00
PVDL-IDV1257439930-1728374323-3810,8,IDV1257439930,2024,10,180224,246,127.012523,37.5721,-1,-1,-1,-1,-1,-1,-1,-1,-1,-1,-1,-1,-1,1,0.0,-1,v2x,2024-10-08T09:02:24.000+00:00
PVDL-IDV1257440090-1728373581-4553,8,IDV1257440090,2024,10,180224,063,126.981409,37.562019,-1,-1,-1,-1,-1,-1,-1,-1,-1,-1,-1,-1,-1,1,-22.0,-1,v2x,2024-10-08T09:02:24.000+00:00
PVDL-IDV1257440140-1728371086-7048,8,IDV1257440140,2024,10,180224,267,126.930482,37.64837,-1,-1,-1,-1,-1,-1,-1,-1,-1,-1,-1,-1,-1,1,-2.0,-1,v2x,2024-10-08T09:02:24.000+00:00
PVDL-IDV1257440150-1728374280-3860,8,IDV1257440150,2024,10,180224,294,127.020109,37.514347,-1,-1,-1,-1,-1,-1,-1,-1,-1,-1,-1,-1,-1,1,0.0,-1,v2x,2024-10-08T09:02:24.000+00:00
PVDL-IDV1257440200-1728367457-10676,8,IDV1257440200,2024,10,180224,115,127.005797,37.588354,-1,-1,-1,-1,-1,-1,-1,-1,-1,-1,-1,-1,-1,0,-1.0,-1,v2x,2024-10-08T09:02:24.000+00:00
PVDL-IDV1257440220-1728367375-10759,8,IDV1257440220,2024,10,180224,197,126.982612,37.567098,-1,-1,-1,-1,-1,-1,-1,-1,-1,-1,-1,-1,-1,0,-1.0,-1,v2x,2024-10-08T09:02:24.000+00:00
PVDL-IDV1257440270-1728374737-3405,8,IDV1257440270,2024,10,180224,345,127.014119,37.66073,-1,-1,-1,-1,-1,-1,-1,-1,-1,-1,-1,-1,-1,0,-1.0,-1,v2x,2024-10-08T09:02:24.000+00:00
PVDL-IDV1257440340-1728375710-2440,8,IDV1257440340,2024,10,180224,189,126.960224,37.519608,-1,-1,-1,-1,-1,-1,-1,-1,-1,-1,-1,-1,-1,1,0.0,-1,v2x,2024-10-08T09:02:24.000+00:00
PVDL-IDV1257440490-1728367426-10707,8,IDV1257440490,2024,10,180224,064,126.9939392,37.5771737,-1,-1,-1,-1,-1,-1,-1,-1,-1,-1,-1,-1,-1,1,-91.0,21,v2x,2024-10-08T09:02:24.000+00:00
PVDL-IDV1257440510-1728363621-14513,8,IDV1257440510,2024,10,180224,124,127.046108,37.684146,-1,-1,-1,-1,-1,-1,-1,-1,-1,-1,-1,-1,-1,1,16.0,-1,v2x,2024-10-08T09:02:24.000+00:00
PVDL-IDV1257440530-1728377934-200,8,IDV1257440530,2024,10,180224,267,126.909362,37.646599,-1,-1,-1,-1,-1,-1,-1,-1,-1,-1,-1,-1,-1,0,-1.0,-1,v2x,2024-10-08T09:02:24.000+00:00
PVDL-IDV1257440540-1728370373-7767,8,IDV1257440540,2024,10,180224,069,126.929593,37.610961,-1,-1,-1,-1,-1,-1,-1,-1,-1,-1,-1,-1,-1,1,-19.0,-1,v2x,2024-10-08T09:02:24.000+00:00
PVDL-IDV1257440580-1728374847-3294,8,IDV1257440580,2024,10,180224,112,126.979661,37.561483,-1,-1,-1,-1,-1,-1,-1,-1,-1,-1,-1,-1,-1,1,25.0,-1,v2x,2024-10-08T09:02:24.000+00:00
PVDL-IDV1257440610-1728375558-2588,8,IDV1257440610,2024,10,180224,059,126.9963893,37.5666114,-1,-1,-1,-1,-1,-1,-1,-1,-1,-1,-1,-1,-1,1,-44.0,22,v2x,2024-10-08T09:02:24.000+00:00
PVDL-IDV1257440640-1728376844-1297,8,IDV1257440640,2024,10,180224,157,126.967569,37.52903,-1,-1,-1,-1,-1,-1,-1,-1,-1,-1,-1,-1,-1,1,0.0,-1,v2x,2024-10-08T09:02:24.000+00:00
PVDL-IDV1257440650-1728332205-45928,8,IDV1257440650,2024,10,180224,265,127.025669,37.580039,-1,-1,-1,-1,-1,-1,-1,-1,-1,-1,-1,-1,-1,1,0.0,-1,v2x,2024-10-08T09:02:24.000+00:00
PVDL-IDV1257440820-1728367073-11060,8,IDV1257440820,2024,10,180224,082,127.0020527,37.5709729,-1,-1,-1,-1,-1,-1,-1,-1,-1,-1,-1,-1,-1,1,-16.0,99,v2x,2024-10-08T09:02:24.000+00:00
PVDL-IDV1257440850-1728368744-9390,8,IDV1257440850,2024,10,180224,171,126.903511,37.520266,-1,-1,-1,-1,-1,-1,-1,-1,-1,-1,-1,-1,-1,1,0.0,-1,v2x,2024-10-08T09:02:24.000+00:00
PVDL-IDV1257441060-1728376631-1503,8,IDV1257441060,2024,10,180224,267,126.877318,37.581614,-1,-1,-1,-1,-1,-1,-1,-1,-1,-1,-1,-1,-1,0,-1.0,-1,v2x,2024-10-08T09:02:24.000+00:00
PVDL-IDV1257441070-1728368893-9241,8,IDV1257441070,2024,10,180224,000,127.108269,37.600577,-1,-1,-1,-1,-1,-1,-1,-1,-1,-1,-1,-1,-1,1,-91.0,-1,v2x,2024-10-08T09:02:24.000+00:00
PVDL-IDV1257441090-1728339953-38181,8,IDV1257441090,2024,10,180224,095,126.9368927,37.556308,-1,-1,-1,-1,-1,-1,-1,-1,-1,-1,-1,-1,-1,1,77.0,11,v2x,2024-10-08T09:02:24.000+00:00
PVDL-IDV1257441100-1728377562-578,8,IDV1257441100,2024,10,180224,113,126.9097183,37.5717931,-1,-1,-1,-1,-1,-1,-1,-1,-1,-1,-1,-1,-1,1,33.0,21,v2x,2024-10-08T09:02:24.000+00:00
PVDL-IDV1257441170-1728369895-8244,8,IDV1257441170,2024,10,180224,067,126.978836,37.570158,-1,-1,-1,-1,-1,-1,-1,-1,-1,-1,-1,-1,-1,0,-1.0,-1,v2x,2024-10-08T09:02:24.000+00:00
PVDL-IDV1257441290-1728333845-44289,8,IDV1257441290,2024,10,180224,424,126.910271,37.581615,-1,-1,-1,-1,-1,-1,-1,-1,-1,-1,-1,-1,-1,0,-1.0,-1,v2x,2024-10-08T09:02:24.000+00:00
PVDL-IDV1257441310-1728334398-43736,8,IDV1257441310,2024,10,180224,264,126.910279,37.581651,-1,-1,-1,-1,-1,-1,-1,-1,-1,-1,-1,-1,-1,0,-1.0,-1,v2x,2024-10-08T09:02:24.000+00:00
PVDL-IDV1257441330-1728359351-18818,8,IDV1257441330,2024,10,180224,109,126.935937,37.555615,-1,-1,-1,-1,-1,-1,-1,-1,-1,-1,-1,-1,-1,0,-1.0,-1,v2x,2024-10-08T09:02:24.000+00:00
PVDL-IDV1257441340-1728334746-43395,8,IDV1257441340,2024,10,180224,259,126.9102,37.581584,-1,-1,-1,-1,-1,-1,-1,-1,-1,-1,-1,-1,-1,0,-1.0,-1,v2x,2024-10-08T09:02:24.000+00:00
PVDL-IDV1257441400-1728339509-38625,8,IDV1257441400,2024,10,180224,260,126.910004,37.581773,-1,-1,-1,-1,-1,-1,-1,-1,-1,-1,-1,-1,-1,0,-1.0,-1,v2x,2024-10-08T09:02:24.000+00:00
PVDL-IDV1257441440-1728324466-53674,8,IDV1257441440,2024,10,180224,255,126.92176,37.566833,-1,-1,-1,-1,-1,-1,-1,-1,-1,-1,-1,-1,-1,1,-2.0,-1,v2x,2024-10-08T09:02:24.000+00:00
PVDL-IDV1257441460-1728351796-26374,8,IDV1257441460,2024,10,180224,264,126.910346,37.577436,-1,-1,-1,-1,-1,-1,-1,-1,-1,-1,-1,-1,-1,0,-1.0,-1,v2x,2024-10-08T09:02:24.000+00:00
PVDL-IDV1257441480-1728324678-53462,8,IDV1257441480,2024,10,180224,365,126.909733,37.581662,-1,-1,-1,-1,-1,-1,-1,-1,-1,-1,-1,-1,-1,0,-1.0,-1,v2x,2024-10-08T09:02:24.000+00:00
PVDL-IDV1257441510-1728365746-12394,8,IDV1257441510,2024,10,180224,064,126.927848,37.558422,-1,-1,-1,-1,-1,-1,-1,-1,-1,-1,-1,-1,-1,1,-8.0,-1,v2x,2024-10-08T09:02:24.000+00:00
PVDL-IDV1257441530-1728325543-52591,8,IDV1257441530,2024,10,180224,099,126.938541,37.555613,-1,-1,-1,-1,-1,-1,-1,-1,-1,-1,-1,-1,-1,0,-1.0,-1,v2x,2024-10-08T09:02:24.000+00:00
PVDL-IDV1257441560-1728326009-52125,8,IDV1257441560,2024,10,180224,059,126.970617,37.569338,-1,-1,-1,-1,-1,-1,-1,-1,-1,-1,-1,-1,-1,1,0.0,-1,v2x,2024-10-08T09:02:24.000+00:00
PVDL-IDV1257441600-1728335506-42634,8,IDV1257441600,2024,10,180224,112,126.9888201,37.5702175,-1,-1,-1,-1,-1,-1,-1,-1,-1,-1,-1,-1,-1,1,-119.0,-1,v2x,2024-10-08T09:02:24.000+00:00
PVDL-IDV1257441670-1728363344-14795,8,IDV1257441670,2024,10,180224,267,126.917376,37.574983,-1,-1,-1,-1,-1,-1,-1,-1,-1,-1,-1,-1,-1,0,-1.0,-1,v2x,2024-10-08T09:02:24.000+00:00
PVDL-IDV1257441680-1728375967-2175,8,IDV1257441680,2024,10,180224,186,127.055023,37.565201,-1,-1,-1,-1,-1,-1,-1,-1,-1,-1,-1,-1,-1,1,-158.0,-1,v2x,2024-10-08T09:02:24.000+00:00
PVDL-IDV1257441700-1728363655-14515,8,IDV1257441700,2024,10,180224,271,127.072584,37.544308,-1,-1,-1,-1,-1,-1,-1,-1,-1,-1,-1,-1,-1,0,-1.0,-1,v2x,2024-10-08T09:02:24.000+00:00
PVDL-IDV1257441750-1728332432-45702,8,IDV1257441750,2024,10,180224,260,127.023927,37.575212,-1,-1,-1,-1,-1,-1,-1,-1,-1,-1,-1,-1,-1,0,-1.0,-1,v2x,2024-10-08T09:02:24.000+00:00
PVDL-IDV1257441770-1728362834-15300,8,IDV1257441770,2024,10,180224,147,127.075666,37.549706,-1,-1,-1,-1,-1,-1,-1,-1,-1,-1,-1,-1,-1,1,-213.0,-1,v2x,2024-10-08T09:02:24.000+00:00
PVDL-IDV1257442050-1728377544-603,8,IDV1257442050,2024,10,180224,267,126.9603,37.520229,-1,-1,-1,-1,-1,-1,-1,-1,-1,-1,-1,-1,-1,1,-16.0,-1,v2x,2024-10-08T09:02:24.000+00:00
PVDL-IDV1257442240-1728378118-36,8,IDV1257442240,2024,10,180224,340,127.102932,37.613991,-1,-1,-1,-1,-1,-1,-1,-1,-1,-1,-1,-1,-1,0,-1.0,-1,v2x,2024-10-08T09:02:24.000+00:00
PVDL-IDV1257442510-1728335837-42303,8,IDV1257442510,2024,10,180224,296,126.925802,37.553481,-1,-1,-1,-1,-1,-1,-1,-1,-1,-1,-1,-1,-1,1,-91.0,-1,v2x,2024-10-08T09:02:24.000+00:00
PVDL-IDV1257442620-1728362932-15201,8,IDV1257442620,2024,10,180224,347,127.103933,37.613533,-1,-1,-1,-1,-1,-1,-1,-1,-1,-1,-1,-1,-1,0,-1.0,-1,v2x,2024-10-08T09:02:24.000+00:00
PVDL-IDV1257442660-1728326878-51256,8,IDV1257442660,2024,10,180224,054,126.99762,37.571902,-1,-1,-1,-1,-1,-1,-1,-1,-1,-1,-1,-1,-1,0,-1.0,-1,v2x,2024-10-08T09:02:24.000+00:00
PVDL-IDV1257442740-1728377831-339,8,IDV1257442740,2024,10,180224,276,127.103964,37.614298,-1,-1,-1,-1,-1,-1,-1,-1,-1,-1,-1,-1,-1,0,-1.0,-1,v2x,2024-10-08T09:02:24.000+00:00
PVDL-IDV1257442750-1728377703-430,8,IDV1257442750,2024,10,180224,452,127.113208,37.614641,-1,-1,-1,-1,-1,-1,-1,-1,-1,-1,-1,-1,-1,1,80.0,-1,v2x,2024-10-08T09:02:24.000+00:00
PVDL-IDV1257442770-1728370528-7605,8,IDV1257442770,2024,10,180224,367,127.03287,37.509332,-1,-1,-1,-1,-1,-1,-1,-1,-1,-1,-1,-1,-1,1,0.0,-1,v2x,2024-10-08T09:02:24.000+00:00
PVDL-IDV1257442880-1728374943-3228,8,IDV1257442880,2024,10,180224,263,127.065824,37.598515,-1,-1,-1,-1,-1,-1,-1,-1,-1,-1,-1,-1,-1,1,47.0,-1,v2x,2024-10-08T09:02:24.000+00:00
PVDL-IDV1257443150-1728370371-7762,8,IDV1257443150,2024,10,180224,194,126.939066,37.596727,-1,-1,-1,-1,-1,-1,-1,-1,-1,-1,-1,-1,-1,1,5.0,-1,v2x,2024-10-08T09:02:24.000+00:00
PVDL-IDV1257443270-1728377495-663,8,IDV1257443270,2024,10,180224,006,126.973835,37.537844,-1,-1,-1,-1,-1,-1,-1,-1,-1,-1,-1,-1,-1,1,77.0,-1,v2x,2024-10-08T09:02:24.000+00:00
PVDL-IDV1257443280-1728336863-41270,8,IDV1257443280,2024,10,180224,049,126.963851,37.56193,-1,-1,-1,-1,-1,-1,-1,-1,-1,-1,-1,-1,-1,0,-1.0,-1,v2x,2024-10-08T09:02:24.000+00:00
PVDL-IDV1257443350-1728334596-43537,8,IDV1257443350,2024,10,180224,274,127.090256,37.577582,-1,-1,-1,-1,-1,-1,-1,-1,-1,-1,-1,-1,-1,1,-63.0,-1,v2x,2024-10-08T09:02:24.000+00:00
PVDL-IDV1257443390-1728372325-5808,8,IDV1257443390,2024,10,180224,051,126.964548,37.562865,-1,-1,-1,-1,-1,-1,-1,-1,-1,-1,-1,-1,-1,1,8.0,-1,v2x,2024-10-08T09:02:24.000+00:00
PVDL-IDV1257443410-1728372963-5171,8,IDV1257443410,2024,10,180224,089,126.983814,37.570328,-1,-1,-1,-1,-1,-1,-1,-1,-1,-1,-1,-1,-1,0,-1.0,-1,v2x,2024-10-08T09:02:24.000+00:00
PVDL-IDV1257443430-1728378136-3,8,IDV1257443430,2024,10,180224,524,127.103508,37.613264,-1,-1,-1,-1,-1,-1,-1,-1,-1,-1,-1,-1,-1,0,-1.0,-1,v2x,2024-10-08T09:02:24.000+00:00
PVDL-IDV1257443440-1728340164-37971,8,IDV1257443440,2024,10,180224,056,126.946893,37.556962,-1,-1,-1,-1,-1,-1,-1,-1,-1,-1,-1,-1,-1,0,-1.0,-1,v2x,2024-10-08T09:02:24.000+00:00
PVDL-IDV1257443500-1728367456-10678,8,IDV1257443500,2024,10,180224,266,127.030504,37.549822,-1,-1,-1,-1,-1,-1,-1,-1,-1,-1,-1,-1,-1,1,-47.0,-1,v2x,2024-10-08T09:02:24.000+00:00
PVDL-IDV1257443560-1728376070-2075,8,IDV1257443560,2024,10,180224,212,127.035394,37.490818,-1,-1,-1,-1,-1,-1,-1,-1,-1,-1,-1,-1,-1,1,36.0,-1,v2x,2024-10-08T09:02:24.000+00:00
PVDL-IDV1257443620-1728369411-8759,8,IDV1257443620,2024,10,180224,192,127.014062,37.491323,-1,-1,-1,-1,-1,-1,-1,-1,-1,-1,-1,-1,-1,1,0.0,-1,v2x,2024-10-08T09:02:24.000+00:00
PVDL-IDV1257443710-1728370474-7665,8,IDV1257443710,2024,10,180224,068,127.006207,37.477148,-1,-1,-1,-1,-1,-1,-1,-1,-1,-1,-1,-1,-1,0,-1.0,-1,v2x,2024-10-08T09:02:24.000+00:00
PVDL-IDV1257443920-1728365987-12146,8,IDV1257443920,2024,10,180224,066,127.0283387,37.5771112,-1,-1,-1,-1,-1,-1,-1,-1,-1,-1,-1,-1,-1,1,0.0,11,v2x,2024-10-08T09:02:24.000+00:00
PVDL-IDV1257443930-1728375759-2383,8,IDV1257443930,2024,10,180224,052,127.039398,37.523887,-1,-1,-1,-1,-1,-1,-1,-1,-1,-1,-1,-1,-1,1,-30.0,-1,v2x,2024-10-08T09:02:24.000+00:00
PVDL-IDV1257443940-1728369895-8244,8,IDV1257443940,2024,10,180224,062,127.041174,37.517587,-1,-1,-1,-1,-1,-1,-1,-1,-1,-1,-1,-1,-1,1,-116.0,-1,v2x,2024-10-08T09:02:24.000+00:00
PVDL-IDV1257443950-1728375699-2454,8,IDV1257443950,2024,10,180224,375,127.031139,37.491215,-1,-1,-1,-1,-1,-1,-1,-1,-1,-1,-1,-1,-1,1,8.0,-1,v2x,2024-10-08T09:02:24.000+00:00
PVDL-IDV1257444000-1728369896-8244,8,IDV1257444000,2024,10,180224,285,126.96723,37.544879,-1,-1,-1,-1,-1,-1,-1,-1,-1,-1,-1,-1,-1,0,-1.0,-1,v2x,2024-10-08T09:02:24.000+00:00
PVDL-IDV1257444020-1728377033-1113,8,IDV1257444020,2024,10,180224,189,127.038938,37.491743,-1,-1,-1,-1,-1,-1,-1,-1,-1,-1,-1,-1,-1,1,0.0,-1,v2x,2024-10-08T09:02:24.000+00:00
PVDL-IDV1257444110-1728349270-28870,8,IDV1257444110,2024,10,180224,301,127.060445,37.48256,-1,-1,-1,-1,-1,-1,-1,-1,-1,-1,-1,-1,-1,1,-8.0,-1,v2x,2024-10-08T09:02:24.000+00:00
PVDL-IDV1257444280-1728376746-1394,8,IDV1257444280,2024,10,180224,166,126.963903,37.536745,-1,-1,-1,-1,-1,-1,-1,-1,-1,-1,-1,-1,-1,1,66.0,-1,v2x,2024-10-08T09:02:24.000+00:00
PVDL-IDV1257444350-1728376540-1599,8,IDV1257444350,2024,10,180224,428,127.045874,37.466637,-1,-1,-1,-1,-1,-1,-1,-1,-1,-1,-1,-1,-1,0,-1.0,-1,v2x,2024-10-08T09:02:24.000+00:00
PVDL-IDV1257444860-1728368721-9413,8,IDV1257444860,2024,10,180224,193,126.999047,37.583353,-1,-1,-1,-1,-1,-1,-1,-1,-1,-1,-1,-1,-1,0,-1.0,-1,v2x,2024-10-08T09:02:24.000+00:00
PVDL-IDV1257445040-1728328482-49652,8,IDV1257445040,2024,10,180224,265,126.909691,37.614183,-1,-1,-1,-1,-1,-1,-1,-1,-1,-1,-1,-1,-1,1,0.0,-1,v2x,2024-10-08T09:02:24.000+00:00
PVDL-IDV1257445090-1728377834-315,8,IDV1257445090,2024,10,180224,020,126.960011,37.572463,-1,-1,-1,-1,-1,-1,-1,-1,-1,-1,-1,-1,-1,1,0.0,-1,v2x,2024-10-08T09:02:24.000+00:00
PVDL-IDV1257445190-1728373430-4704,8,IDV1257445190,2024,10,180224,025,126.965299,37.507481,-1,-1,-1,-1,-1,-1,-1,-1,-1,-1,-1,-1,-1,1,0.0,-1,v2x,2024-10-08T09:02:24.000+00:00
PVDL-IDV1257445380-1728373101-5069,8,IDV1257445380,2024,10,180224,305,126.880142,37.631914,-1,-1,-1,-1,-1,-1,-1,-1,-1,-1,-1,-1,-1,0,-1.0,-1,v2x,2024-10-08T09:02:24.000+00:00
PVDL-IDV1257445410-1728377891-275,8,IDV1257445410,2024,10,180224,411,126.918682,37.599767,-1,-1,-1,-1,-1,-1,-1,-1,-1,-1,-1,-1,-1,1,0.0,-1,v2x,2024-10-08T09:02:24.000+00:00
PVDL-IDV1257445430-1728352654-25486,8,IDV1257445430,2024,10,180224,311,126.911537,37.612131,-1,-1,-1,-1,-1,-1,-1,-1,-1,-1,-1,-1,-1,1,61.0,-1,v2x,2024-10-08T09:02:24.000+00:00
PVDL-IDV1257445540-1728376124-2016,8,IDV1257445540,2024,10,180224,297,126.881119,37.632011,-1,-1,-1,-1,-1,-1,-1,-1,-1,-1,-1,-1,-1,1,-38.0,-1,v2x,2024-10-08T09:02:24.000+00:00
PVDL-IDV1257445600-1728336118-42015,8,IDV1257445600,2024,10,180224,423,126.924259,37.605047,-1,-1,-1,-1,-1,-1,-1,-1,-1,-1,-1,-1,-1,1,47.0,-1,v2x,2024-10-08T09:02:24.000+00:00
PVDL-IDV1257445610-1728352503-25630,8,IDV1257445610,2024,10,180224,109,126.940522,37.59511,-1,-1,-1,-1,-1,-1,-1,-1,-1,-1,-1,-1,-1,1,-91.0,-1,v2x,2024-10-08T09:02:24.000+00:00
PVDL-IDV1257445620-1728361762-16381,8,IDV1257445620,2024,10,180224,260,126.880233,37.631865,-1,-1,-1,-1,-1,-1,-1,-1,-1,-1,-1,-1,-1,0,-1.0,-1,v2x,2024-10-08T09:02:24.000+00:00
PVDL-IDV1257445630-1728364767-13403,8,IDV1257445630,2024,10,180224,170,126.907514,37.616459,-1,-1,-1,-1,-1,-1,-1,-1,-1,-1,-1,-1,-1,1,22.0,-1,v2x,2024-10-08T09:02:24.000+00:00
PVDL-IDV1257445850-1728365940-12194,8,IDV1257445850,2024,10,180224,082,126.9453162,37.5878426,-1,-1,-1,-1,-1,-1,-1,-1,-1,-1,-1,-1,-1,1,-25.0,21,v2x,2024-10-08T09:02:24.000+00:00
PVDL-IDV1257445880-1728366478-11655,8,IDV1257445880,2024,10,180224,122,126.960849,37.571752,-1,1,-1,-1,-1,-1,-1,-1,-1,-1,-1,-1,-1,1,0.0,-1,v2x,2024-10-08T09:02:24.000+00:00
PVDL-IDV1257445950-1728376117-2032,8,IDV1257445950,2024,10,180224,424,126.946216,37.565683,-1,-1,-1,-1,-1,-1,-1,-1,-1,-1,-1,-1,-1,1,0.0,-1,v2x,2024-10-08T09:02:24.000+00:00
PVDL-IDV1257446050-1728369895-8244,8,IDV1257446050,2024,10,180224,359,126.796658,37.577726,-1,-1,-1,-1,-1,-1,-1,-1,-1,-1,-1,-1,-1,0,-1.0,-1,v2x,2024-10-08T09:02:24.000+00:00
PVDL-IDV1257446920-1728372121-6013,8,IDV1257446920,2024,10,180224,026,127.047135,37.493093,-1,-1,-1,-1,-1,-1,-1,-1,-1,-1,-1,-1,-1,0,-1.0,-1,v2x,2024-10-08T09:02:24.000+00:00
PVDL-IDV1257447090-1728357794-20340,8,IDV1257447090,2024,10,180224,285,127.051075,37.617951,2,-1,-1,-1,-1,-1,-1,-1,-1,-1,-1,-1,-1,0,-1.0,-1,v2x,2024-10-08T09:02:24.000+00:00
PVDL-IDV1257447120-1728360985-17148,8,IDV1257447120,2024,10,180224,082,126.9735307,37.5580045,-1,-1,-1,3,-1,-1,-1,-1,-1,-1,-1,-1,-1,0,-1.0,25,v2x,2024-10-08T09:02:24.000+00:00
PVDL-IDV1257447170-1728329184-48950,8,IDV1257447170,2024,10,180224,064,126.98152,37.56218,-1,-1,-1,-1,-1,-1,-1,-1,-1,-1,-1,-1,-1,1,5.0,-1,v2x,2024-10-08T09:02:24.000+00:00
PVDL-IDV1257447200-1728329102-49032,8,IDV1257447200,2024,10,180224,027,126.9905808,37.5703147,-1,-1,-1,-1,-1,-1,-1,-1,-1,-1,-1,-1,-1,1,5.0,21,v2x,2024-10-08T09:02:24.000+00:00
PVDL-IDV1257447270-1728334256-43878,8,IDV1257447270,2024,10,180224,114,127.051591,37.625519,-1,-1,-1,-1,-1,-1,-1,-1,-1,-1,-1,-1,-1,1,0.0,-1,v2x,2024-10-08T09:02:24.000+00:00
PVDL-IDV1257447600-1728328194-49940,8,IDV1257447600,2024,10,180224,292,127.063752,37.659258,-1,-1,-1,-1,-1,-1,-1,-1,-1,-1,-1,-1,-1,0,-1.0,-1,v2x,2024-10-08T09:02:24.000+00:00
PVDL-IDV1257447630-1728353897-24237,8,IDV1257447630,2024,10,180224,079,126.937149,37.553704,-1,-1,-1,-1,-1,-1,-1,-1,-1,-1,-1,-1,-1,2,0.0,-1,v2x,2024-10-08T09:02:24.000+00:00
PVDL-IDV1257447690-1728340702-37431,8,IDV1257447690,2024,10,180224,299,126.96954,37.559572,-1,-1,-1,-1,-1,-1,-1,-1,-1,-1,-1,-1,-1,1,0.0,-1,v2x,2024-10-08T09:02:24.000+00:00
PVDL-IDV1257447780-1728372146-5988,8,IDV1257447780,2024,10,180224,064,126.998477,37.562443,-1,-1,-1,-1,-1,-1,-1,-1,-1,-1,-1,-1,-1,0,-1.0,-1,v2x,2024-10-08T09:02:24.000+00:00
PVDL-IDV1257447790-1728371301-6832,8,IDV1257447790,2024,10,180224,081,126.978543,37.558808,-1,-1,-1,-1,-1,-1,-1,-1,-1,-1,-1,-1,-1,1,30.0,-1,v2x,2024-10-08T09:02:24.000+00:00
PVDL-IDV1257448000-1728372482-5652,8,IDV1257448000,2024,10,180224,268,126.981797,37.559779,-1,-1,-1,-1,-1,-1,-1,-1,-1,-1,-1,-1,-1,1,0.0,-1,v2x,2024-10-08T09:02:24.000+00:00
PVDL-IDV1257448070-1728375302-2831,8,IDV1257448070,2024,10,180224,069,126.913243,37.549155,-1,-1,-1,-1,-1,-1,-1,-1,-1,-1,-1,-1,-1,1,0.0,-1,v2x,2024-10-08T09:02:24.000+00:00
PVDL-IDV1257448090-1728365321-12812,8,IDV1257448090,2024,10,180224,114,126.843078,37.509048,-1,-1,-1,-1,-1,-1,-1,-1,-1,-1,-1,-1,-1,0,-1.0,-1,v2x,2024-10-08T09:02:24.000+00:00
PVDL-IDV1257448130-1728358367-19767,8,IDV1257448130,2024,10,180224,280,126.960457,37.549742,-1,-1,-1,-1,-1,-1,-1,-1,-1,-1,-1,-1,-1,1,-30.0,-1,v2x,2024-10-08T09:02:24.000+00:00
PVDL-IDV1257449130-1728377661-479,8,IDV1257449130,2024,10,180224,324,126.974635,37.556875,-1,-1,-1,-1,-1,-1,-1,-1,-1,-1,-1,-1,-1,0,-1.0,-1,v2x,2024-10-08T09:02:24.000+00:00
PVDL-IDV1257449170-1728333932-44203,8,IDV1257449170,2024,10,180224,106,126.9945067,37.5613979,-1,-1,-1,-1,-1,-1,-1,-1,-1,-1,-1,-1,-1,1,0.0,22,v2x,2024-10-08T09:02:24.000+00:00
PVDL-IDV1257449250-1728330229-47911,8,IDV1257449250,2024,10,180224,156,127.063917,37.659576,-1,-1,-1,-1,-1,-1,-1,-1,-1,-1,-1,-1,-1,1,-19.0,-1,v2x,2024-10-08T09:02:24.000+00:00
PVDL-IDV1257449270-1728349829-28311,8,IDV1257449270,2024,10,180224,076,127.008274,37.571928,-1,-1,-1,-1,-1,-1,-1,-1,-1,-1,-1,-1,-1,0,-1.0,-1,v2x,2024-10-08T09:02:24.000+00:00
PVDL-IDV1257449310-1728362949-15185,8,IDV1257449310,2024,10,180224,009,126.905306,37.516023,-1,-1,-1,-1,-1,-1,-1,-1,-1,-1,-1,-1,-1,1,0.0,-1,v2x,2024-10-08T09:02:24.000+00:00
PVDL-IDV1257449370-1728335111-43023,8,IDV1257449370,2024,10,180224,107,127.028216,37.621085,-1,-1,-1,-1,-1,-1,-1,-1,-1,-1,-1,-1,-1,1,38.0,-1,v2x,2024-10-08T09:02:24.000+00:00
PVDL-IDV1257449390-1728328489-49651,8,IDV1257449390,2024,10,180224,066,127.0021087,37.5867476,-1,-1,-1,-1,-1,-1,-1,-1,-1,-1,-1,-1,-1,1,-100.0,23,v2x,2024-10-08T09:02:24.000+00:00
PVDL-IDV1257449400-1728375330-2804,8,IDV1257449400,2024,10,180224,044,127.0455858,37.5804131,-1,-1,-1,-1,-1,-1,-1,-1,-1,-1,-1,-1,-1,1,77.0,11,v2x,2024-10-08T09:02:24.000+00:00
PVDL-IDV1257449420-1728378013-156,8,IDV1257449420,2024,10,180224,052,127.11331,37.61396,-1,-1,-1,-1,-1,-1,-1,-1,-1,-1,-1,-1,-1,1,5.0,-1,v2x,2024-10-08T09:02:24.000+00:00
PVDL-IDV1257449850-1728372475-5659,8,IDV1257449850,2024,10,180224,399,127.134014,37.441551,-1,-1,-1,-1,-1,-1,-1,-1,-1,-1,-1,-1,-1,1,0.0,-1,v2x,2024-10-08T09:02:24.000+00:00
PVDL-IDV1257450020-1728374462-3672,8,IDV1257450020,2024,10,180224,164,127.043417,37.668622,-1,-1,-1,-1,-1,-1,-1,-1,-1,-1,-1,-1,-1,0,-1.0,-1,v2x,2024-10-08T09:02:24.000+00:00
PVDL-IDV1257450120-1728359925-18208,8,IDV1257450120,2024,10,180224,349,127.171026,37.559804,-1,-1,-1,-1,-1,-1,-1,-1,-1,-1,-1,-1,-1,0,-1.0,-1,v2x,2024-10-08T09:02:24.000+00:00
PVDL-IDV1257450160-1728335673-42466,8,IDV1257450160,2024,10,180224,050,127.02371,37.632671,-1,-1,-1,-1,-1,-1,-1,-1,-1,-1,-1,-1,-1,0,-1.0,-1,v2x,2024-10-08T09:02:24.000+00:00
PVDL-IDV1257450270-1728357524-20611,8,IDV1257450270,2024,10,180224,029,127.094514,37.512346,-1,-1,-1,-1,-1,-1,-1,-1,-1,-1,-1,-1,-1,0,-1.0,-1,v2x,2024-10-08T09:02:24.000+00:00
PVDL-IDV1257450830-1728365848-12286,8,IDV1257450830,2024,10,180224,299,126.973495,37.483531,-1,-1,-1,-1,-1,-1,-1,-1,-1,-1,-1,-1,-1,1,-41.0,-1,v2x,2024-10-08T09:02:24.000+00:00
PVDL-IDV1257450860-1728377527-606,8,IDV1257450860,2024,10,180224,484,127.14414,37.587198,-1,-1,-1,-1,-1,-1,-1,-1,-1,-1,-1,-1,-1,0,-1.0,-1,v2x,2024-10-08T09:02:24.000+00:00
PVDL-IDV1257450920-1728327836-50298,8,IDV1257450920,2024,10,180224,285,127.097659,37.749262,-1,-1,-1,-1,-1,-1,-1,-1,-1,-1,-1,-1,-1,0,-1.0,-1,v2x,2024-10-08T09:02:24.000+00:00
PVDL-IDV1257452600-1728334810-43325,8,IDV1257452600,2024,10,180224,190,126.873263,37.547022,-1,-1,-1,-1,-1,-1,-1,-1,-1,-1,-1,-1,-1,0,-1.0,-1,v2x,2024-10-08T09:02:24.000+00:00
PVDL-IDV1257453010-1728369895-8244,8,IDV1257453010,2024,10,180224,052,126.981591,37.562308,-1,-1,-1,-1,-1,-1,-1,-1,-1,-1,-1,-1,-1,1,0.0,-1,v2x,2024-10-08T09:02:24.000+00:00
PVDL-IDV1257453080-1728375360-2774,8,IDV1257453080,2024,10,180224,378,126.941033,37.592665,-1,-1,-1,-1,-1,-1,-1,-1,-1,-1,-1,-1,-1,0,-1.0,-1,v2x,2024-10-08T09:02:24.000+00:00
PVDL-IDV1257453170-1728328292-49842,8,IDV1257453170,2024,10,180224,091,126.9865411,37.5701555,-1,-1,-1,-1,-1,-1,-1,-1,-1,-1,-1,-1,-1,1,-41.0,11,v2x,2024-10-08T09:02:24.000+00:00
PVDL-IDV1257453230-1728337010-41127,8,IDV1257453230,2024,10,180224,354,126.988388,37.5703,-1,-1,-1,-1,-1,-1,-1,-1,-1,-1,-1,-1,-1,1,0.0,-1,v2x,2024-10-08T09:02:24.000+00:00
PVDL-IDV1257453260-1728370284-7849,8,IDV1257453260,2024,10,180224,360,127.043106,37.579273,-1,-1,-1,-1,-1,-1,-1,-1,-1,-1,-1,-1,-1,1,8.0,-1,v2x,2024-10-08T09:02:24.000+00:00
PVDL-IDV1257453290-1728365656-12478,8,IDV1257453290,2024,10,180224,371,126.96964,37.568696,-1,-1,-1,-1,-1,-1,-1,-1,-1,-1,-1,-1,-1,1,0.0,-1,v2x,2024-10-08T09:02:24.000+00:00
PVDL-IDV1257453300-1728331906-46226,8,IDV1257453300,2024,10,180224,058,127.047697,37.582033,-1,-1,-1,-1,-1,-1,-1,-1,-1,-1,-1,-1,-1,0,-1.0,-1,v2x,2024-10-08T09:02:24.000+00:00
PVDL-IDV1257453330-1728335433-42706,8,IDV1257453330,2024,10,180224,297,126.931892,37.633631,-1,-1,-1,-1,-1,-1,-1,-1,-1,-1,-1,-1,-1,1,0.0,-1,v2x,2024-10-08T09:02:24.000+00:00
PVDL-IDV1257453350-1728377883-287,8,IDV1257453350,2024,10,180224,208,126.9557403,37.5765148,-1,-1,-1,-1,-1,-1,-1,-1,-1,-1,-1,-1,-1,0,-1.0,21,v2x,2024-10-08T09:02:24.000+00:00
PVDL-IDV1257453360-1728328624-49509,8,IDV1257453360,2024,10,180224,256,127.055623,37.580597,-1,-1,-1,-1,-1,-1,-1,-1,-1,-1,-1,-1,-1,1,63.0,-1,v2x,2024-10-08T09:02:24.000+00:00
PVDL-IDV1257453380-1728341998-36172,8,IDV1257453380,2024,10,180224,356,126.919804,37.627419,-1,-1,-1,-1,-1,-1,-1,-1,-1,-1,-1,-1,-1,0,-1.0,-1,v2x,2024-10-08T09:02:24.000+00:00
PVDL-IDV1257453390-1728330768-47366,8,IDV1257453390,2024,10,180224,017,126.921725,37.619018,-1,-1,-1,-1,-1,-1,-1,-1,-1,-1,-1,-1,-1,1,-25.0,-1,v2x,2024-10-08T09:02:24.000+00:00
PVDL-IDV1257453410-1728349500-28633,8,IDV1257453410,2024,10,180224,078,126.96719,37.565399,-1,-1,-1,-1,-1,-1,-1,-1,-1,-1,-1,-1,-1,1,0.0,-1,v2x,2024-10-08T09:02:24.000+00:00
PVDL-IDV1257453450-1728370110-8023,8,IDV1257453450,2024,10,180224,275,127.08934,37.463102,-1,-1,-1,-1,-1,-1,-1,-1,-1,-1,-1,-1,-1,1,0.0,-1,v2x,2024-10-08T09:02:24.000+00:00
PVDL-IDV1257453510-1728367617-10517,8,IDV1257453510,2024,10,180224,351,126.90893,37.646608,-1,-1,-1,-1,-1,-1,-1,-1,-1,-1,-1,-1,-1,0,-1.0,-1,v2x,2024-10-08T09:02:24.000+00:00
PVDL-IDV1257453600-1728352199-25971,8,IDV1257453600,2024,10,180224,066,127.038829,37.578276,-1,-1,-1,-1,-1,-1,-1,-1,-1,-1,-1,-1,-1,0,-1.0,-1,v2x,2024-10-08T09:02:24.000+00:00
PVDL-IDV1257453620-1728336806-41327,8,IDV1257453620,2024,10,180224,134,126.929182,37.611399,-1,-1,-1,-1,-1,-1,-1,-1,-1,-1,-1,-1,-1,1,-22.0,-1,v2x,2024-10-08T09:02:24.000+00:00
PVDL-IDV1257453680-1728328007-50126,8,IDV1257453680,2024,10,180224,289,126.908834,37.646675,-1,-1,-1,-1,-1,-1,-1,-1,-1,-1,-1,-1,-1,0,-1.0,-1,v2x,2024-10-08T09:02:24.000+00:00
PVDL-IDV1257453760-1728375806-2344,8,IDV1257453760,2024,10,180224,035,126.97293,37.555528,-1,-1,-1,-1,-1,-1,-1,-1,-1,-1,-1,-1,-1,1,100.0,-1,v2x,2024-10-08T09:02:24.000+00:00
PVDL-IDV1257453820-1728347066-31074,8,IDV1257453820,2024,10,180224,147,126.941582,37.591332,-1,-1,-1,-1,-1,-1,-1,-1,-1,-1,-1,-1,-1,1,0.0,-1,v2x,2024-10-08T09:02:24.000+00:00
PVDL-IDV1257453830-1728373864-4270,8,IDV1257453830,2024,10,180224,097,127.018034,37.520654,-1,-1,-1,-1,-1,-1,-1,-1,-1,-1,-1,-1,-1,1,-19.0,-1,v2x,2024-10-08T09:02:24.000+00:00
PVDL-IDV1257453860-1728363378-14755,8,IDV1257453860,2024,10,180224,260,126.908308,37.646707,-1,-1,-1,-1,-1,-1,-1,-1,-1,-1,-1,-1,-1,0,-1.0,-1,v2x,2024-10-08T09:02:24.000+00:00
PVDL-IDV1257453870-1728365556-12578,8,IDV1257453870,2024,10,180224,059,126.9876856,37.5678188,-1,-1,-1,-1,-1,-1,-1,-1,-1,-1,-1,-1,-1,1,-47.0,22,v2x,2024-10-08T09:02:24.000+00:00
PVDL-IDV1257453980-1728377744-402,8,IDV1257453980,2024,10,180224,358,126.927159,37.645643,-1,-1,-1,-1,-1,-1,-1,-1,-1,-1,-1,-1,-1,0,-1.0,-1,v2x,2024-10-08T09:02:24.000+00:00
PVDL-IDV1257454280-1728370464-7670,8,IDV1257454280,2024,10,180224,290,127.035603,37.482914,-1,-1,-1,-1,-1,-1,-1,-1,-1,-1,-1,-1,-1,1,0.0,-1,v2x,2024-10-08T09:02:24.000+00:00
PVDL-IDV1257454440-1728373140-4994,8,IDV1257454440,2024,10,180224,261,127.007609,37.53337,-1,-1,-1,-1,-1,-1,-1,-1,-1,-1,-1,-1,-1,1,0.0,-1,v2x,2024-10-08T09:02:24.000+00:00
PVDL-IDV1257454580-1728374592-3542,8,IDV1257454580,2024,10,180224,104,126.996552,37.576052,-1,-1,-1,-1,-1,-1,-1,-1,-1,-1,-1,-1,-1,1,0.0,-1,v2x,2024-10-08T09:02:24.000+00:00
PVDL-IDV1257454590-1728375059-3108,8,IDV1257454590,2024,10,180224,066,126.964975,37.567802,-1,-1,-1,-1,-1,-1,-1,-1,-1,-1,-1,-1,-1,1,-30.0,-1,v2x,2024-10-08T09:02:24.000+00:00
PVDL-IDV1257455740-1728369943-8190,8,IDV1257455740,2024,10,180224,057,127.032635,37.57814,-1,-1,-1,-1,-1,-1,-1,-1,-1,-1,-1,-1,-1,1,-50.0,-1,v2x,2024-10-08T09:02:24.000+00:00
PVDL-IDV1257455850-1728336079-42055,8,IDV1257455850,2024,10,180224,041,127.033919,37.484861,-1,-1,-1,-1,-1,-1,-1,-1,-1,-1,-1,-1,-1,1,0.0,-1,v2x,2024-10-08T09:02:24.000+00:00
PVDL-IDV1257456520-1728377606-527,8,IDV1257456520,2024,10,180224,080,126.884283,37.592043,-1,-1,-1,-1,-1,-1,-1,-1,-1,-1,-1,-1,-1,1,0.0,-1,v2x,2024-10-08T09:02:24.000+00:00
PVDL-IDV1257456520-1728377606-528,8,IDV1257456520,2024,10,180224,447,126.884283,37.592043,-1,-1,-1,-1,-1,-1,-1,-1,-1,-1,-1,-1,-1,1,0.0,-1,v2x,2024-10-08T09:02:24.000+00:00
PVDL-IDV1257456530-1728377099-1047,8,IDV1257456530,2024,10,180224,267,127.001155,37.607633,-1,-1,-1,-1,-1,-1,-1,-1,-1,-1,-1,-1,-1,0,-1.0,-1,v2x,2024-10-08T09:02:24.000+00:00
PVDL-IDV1257456540-1728375057-3089,8,IDV1257456540,2024,10,180224,099,126.8823624,37.5831463,-1,-1,-1,-1,-1,-1,-1,-1,-1,-1,-1,-1,-1,1,0.0,23,v2x,2024-10-08T09:02:24.000+00:00
PVDL-IDV1257456610-1728378131-3,8,IDV1257456610,2024,10,180224,276,126.759754,37.686784,-1,-1,-1,-1,-1,-1,-1,-1,-1,-1,-1,-1,-1,0,-1.0,-1,v2x,2024-10-08T09:02:24.000+00:00
PVDL-IDV1257456900-1728377573-573,8,IDV1257456900,2024,10,180224,330,126.885784,37.592181,-1,-1,-1,-1,-1,-1,-1,-1,-1,-1,-1,-1,-1,1,13.0,-1,v2x,2024-10-08T09:02:24.000+00:00
PVDL-IDV1257456960-1728369307-8826,8,IDV1257456960,2024,10,180224,280,127.016597,37.545269,-1,-1,-1,-1,-1,-1,-1,-1,-1,-1,-1,-1,-1,1,-25.0,-1,v2x,2024-10-08T09:02:24.000+00:00
PVDL-IDV1257457040-1728377102-1032,8,IDV1257457040,2024,10,180224,339,127.134568,37.465938,-1,-1,-1,-1,-1,-1,-1,-1,-1,-1,-1,-1,-1,0,-1.0,-1,v2x,2024-10-08T09:02:24.000+00:00
PVDL-IDV1257457170-1728366953-11181,8,IDV1257457170,2024,10,180224,184,126.967152,37.56553,-1,-1,-1,-1,-1,-1,-1,-1,-1,-1,-1,-1,-1,1,0.0,-1,v2x,2024-10-08T09:02:24.000+00:00
PVDL-IDV1257457280-1728369831-8303,8,IDV1257457280,2024,10,180224,288,126.98217,37.501539,-1,-1,-1,-1,-1,-1,-1,-1,-1,-1,-1,-1,-1,1,-38.0,-1,v2x,2024-10-08T09:02:24.000+00:00
PVDL-IDV1257457440-1728344970-33200,8,IDV1257457440,2024,10,180224,268,126.899327,37.573758,-1,-1,-1,-1,-1,-1,-1,-1,-1,-1,-1,-1,-1,1,50.0,-1,v2x,2024-10-08T09:02:24.000+00:00
PVDL-IDV1257457450-1728369361-8772,8,IDV1257457450,2024,10,180224,117,126.990498,37.577535,-1,-1,-1,-1,-1,-1,-1,-1,-1,-1,-1,-1,-1,1,-41.0,-1,v2x,2024-10-08T09:02:24.000+00:00
PVDL-IDV1257457470-1728368915-9219,8,IDV1257457470,2024,10,180224,261,127.012861,37.54932,-1,-1,-1,-1,-1,-1,-1,-1,-1,-1,-1,-1,-1,1,0.0,-1,v2x,2024-10-08T09:02:24.000+00:00
PVDL-IDV1257457500-1728363434-14699,8,IDV1257457500,2024,10,180224,061,127.038499,37.4754149,-1,-1,-1,-1,-1,-1,-1,-1,-1,-1,-1,-1,-1,1,0.0,12,v2x,2024-10-08T09:02:24.000+00:00
PVDL-IDV1257458050-1728373399-4734,8,IDV1257458050,2024,10,180224,121,126.857847,37.565193,-1,-1,-1,-1,-1,-1,-1,-1,-1,-1,-1,-1,-1,1,0.0,-1,v2x,2024-10-08T09:02:24.000+00:00
PVDL-IDV1257458060-1728356157-21976,8,IDV1257458060,2024,10,180224,265,127.055136,37.506468,-1,-1,-1,-1,-1,-1,-1,-1,-1,-1,-1,-1,-1,0,-1.0,-1,v2x,2024-10-08T09:02:24.000+00:00
PVDL-IDV1257458090-1728376721-1425,8,IDV1257458090,2024,10,180224,289,126.771952,37.670811,-1,-1,-1,-1,-1,-1,-1,-1,-1,-1,-1,-1,-1,0,-1.0,-1,v2x,2024-10-08T09:02:24.000+00:00
PVDL-IDV1257458150-1728329622-48512,8,IDV1257458150,2024,10,180224,273,126.875211,37.580446,-1,-1,-1,-1,-1,-1,-1,-1,-1,-1,-1,-1,-1,0,-1.0,-1,v2x,2024-10-08T09:02:24.000+00:00
PVDL-IDV1257458160-1728330776-47358,8,IDV1257458160,2024,10,180224,360,126.837526,37.62226,-1,-1,-1,-1,-1,-1,-1,-1,-1,-1,-1,-1,-1,0,-1.0,-1,v2x,2024-10-08T09:02:24.000+00:00
PVDL-IDV1257458170-1728369895-8244,8,IDV1257458170,2024,10,180224,332,127.001805,37.504045,-1,-1,-1,-1,-1,-1,-1,-1,-1,-1,-1,-1,-1,1,30.0,-1,v2x,2024-10-08T09:02:24.000+00:00
PVDL-IDV1257458240-1728344457-33713,8,IDV1257458240,2024,10,180224,149,126.9244902,37.5663561,-1,-1,-1,-1,-1,-1,-1,-1,-1,-1,-1,-1,-1,1,-27.0,21,v2x,2024-10-08T09:02:24.000+00:00
PVDL-IDV1257458280-1728363684-14486,8,IDV1257458280,2024,10,180224,074,126.92774,37.562705,-1,-1,-1,-1,-1,-1,-1,-1,-1,-1,-1,-1,-1,1,-22.0,-1,v2x,2024-10-08T09:02:24.000+00:00
PVDL-IDV1257458310-1728365485-12648,8,IDV1257458310,2024,10,180224,113,126.993703,37.521767,-1,-1,-1,-1,-1,-1,-1,-1,-1,-1,-1,-1,-1,1,27.0,-1,v2x,2024-10-08T09:02:24.000+00:00
PVDL-IDV1257458330-1728372970-5200,8,IDV1257458330,2024,10,180224,268,126.87479,37.58055,-1,-1,-1,-1,-1,-1,-1,-1,-1,-1,-1,-1,-1,1,0.0,-1,v2x,2024-10-08T09:02:24.000+00:00
PVDL-IDV1257458360-1728362703-15431,8,IDV1257458360,2024,10,180224,144,126.971861,37.548461,-1,-1,-1,-1,-1,-1,-1,-1,-1,-1,-1,-1,-1,1,111.0,-1,v2x,2024-10-08T09:02:24.000+00:00
PVDL-IDV1257458390-1728369197-8942,8,IDV1257458390,2024,10,180224,272,126.960924,37.539434,-1,-1,-1,-1,-1,-1,-1,-1,-1,-1,-1,-1,-1,1,0.0,-1,v2x,2024-10-08T09:02:24.000+00:00
PVDL-IDV1257458470-1728366381-11753,8,IDV1257458470,2024,10,180224,268,126.875244,37.580494,-1,-1,-1,-1,-1,-1,-1,-1,-1,-1,-1,-1,-1,0,-1.0,-1,v2x,2024-10-08T09:02:24.000+00:00
PVDL-IDV1257458500-1728328476-49663,8,IDV1257458500,2024,10,180224,208,126.973741,37.535853,-1,-1,-1,-1,-1,-1,-1,-1,-1,-1,-1,-1,-1,0,-1.0,-1,v2x,2024-10-08T09:02:24.000+00:00
PVDL-IDV1257458510-1728361946-16188,8,IDV1257458510,2024,10,180224,105,126.959622,37.519011,-1,-1,-1,-1,-1,-1,-1,-1,-1,-1,-1,-1,-1,1,-13.0,-1,v2x,2024-10-08T09:02:24.000+00:00
PVDL-IDV1257458530-1728377868-266,8,IDV1257458530,2024,10,180224,267,126.874806,37.580969,-1,-1,-1,-1,-1,-1,-1,-1,-1,-1,-1,-1,-1,1,80.0,-1,v2x,2024-10-08T09:02:24.000+00:00
PVDL-IDV1257458540-1728358837-19297,8,IDV1257458540,2024,10,180224,348,126.875161,37.5803,-1,-1,-1,-1,-1,-1,-1,-1,-1,-1,-1,-1,-1,1,-8.0,-1,v2x,2024-10-08T09:02:24.000+00:00
PVDL-IDV1257458590-1728375294-2840,8,IDV1257458590,2024,10,180224,112,126.9724977,37.5559021,-1,-1,-1,-1,-1,-1,-1,-1,-1,-1,-1,-1,-1,1,-25.0,-1,v2x,2024-10-08T09:02:24.000+00:00
PVDL-IDV1257458630-1728369895-8244,8,IDV1257458630,2024,10,180224,198,126.975111,37.53492,-1,-1,-1,-1,-1,-1,-1,-1,-1,-1,-1,-1,-1,1,-22.0,-1,v2x,2024-10-08T09:02:24.000+00:00
PVDL-IDV1257458650-1728366397-11737,8,IDV1257458650,2024,10,180224,414,126.874731,37.580438,-1,-1,-1,-1,-1,-1,-1,-1,-1,-1,-1,-1,-1,0,-1.0,-1,v2x,2024-10-08T09:02:24.000+00:00
PVDL-IDV1257458680-1728369895-8244,8,IDV1257458680,2024,10,180224,423,126.880585,37.584109,-1,-1,-1,-1,-1,-1,-1,-1,-1,-1,-1,-1,-1,1,80.0,-1,v2x,2024-10-08T09:02:24.000+00:00
PVDL-IDV1257458720-1728351048-27085,8,IDV1257458720,2024,10,180224,082,126.9267745,37.5606966,-1,-1,-1,-1,-1,-1,-1,-1,-1,-1,-1,-1,-1,1,138.0,22,v2x,2024-10-08T09:02:24.000+00:00
PVDL-IDV1257458750-1728377581-562,8,IDV1257458750,2024,10,180224,384,127.017602,37.49483,-1,-1,-1,-1,-1,-1,-1,-1,-1,-1,-1,-1,-1,1,0.0,-1,v2x,2024-10-08T09:02:24.000+00:00
PVDL-IDV1257458790-1728360167-17967,8,IDV1257458790,2024,10,180224,356,126.941029,37.548262,-1,-1,-1,-1,-1,-1,-1,-1,-1,-1,-1,-1,-1,1,50.0,-1,v2x,2024-10-08T09:02:24.000+00:00
PVDL-IDV1257460710-1728374703-3431,8,IDV1257460710,2024,10,180224,177,126.940584,37.548434,-1,-1,-1,-1,-1,-1,-1,-1,-1,-1,-1,-1,-1,1,52.0,-1,v2x,2024-10-08T09:02:24.000+00:00
PVDL-IDV1257461020-1728372104-6029,8,IDV1257461020,2024,10,180224,295,126.920037,37.571083,-1,-1,-1,-1,-1,-1,-1,-1,-1,-1,-1,-1,-1,0,-1.0,-1,v2x,2024-10-08T09:02:24.000+00:00
PVDL-IDV1257461210-1728373108-5025,8,IDV1257461210,2024,10,180224,634,126.973885,37.575919,-1,-1,-1,-1,-1,-1,-1,-1,-1,-1,-1,-1,-1,1,61.0,-1,v2x,2024-10-08T09:02:24.000+00:00
PVDL-IDV1257461230-1728376019-2120,8,IDV1257461230,2024,10,180224,342,127.017527,37.588331,-1,-1,-1,-1,-1,-1,-1,-1,-1,-1,-1,-1,-1,1,-105.0,-1,v2x,2024-10-08T09:02:24.000+00:00
PVDL-IDV1257461240-1728375791-2342,8,IDV1257461240,2024,10,180224,031,127.045093,37.579991,-1,-1,-1,-1,-1,-1,-1,-1,-1,-1,-1,-1,-1,1,61.0,-1,v2x,2024-10-08T09:02:24.000+00:00
PVDL-IDV1257461360-1728372021-6113,8,IDV1257461360,2024,10,180224,262,126.921744,37.575044,-1,-1,-1,-1,-1,-1,-1,-1,-1,-1,-1,-1,-1,1,0.0,-1,v2x,2024-10-08T09:02:24.000+00:00
PVDL-IDV1257461460-1728373981-4152,8,IDV1257461460,2024,10,180224,079,126.989128,37.577465,-1,-1,-1,-1,-1,-1,-1,-1,-1,-1,-1,-1,-1,1,2.0,-1,v2x,2024-10-08T09:02:24.000+00:00
PVDL-IDV1257461520-1728348814-29356,8,IDV1257461520,2024,10,180224,360,126.925246,37.575279,-1,-1,-1,-1,-1,-1,-1,-1,-1,-1,-1,-1,-1,0,-1.0,-1,v2x,2024-10-08T09:02:24.000+00:00
PVDL-IDV1257461610-1728374371-3762,8,IDV1257461610,2024,10,180224,099,127.00168,37.586078,-1,-1,-1,-1,-1,-1,-1,-1,-1,-1,-1,-1,-1,1,0.0,-1,v2x,2024-10-08T09:02:24.000+00:00
PVDL-IDV1257461630-1728375527-2619,8,IDV1257461630,2024,10,180224,384,127.085904,37.594951,-1,-1,-1,-1,-1,-1,-1,-1,-1,-1,-1,-1,-1,1,0.0,-1,v2x,2024-10-08T09:02:24.000+00:00
PVDL-IDV1257461650-1728353749-24385,8,IDV1257461650,2024,10,180224,279,126.942302,37.537224,-1,-1,-1,-1,-1,-1,-1,-1,-1,-1,-1,-1,-1,0,-1.0,-1,v2x,2024-10-08T09:02:24.000+00:00
PVDL-IDV1257461700-1728328456-49684,8,IDV1257461700,2024,10,180224,022,126.960398,37.558094,-1,-1,-1,-1,-1,-1,-1,-1,-1,-1,-1,-1,-1,0,-1.0,-1,v2x,2024-10-08T09:02:24.000+00:00
PVDL-IDV1257462050-1728365855-12278,8,IDV1257462050,2024,10,180224,280,126.983458,37.570285,-1,-1,-1,-1,-1,-1,-1,-1,-1,-1,-1,-1,-1,1,0.0,-1,v2x,2024-10-08T09:02:24.000+00:00
PVDL-IDV1257462950-1728375570-2589,8,IDV1257462950,2024,10,180224,400,126.921479,37.566678,-1,-1,-1,-1,-1,-1,-1,-1,-1,-1,-1,-1,-1,1,0.0,-1,v2x,2024-10-08T09:02:24.000+00:00
PVDL-IDV1257463020-1728369291-8855,8,IDV1257463020,2024,10,180224,140,126.972706,37.555362,-1,-1,-1,-1,-1,-1,-1,-1,-1,-1,-1,-1,-1,1,0.0,-1,v2x,2024-10-08T09:02:24.000+00:00
PVDL-IDV1257463060-1728373734-4405,8,IDV1257463060,2024,10,180224,297,126.9811601,37.5661055,-1,-1,-1,-1,-1,-1,-1,-1,-1,-1,-1,-1,-1,1,0.0,22,v2x,2024-10-08T09:02:24.000+00:00
PVDL-IDV1257463380-1728361577-16556,8,IDV1257463380,2024,10,180224,105,127.068465,37.636243,-1,-1,-1,-1,-1,-1,-1,-1,-1,-1,-1,-1,-1,1,0.0,-1,v2x,2024-10-08T09:02:24.000+00:00
PVDL-IDV1257463480-1728374485-3685,8,IDV1257463480,2024,10,180224,140,127.052935,37.661583,-1,-1,-1,-1,-1,-1,-1,-1,-1,-1,-1,-1,-1,1,27.0,-1,v2x,2024-10-08T09:02:24.000+00:00
PVDL-IDV1257463540-1728377601-538,8,IDV1257463540,2024,10,180224,135,127.060494,37.631023,-1,-1,-1,-1,-1,-1,-1,-1,-1,-1,-1,-1,-1,1,0.0,-1,v2x,2024-10-08T09:02:24.000+00:00
PVDL-IDV1257463570-1728366532-11601,8,IDV1257463570,2024,10,180224,200,127.002245,37.566586,-1,-1,-1,-1,-1,-1,-1,-1,-1,-1,-1,-1,-1,1,0.0,-1,v2x,2024-10-08T09:02:24.000+00:00
PVDL-IDV1257463630-1728374786-3358,8,IDV1257463630,2024,10,180224,359,126.9977334,37.5707656,-1,-1,-1,-1,-1,-1,-1,-1,-1,-1,-1,-1,-1,1,-47.0,11,v2x,2024-10-08T09:02:24.000+00:00
PVDL-IDV1257463730-1728376185-1949,8,IDV1257463730,2024,10,180224,305,126.908301,37.645988,-1,-1,-1,-1,-1,-1,-1,-1,-1,-1,-1,-1,-1,0,-1.0,-1,v2x,2024-10-08T09:02:24.000+00:00
PVDL-IDV1257463760-1728377544-589,8,IDV1257463760,2024,10,180224,460,126.825443,37.572914,-1,-1,-1,-1,-1,-1,-1,-1,-1,-1,-1,-1,-1,0,-1.0,-1,v2x,2024-10-08T09:02:24.000+00:00
PVDL-IDV1257464540-1728329506-48628,8,IDV1257464540,2024,10,180224,105,127.0249636,37.6372668,-1,-1,-1,-1,-1,-1,-1,-1,-1,-1,-1,-1,-1,1,0.0,21,v2x,2024-10-08T09:02:24.000+00:00
PVDL-IDV1257464550-1728343333-34807,8,IDV1257464550,2024,10,180224,266,127.014536,37.590779,-1,-1,-1,-1,-1,-1,-1,-1,-1,-1,-1,-1,-1,1,55.0,-1,v2x,2024-10-08T09:02:24.000+00:00
PVDL-IDV1257464620-1728346029-32110,8,IDV1257464620,2024,10,180224,103,127.007523,37.533813,-1,-1,-1,-1,-1,-1,-1,-1,-1,-1,-1,-1,-1,1,-75.0,-1,v2x,2024-10-08T09:02:24.000+00:00
PVDL-IDV1257464750-1728347167-30967,8,IDV1257464750,2024,10,180224,107,127.015562,37.573085,-1,-1,-1,-1,-1,-1,-1,-1,-1,-1,-1,-1,-1,0,-1.0,-1,v2x,2024-10-08T09:02:24.000+00:00
PVDL-IDV1257465120-1728332860-45273,8,IDV1257465120,2024,10,180224,257,126.993031,37.488675,-1,-1,-1,-1,-1,-1,-1,-1,-1,-1,-1,-1,-1,1,0.0,-1,v2x,2024-10-08T09:02:24.000+00:00
PVDL-IDV1257465180-1728368155-9985,8,IDV1257465180,2024,10,180224,289,126.991639,37.490646,-1,-1,-1,-1,-1,-1,-1,-1,-1,-1,-1,-1,-1,0,-1.0,-1,v2x,2024-10-08T09:02:24.000+00:00
PVDL-IDV1257465200-1728343333-34807,8,IDV1257465200,2024,10,180224,535,127.019745,37.515058,-1,-1,-1,-1,-1,-1,-1,-1,-1,-1,-1,-1,-1,0,-1.0,-1,v2x,2024-10-08T09:02:24.000+00:00
PVDL-IDV1257465220-1728343653-34487,8,IDV1257465220,2024,10,180224,267,127.015727,37.572328,-1,-1,-1,-1,-1,-1,-1,-1,-1,-1,-1,-1,-1,0,-1.0,-1,v2x,2024-10-08T09:02:24.000+00:00
PVDL-IDV1257465280-1728359549-18617,8,IDV1257465280,2024,10,180224,282,127.029985,37.608803,-1,-1,-1,-1,-1,-1,-1,-1,-1,-1,-1,-1,-1,0,-1.0,-1,v2x,2024-10-08T09:02:24.000+00:00
PVDL-IDV1257465300-1728377560-581,8,IDV1257465300,2024,10,180224,132,127.007259,37.533497,-1,-1,-1,-1,-1,-1,-1,-1,-1,-1,-1,-1,-1,2,0.0,-1,v2x,2024-10-08T09:02:24.000+00:00
PVDL-IDV1257465330-1728369882-8251,8,IDV1257465330,2024,10,180224,109,127.007077,37.534013,-1,-1,-1,-1,-1,-1,-1,-1,-1,-1,-1,-1,-1,0,-1.0,-1,v2x,2024-10-08T09:02:24.000+00:00
PVDL-IDV1257465350-1728369895-8244,8,IDV1257465350,2024,10,180224,264,127.002393,37.541786,-1,-1,-1,-1,-1,-1,-1,-1,-1,-1,-1,-1,-1,0,-1.0,-1,v2x,2024-10-08T09:02:24.000+00:00
PVDL-IDV1257465360-1728354212-23922,8,IDV1257465360,2024,10,180224,059,127.011285,37.555744,-1,-1,-1,-1,-1,-1,-1,-1,-1,-1,-1,-1,-1,0,-1.0,-1,v2x,2024-10-08T09:02:24.000+00:00
PVDL-IDV1257465370-1728372930-5203,8,IDV1257465370,2024,10,180224,109,127.013617,37.5922,-1,-1,-1,-1,-1,-1,-1,-1,-1,-1,-1,-1,-1,0,-1.0,-1,v2x,2024-10-08T09:02:24.000+00:00
PVDL-IDV1257465390-1728378063-107,8,IDV1257465390,2024,10,180224,161,127.027513,37.622555,-1,-1,-1,-1,-1,-1,-1,-1,-1,-1,-1,-1,-1,0,-1.0,-1,v2x,2024-10-08T09:02:24.000+00:00
PVDL-IDV1257465740-1728352219-25914,8,IDV1257465740,2024,10,180224,268,127.000832,37.607544,-1,-1,-1,-1,-1,-1,-1,-1,-1,-1,-1,-1,-1,0,-1.0,-1,v2x,2024-10-08T09:02:24.000+00:00
PVDL-IDV1257468570-1728368699-9433,8,IDV1257468570,2024,10,180224,159,126.82141,37.546447,-1,-1,-1,-1,-1,-1,-1,-1,-1,-1,-1,-1,-1,1,111.0,-1,v2x,2024-10-08T09:02:24.000+00:00
PVDL-IDV1257468780-1728375859-2275,8,IDV1257468780,2024,10,180224,040,126.830547,37.514527,-1,-1,-1,-1,-1,-1,-1,-1,-1,-1,-1,-1,-1,0,-1.0,-1,v2x,2024-10-08T09:02:24.000+00:00
PVDL-IDV1257468800-1728373151-5019,8,IDV1257468800,2024,10,180224,281,126.904612,37.519947,-1,-1,-1,-1,-1,-1,-1,-1,-1,-1,-1,-1,-1,1,150.0,-1,v2x,2024-10-08T09:02:24.000+00:00
PVDL-IDV1257468880-1728337574-40560,8,IDV1257468880,2024,10,180224,370,127.100957,37.6081,-1,-1,-1,-1,-1,-1,-1,-1,-1,-1,-1,-1,-1,0,-1.0,-1,v2x,2024-10-08T09:02:24.000+00:00
PVDL-IDV1257468970-1728338987-39147,8,IDV1257468970,2024,10,180224,197,126.868079,37.499655,-1,-1,-1,-1,-1,-1,-1,-1,-1,-1,-1,-1,-1,1,88.0,-1,v2x,2024-10-08T09:02:24.000+00:00
PVDL-IDV1257470040-1728369895-8244,8,IDV1257470040,2024,10,180224,052,127.062928,37.647761,-1,-1,-1,-1,-1,-1,-1,-1,-1,-1,-1,-1,-1,1,66.0,-1,v2x,2024-10-08T09:02:24.000+00:00
PVDL-IDV1257470090-1728333199-44934,8,IDV1257470090,2024,10,180224,077,127.008141,37.589344,-1,-1,-1,-1,-1,-1,-1,-1,-1,-1,-1,-1,-1,1,0.0,-1,v2x,2024-10-08T09:02:24.000+00:00
PVDL-IDV1257470150-1728361904-16266,8,IDV1257470150,2024,10,180224,103,127.067819,37.635604,-1,-1,-1,-1,-1,-1,-1,-1,-1,-1,-1,-1,-1,1,0.0,-1,v2x,2024-10-08T09:02:24.000+00:00
PVDL-IDV1257470240-1728364296-13874,8,IDV1257470240,2024,10,180224,027,127.042266,37.579165,-1,-1,-1,-1,-1,-1,-1,-1,-1,-1,-1,-1,-1,1,44.0,-1,v2x,2024-10-08T09:02:24.000+00:00
PVDL-IDV1257470460-1728376371-1761,8,IDV1257470460,2024,10,180224,334,127.051872,37.61847,-1,-1,-1,-1,-1,-1,-1,-1,-1,-1,-1,-1,-1,1,-86.0,-1,v2x,2024-10-08T09:02:24.000+00:00
PVDL-IDV1257470480-1728361264-16906,8,IDV1257470480,2024,10,180224,062,126.933099,37.556586,-1,-1,-1,-1,-1,-1,-1,-1,-1,-1,-1,-1,-1,0,-1.0,-1,v2x,2024-10-08T09:02:24.000+00:00
PVDL-IDV1257470530-1728371887-6247,8,IDV1257470530,2024,10,180224,412,126.9537248,37.5476426,-1,-1,-1,-1,-1,-1,-1,-1,-1,-1,-1,-1,-1,1,22.0,11,v2x,2024-10-08T09:02:24.000+00:00
PVDL-IDV1257471030-1728349904-28229,8,IDV1257471030,2024,10,180224,226,126.882837,37.544106,-1,-1,-1,-1,-1,-1,-1,-1,-1,-1,-1,-1,-1,1,0.0,-1,v2x,2024-10-08T09:02:24.000+00:00
PVDL-IDV1257471150-1728377408-737,8,IDV1257471150,2024,10,180224,270,126.926357,37.581212,-1,-1,-1,-1,-1,-1,-1,-1,-1,-1,-1,-1,-1,1,61.0,-1,v2x,2024-10-08T09:02:24.000+00:00
PVDL-IDV1257471350-1728369934-8199,8,IDV1257471350,2024,10,180224,219,127.023136,37.517516,-1,-1,-1,-1,-1,-1,-1,-1,-1,-1,-1,-1,-1,1,0.0,-1,v2x,2024-10-08T09:02:24.000+00:00
PVDL-IDV1257471420-1728374667-3478,8,IDV1257471420,2024,10,180224,344,126.975706,37.560399,-1,-1,-1,-1,-1,-1,-1,-1,-1,-1,-1,-1,-1,1,0.0,-1,v2x,2024-10-08T09:02:24.000+00:00
PVDL-IDV1257471620-1728369157-8977,8,IDV1257471620,2024,10,180224,275,126.935415,37.58134,-1,-1,-1,-1,-1,-1,-1,-1,-1,-1,-1,-1,-1,1,116.0,-1,v2x,2024-10-08T09:02:24.000+00:00
PVDL-IDV1257471940-1728376391-1759,8,IDV1257471940,2024,10,180224,315,126.783594,37.665691,-1,-1,-1,-1,-1,-1,-1,-1,-1,-1,-1,-1,-1,1,0.0,-1,v2x,2024-10-08T09:02:24.000+00:00
PVDL-IDV1257472000-1728378077-57,8,IDV1257472000,2024,10,180224,437,126.796876,37.577556,-1,-1,-1,-1,-1,-1,-1,-1,-1,-1,-1,-1,-1,1,0.0,-1,v2x,2024-10-08T09:02:24.000+00:00
PVDL-IDV1257472040-1728372514-5648,8,IDV1257472040,2024,10,180224,214,126.978119,37.570227,-1,-1,-1,-1,-1,-1,-1,-1,-1,-1,-1,-1,-1,1,-66.0,-1,v2x,2024-10-08T09:02:24.000+00:00
PVDL-IDV1257472080-1728371387-6747,8,IDV1257472080,2024,10,180224,106,127.0340284,37.4846576,-1,-1,-1,-1,-1,-1,-1,-1,-1,-1,-1,-1,-1,1,0.0,-1,v2x,2024-10-08T09:02:24.000+00:00
PVDL-IDV1257472170-1728376768-1366,8,IDV1257472170,2024,10,180224,124,126.813727,37.561163,-1,-1,-1,-1,-1,-1,-1,-1,-1,-1,-1,-1,-1,0,-1.0,-1,v2x,2024-10-08T09:02:24.000+00:00
PVDL-IDV1257472190-1728375066-3074,8,IDV1257472190,2024,10,180224,060,127.050642,37.584507,-1,-1,-1,-1,-1,-1,-1,-1,-1,-1,-1,-1,-1,1,19.0,-1,v2x,2024-10-08T09:02:24.000+00:00
PVDL-IDV1257472340-1728370473-7661,8,IDV1257472340,2024,10,180224,181,126.961331,37.521527,-1,-1,-1,-1,-1,-1,-1,-1,-1,-1,-1,-1,-1,1,0.0,-1,v2x,2024-10-08T09:02:24.000+00:00
PVDL-IDV1257472520-1728333523-44617,8,IDV1257472520,2024,10,180224,262,126.946311,37.565785,-1,-1,-1,-1,-1,-1,-1,-1,-1,-1,-1,-1,-1,1,0.0,-1,v2x,2024-10-08T09:02:24.000+00:00
PVDL-IDV1257472550-1728369895-8244,8,IDV1257472550,2024,10,180224,132,126.947119,37.556884,-1,-1,-1,-1,-1,-1,-1,-1,-1,-1,-1,-1,-1,1,0.0,-1,v2x,2024-10-08T09:02:24.000+00:00
PVDL-IDV1257472590-1728376433-1712,8,IDV1257472590,2024,10,180224,063,126.926753,37.560803,-1,-1,-1,-1,-1,-1,-1,-1,-1,-1,-1,-1,-1,1,-19.0,-1,v2x,2024-10-08T09:02:24.000+00:00
PVDL-IDV1257472640-1728369098-9072,8,IDV1257472640,2024,10,180224,475,126.894799,37.621518,-1,-1,-1,-1,-1,-1,-1,-1,-1,-1,-1,-1,-1,1,-25.0,-1,v2x,2024-10-08T09:02:24.000+00:00
PVDL-IDV1257472780-1728377688-462,8,IDV1257472780,2024,10,180224,041,126.89381,37.567953,-1,-1,-1,-1,-1,-1,-1,-1,-1,-1,-1,-1,-1,0,-1.0,-1,v2x,2024-10-08T09:02:24.000+00:00
PVDL-IDV1257473810-1728375600-2534,8,IDV1257473810,2024,10,180224,265,127.141688,37.478792,-1,-1,-1,-1,-1,-1,-1,-1,-1,-1,-1,-1,-1,0,-1.0,-1,v2x,2024-10-08T09:02:24.000+00:00
PVDL-IDV1257473880-1728377511-629,8,IDV1257473880,2024,10,180224,319,126.96144,37.508977,-1,-1,-1,-1,-1,-1,-1,-1,-1,-1,-1,-1,-1,1,0.0,-1,v2x,2024-10-08T09:02:24.000+00:00
PVDL-IDV1257473890-1728371399-6735,8,IDV1257473890,2024,10,180224,270,126.95791,37.51268,-1,-1,-1,-1,-1,-1,-1,-1,-1,-1,-1,-1,-1,1,-5.0,-1,v2x,2024-10-08T09:02:24.000+00:00
PVDL-IDV1257474400-1728375867-2298,8,IDV1257474400,2024,10,180224,100,126.995401,37.610255,-1,-1,-1,-1,-1,-1,-1,-1,-1,-1,-1,-1,-1,1,-38.0,-1,v2x,2024-10-08T09:02:24.000+00:00
PVDL-IDV1257475580-1728375452-2682,8,IDV1257475580,2024,10,180224,079,126.95382,37.495942,-1,-1,-1,-1,-1,-1,-1,-1,-1,-1,-1,-1,-1,1,0.0,-1,v2x,2024-10-08T09:02:24.000+00:00
PVDL-IDV1257475920-1728376731-1414,8,IDV1257475920,2024,10,180224,395,127.084492,37.729943,-1,-1,-1,-1,-1,-1,-1,-1,-1,-1,-1,-1,-1,1,-161.0,-1,v2x,2024-10-08T09:02:24.000+00:00
PVDL-IDV1257475930-1728375178-2967,8,IDV1257475930,2024,10,180224,415,127.101949,37.750586,-1,-1,-1,-1,-1,-1,-1,-1,-1,-1,-1,-1,-1,0,-1.0,-1,v2x,2024-10-08T09:02:24.000+00:00
PVDL-IDV1257475950-1728376086-2064,8,IDV1257475950,2024,10,180224,291,127.006449,37.572704,-1,-1,-1,-1,-1,-1,-1,-1,-1,-1,-1,-1,-1,1,0.0,-1,v2x,2024-10-08T09:02:24.000+00:00
PVDL-IDV1257476040-1728359265-18869,8,IDV1257476040,2024,10,180224,163,126.880204,37.57773,-1,-1,-1,-1,-1,-1,-1,-1,-1,-1,-1,-1,-1,1,-2.0,-1,v2x,2024-10-08T09:02:24.000+00:00
PVDL-IDV1257476270-1728331045-47088,8,IDV1257476270,2024,10,180224,100,126.9379352,37.5982896,-1,-1,-1,-1,-1,-1,-1,-1,-1,-1,-1,-1,-1,1,-5.0,21,v2x,2024-10-08T09:02:24.000+00:00
PVDL-IDV1257478020-1728334603-43532,8,IDV1257478020,2024,10,180224,272,126.924938,37.634238,-1,-1,-1,-1,-1,-1,-1,-1,-1,-1,-1,-1,-1,0,-1.0,-1,v2x,2024-10-08T09:02:24.000+00:00
PVDL-IDV1257478090-1728343210-34931,8,IDV1257478090,2024,10,180224,272,126.908581,37.646734,-1,-1,-1,-1,-1,-1,-1,-1,-1,-1,-1,-1,-1,0,-1.0,-1,v2x,2024-10-08T09:02:24.000+00:00
PVDL-IDV1257478120-1728332835-45298,8,IDV1257478120,2024,10,180224,280,126.912546,37.644755,-1,-1,-1,-1,-1,-1,-1,-1,-1,-1,-1,-1,-1,0,-1.0,-1,v2x,2024-10-08T09:02:24.000+00:00
PVDL-IDV1257478200-1728326796-51344,8,IDV1257478200,2024,10,180224,081,126.967335,37.566711,-1,-1,-1,-1,-1,-1,-1,-1,-1,-1,-1,-1,-1,1,-5.0,-1,v2x,2024-10-08T09:02:24.000+00:00
PVDL-IDV1257478290-1728331455-46678,8,IDV1257478290,2024,10,180224,331,126.931831,37.633955,-1,-1,-1,-1,-1,-1,-1,-1,-1,-1,-1,-1,-1,1,0.0,-1,v2x,2024-10-08T09:02:24.000+00:00
PVDL-IDV1257478330-1728376844-1296,8,IDV1257478330,2024,10,180224,312,126.928655,37.624585,-1,-1,-1,-1,-1,-1,-1,-1,-1,-1,-1,-1,-1,1,0.0,-1,v2x,2024-10-08T09:02:24.000+00:00
PVDL-IDV1257478490-1728366369-11765,8,IDV1257478490,2024,10,180224,343,126.988912,37.562251,-1,-1,-1,-1,-1,-1,-1,-1,-1,-1,-1,-1,-1,1,13.0,-1,v2x,2024-10-08T09:02:24.000+00:00
PVDL-IDV1257478520-1728327508-50625,8,IDV1257478520,2024,10,180224,277,127.052271,37.585172,-1,-1,-1,-1,-1,-1,-1,-1,-1,-1,-1,-1,-1,1,44.0,-1,v2x,2024-10-08T09:02:24.000+00:00
PVDL-IDV1257478580-1728371815-6319,8,IDV1257478580,2024,10,180224,186,126.971847,37.55802,-1,-1,-1,-1,-1,-1,-1,-1,-1,-1,-1,-1,-1,1,30.0,-1,v2x,2024-10-08T09:02:24.000+00:00
PVDL-IDV1257478690-1728335666-42468,8,IDV1257478690,2024,10,180224,115,126.956328,37.57581,-1,-1,-1,-1,-1,-1,-1,-1,-1,-1,-1,-1,-1,1,0.0,-1,v2x,2024-10-08T09:02:24.000+00:00
PVDL-IDV1257478740-1728326829-51310,8,IDV1257478740,2024,10,180224,269,127.057834,37.576562,-1,-1,-1,-1,-1,-1,-1,-1,-1,-1,-1,-1,-1,1,0.0,-1,v2x,2024-10-08T09:02:24.000+00:00
PVDL-IDV1257478970-1728376491-1678,8,IDV1257478970,2024,10,180224,059,127.038674,37.477598,-1,-1,-1,-1,-1,-1,-1,-1,-1,-1,-1,-1,-1,0,-1.0,-1,v2x,2024-10-08T09:02:24.000+00:00
PVDL-IDV1257479060-1728370123-8011,8,IDV1257479060,2024,10,180224,268,127.038492,37.472556,-1,-1,-1,-1,-1,-1,-1,-1,-1,-1,-1,-1,-1,0,-1.0,-1,v2x,2024-10-08T09:02:24.000+00:00
PVDL-IDV1257479130-1728334126-44014,8,IDV1257479130,2024,10,180224,330,126.908938,37.646608,-1,-1,-1,-1,-1,-1,-1,-1,-1,-1,-1,-1,-1,0,-1.0,-1,v2x,2024-10-08T09:02:24.000+00:00
PVDL-IDV1257479150-1728367204-10936,8,IDV1257479150,2024,10,180224,288,126.918715,37.637489,-1,-1,-1,-1,-1,-1,-1,-1,-1,-1,-1,-1,-1,1,27.0,-1,v2x,2024-10-08T09:02:24.000+00:00
PVDL-IDV1257479160-1728370837-7296,8,IDV1257479160,2024,10,180224,224,127.0478801,37.4622439,-1,-1,-1,-1,-1,-1,-1,-1,-1,-1,-1,-1,-1,1,11.0,21,v2x,2024-10-08T09:02:24.000+00:00
PVDL-IDV1257479170-1728369126-9008,8,IDV1257479170,2024,10,180224,082,127.045946,37.463449,-1,-1,-1,-1,-1,-1,-1,-1,-1,-1,-1,-1,-1,1,0.0,-1,v2x,2024-10-08T09:02:24.000+00:00
PVDL-IDV1257479180-1728377923-211,8,IDV1257479180,2024,10,180224,275,126.908977,37.64676,-1,-1,-1,-1,-1,-1,-1,-1,-1,-1,-1,-1,-1,0,-1.0,-1,v2x,2024-10-08T09:02:24.000+00:00
PVDL-IDV1257479190-1728374653-3480,8,IDV1257479190,2024,10,180224,229,126.9728418,37.5550103,-1,-1,-1,2,-1,-1,-1,-1,-1,-1,-1,-1,-1,1,-19.0,21,v2x,2024-10-08T09:02:24.000+00:00
PVDL-IDV1257479200-1728375770-2370,8,IDV1257479200,2024,10,180224,084,126.9257794,37.6150079,-1,-1,-1,-1,-1,-1,-1,-1,-1,-1,-1,-1,-1,1,27.0,21,v2x,2024-10-08T09:02:24.000+00:00
PVDL-IDV1257479210-1728371057-7077,8,IDV1257479210,2024,10,180224,074,127.038681,37.470392,-1,-1,-1,-1,-1,-1,-1,-1,-1,-1,-1,-1,-1,1,-8.0,-1,v2x,2024-10-08T09:02:24.000+00:00
PVDL-IDV1257479220-1728374511-3622,8,IDV1257479220,2024,10,180224,184,126.98769,37.565001,-1,-1,-1,-1,-1,-1,-1,-1,-1,-1,-1,-1,-1,0,-1.0,-1,v2x,2024-10-08T09:02:24.000+00:00
PVDL-IDV1257479250-1728373710-4462,8,IDV1257479250,2024,10,180224,521,126.976836,37.563771,-1,-1,-1,-1,-1,-1,-1,-1,-1,-1,-1,-1,-1,1,33.0,-1,v2x,2024-10-08T09:02:24.000+00:00
PVDL-IDV1257479260-1728375119-3014,8,IDV1257479260,2024,10,180224,019,126.976645,37.570103,-1,-1,-1,-1,-1,-1,-1,-1,-1,-1,-1,-1,-1,1,208.0,-1,v2x,2024-10-08T09:02:24.000+00:00
PVDL-IDV1257479270-1728371335-6798,8,IDV1257479270,2024,10,180224,379,127.0358072,37.4828097,-1,-1,-1,-1,-1,-1,-1,-1,-1,-1,-1,-1,-1,1,0.0,11,v2x,2024-10-08T09:02:24.000+00:00
PVDL-IDV1257479280-1728360759-17374,8,IDV1257479280,2024,10,180224,279,126.908764,37.6461,-1,-1,-1,-1,-1,-1,-1,-1,-1,-1,-1,-1,-1,1,-25.0,-1,v2x,2024-10-08T09:02:24.000+00:00
PVDL-IDV1257479300-1728376957-1177,8,IDV1257479300,2024,10,180224,019,126.922747,37.617413,-1,-1,-1,-1,-1,-1,-1,-1,-1,-1,-1,-1,-1,1,-11.0,-1,v2x,2024-10-08T09:02:24.000+00:00
PVDL-IDV1257479310-1728376498-1636,8,IDV1257479310,2024,10,180224,077,126.941177,37.591859,-1,-1,-1,-1,-1,-1,-1,-1,-1,-1,-1,-1,-1,1,0.0,-1,v2x,2024-10-08T09:02:24.000+00:00
PVDL-IDV1257479330-1728375347-2793,8,IDV1257479330,2024,10,180224,132,126.9287167,37.6119422,-1,-1,-1,-1,-1,-1,-1,-1,-1,-1,-1,-1,-1,1,122.0,21,v2x,2024-10-08T09:02:24.000+00:00
PVDL-IDV1257479340-1728372730-5403,8,IDV1257479340,2024,10,180224,192,127.027429,37.497964,-1,-1,-1,-1,-1,-1,-1,-1,-1,-1,-1,-1,-1,1,0.0,-1,v2x,2024-10-08T09:02:24.000+00:00
PVDL-IDV1257479350-1728375920-2220,8,IDV1257479350,2024,10,180224,034,126.9387925,37.597298,-1,-1,-1,-1,-1,-1,-1,-1,-1,-1,-1,-1,-1,1,19.0,21,v2x,2024-10-08T09:02:24.000+00:00
PVDL-IDV1257479370-1728367462-10671,8,IDV1257479370,2024,10,180224,107,127.017344,37.522591,-1,-1,-1,-1,-1,-1,-1,-1,-1,-1,-1,-1,-1,1,38.0,-1,v2x,2024-10-08T09:02:24.000+00:00
PVDL-IDV1257479400-1728369326-8807,8,IDV1257479400,2024,10,180224,024,127.02704,37.505122,-1,-1,-1,-1,-1,-1,-1,-1,-1,-1,-1,-1,-1,1,8.0,-1,v2x,2024-10-08T09:02:24.000+00:00
PVDL-IDV1257479410-1728377633-507,8,IDV1257479410,2024,10,180224,276,127.071131,37.551171,-1,-1,-1,-1,-1,-1,-1,-1,-1,-1,-1,-1,-1,1,41.0,-1,v2x,2024-10-08T09:02:24.000+00:00
PVDL-IDV1257479420-1728364991-13143,8,IDV1257479420,2024,10,180224,070,127.0831167,37.5956961,-1,-1,-1,-1,-1,-1,-1,-1,-1,-1,-1,-1,-1,1,0.0,11,v2x,2024-10-08T09:02:24.000+00:00
PVDL-IDV1257479430-1728364338-13795,8,IDV1257479430,2024,10,180224,330,127.091606,37.616431,-1,-1,-1,-1,-1,-1,-1,-1,-1,-1,-1,-1,-1,1,0.0,-1,v2x,2024-10-08T09:02:24.000+00:00
PVDL-IDV1257479440-1728376369-1764,8,IDV1257479440,2024,10,180224,032,127.096103,37.610758,-1,-1,-1,-1,-1,-1,-1,-1,-1,-1,-1,-1,-1,1,-66.0,-1,v2x,2024-10-08T09:02:24.000+00:00
PVDL-IDV1257479530-1728374729-3421,8,IDV1257479530,2024,10,180224,280,127.10412,37.61897,-1,-1,-1,-1,-1,-1,-1,-1,-1,-1,-1,-1,-1,0,-1.0,-1,v2x,2024-10-08T09:02:24.000+00:00
PVDL-IDV1257480070-1728329124-49010,8,IDV1257480070,2024,10,180224,339,127.000736,37.617301,-1,-1,-1,-1,-1,-1,-1,-1,-1,-1,-1,-1,-1,0,-1.0,-1,v2x,2024-10-08T09:02:24.000+00:00
PVDL-IDV1257481790-1728332539-45592,8,IDV1257481790,2024,10,180224,294,126.913734,37.5494093,-1,-1,-1,-1,-1,-1,-1,-1,-1,-1,-1,-1,-1,1,0.0,21,v2x,2024-10-08T09:02:24.000+00:00
PVDL-IDV1257483040-1728375069-3089,8,IDV1257483040,2024,10,180224,287,126.930607,37.57831,-1,-1,-1,-1,-1,-1,-1,-1,-1,-1,-1,-1,-1,0,-1.0,-1,v2x,2024-10-08T09:02:24.000+00:00
PVDL-IDV1257483140-1728372517-5617,8,IDV1257483140,2024,10,180224,336,126.953205,37.482199,-1,-1,-1,-1,-1,-1,-1,-1,-1,-1,-1,-1,-1,1,44.0,-1,v2x,2024-10-08T09:02:24.000+00:00
PVDL-IDV1257483210-1728364100-14034,8,IDV1257483210,2024,10,180224,056,126.888688,37.585816,-1,-1,-1,-1,-1,-1,-1,-1,-1,-1,-1,-1,-1,1,91.0,-1,v2x,2024-10-08T09:02:24.000+00:00
PVDL-IDV1257483220-1728376997-1156,8,IDV1257483220,2024,10,180224,335,126.770133,37.684313,-1,-1,-1,-1,-1,-1,-1,-1,-1,-1,-1,-1,-1,0,-1.0,-1,v2x,2024-10-08T09:02:24.000+00:00
PVDL-IDV1257483240-1728363183-14957,8,IDV1257483240,2024,10,180224,261,126.995345,37.516874,-1,-1,-1,-1,-1,-1,-1,-1,-1,-1,-1,-1,-1,1,-33.0,-1,v2x,2024-10-08T09:02:24.000+00:00
PVDL-IDV1257483320-1728353894-24246,8,IDV1257483320,2024,10,180224,271,126.974131,37.535971,-1,-1,-1,-1,-1,-1,-1,-1,-1,-1,-1,-1,-1,1,50.0,-1,v2x,2024-10-08T09:02:24.000+00:00
PVDL-IDV1257483420-1728372734-5399,8,IDV1257483420,2024,10,180224,054,126.956227,37.491853,-1,-1,-1,-1,-1,-1,-1,-1,-1,-1,-1,-1,-1,0,-1.0,-1,v2x,2024-10-08T09:02:24.000+00:00
PVDL-IDV1257483530-1728374445-3697,8,IDV1257483530,2024,10,180224,039,126.940538,37.548539,-1,-1,-1,-1,-1,-1,-1,-1,-1,-1,-1,-1,-1,0,-1.0,-1,v2x,2024-10-08T09:02:24.000+00:00
PVDL-IDV1257483550-1728328990-49149,8,IDV1257483550,2024,10,180224,045,127.024067,37.496785,-1,-1,-1,-1,-1,-1,-1,-1,-1,-1,-1,-1,-1,1,183.0,-1,v2x,2024-10-08T09:02:24.000+00:00
PVDL-IDV1257483760-1728373939-4200,8,IDV1257483760,2024,10,180224,201,127.014002,37.493868,-1,-1,-1,-1,-1,-1,-1,-1,-1,-1,-1,-1,-1,1,0.0,-1,v2x,2024-10-08T09:02:24.000+00:00
PVDL-IDV1257483770-1728344448-33691,8,IDV1257483770,2024,10,180224,101,127.008461,37.492235,-1,-1,-1,-1,-1,-1,-1,-1,-1,-1,-1,-1,-1,1,0.0,-1,v2x,2024-10-08T09:02:24.000+00:00
PVDL-IDV1257483830-1728365838-12302,8,IDV1257483830,2024,10,180224,367,126.941119,37.376187,-1,-1,-1,-1,-1,-1,-1,-1,-1,-1,-1,-1,-1,1,94.0,-1,v2x,2024-10-08T09:02:24.000+00:00
PVDL-IDV1257484490-1728371859-6311,8,IDV1257484490,2024,10,180224,036,127.089728,37.463156,-1,-1,-1,-1,-1,-1,-1,-1,-1,-1,-1,-1,-1,1,0.0,-1,v2x,2024-10-08T09:02:24.000+00:00
PVDL-IDV1257485050-1728336637-41533,8,IDV1257485050,2024,10,180224,357,126.9093492,37.5719494,-1,-1,-1,-1,-1,-1,-1,-1,-1,-1,-1,-1,-1,0,-1.0,99,v2x,2024-10-08T09:02:24.000+00:00
PVDL-IDV1257485060-1728377933-213,8,IDV1257485060,2024,10,180224,061,126.994932,37.610667,-1,-1,-1,-1,-1,-1,-1,-1,-1,-1,-1,-1,-1,1,0.0,-1,v2x,2024-10-08T09:02:24.000+00:00
PVDL-IDV1257485160-1728377187-958,8,IDV1257485160,2024,10,180224,119,127.0177568,37.593364,-1,-1,-1,-1,-1,-1,-1,-1,-1,-1,-1,-1,-1,1,0.0,11,v2x,2024-10-08T09:02:24.000+00:00
PVDL-IDV1257485340-1728360800-17334,8,IDV1257485340,2024,10,180224,167,126.894951,37.582435,-1,-1,-1,-1,-1,-1,-1,-1,-1,-1,-1,-1,-1,1,83.0,-1,v2x,2024-10-08T09:02:24.000+00:00
PVDL-IDV1257485350-1728369232-8902,8,IDV1257485350,2024,10,180224,155,127.048533,37.504522,-1,-1,-1,-1,-1,-1,-1,-1,-1,-1,-1,-1,-1,1,0.0,-1,v2x,2024-10-08T09:02:24.000+00:00
PVDL-IDV1257485590-1728362979-15155,8,IDV1257485590,2024,10,180224,055,126.939967,37.560252,-1,-1,-1,-1,-1,-1,-1,-1,-1,-1,-1,-1,-1,1,0.0,-1,v2x,2024-10-08T09:02:24.000+00:00
PVDL-IDV1257485990-1728365258-12882,8,IDV1257485990,2024,10,180224,356,126.789223,37.647577,-1,-1,-1,-1,-1,-1,-1,-1,-1,-1,-1,-1,-1,1,-27.0,-1,v2x,2024-10-08T09:02:24.000+00:00
PVDL-IDV1257487230-1728371876-6258,8,IDV1257487230,2024,10,180224,104,126.9351668,37.5601935,-1,-1,-1,-1,-1,-1,-1,-1,-1,-1,-1,-1,-1,1,-2.0,99,v2x,2024-10-08T09:02:24.000+00:00
PVDL-IDV1257487280-1728377450-690,8,IDV1257487280,2024,10,180224,094,126.889163,37.5741012,-1,-1,-1,-1,-1,-1,-1,-1,-1,-1,-1,-1,-1,1,-5.0,22,v2x,2024-10-08T09:02:24.000+00:00
PVDL-IDV1257487290-1728369895-8244,8,IDV1257487290,2024,10,180224,114,126.955906,37.557457,-1,-1,-1,-1,-1,-1,-1,-1,-1,-1,-1,-1,-1,1,0.0,-1,v2x,2024-10-08T09:02:24.000+00:00
PVDL-IDV1257487390-1728355264-22907,8,IDV1257487390,2024,10,180224,123,126.9828678,37.5677218,-1,-1,-1,-1,-1,-1,-1,-1,-1,-1,-1,-1,-1,1,0.0,-1,v2x,2024-10-08T09:02:24.000+00:00
PVDL-IDV1257487420-1728373103-5031,8,IDV1257487420,2024,10,180224,025,127.005741,37.53564,-1,-1,-1,-1,-1,-1,-1,-1,-1,-1,-1,-1,-1,0,-1.0,-1,v2x,2024-10-08T09:02:24.000+00:00
PVDL-IDV1257487430-1728332966-45168,8,IDV1257487430,2024,10,180224,280,127.070736,37.637751,-1,-1,-1,-1,-1,-1,-1,-1,-1,-1,-1,-1,-1,0,-1.0,-1,v2x,2024-10-08T09:02:24.000+00:00
PVDL-IDV1257487620-1728333796-44344,8,IDV1257487620,2024,10,180224,351,127.04173,37.614207,-1,-1,-1,-1,-1,-1,-1,-1,-1,-1,-1,-1,-1,1,86.0,-1,v2x,2024-10-08T09:02:24.000+00:00
PVDL-IDV1257487740-1728370685-7448,8,IDV1257487740,2024,10,180224,302,126.903134,37.570324,-1,-1,-1,-1,-1,-1,-1,-1,-1,-1,-1,-1,-1,1,-5.0,-1,v2x,2024-10-08T09:02:24.000+00:00
PVDL-IDV1257487870-1728369352-8818,8,IDV1257487870,2024,10,180224,091,126.982905,37.572481,-1,-1,-1,-1,-1,-1,-1,-1,-1,-1,-1,-1,-1,1,0.0,-1,v2x,2024-10-08T09:02:24.000+00:00
PVDL-IDV1257487900-1728366770-11363,8,IDV1257487900,2024,10,180224,060,126.997058,37.575945,-1,-1,-1,-1,-1,-1,-1,-1,-1,-1,-1,-1,-1,1,0.0,-1,v2x,2024-10-08T09:02:24.000+00:00
PVDL-IDV1257488260-1728367546-10624,8,IDV1257488260,2024,10,180224,267,127.070585,37.637767,-1,-1,-1,-1,-1,-1,-1,-1,-1,-1,-1,-1,-1,0,-1.0,-1,v2x,2024-10-08T09:02:24.000+00:00
PVDL-IDV1257488480-1728377962-178,8,IDV1257488480,2024,10,180224,364,127.0282523,37.6069153,-1,-1,-1,-1,-1,-1,-1,-1,-1,-1,-1,-1,-1,1,-144.0,99,v2x,2024-10-08T09:02:24.000+00:00
PVDL-IDV1257488490-1728372010-6124,8,IDV1257488490,2024,10,180224,114,126.9369641,37.5597508,-1,-1,-1,-1,-1,-1,-1,-1,-1,-1,-1,-1,-1,0,-1.0,21,v2x,2024-10-08T09:02:24.000+00:00
PVDL-IDV1257488510-1728360897-17243,8,IDV1257488510,2024,10,180224,261,127.051255,37.618072,-1,-1,-1,-1,-1,-1,-1,-1,-1,-1,-1,-1,-1,1,0.0,-1,v2x,2024-10-08T09:02:24.000+00:00
PVDL-IDV1257488520-1728372971-5163,8,IDV1257488520,2024,10,180224,279,126.9829379,37.5723816,-1,-1,-1,-1,-1,-1,-1,-1,-1,-1,-1,-1,-1,1,0.0,22,v2x,2024-10-08T09:02:24.000+00:00
PVDL-IDV1257489060-1728330516-47623,8,IDV1257489060,2024,10,180224,266,127.035506,37.596682,-1,-1,-1,-1,-1,-1,-1,-1,-1,-1,-1,-1,-1,1,0.0,-1,v2x,2024-10-08T09:02:24.000+00:00
PVDL-IDV1257489610-1728327525-50609,8,IDV1257489610,2024,10,180224,062,127.0263101,37.6261848,-1,-1,-1,-1,-1,-1,-1,-1,-1,-1,-1,-1,-1,1,-11.0,99,v2x,2024-10-08T09:02:24.000+00:00
PVDL-IDV1257489650-1728332495-45636,8,IDV1257489650,2024,10,180224,076,126.977399,37.570213,-1,-1,-1,-1,-1,-1,-1,-1,-1,-1,-1,-1,-1,1,0.0,-1,v2x,2024-10-08T09:02:24.000+00:00
PVDL-IDV1257489940-1728366884-11249,8,IDV1257489940,2024,10,180224,068,127.036442,37.482062,-1,-1,-1,-1,-1,-1,-1,-1,-1,-1,-1,-1,-1,1,36.0,-1,v2x,2024-10-08T09:02:24.000+00:00
PVDL-IDV1257489950-1728376352-1818,8,IDV1257489950,2024,10,180224,164,127.031594,37.48972,-1,-1,-1,-1,-1,-1,-1,-1,-1,-1,-1,-1,-1,1,-108.0,-1,v2x,2024-10-08T09:02:24.000+00:00
PVDL-IDV1257490100-1728363972-14162,8,IDV1257490100,2024,10,180224,264,127.137355,37.47125,-1,-1,-1,-1,-1,-1,-1,-1,-1,-1,-1,-1,-1,1,0.0,-1,v2x,2024-10-08T09:02:24.000+00:00
PVDL-IDV1257491010-1728377663-471,8,IDV1257491010,2024,10,180224,193,127.095754,37.607186,-1,-1,-1,-1,-1,-1,-1,-1,-1,-1,-1,-1,-1,1,0.0,-1,v2x,2024-10-08T09:02:24.000+00:00
PVDL-IDV1257491090-1728377905-234,8,IDV1257491090,2024,10,180224,267,127.018908,37.586299,-1,-1,-1,-1,-1,-1,-1,-1,-1,-1,-1,-1,-1,1,0.0,-1,v2x,2024-10-08T09:02:24.000+00:00
PVDL-IDV1257491410-1728329599-48534,8,IDV1257491410,2024,10,180224,294,127.042986,37.591617,-1,-1,-1,-1,-1,-1,-1,-1,-1,-1,-1,-1,-1,1,0.0,-1,v2x,2024-10-08T09:02:24.000+00:00
PVDL-IDV1257491480-1728358128-20006,8,IDV1257491480,2024,10,180224,262,127.031336,37.586504,-1,-1,-1,-1,-1,-1,-1,-1,-1,-1,-1,-1,-1,1,-19.0,-1,v2x,2024-10-08T09:02:24.000+00:00
PVDL-IDV1257493010-1728332330-45804,8,IDV1257493010,2024,10,180224,035,126.9006724,37.5792133,-1,-1,-1,3,-1,-1,-1,-1,-1,-1,-1,-1,-1,1,-36.0,99,v2x,2024-10-08T09:02:24.000+00:00
PVDL-IDV1257493020-1728329143-48990,8,IDV1257493020,2024,10,180224,482,126.8849356,37.5856286,-1,-1,-1,-1,-1,-1,-1,-1,-1,-1,-1,-1,-1,1,-127.0,99,v2x,2024-10-08T09:02:24.000+00:00
PVDL-IDV1257493030-1728334376-43763,8,IDV1257493030,2024,10,180224,151,126.940195,37.5953053,-1,-1,-1,-1,-1,-1,-1,-1,-1,-1,-1,-1,-1,1,47.0,21,v2x,2024-10-08T09:02:24.000+00:00
PVDL-IDV1257493040-1728335778-42354,8,IDV1257493040,2024,10,180224,259,126.915768,37.573185,-1,-1,-1,-1,-1,-1,-1,-1,-1,-1,-1,-1,-1,1,5.0,-1,v2x,2024-10-08T09:02:24.000+00:00
PVDL-IDV1257493180-1728334446-43694,8,IDV1257493180,2024,10,180224,261,126.904736,37.578086,-1,-1,-1,-1,-1,-1,-1,-1,-1,-1,-1,-1,-1,1,72.0,-1,v2x,2024-10-08T09:02:24.000+00:00
PVDL-IDV1257493190-1728333004-45128,8,IDV1257493190,2024,10,180224,277,126.919392,37.583139,-1,-1,-1,-1,-1,-1,-1,-1,-1,-1,-1,-1,-1,1,11.0,-1,v2x,2024-10-08T09:02:24.000+00:00
PVDL-IDV1257493260-1728354710-23423,8,IDV1257493260,2024,10,180224,357,126.884622,37.592283,-1,-1,-1,-1,-1,-1,-1,-1,-1,-1,-1,-1,-1,1,0.0,-1,v2x,2024-10-08T09:02:24.000+00:00
PVDL-IDV1257493280-1728336581-41575,8,IDV1257493280,2024,10,180224,144,126.9644915,37.5678821,-1,-1,-1,3,-1,-1,-1,-1,-1,-1,-1,-1,-1,1,0.0,99,v2x,2024-10-08T09:02:24.000+00:00
PVDL-IDV1257493300-1728366192-11948,8,IDV1257493300,2024,10,180224,263,127.105313,37.614552,-1,-1,-1,-1,-1,-1,-1,-1,-1,-1,-1,-1,-1,0,-1.0,-1,v2x,2024-10-08T09:02:24.000+00:00
PVDL-IDV1257493330-1728334408-43762,8,IDV1257493330,2024,10,180224,087,126.9363102,37.5553318,-1,-1,-1,-1,-1,-1,-1,-1,-1,-1,-1,-1,-1,1,-22.0,21,v2x,2024-10-08T09:02:24.000+00:00
PVDL-IDV1257493340-1728331669-46464,8,IDV1257493340,2024,10,180224,044,126.894991,37.56948,-1,-1,-1,-1,-1,-1,-1,-1,-1,-1,-1,-1,-1,1,-144.0,-1,v2x,2024-10-08T09:02:24.000+00:00
PVDL-IDV1257493490-1728333973-44160,8,IDV1257493490,2024,10,180224,357,126.923104,37.593463,-1,-1,-1,-1,-1,-1,-1,-1,-1,-1,-1,-1,-1,1,-83.0,-1,v2x,2024-10-08T09:02:24.000+00:00
PVDL-IDV1257493510-1728374690-3441,8,IDV1257493510,2024,10,180224,117,126.925715,37.59867,-1,-1,-1,-1,-1,-1,-1,-1,-1,-1,-1,-1,-1,0,-1.0,-1,v2x,2024-10-08T09:02:24.000+00:00
PVDL-IDV1257493590-1728369895-8244,8,IDV1257493590,2024,10,180224,269,126.884457,37.592276,-1,-1,-1,-1,-1,-1,-1,-1,-1,-1,-1,-1,-1,0,-1.0,-1,v2x,2024-10-08T09:02:24.000+00:00
PVDL-IDV1257493600-1728332955-45181,8,IDV1257493600,2024,10,180224,289,126.884412,37.592418,-1,-1,-1,-1,-1,-1,-1,-1,-1,-1,-1,-1,-1,0,-1.0,-1,v2x,2024-10-08T09:02:24.000+00:00
PVDL-IDV1257493630-1728343333-34807,8,IDV1257493630,2024,10,180224,055,126.9428848,37.5898165,-1,-1,-1,-1,-1,-1,-1,-1,-1,-1,-1,-1,-1,1,0.0,99,v2x,2024-10-08T09:02:24.000+00:00
PVDL-IDV1257493690-1728325715-52420,8,IDV1257493690,2024,10,180224,068,126.9320479,37.5273641,-1,-1,-1,-1,-1,-1,-1,-1,-1,-1,-1,-1,-1,1,0.0,23,v2x,2024-10-08T09:02:24.000+00:00
PVDL-IDV1257493700-1728343260-34879,8,IDV1257493700,2024,10,180224,024,126.8983896,37.5727604,-1,-1,-1,-1,-1,-1,-1,-1,-1,-1,-1,-1,-1,1,0.0,23,v2x,2024-10-08T09:02:24.000+00:00
PVDL-IDV1257493720-1728377567-573,8,IDV1257493720,2024,10,180224,350,126.922812,37.586182,-1,-1,-1,-1,-1,-1,-1,-1,-1,-1,-1,-1,-1,1,5.0,-1,v2x,2024-10-08T09:02:24.000+00:00
PVDL-IDV1257493750-1728335407-42733,8,IDV1257493750,2024,10,180224,260,126.925987,37.581023,-1,-1,-1,-1,-1,-1,-1,-1,-1,-1,-1,-1,-1,1,111.0,-1,v2x,2024-10-08T09:02:24.000+00:00
PVDL-IDV1257493820-1728333261-44879,8,IDV1257493820,2024,10,180224,268,126.910871,37.584179,-1,-1,-1,-1,-1,-1,-1,-1,-1,-1,-1,-1,-1,1,-77.0,-1,v2x,2024-10-08T09:02:24.000+00:00
PVDL-IDV1257493900-1728329002-49132,8,IDV1257493900,2024,10,180224,263,126.884567,37.592238,-1,-1,-1,-1,-1,-1,-1,-1,-1,-1,-1,-1,-1,0,-1.0,-1,v2x,2024-10-08T09:02:24.000+00:00
PVDL-IDV1257493940-1728342167-35975,8,IDV1257493940,2024,10,180224,262,126.884633,37.59237,-1,-1,-1,-1,-1,-1,-1,-1,-1,-1,-1,-1,-1,1,0.0,-1,v2x,2024-10-08T09:02:24.000+00:00
PVDL-IDV1257495010-1728366846-11288,8,IDV1257495010,2024,10,180224,328,126.802793,37.559963,-1,-1,-1,-1,-1,-1,-1,-1,-1,-1,-1,-1,-1,0,-1.0,-1,v2x,2024-10-08T09:02:24.000+00:00
PVDL-IDV1257495160-1728375660-2473,8,IDV1257495160,2024,10,180224,171,126.85909,37.553562,-1,-1,-1,-1,-1,-1,-1,-1,-1,-1,-1,-1,-1,1,11.0,-1,v2x,2024-10-08T09:02:24.000+00:00
PVDL-IDV1257495220-1728370179-7954,8,IDV1257495220,2024,10,180224,267,127.108565,37.605369,-1,-1,-1,-1,-1,-1,-1,-1,-1,-1,-1,-1,-1,1,-2.0,-1,v2x,2024-10-08T09:02:24.000+00:00
PVDL-IDV1257495250-1728374640-3499,8,IDV1257495250,2024,10,180224,334,126.968708,37.567944,-1,-1,-1,-1,-1,-1,-1,-1,-1,-1,-1,-1,-1,1,0.0,-1,v2x,2024-10-08T09:02:24.000+00:00
PVDL-IDV1257495340-1728366962-11171,8,IDV1257495340,2024,10,180224,142,126.968208,37.529405,-1,-1,-1,-1,-1,-1,-1,-1,-1,-1,-1,-1,-1,1,0.0,-1,v2x,2024-10-08T09:02:24.000+00:00
PVDL-IDV1257495530-1728344722-33412,8,IDV1257495530,2024,10,180224,024,127.068345,37.594044,-1,-1,-1,-1,-1,-1,-1,-1,-1,-1,-1,-1,-1,0,-1.0,-1,v2x,2024-10-08T09:02:24.000+00:00
PVDL-IDV1257495810-1728376625-1545,8,IDV1257495810,2024,10,180224,184,126.997575,37.575855,-1,-1,-1,-1,-1,-1,-1,-1,-1,-1,-1,-1,-1,0,-1.0,-1,v2x,2024-10-08T09:02:24.000+00:00
PVDL-IDV1257495820-1728372447-5723,8,IDV1257495820,2024,10,180224,017,127.101356,37.612304,-1,-1,-1,-1,-1,-1,-1,-1,-1,-1,-1,-1,-1,0,-1.0,-1,v2x,2024-10-08T09:02:24.000+00:00
PVDL-IDV1257495830-1728365847-12286,8,IDV1257495830,2024,10,180224,267,127.052199,37.591609,-1,-1,-1,-1,-1,-1,-1,-1,-1,-1,-1,-1,-1,0,-1.0,-1,v2x,2024-10-08T09:02:24.000+00:00
PVDL-IDV1257495910-1728374077-4056,8,IDV1257495910,2024,10,180224,061,126.9406425,37.5563081,-1,-1,-1,-1,-1,-1,-1,-1,-1,-1,-1,-1,-1,0,-1.0,21,v2x,2024-10-08T09:02:24.000+00:00
PVDL-IDV1257496410-1728333066-45067,8,IDV1257496410,2024,10,180224,071,127.003048,37.571233,-1,-1,-1,-1,-1,-1,-1,-1,-1,-1,-1,-1,-1,1,-83.0,-1,v2x,2024-10-08T09:02:24.000+00:00
PVDL-IDV1257496440-1728328543-49596,8,IDV1257496440,2024,10,180224,285,127.0634,37.659665,-1,-1,-1,-1,-1,-1,-1,-1,-1,-1,-1,-1,-1,0,-1.0,-1,v2x,2024-10-08T09:02:24.000+00:00
PVDL-IDV1257496490-1728354596-23537,8,IDV1257496490,2024,10,180224,037,127.071508,37.628675,-1,-1,-1,-1,-1,-1,-1,-1,-1,-1,-1,-1,-1,1,0.0,-1,v2x,2024-10-08T09:02:24.000+00:00
PVDL-IDV1257496530-1728374475-3658,8,IDV1257496530,2024,10,180224,264,126.88886,37.546189,-1,-1,-1,-1,-1,-1,-1,-1,-1,-1,-1,-1,-1,1,13.0,-1,v2x,2024-10-08T09:02:24.000+00:00
PVDL-IDV1257496540-1728370902-7232,8,IDV1257496540,2024,10,180224,194,126.959041,37.571632,-1,-1,-1,-1,-1,-1,-1,-1,-1,-1,-1,-1,-1,1,13.0,-1,v2x,2024-10-08T09:02:24.000+00:00
PVDL-IDV1257496570-1728377447-723,8,IDV1257496570,2024,10,180224,424,126.982065,37.575584,-1,-1,-1,-1,-1,-1,-1,-1,-1,-1,-1,-1,-1,1,0.0,-1,v2x,2024-10-08T09:02:24.000+00:00
PVDL-IDV1257496580-1728377247-886,8,IDV1257496580,2024,10,180224,347,126.799184,37.563442,-1,-1,-1,-1,-1,-1,-1,-1,-1,-1,-1,-1,-1,1,0.0,-1,v2x,2024-10-08T09:02:24.000+00:00
PVDL-IDV1257496640-1728377845-325,8,IDV1257496640,2024,10,180224,119,126.997317,37.575187,-1,-1,-1,-1,-1,-1,-1,-1,-1,-1,-1,-1,-1,1,22.0,-1,v2x,2024-10-08T09:02:24.000+00:00
