dataId,vhcleLat,vhcleLot,regDt,YEAR,MONTH,DAY,DATE,TA_AVG,TA_MAX,TA_MIN,RN_DAY,RN_DUR,RN_D99,SD_DAY,SD_NEW,SD_MAX,HM_AVG,SI_DAY,SS_DAY,nearest_vds_index,vdsId,speed,volume,occupancy
PVDL-IDV1257027100-1728373902-4268,37.600386,127.103113,2024-10-08 09:02:24+00:00,2024,10,8,2024-10-08,1945,17.7,1505,2.57,-9.0,1100,-9.0,-9.0,-9.0,22.0,6.8,2248,24,0010VDE25900,-1.0,-1,-1.0
PVDL-IDV1257027230-1728377705-425,37.562897,127.17543,2024-10-08 09:02:24+00:00,2024,10,8,2024-10-08,1945,17.7,1505,2.57,-9.0,1100,-9.0,-9.0,-9.0,22.0,6.8,2248,48,0010VDS25450,118.0,7,2.55
PVDL-IDV1257027690-1728375894-2246,37.509533,127.061624,2024-10-08 09:02:24+00:00,2024,10,8,2024-10-08,1945,17.7,1505,2.57,-9.0,1100,-9.0,-9.0,-9.0,22.0,6.8,2248,120,0301VDE04700,100.0,0,0.0
PVDL-IDV1257027700-1728366712-11421,37.534262,127.13775,2024-10-08 09:02:24+00:00,2024,10,8,2024-10-08,1945,17.7,1505,2.57,-9.0,1100,-9.0,-9.0,-9.0,22.0,6.8,2248,48,0010VDS25450,118.0,7,2.55
PVDL-IDV1257027880-1728375382-2758,37.5957598,127.0831243,2024-10-08 09:02:24+00:00,2024,10,8,2024-10-08,1945,17.7,1505,2.57,-9.0,1100,-9.0,-9.0,-9.0,22.0,6.8,2248,61,0010VDS26000,-1.0,-1,-1.0
PVDL-IDV1257027920-1728370911-7223,37.51226,127.02067,2024-10-08 09:02:24+00:00,2024,10,8,2024-10-08,1945,17.7,1505,2.57,-9.0,1100,-9.0,-9.0,-9.0,22.0,6.8,2248,120,0301VDE04700,100.0,0,0.0
PVDL-IDV1257057040-1728378007-127,37.592027,126.884339,2024-10-08 09:02:24+00:00,2024,10,8,2024-10-08,1945,17.7,1505,2.57,-9.0,1100,-9.0,-9.0,-9.0,22.0,6.8,2248,143,0301VDS02900,90.5,8,4.78
PVDL-IDV1257057050-1728377835-298,37.466562,127.045886,2024-10-08 09:02:24+00:00,2024,10,8,2024-10-08,1945,17.7,1505,2.57,-9.0,1100,-9.0,-9.0,-9.0,22.0,6.8,2248,124,0301VDE05000,-1.0,-1,-1.0
PVDL-IDV1257057060-1728377385-747,37.469088,127.039791,2024-10-08 09:02:24+00:00,2024,10,8,2024-10-08,1945,17.7,1505,2.57,-9.0,1100,-9.0,-9.0,-9.0,22.0,6.8,2248,122,0301VDE04800,108.0,3,0.91
PVDL-IDV1257057070-1728367980-10153,37.538731,126.963733,2024-10-08 09:02:24+00:00,2024,10,8,2024-10-08,1945,17.7,1505,2.57,-9.0,1100,-9.0,-9.0,-9.0,22.0,6.8,2248,114,0301VDE04200,114.5,7,2.32
PVDL-IDV1257062240-1728375650-2483,37.580883,127.08724,2024-10-08 09:02:24+00:00,2024,10,8,2024-10-08,1945,17.7,1505,2.57,-9.0,1100,-9.0,-9.0,-9.0,22.0,6.8,2248,24,0010VDE25900,-1.0,-1,-1.0
PVDL-IDV1257062280-1728373590-4549,37.572851,127.060074,2024-10-08 09:02:24+00:00,2024,10,8,2024-10-08,1945,17.7,1505,2.57,-9.0,1100,-9.0,-9.0,-9.0,22.0,6.8,2248,120,0301VDE04700,100.0,0,0.0
PVDL-IDV1257062290-1728369555-8615,37.576214,127.025263,2024-10-08 09:02:24+00:00,2024,10,8,2024-10-08,1945,17.7,1505,2.57,-9.0,1100,-9.0,-9.0,-9.0,22.0,6.8,2248,118,0301VDE04500,107.0,10,3.12
PVDL-IDV1257062360-1728328176-49957,37.578433,127.086139,2024-10-08 09:02:24+00:00,2024,10,8,2024-10-08,1945,17.7,1505,2.57,-9.0,1100,-9.0,-9.0,-9.0,22.0,6.8,2248,24,0010VDE25900,-1.0,-1,-1.0
PVDL-IDV1257062380-1728377090-1042,37.58821,127.087693,2024-10-08 09:02:24+00:00,2024,10,8,2024-10-08,1945,17.7,1505,2.57,-9.0,1100,-9.0,-9.0,-9.0,22.0,6.8,2248,61,0010VDS26000,-1.0,-1,-1.0
PVDL-IDV1257062390-1728359903-18236,37.582959,127.054011,2024-10-08 09:02:24+00:00,2024,10,8,2024-10-08,1945,17.7,1505,2.57,-9.0,1100,-9.0,-9.0,-9.0,22.0,6.8,2248,118,0301VDE04500,107.0,10,3.12
PVDL-IDV1257062480-1728369160-8974,37.526842,126.932549,2024-10-08 09:02:24+00:00,2024,10,8,2024-10-08,1945,17.7,1505,2.57,-9.0,1100,-9.0,-9.0,-9.0,22.0,6.8,2248,112,0301VDE04100,109.0,5,1.73
PVDL-IDV1257062490-1728328634-49500,37.613861,127.104118,2024-10-08 09:02:24+00:00,2024,10,8,2024-10-08,1945,17.7,1505,2.57,-9.0,1100,-9.0,-9.0,-9.0,22.0,6.8,2248,61,0010VDS26000,-1.0,-1,-1.0
PVDL-IDV1257062500-1728355496-22637,37.574183,127.019457,2024-10-08 09:02:24+00:00,2024,10,8,2024-10-08,1945,17.7,1505,2.57,-9.0,1100,-9.0,-9.0,-9.0,22.0,6.8,2248,118,0301VDE04500,107.0,10,3.12
PVDL-IDV1257062520-1728365481-12652,37.575657,127.048272,2024-10-08 09:02:24+00:00,2024,10,8,2024-10-08,1945,17.7,1505,2.57,-9.0,1100,-9.0,-9.0,-9.0,22.0,6.8,2248,118,0301VDE04500,107.0,10,3.12
PVDL-IDV1257062530-1728377388-761,37.5662879,126.9828425,2024-10-08 09:02:24+00:00,2024,10,8,2024-10-08,1945,17.7,1505,2.57,-9.0,1100,-9.0,-9.0,-9.0,22.0,6.8,2248,118,0301VDE04500,107.0,10,3.12
PVDL-IDV1257062560-1728363534-14599,37.571794,127.079057,2024-10-08 09:02:24+00:00,2024,10,8,2024-10-08,1945,17.7,1505,2.57,-9.0,1100,-9.0,-9.0,-9.0,22.0,6.8,2248,24,0010VDE25900,-1.0,-1,-1.0
PVDL-IDV1257062580-1728352774-25360,37.524773,126.927773,2024-10-08 09:02:24+00:00,2024,10,8,2024-10-08,1945,17.7,1505,2.57,-9.0,1100,-9.0,-9.0,-9.0,22.0,6.8,2248,112,0301VDE04100,109.0,5,1.73
PVDL-IDV1257062590-1728369895-8244,37.613386,127.102852,2024-10-08 09:02:24+00:00,2024,10,8,2024-10-08,1945,17.7,1505,2.57,-9.0,1100,-9.0,-9.0,-9.0,22.0,6.8,2248,61,0010VDS26000,-1.0,-1,-1.0
PVDL-IDV1257062600-1728357780-20353,37.601155,127.108186,2024-10-08 09:02:24+00:00,2024,10,8,2024-10-08,1945,17.7,1505,2.57,-9.0,1100,-9.0,-9.0,-9.0,22.0,6.8,2248,24,0010VDE25900,-1.0,-1,-1.0
PVDL-IDV1257062630-1728372732-5402,37.5677936,126.9825759,2024-10-08 09:02:24+00:00,2024,10,8,2024-10-08,1945,17.7,1505,2.57,-9.0,1100,-9.0,-9.0,-9.0,22.0,6.8,2248,118,0301VDE04500,107.0,10,3.12
PVDL-IDV1257062660-1728370558-7576,37.575978,126.969911,2024-10-08 09:02:24+00:00,2024,10,8,2024-10-08,1945,17.7,1505,2.57,-9.0,1100,-9.0,-9.0,-9.0,22.0,6.8,2248,112,0301VDE04100,109.0,5,1.73
PVDL-IDV1257062680-1728375671-2499,37.55737,126.969058,2024-10-08 09:02:24+00:00,2024,10,8,2024-10-08,1945,17.7,1505,2.57,-9.0,1100,-9.0,-9.0,-9.0,22.0,6.8,2248,114,0301VDE04200,114.5,7,2.32
PVDL-IDV1257062690-1728369920-8250,37.571181,126.954644,2024-10-08 09:02:24+00:00,2024,10,8,2024-10-08,1945,17.7,1505,2.57,-9.0,1100,-9.0,-9.0,-9.0,22.0,6.8,2248,112,0301VDE04100,109.0,5,1.73
PVDL-IDV1257062710-1728370759-7380,37.540598,126.969459,2024-10-08 09:02:24+00:00,2024,10,8,2024-10-08,1945,17.7,1505,2.57,-9.0,1100,-9.0,-9.0,-9.0,22.0,6.8,2248,114,0301VDE04200,114.5,7,2.32
PVDL-IDV1257062720-1728376421-1713,37.603017,127.087641,2024-10-08 09:02:24+00:00,2024,10,8,2024-10-08,1945,17.7,1505,2.57,-9.0,1100,-9.0,-9.0,-9.0,22.0,6.8,2248,61,0010VDS26000,-1.0,-1,-1.0
PVDL-IDV1257062730-1728376087-2083,37.5781752,127.0378171,2024-10-08 09:02:24+00:00,2024,10,8,2024-10-08,1945,17.7,1505,2.57,-9.0,1100,-9.0,-9.0,-9.0,22.0,6.8,2248,118,0301VDE04500,107.0,10,3.12
PVDL-IDV1257062820-1728376336-1834,37.5766506,126.9859449,2024-10-08 09:02:24+00:00,2024,10,8,2024-10-08,1945,17.7,1505,2.57,-9.0,1100,-9.0,-9.0,-9.0,22.0,6.8,2248,118,0301VDE04500,107.0,10,3.12
PVDL-IDV1257062840-1728374835-3335,37.581992,127.088683,2024-10-08 09:02:24+00:00,2024,10,8,2024-10-08,1945,17.7,1505,2.57,-9.0,1100,-9.0,-9.0,-9.0,22.0,6.8,2248,24,0010VDE25900,-1.0,-1,-1.0
PVDL-IDV1257062870-1728352152-26018,37.5627549,126.9433408,2024-10-08 09:02:24+00:00,2024,10,8,2024-10-08,1945,17.7,1505,2.57,-9.0,1100,-9.0,-9.0,-9.0,22.0,6.8,2248,112,0301VDE04100,109.0,5,1.73
PVDL-IDV1257062890-1728361776-16357,37.571893,127.077849,2024-10-08 09:02:24+00:00,2024,10,8,2024-10-08,1945,17.7,1505,2.57,-9.0,1100,-9.0,-9.0,-9.0,22.0,6.8,2248,24,0010VDE25900,-1.0,-1,-1.0
PVDL-IDV1257062900-1728372976-5194,37.5766817,127.0233273,2024-10-08 09:02:24+00:00,2024,10,8,2024-10-08,1945,17.7,1505,2.57,-9.0,1100,-9.0,-9.0,-9.0,22.0,6.8,2248,118,0301VDE04500,107.0,10,3.12
PVDL-IDV1257063020-1728373372-4762,37.575854,126.981792,2024-10-08 09:02:24+00:00,2024,10,8,2024-10-08,1945,17.7,1505,2.57,-9.0,1100,-9.0,-9.0,-9.0,22.0,6.8,2248,114,0301VDE04200,114.5,7,2.32
PVDL-IDV1257063070-1728366312-11858,37.576903,127.023229,2024-10-08 09:02:24+00:00,2024,10,8,2024-10-08,1945,17.7,1505,2.57,-9.0,1100,-9.0,-9.0,-9.0,22.0,6.8,2248,118,0301VDE04500,107.0,10,3.12
PVDL-IDV1257063080-1728376927-1213,37.580804,126.996585,2024-10-08 09:02:24+00:00,2024,10,8,2024-10-08,1945,17.7,1505,2.57,-9.0,1100,-9.0,-9.0,-9.0,22.0,6.8,2248,118,0301VDE04500,107.0,10,3.12
PVDL-IDV1257063090-1728376132-2002,37.5880929,127.054195,2024-10-08 09:02:24+00:00,2024,10,8,2024-10-08,1945,17.7,1505,2.57,-9.0,1100,-9.0,-9.0,-9.0,22.0,6.8,2248,118,0301VDE04500,107.0,10,3.12
PVDL-IDV1257063130-1728376907-1227,37.573124,127.084761,2024-10-08 09:02:24+00:00,2024,10,8,2024-10-08,1945,17.7,1505,2.57,-9.0,1100,-9.0,-9.0,-9.0,22.0,6.8,2248,24,0010VDE25900,-1.0,-1,-1.0
PVDL-IDV1257063150-1728378074-60,37.573304,127.084617,2024-10-08 09:02:24+00:00,2024,10,8,2024-10-08,1945,17.7,1505,2.57,-9.0,1100,-9.0,-9.0,-9.0,22.0,6.8,2248,24,0010VDE25900,-1.0,-1,-1.0
PVDL-IDV1257063310-1728375161-2973,37.591787,127.067823,2024-10-08 09:02:24+00:00,2024,10,8,2024-10-08,1945,17.7,1505,2.57,-9.0,1100,-9.0,-9.0,-9.0,22.0,6.8,2248,61,0010VDS26000,-1.0,-1,-1.0
PVDL-IDV1257063350-1728365152-12981,37.743696,127.091883,2024-10-08 09:02:24+00:00,2024,10,8,2024-10-08,1945,17.7,1505,2.57,-9.0,1100,-9.0,-9.0,-9.0,22.0,6.8,2248,81,0010VDS26350,-1.0,-1,-1.0
PVDL-IDV1257063370-1728366335-11798,37.477407,127.037422,2024-10-08 09:02:24+00:00,2024,10,8,2024-10-08,1945,17.7,1505,2.57,-9.0,1100,-9.0,-9.0,-9.0,22.0,6.8,2248,122,0301VDE04800,108.0,3,0.91
PVDL-IDV1257063390-1728369895-8244,37.600609,127.108724,2024-10-08 09:02:24+00:00,2024,10,8,2024-10-08,1945,17.7,1505,2.57,-9.0,1100,-9.0,-9.0,-9.0,22.0,6.8,2248,24,0010VDE25900,-1.0,-1,-1.0
PVDL-IDV1257063550-1728364060-14074,37.578197,127.0360556,2024-10-08 09:02:24+00:00,2024,10,8,2024-10-08,1945,17.7,1505,2.57,-9.0,1100,-9.0,-9.0,-9.0,22.0,6.8,2248,118,0301VDE04500,107.0,10,3.12
PVDL-IDV1257063620-1728371453-6681,37.4786,127.038305,2024-10-08 09:02:24+00:00,2024,10,8,2024-10-08,1945,17.7,1505,2.57,-9.0,1100,-9.0,-9.0,-9.0,22.0,6.8,2248,122,0301VDE04800,108.0,3,0.91
PVDL-IDV1257063670-1728350182-27951,37.506299,127.055278,2024-10-08 09:02:24+00:00,2024,10,8,2024-10-08,1945,17.7,1505,2.57,-9.0,1100,-9.0,-9.0,-9.0,22.0,6.8,2248,120,0301VDE04700,100.0,0,0.0
PVDL-IDV1257064320-1728368397-9737,37.50273,126.993329,2024-10-08 09:02:24+00:00,2024,10,8,2024-10-08,1945,17.7,1505,2.57,-9.0,1100,-9.0,-9.0,-9.0,22.0,6.8,2248,118,0301VDE04500,107.0,10,3.12
PVDL-IDV1257064530-1728370010-8160,37.464148,127.139378,2024-10-08 09:02:24+00:00,2024,10,8,2024-10-08,1945,17.7,1505,2.57,-9.0,1100,-9.0,-9.0,-9.0,22.0,6.8,2248,124,0301VDE05000,-1.0,-1,-1.0
PVDL-IDV1257064540-1728366389-11745,37.468619,127.039692,2024-10-08 09:02:24+00:00,2024,10,8,2024-10-08,1945,17.7,1505,2.57,-9.0,1100,-9.0,-9.0,-9.0,22.0,6.8,2248,122,0301VDE04800,108.0,3,0.91
PVDL-IDV1257064650-1728339949-38220,37.611154,127.064939,2024-10-08 09:02:24+00:00,2024,10,8,2024-10-08,1945,17.7,1505,2.57,-9.0,1100,-9.0,-9.0,-9.0,22.0,6.8,2248,61,0010VDS26000,-1.0,-1,-1.0
PVDL-IDV1257064940-1728376995-1152,37.492092,127.030388,2024-10-08 09:02:24+00:00,2024,10,8,2024-10-08,1945,17.7,1505,2.57,-9.0,1100,-9.0,-9.0,-9.0,22.0,6.8,2248,120,0301VDE04700,100.0,0,0.0
PVDL-IDV1257065020-1728369522-8618,37.477823,127.113144,2024-10-08 09:02:24+00:00,2024,10,8,2024-10-08,1945,17.7,1505,2.57,-9.0,1100,-9.0,-9.0,-9.0,22.0,6.8,2248,124,0301VDE05000,-1.0,-1,-1.0
PVDL-IDV1257065040-1728372302-5868,37.509093,127.02232,2024-10-08 09:02:24+00:00,2024,10,8,2024-10-08,1945,17.7,1505,2.57,-9.0,1100,-9.0,-9.0,-9.0,22.0,6.8,2248,120,0301VDE04700,100.0,0,0.0
PVDL-IDV1257065050-1728368105-10028,37.483339,127.035267,2024-10-08 09:02:24+00:00,2024,10,8,2024-10-08,1945,17.7,1505,2.57,-9.0,1100,-9.0,-9.0,-9.0,22.0,6.8,2248,122,0301VDE04800,108.0,3,0.91
PVDL-IDV1257065090-1728376433-1717,37.504858,127.000337,2024-10-08 09:02:24+00:00,2024,10,8,2024-10-08,1945,17.7,1505,2.57,-9.0,1100,-9.0,-9.0,-9.0,22.0,6.8,2248,120,0301VDE04700,100.0,0,0.0
PVDL-IDV1257065390-1728373273-4861,37.468016,127.0931,2024-10-08 09:02:24+00:00,2024,10,8,2024-10-08,1945,17.7,1505,2.57,-9.0,1100,-9.0,-9.0,-9.0,22.0,6.8,2248,124,0301VDE05000,-1.0,-1,-1.0
PVDL-IDV1257065650-1728372198-5935,37.4771202,127.0386918,2024-10-08 09:02:24+00:00,2024,10,8,2024-10-08,1945,17.7,1505,2.57,-9.0,1100,-9.0,-9.0,-9.0,22.0,6.8,2248,122,0301VDE04800,108.0,3,0.91
PVDL-IDV1257065870-1728377198-941,37.575408,126.904859,2024-10-08 09:02:24+00:00,2024,10,8,2024-10-08,1945,17.7,1505,2.57,-9.0,1100,-9.0,-9.0,-9.0,22.0,6.8,2248,149,0301VDS03400,91.0,8,4.54
PVDL-IDV1257065880-1728369660-8510,37.472944,127.038797,2024-10-08 09:02:24+00:00,2024,10,8,2024-10-08,1945,17.7,1505,2.57,-9.0,1100,-9.0,-9.0,-9.0,22.0,6.8,2248,122,0301VDE04800,108.0,3,0.91
PVDL-IDV1257065890-1728369111-9022,37.455561,127.063166,2024-10-08 09:02:24+00:00,2024,10,8,2024-10-08,1945,17.7,1505,2.57,-9.0,1100,-9.0,-9.0,-9.0,22.0,6.8,2248,124,0301VDE05000,-1.0,-1,-1.0
PVDL-IDV1257065900-1728371772-6361,37.640688,127.022577,2024-10-08 09:02:24+00:00,2024,10,8,2024-10-08,1945,17.7,1505,2.57,-9.0,1100,-9.0,-9.0,-9.0,22.0,6.8,2248,77,0010VDS26300,103.5,10,8.0
PVDL-IDV1257065910-1728369369-8765,37.508315,126.961254,2024-10-08 09:02:24+00:00,2024,10,8,2024-10-08,1945,17.7,1505,2.57,-9.0,1100,-9.0,-9.0,-9.0,22.0,6.8,2248,118,0301VDE04500,107.0,10,3.12
PVDL-IDV1257066620-1728368994-9140,37.647993,127.080577,2024-10-08 09:02:24+00:00,2024,10,8,2024-10-08,1945,17.7,1505,2.57,-9.0,1100,-9.0,-9.0,-9.0,22.0,6.8,2248,73,0010VDS26200,100.0,0,0.0
PVDL-IDV1257066640-1728371643-6490,37.519363,126.959754,2024-10-08 09:02:24+00:00,2024,10,8,2024-10-08,1945,17.7,1505,2.57,-9.0,1100,-9.0,-9.0,-9.0,22.0,6.8,2248,114,0301VDE04200,114.5,7,2.32
PVDL-IDV1257066650-1728367777-10357,37.496497,126.845004,2024-10-08 09:02:24+00:00,2024,10,8,2024-10-08,1945,17.7,1505,2.57,-9.0,1100,-9.0,-9.0,-9.0,22.0,6.8,2248,106,0301VDE03500,118.0,9,2.58
PVDL-IDV1257066660-1728371329-6810,37.47369,126.898364,2024-10-08 09:02:24+00:00,2024,10,8,2024-10-08,1945,17.7,1505,2.57,-9.0,1100,-9.0,-9.0,-9.0,22.0,6.8,2248,110,0301VDE03800,97.0,8,2.8
PVDL-IDV1257066670-1728369895-8244,37.491908,126.82101,2024-10-08 09:02:24+00:00,2024,10,8,2024-10-08,1945,17.7,1505,2.57,-9.0,1100,-9.0,-9.0,-9.0,22.0,6.8,2248,104,0301VDE03400,121.5,9,2.46
PVDL-IDV1257066680-1728331588-46552,37.524321,126.928363,2024-10-08 09:02:24+00:00,2024,10,8,2024-10-08,1945,17.7,1505,2.57,-9.0,1100,-9.0,-9.0,-9.0,22.0,6.8,2248,112,0301VDE04100,109.0,5,1.73
PVDL-IDV1257066700-1728374751-3418,37.492061,126.821029,2024-10-08 09:02:24+00:00,2024,10,8,2024-10-08,1945,17.7,1505,2.57,-9.0,1100,-9.0,-9.0,-9.0,22.0,6.8,2248,104,0301VDE03400,121.5,9,2.46
PVDL-IDV1257066710-1728326806-51328,37.54841,126.95412,2024-10-08 09:02:24+00:00,2024,10,8,2024-10-08,1945,17.7,1505,2.57,-9.0,1100,-9.0,-9.0,-9.0,22.0,6.8,2248,112,0301VDE04100,109.0,5,1.73
PVDL-IDV1257066760-1728376771-1399,37.536379,126.940979,2024-10-08 09:02:24+00:00,2024,10,8,2024-10-08,1945,17.7,1505,2.57,-9.0,1100,-9.0,-9.0,-9.0,22.0,6.8,2248,112,0301VDE04100,109.0,5,1.73
PVDL-IDV1257066770-1728377199-935,37.659088,127.04094,2024-10-08 09:02:24+00:00,2024,10,8,2024-10-08,1945,17.7,1505,2.57,-9.0,1100,-9.0,-9.0,-9.0,22.0,6.8,2248,77,0010VDS26300,103.5,10,8.0
PVDL-IDV1257066790-1728365358-12782,37.6902,127.044048,2024-10-08 09:02:24+00:00,2024,10,8,2024-10-08,1945,17.7,1505,2.57,-9.0,1100,-9.0,-9.0,-9.0,22.0,6.8,2248,81,0010VDS26350,-1.0,-1,-1.0
PVDL-IDV1257066850-1728377899-235,37.690224,127.04381,2024-10-08 09:02:24+00:00,2024,10,8,2024-10-08,1945,17.7,1505,2.57,-9.0,1100,-9.0,-9.0,-9.0,22.0,6.8,2248,81,0010VDS26350,-1.0,-1,-1.0
PVDL-IDV1257066860-1728346071-32100,37.457183,126.889861,2024-10-08 09:02:24+00:00,2024,10,8,2024-10-08,1945,17.7,1505,2.57,-9.0,1100,-9.0,-9.0,-9.0,22.0,6.8,2248,110,0301VDE03800,97.0,8,2.8
PVDL-IDV1257066880-1728366343-11791,37.484842,126.903244,2024-10-08 09:02:24+00:00,2024,10,8,2024-10-08,1945,17.7,1505,2.57,-9.0,1100,-9.0,-9.0,-9.0,22.0,6.8,2248,110,0301VDE03800,97.0,8,2.8
PVDL-IDV1257066890-1728332158-45977,37.5603358,126.9708742,2024-10-08 09:02:24+00:00,2024,10,8,2024-10-08,1945,17.7,1505,2.57,-9.0,1100,-9.0,-9.0,-9.0,22.0,6.8,2248,114,0301VDE04200,114.5,7,2.32
PVDL-IDV1257066900-1728330503-47637,37.493273,126.835783,2024-10-08 09:02:24+00:00,2024,10,8,2024-10-08,1945,17.7,1505,2.57,-9.0,1100,-9.0,-9.0,-9.0,22.0,6.8,2248,106,0301VDE03500,118.0,9,2.58
PVDL-IDV1257066910-1728337713-40427,37.508872,126.888158,2024-10-08 09:02:24+00:00,2024,10,8,2024-10-08,1945,17.7,1505,2.57,-9.0,1100,-9.0,-9.0,-9.0,22.0,6.8,2248,110,0301VDE03800,97.0,8,2.8
PVDL-IDV1257066920-1728365141-13029,37.689854,127.043095,2024-10-08 09:02:24+00:00,2024,10,8,2024-10-08,1945,17.7,1505,2.57,-9.0,1100,-9.0,-9.0,-9.0,22.0,6.8,2248,81,0010VDS26350,-1.0,-1,-1.0
PVDL-IDV1257066990-1728377004-1129,37.435779,126.90301,2024-10-08 09:02:24+00:00,2024,10,8,2024-10-08,1945,17.7,1505,2.57,-9.0,1100,-9.0,-9.0,-9.0,22.0,6.8,2248,114,0301VDE04200,114.5,7,2.32
PVDL-IDV1257067040-1728345288-32852,37.508624,126.887763,2024-10-08 09:02:24+00:00,2024,10,8,2024-10-08,1945,17.7,1505,2.57,-9.0,1100,-9.0,-9.0,-9.0,22.0,6.8,2248,110,0301VDE03800,97.0,8,2.8
PVDL-IDV1257067060-1728335070-43066,37.506345,126.860239,2024-10-08 09:02:24+00:00,2024,10,8,2024-10-08,1945,17.7,1505,2.57,-9.0,1100,-9.0,-9.0,-9.0,22.0,6.8,2248,106,0301VDE03500,118.0,9,2.58
PVDL-IDV1257067070-1728363829-14304,37.512673,126.926377,2024-10-08 09:02:24+00:00,2024,10,8,2024-10-08,1945,17.7,1505,2.57,-9.0,1100,-9.0,-9.0,-9.0,22.0,6.8,2248,112,0301VDE04100,109.0,5,1.73
PVDL-IDV1257067080-1728369053-9081,37.512775,126.950705,2024-10-08 09:02:24+00:00,2024,10,8,2024-10-08,1945,17.7,1505,2.57,-9.0,1100,-9.0,-9.0,-9.0,22.0,6.8,2248,114,0301VDE04200,114.5,7,2.32
PVDL-IDV1257067090-1728375731-2403,37.483989,126.930033,2024-10-08 09:02:24+00:00,2024,10,8,2024-10-08,1945,17.7,1505,2.57,-9.0,1100,-9.0,-9.0,-9.0,22.0,6.8,2248,114,0301VDE04200,114.5,7,2.32
PVDL-IDV1257067100-1728371774-6359,37.56113,126.994029,2024-10-08 09:02:24+00:00,2024,10,8,2024-10-08,1945,17.7,1505,2.57,-9.0,1100,-9.0,-9.0,-9.0,22.0,6.8,2248,118,0301VDE04500,107.0,10,3.12
PVDL-IDV1257067120-1728368638-9495,37.55001,126.972003,2024-10-08 09:02:24+00:00,2024,10,8,2024-10-08,1945,17.7,1505,2.57,-9.0,1100,-9.0,-9.0,-9.0,22.0,6.8,2248,114,0301VDE04200,114.5,7,2.32
PVDL-IDV1257067130-1728369895-8244,37.485226,126.903355,2024-10-08 09:02:24+00:00,2024,10,8,2024-10-08,1945,17.7,1505,2.57,-9.0,1100,-9.0,-9.0,-9.0,22.0,6.8,2248,110,0301VDE03800,97.0,8,2.8
PVDL-IDV1257067140-1728370290-7844,37.513431,126.936648,2024-10-08 09:02:24+00:00,2024,10,8,2024-10-08,1945,17.7,1505,2.57,-9.0,1100,-9.0,-9.0,-9.0,22.0,6.8,2248,112,0301VDE04100,109.0,5,1.73
PVDL-IDV1257067150-1728346204-31929,37.457027,126.88997,2024-10-08 09:02:24+00:00,2024,10,8,2024-10-08,1945,17.7,1505,2.57,-9.0,1100,-9.0,-9.0,-9.0,22.0,6.8,2248,110,0301VDE03800,97.0,8,2.8
PVDL-IDV1257067160-1728366981-11152,37.45704,126.890024,2024-10-08 09:02:24+00:00,2024,10,8,2024-10-08,1945,17.7,1505,2.57,-9.0,1100,-9.0,-9.0,-9.0,22.0,6.8,2248,110,0301VDE03800,97.0,8,2.8
PVDL-IDV1257067170-1728362299-15834,37.575862,127.002209,2024-10-08 09:02:24+00:00,2024,10,8,2024-10-08,1945,17.7,1505,2.57,-9.0,1100,-9.0,-9.0,-9.0,22.0,6.8,2248,118,0301VDE04500,107.0,10,3.12
PVDL-IDV1257067180-1728365276-12858,37.54386,126.951024,2024-10-08 09:02:24+00:00,2024,10,8,2024-10-08,1945,17.7,1505,2.57,-9.0,1100,-9.0,-9.0,-9.0,22.0,6.8,2248,112,0301VDE04100,109.0,5,1.73
PVDL-IDV1257067190-1728374380-3790,37.491845,126.821056,2024-10-08 09:02:24+00:00,2024,10,8,2024-10-08,1945,17.7,1505,2.57,-9.0,1100,-9.0,-9.0,-9.0,22.0,6.8,2248,104,0301VDE03400,121.5,9,2.46
PVDL-IDV1257067200-1728327957-50182,37.548316,126.954225,2024-10-08 09:02:24+00:00,2024,10,8,2024-10-08,1945,17.7,1505,2.57,-9.0,1100,-9.0,-9.0,-9.0,22.0,6.8,2248,112,0301VDE04100,109.0,5,1.73
PVDL-IDV1257067220-1728372447-5686,37.544364,126.951335,2024-10-08 09:02:24+00:00,2024,10,8,2024-10-08,1945,17.7,1505,2.57,-9.0,1100,-9.0,-9.0,-9.0,22.0,6.8,2248,112,0301VDE04100,109.0,5,1.73
PVDL-IDV1257067230-1728377093-1047,37.5493174,126.9546138,2024-10-08 09:02:24+00:00,2024,10,8,2024-10-08,1945,17.7,1505,2.57,-9.0,1100,-9.0,-9.0,-9.0,22.0,6.8,2248,112,0301VDE04100,109.0,5,1.73
PVDL-IDV1257067240-1728358861-19272,37.681277,127.045631,2024-10-08 09:02:24+00:00,2024,10,8,2024-10-08,1945,17.7,1505,2.57,-9.0,1100,-9.0,-9.0,-9.0,22.0,6.8,2248,77,0010VDS26300,103.5,10,8.0
PVDL-IDV1257067260-1728378046-86,37.583247,126.999126,2024-10-08 09:02:24+00:00,2024,10,8,2024-10-08,1945,17.7,1505,2.57,-9.0,1100,-9.0,-9.0,-9.0,22.0,6.8,2248,118,0301VDE04500,107.0,10,3.12
PVDL-IDV1257067300-1728359199-18935,37.690146,127.044059,2024-10-08 09:02:24+00:00,2024,10,8,2024-10-08,1945,17.7,1505,2.57,-9.0,1100,-9.0,-9.0,-9.0,22.0,6.8,2248,81,0010VDS26350,-1.0,-1,-1.0
PVDL-IDV1257067330-1728326277-51855,37.5606361,126.9631505,2024-10-08 09:02:24+00:00,2024,10,8,2024-10-08,1945,17.7,1505,2.57,-9.0,1100,-9.0,-9.0,-9.0,22.0,6.8,2248,112,0301VDE04100,109.0,5,1.73
PVDL-IDV1257067340-1728363969-14164,37.575592,127.002157,2024-10-08 09:02:24+00:00,2024,10,8,2024-10-08,1945,17.7,1505,2.57,-9.0,1100,-9.0,-9.0,-9.0,22.0,6.8,2248,118,0301VDE04500,107.0,10,3.12
PVDL-IDV1257067350-1728369302-8831,37.491997,126.82115,2024-10-08 09:02:24+00:00,2024,10,8,2024-10-08,1945,17.7,1505,2.57,-9.0,1100,-9.0,-9.0,-9.0,22.0,6.8,2248,104,0301VDE03400,121.5,9,2.46
PVDL-IDV1257067360-1728374564-3570,37.478108,126.903682,2024-10-08 09:02:24+00:00,2024,10,8,2024-10-08,1945,17.7,1505,2.57,-9.0,1100,-9.0,-9.0,-9.0,22.0,6.8,2248,110,0301VDE03800,97.0,8,2.8
PVDL-IDV1257067370-1728365490-12644,37.479324,126.901788,2024-10-08 09:02:24+00:00,2024,10,8,2024-10-08,1945,17.7,1505,2.57,-9.0,1100,-9.0,-9.0,-9.0,22.0,6.8,2248,110,0301VDE03800,97.0,8,2.8
PVDL-IDV1257067390-1728377689-481,37.49749,126.898697,2024-10-08 09:02:24+00:00,2024,10,8,2024-10-08,1945,17.7,1505,2.57,-9.0,1100,-9.0,-9.0,-9.0,22.0,6.8,2248,110,0301VDE03800,97.0,8,2.8
PVDL-IDV1257067400-1728368844-9296,37.501242,126.845598,2024-10-08 09:02:24+00:00,2024,10,8,2024-10-08,1945,17.7,1505,2.57,-9.0,1100,-9.0,-9.0,-9.0,22.0,6.8,2248,106,0301VDE03500,118.0,9,2.58
PVDL-IDV1257067460-1728331769-46371,37.586386,127.001908,2024-10-08 09:02:24+00:00,2024,10,8,2024-10-08,1945,17.7,1505,2.57,-9.0,1100,-9.0,-9.0,-9.0,22.0,6.8,2248,118,0301VDE04500,107.0,10,3.12
PVDL-IDV1257067500-1728374972-3161,37.482885,126.945612,2024-10-08 09:02:24+00:00,2024,10,8,2024-10-08,1945,17.7,1505,2.57,-9.0,1100,-9.0,-9.0,-9.0,22.0,6.8,2248,116,0301VDE04400,100.5,9,3.19
PVDL-IDV1257067540-1728377035-1102,37.570202,126.978658,2024-10-08 09:02:24+00:00,2024,10,8,2024-10-08,1945,17.7,1505,2.57,-9.0,1100,-9.0,-9.0,-9.0,22.0,6.8,2248,114,0301VDE04200,114.5,7,2.32
PVDL-IDV1257067550-1728376987-1183,37.593799,127.018158,2024-10-08 09:02:24+00:00,2024,10,8,2024-10-08,1945,17.7,1505,2.57,-9.0,1100,-9.0,-9.0,-9.0,22.0,6.8,2248,118,0301VDE04500,107.0,10,3.12
PVDL-IDV1257067560-1728374496-3638,37.608481,127.029607,2024-10-08 09:02:24+00:00,2024,10,8,2024-10-08,1945,17.7,1505,2.57,-9.0,1100,-9.0,-9.0,-9.0,22.0,6.8,2248,118,0301VDE04500,107.0,10,3.12
PVDL-IDV1257067630-1728376831-1302,37.648681,127.034694,2024-10-08 09:02:24+00:00,2024,10,8,2024-10-08,1945,17.7,1505,2.57,-9.0,1100,-9.0,-9.0,-9.0,22.0,6.8,2248,77,0010VDS26300,103.5,10,8.0
PVDL-IDV1257067920-1728372564-5606,37.503708,126.921817,2024-10-08 09:02:24+00:00,2024,10,8,2024-10-08,1945,17.7,1505,2.57,-9.0,1100,-9.0,-9.0,-9.0,22.0,6.8,2248,112,0301VDE04100,109.0,5,1.73
PVDL-IDV1257067940-1728332414-45726,37.493156,126.910035,2024-10-08 09:02:24+00:00,2024,10,8,2024-10-08,1945,17.7,1505,2.57,-9.0,1100,-9.0,-9.0,-9.0,22.0,6.8,2248,112,0301VDE04100,109.0,5,1.73
PVDL-IDV1257067950-1728370162-7972,37.49662,126.913787,2024-10-08 09:02:24+00:00,2024,10,8,2024-10-08,1945,17.7,1505,2.57,-9.0,1100,-9.0,-9.0,-9.0,22.0,6.8,2248,112,0301VDE04100,109.0,5,1.73
PVDL-IDV1257067960-1728363558-14573,37.437187,126.902562,2024-10-08 09:02:24+00:00,2024,10,8,2024-10-08,1945,17.7,1505,2.57,-9.0,1100,-9.0,-9.0,-9.0,22.0,6.8,2248,114,0301VDE04200,114.5,7,2.32
PVDL-IDV1257067970-1728367267-10867,37.506488,126.910832,2024-10-08 09:02:24+00:00,2024,10,8,2024-10-08,1945,17.7,1505,2.57,-9.0,1100,-9.0,-9.0,-9.0,22.0,6.8,2248,112,0301VDE04100,109.0,5,1.73
PVDL-IDV1257067980-1728361065-17069,37.660077,127.041608,2024-10-08 09:02:24+00:00,2024,10,8,2024-10-08,1945,17.7,1505,2.57,-9.0,1100,-9.0,-9.0,-9.0,22.0,6.8,2248,77,0010VDS26300,103.5,10,8.0
PVDL-IDV1257068000-1728335490-42646,37.466898,126.897734,2024-10-08 09:02:24+00:00,2024,10,8,2024-10-08,1945,17.7,1505,2.57,-9.0,1100,-9.0,-9.0,-9.0,22.0,6.8,2248,110,0301VDE03800,97.0,8,2.8
PVDL-IDV1257070120-1728366836-11334,37.591828,126.941265,2024-10-08 09:02:24+00:00,2024,10,8,2024-10-08,1945,17.7,1505,2.57,-9.0,1100,-9.0,-9.0,-9.0,22.0,6.8,2248,112,0301VDE04100,109.0,5,1.73
PVDL-IDV1257070130-1728370750-7417,37.629605,126.881842,2024-10-08 09:02:24+00:00,2024,10,8,2024-10-08,1945,17.7,1505,2.57,-9.0,1100,-9.0,-9.0,-9.0,22.0,6.8,2248,143,0301VDS02900,90.5,8,4.78
PVDL-IDV1257070140-1728354516-23641,37.599356,126.916728,2024-10-08 09:02:24+00:00,2024,10,8,2024-10-08,1945,17.7,1505,2.57,-9.0,1100,-9.0,-9.0,-9.0,22.0,6.8,2248,144,0301VDS03100,115.5,4,1.09
PVDL-IDV1257070330-1728335772-42361,37.707331,126.970975,2024-10-08 09:02:24+00:00,2024,10,8,2024-10-08,1945,17.7,1505,2.57,-9.0,1100,-9.0,-9.0,-9.0,22.0,6.8,2248,81,0010VDS26350,-1.0,-1,-1.0
PVDL-IDV1257070340-1728333834-44298,37.639227,126.919224,2024-10-08 09:02:24+00:00,2024,10,8,2024-10-08,1945,17.7,1505,2.57,-9.0,1100,-9.0,-9.0,-9.0,22.0,6.8,2248,143,0301VDS02900,90.5,8,4.78
PVDL-IDV1257072480-1728376111-2022,37.590381,126.916778,2024-10-08 09:02:24+00:00,2024,10,8,2024-10-08,1945,17.7,1505,2.57,-9.0,1100,-9.0,-9.0,-9.0,22.0,6.8,2248,110,0301VDE03800,97.0,8,2.8
PVDL-IDV1257072510-1728375489-2645,37.653643,126.790422,2024-10-08 09:02:24+00:00,2024,10,8,2024-10-08,1945,17.7,1505,2.57,-9.0,1100,-9.0,-9.0,-9.0,22.0,6.8,2248,131,0301VDS02100,95.5,5,3.17
PVDL-IDV1257072520-1728366485-11649,37.651891,126.787151,2024-10-08 09:02:24+00:00,2024,10,8,2024-10-08,1945,17.7,1505,2.57,-9.0,1100,-9.0,-9.0,-9.0,22.0,6.8,2248,129,0301VDS01900,97.5,4,1.92
PVDL-IDV1257072730-1728348193-29939,37.5914985,126.8832995,2024-10-08 09:02:24+00:00,2024,10,8,2024-10-08,1945,17.7,1505,2.57,-9.0,1100,-9.0,-9.0,-9.0,22.0,6.8,2248,143,0301VDS02900,90.5,8,4.78
PVDL-IDV1257072750-1728333151-44983,37.584511,126.923951,2024-10-08 09:02:24+00:00,2024,10,8,2024-10-08,1945,17.7,1505,2.57,-9.0,1100,-9.0,-9.0,-9.0,22.0,6.8,2248,112,0301VDE04100,109.0,5,1.73
PVDL-IDV1257072760-1728363817-14316,37.578064,126.921625,2024-10-08 09:02:24+00:00,2024,10,8,2024-10-08,1945,17.7,1505,2.57,-9.0,1100,-9.0,-9.0,-9.0,22.0,6.8,2248,112,0301VDE04100,109.0,5,1.73
PVDL-IDV1257072880-1728357886-20247,37.5757738,126.9727679,2024-10-08 09:02:24+00:00,2024,10,8,2024-10-08,1945,17.7,1505,2.57,-9.0,1100,-9.0,-9.0,-9.0,22.0,6.8,2248,112,0301VDE04100,109.0,5,1.73
PVDL-IDV1257072890-1728368243-9897,37.579469,126.900112,2024-10-08 09:02:24+00:00,2024,10,8,2024-10-08,1945,17.7,1505,2.57,-9.0,1100,-9.0,-9.0,-9.0,22.0,6.8,2248,144,0301VDS03100,115.5,4,1.09
PVDL-IDV1257072910-1728332171-45962,37.592517,126.884982,2024-10-08 09:02:24+00:00,2024,10,8,2024-10-08,1945,17.7,1505,2.57,-9.0,1100,-9.0,-9.0,-9.0,22.0,6.8,2248,143,0301VDS02900,90.5,8,4.78
PVDL-IDV1257072930-1728337037-41096,37.585879,126.91901,2024-10-08 09:02:24+00:00,2024,10,8,2024-10-08,1945,17.7,1505,2.57,-9.0,1100,-9.0,-9.0,-9.0,22.0,6.8,2248,112,0301VDE04100,109.0,5,1.73
PVDL-IDV1257077750-1728351806-26364,37.5656371,126.9670015,2024-10-08 09:02:24+00:00,2024,10,8,2024-10-08,1945,17.7,1505,2.57,-9.0,1100,-9.0,-9.0,-9.0,22.0,6.8,2248,112,0301VDE04100,109.0,5,1.73
PVDL-IDV1257077760-1728339912-38258,37.5686918,126.9161498,2024-10-08 09:02:24+00:00,2024,10,8,2024-10-08,1945,17.7,1505,2.57,-9.0,1100,-9.0,-9.0,-9.0,22.0,6.8,2248,112,0301VDE04100,109.0,5,1.73
PVDL-IDV1257077800-1728341678-36461,37.513524,126.955942,2024-10-08 09:02:24+00:00,2024,10,8,2024-10-08,1945,17.7,1505,2.57,-9.0,1100,-9.0,-9.0,-9.0,22.0,6.8,2248,114,0301VDE04200,114.5,7,2.32
PVDL-IDV1257078120-1728371253-6881,37.613218,127.030159,2024-10-08 09:02:24+00:00,2024,10,8,2024-10-08,1945,17.7,1505,2.57,-9.0,1100,-9.0,-9.0,-9.0,22.0,6.8,2248,118,0301VDE04500,107.0,10,3.12
PVDL-IDV1257079010-1728376048-2085,37.544575,126.889471,2024-10-08 09:02:24+00:00,2024,10,8,2024-10-08,1945,17.7,1505,2.57,-9.0,1100,-9.0,-9.0,-9.0,22.0,6.8,2248,106,0301VDE03500,118.0,9,2.58
PVDL-IDV1257079030-1728376436-1703,37.555741,126.852236,2024-10-08 09:02:24+00:00,2024,10,8,2024-10-08,1945,17.7,1505,2.57,-9.0,1100,-9.0,-9.0,-9.0,22.0,6.8,2248,144,0301VDS03100,115.5,4,1.09
PVDL-IDV1257079180-1728377659-474,37.533481,126.838485,2024-10-08 09:02:24+00:00,2024,10,8,2024-10-08,1945,17.7,1505,2.57,-9.0,1100,-9.0,-9.0,-9.0,22.0,6.8,2248,146,0301VDS03200,-1.0,-1,-1.0
PVDL-IDV1257079230-1728330930-47204,37.524367,126.830571,2024-10-08 09:02:24+00:00,2024,10,8,2024-10-08,1945,17.7,1505,2.57,-9.0,1100,-9.0,-9.0,-9.0,22.0,6.8,2248,146,0301VDS03200,-1.0,-1,-1.0
PVDL-IDV1257079240-1728354235-23904,37.524564,126.830663,2024-10-08 09:02:24+00:00,2024,10,8,2024-10-08,1945,17.7,1505,2.57,-9.0,1100,-9.0,-9.0,-9.0,22.0,6.8,2248,146,0301VDS03200,-1.0,-1,-1.0
PVDL-IDV1257079360-1728376389-1744,37.522293,126.842714,2024-10-08 09:02:24+00:00,2024,10,8,2024-10-08,1945,17.7,1505,2.57,-9.0,1100,-9.0,-9.0,-9.0,22.0,6.8,2248,146,0301VDS03200,-1.0,-1,-1.0
PVDL-IDV1257079740-1728367384-10755,37.51797,126.841604,2024-10-08 09:02:24+00:00,2024,10,8,2024-10-08,1945,17.7,1505,2.57,-9.0,1100,-9.0,-9.0,-9.0,22.0,6.8,2248,104,0301VDE03400,121.5,9,2.46
PVDL-IDV1257079750-1728375538-2604,37.537665,126.899222,2024-10-08 09:02:24+00:00,2024,10,8,2024-10-08,1945,17.7,1505,2.57,-9.0,1100,-9.0,-9.0,-9.0,22.0,6.8,2248,110,0301VDE03800,97.0,8,2.8
PVDL-IDV1257079760-1728376124-2022,37.557229,126.952231,2024-10-08 09:02:24+00:00,2024,10,8,2024-10-08,1945,17.7,1505,2.57,-9.0,1100,-9.0,-9.0,-9.0,22.0,6.8,2248,112,0301VDE04100,109.0,5,1.73
PVDL-IDV1257079770-1728362352-15788,37.5552432,126.9365734,2024-10-08 09:02:24+00:00,2024,10,8,2024-10-08,1945,17.7,1505,2.57,-9.0,1100,-9.0,-9.0,-9.0,22.0,6.8,2248,112,0301VDE04100,109.0,5,1.73
PVDL-IDV1257079790-1728363454-14679,37.537105,126.884658,2024-10-08 09:02:24+00:00,2024,10,8,2024-10-08,1945,17.7,1505,2.57,-9.0,1100,-9.0,-9.0,-9.0,22.0,6.8,2248,106,0301VDE03500,118.0,9,2.58
PVDL-IDV1257079800-1728328523-49611,37.5566748,126.9235159,2024-10-08 09:02:24+00:00,2024,10,8,2024-10-08,1945,17.7,1505,2.57,-9.0,1100,-9.0,-9.0,-9.0,22.0,6.8,2248,112,0301VDE04100,109.0,5,1.73
PVDL-IDV1257079810-1728355375-22771,37.53562,126.898565,2024-10-08 09:02:24+00:00,2024,10,8,2024-10-08,1945,17.7,1505,2.57,-9.0,1100,-9.0,-9.0,-9.0,22.0,6.8,2248,110,0301VDE03800,97.0,8,2.8
PVDL-IDV1257079820-1728330655-47485,37.521827,126.85921,2024-10-08 09:02:24+00:00,2024,10,8,2024-10-08,1945,17.7,1505,2.57,-9.0,1100,-9.0,-9.0,-9.0,22.0,6.8,2248,149,0301VDS03400,91.0,8,4.54
PVDL-IDV1257079840-1728370753-7417,37.525358,126.869595,2024-10-08 09:02:24+00:00,2024,10,8,2024-10-08,1945,17.7,1505,2.57,-9.0,1100,-9.0,-9.0,-9.0,22.0,6.8,2248,106,0301VDE03500,118.0,9,2.58
PVDL-IDV1257079960-1728350382-27788,37.516903,126.838222,2024-10-08 09:02:24+00:00,2024,10,8,2024-10-08,1945,17.7,1505,2.57,-9.0,1100,-9.0,-9.0,-9.0,22.0,6.8,2248,146,0301VDS03200,-1.0,-1,-1.0
PVDL-IDV1257080150-1728362907-15227,37.529504,126.838486,2024-10-08 09:02:24+00:00,2024,10,8,2024-10-08,1945,17.7,1505,2.57,-9.0,1100,-9.0,-9.0,-9.0,22.0,6.8,2248,146,0301VDS03200,-1.0,-1,-1.0
PVDL-IDV1257080160-1728368422-9718,37.5372,126.837072,2024-10-08 09:02:24+00:00,2024,10,8,2024-10-08,1945,17.7,1505,2.57,-9.0,1100,-9.0,-9.0,-9.0,22.0,6.8,2248,144,0301VDS03100,115.5,4,1.09
PVDL-IDV1257080210-1728368532-9599,37.544402,126.905307,2024-10-08 09:02:24+00:00,2024,10,8,2024-10-08,1945,17.7,1505,2.57,-9.0,1100,-9.0,-9.0,-9.0,22.0,6.8,2248,110,0301VDE03800,97.0,8,2.8
PVDL-IDV1257080230-1728372502-5638,37.571934,127.011671,2024-10-08 09:02:24+00:00,2024,10,8,2024-10-08,1945,17.7,1505,2.57,-9.0,1100,-9.0,-9.0,-9.0,22.0,6.8,2248,118,0301VDE04500,107.0,10,3.12
PVDL-IDV1257081620-1728375245-2900,37.566064,126.834479,2024-10-08 09:02:24+00:00,2024,10,8,2024-10-08,1945,17.7,1505,2.57,-9.0,1100,-9.0,-9.0,-9.0,22.0,6.8,2248,143,0301VDS02900,90.5,8,4.78
PVDL-IDV1257083170-1728343777-34393,37.506477,126.829515,2024-10-08 09:02:24+00:00,2024,10,8,2024-10-08,1945,17.7,1505,2.57,-9.0,1100,-9.0,-9.0,-9.0,22.0,6.8,2248,104,0301VDE03400,121.5,9,2.46
PVDL-IDV1257089280-1728338420-39720,37.452204,127.001113,2024-10-08 09:02:24+00:00,2024,10,8,2024-10-08,1945,17.7,1505,2.57,-9.0,1100,-9.0,-9.0,-9.0,22.0,6.8,2248,122,0301VDE04800,108.0,3,0.91
PVDL-IDV1257089300-1728336622-41512,37.460605,127.036027,2024-10-08 09:02:24+00:00,2024,10,8,2024-10-08,1945,17.7,1505,2.57,-9.0,1100,-9.0,-9.0,-9.0,22.0,6.8,2248,124,0301VDE05000,-1.0,-1,-1.0
PVDL-IDV1257089320-1728377360-773,37.302653,126.958687,2024-10-08 09:02:24+00:00,2024,10,8,2024-10-08,1945,17.7,1505,2.57,-9.0,1100,-9.0,-9.0,-9.0,22.0,6.8,2248,126,0301VDE05100,107.0,2,0.59
PVDL-IDV1257089330-1728378136-0,37.372439,126.964641,2024-10-08 09:02:24+00:00,2024,10,8,2024-10-08,1945,17.7,1505,2.57,-9.0,1100,-9.0,-9.0,-9.0,22.0,6.8,2248,126,0301VDE05100,107.0,2,0.59
PVDL-IDV1257089350-1728366165-12005,37.504718,127.02426,2024-10-08 09:02:24+00:00,2024,10,8,2024-10-08,1945,17.7,1505,2.57,-9.0,1100,-9.0,-9.0,-9.0,22.0,6.8,2248,120,0301VDE04700,100.0,0,0.0
PVDL-IDV1257089370-1728337677-40465,37.500782,127.026321,2024-10-08 09:02:24+00:00,2024,10,8,2024-10-08,1945,17.7,1505,2.57,-9.0,1100,-9.0,-9.0,-9.0,22.0,6.8,2248,120,0301VDE04700,100.0,0,0.0
PVDL-IDV1257089380-1728357991-20149,37.302709,126.958815,2024-10-08 09:02:24+00:00,2024,10,8,2024-10-08,1945,17.7,1505,2.57,-9.0,1100,-9.0,-9.0,-9.0,22.0,6.8,2248,126,0301VDE05100,107.0,2,0.59
PVDL-IDV1257089530-1728346255-31915,37.333008,126.956921,2024-10-08 09:02:24+00:00,2024,10,8,2024-10-08,1945,17.7,1505,2.57,-9.0,1100,-9.0,-9.0,-9.0,22.0,6.8,2248,126,0301VDE05100,107.0,2,0.59
PVDL-IDV1257089540-1728347796-30344,37.464479,127.041079,2024-10-08 09:02:24+00:00,2024,10,8,2024-10-08,1945,17.7,1505,2.57,-9.0,1100,-9.0,-9.0,-9.0,22.0,6.8,2248,124,0301VDE05000,-1.0,-1,-1.0
PVDL-IDV1257089570-1728377152-981,37.347632,126.974362,2024-10-08 09:02:24+00:00,2024,10,8,2024-10-08,1945,17.7,1505,2.57,-9.0,1100,-9.0,-9.0,-9.0,22.0,6.8,2248,126,0301VDE05100,107.0,2,0.59
PVDL-IDV1257089580-1728339781-38359,37.417284,126.986611,2024-10-08 09:02:24+00:00,2024,10,8,2024-10-08,1945,17.7,1505,2.57,-9.0,1100,-9.0,-9.0,-9.0,22.0,6.8,2248,126,0301VDE05100,107.0,2,0.59
PVDL-IDV1257089590-1728345495-32645,37.435708,126.996652,2024-10-08 09:02:24+00:00,2024,10,8,2024-10-08,1945,17.7,1505,2.57,-9.0,1100,-9.0,-9.0,-9.0,22.0,6.8,2248,124,0301VDE05000,-1.0,-1,-1.0
PVDL-IDV1257089600-1728371079-7063,37.471503,127.038867,2024-10-08 09:02:24+00:00,2024,10,8,2024-10-08,1945,17.7,1505,2.57,-9.0,1100,-9.0,-9.0,-9.0,22.0,6.8,2248,122,0301VDE04800,108.0,3,0.91
PVDL-IDV1257089640-1728338999-39141,37.455544,127.00911,2024-10-08 09:02:24+00:00,2024,10,8,2024-10-08,1945,17.7,1505,2.57,-9.0,1100,-9.0,-9.0,-9.0,22.0,6.8,2248,122,0301VDE04800,108.0,3,0.91
PVDL-IDV1257090080-1728365980-12154,37.426213,126.989746,2024-10-08 09:02:24+00:00,2024,10,8,2024-10-08,1945,17.7,1505,2.57,-9.0,1100,-9.0,-9.0,-9.0,22.0,6.8,2248,126,0301VDE05100,107.0,2,0.59
PVDL-IDV1257090100-1728369895-8244,37.32898,126.956775,2024-10-08 09:02:24+00:00,2024,10,8,2024-10-08,1945,17.7,1505,2.57,-9.0,1100,-9.0,-9.0,-9.0,22.0,6.8,2248,126,0301VDE05100,107.0,2,0.59
PVDL-IDV1257093670-1728326956-51183,37.493802,127.054187,2024-10-08 09:02:24+00:00,2024,10,8,2024-10-08,1945,17.7,1505,2.57,-9.0,1100,-9.0,-9.0,-9.0,22.0,6.8,2248,122,0301VDE04800,108.0,3,0.91
PVDL-IDV1257093730-1728375860-2290,37.516634,127.041469,2024-10-08 09:02:24+00:00,2024,10,8,2024-10-08,1945,17.7,1505,2.57,-9.0,1100,-9.0,-9.0,-9.0,22.0,6.8,2248,120,0301VDE04700,100.0,0,0.0
PVDL-IDV1257093740-1728334079-44055,37.534895,127.006725,2024-10-08 09:02:24+00:00,2024,10,8,2024-10-08,1945,17.7,1505,2.57,-9.0,1100,-9.0,-9.0,-9.0,22.0,6.8,2248,118,0301VDE04500,107.0,10,3.12
PVDL-IDV1257093750-1728374564-3585,37.561961,126.988942,2024-10-08 09:02:24+00:00,2024,10,8,2024-10-08,1945,17.7,1505,2.57,-9.0,1100,-9.0,-9.0,-9.0,22.0,6.8,2248,118,0301VDE04500,107.0,10,3.12
PVDL-IDV1257093760-1728375934-2213,37.532387,127.008769,2024-10-08 09:02:24+00:00,2024,10,8,2024-10-08,1945,17.7,1505,2.57,-9.0,1100,-9.0,-9.0,-9.0,22.0,6.8,2248,118,0301VDE04500,107.0,10,3.12
PVDL-IDV1257095150-1728361054-17079,37.480663,127.135946,2024-10-08 09:02:24+00:00,2024,10,8,2024-10-08,1945,17.7,1505,2.57,-9.0,1100,-9.0,-9.0,-9.0,22.0,6.8,2248,124,0301VDE05000,-1.0,-1,-1.0
PVDL-IDV1257095170-1728368902-9237,37.53579,127.00563,2024-10-08 09:02:24+00:00,2024,10,8,2024-10-08,1945,17.7,1505,2.57,-9.0,1100,-9.0,-9.0,-9.0,22.0,6.8,2248,118,0301VDE04500,107.0,10,3.12
PVDL-IDV1257095180-1728371473-6661,37.530246,127.010319,2024-10-08 09:02:24+00:00,2024,10,8,2024-10-08,1945,17.7,1505,2.57,-9.0,1100,-9.0,-9.0,-9.0,22.0,6.8,2248,118,0301VDE04500,107.0,10,3.12
PVDL-IDV1257095190-1728371519-6651,37.507956,127.022768,2024-10-08 09:02:24+00:00,2024,10,8,2024-10-08,1945,17.7,1505,2.57,-9.0,1100,-9.0,-9.0,-9.0,22.0,6.8,2248,120,0301VDE04700,100.0,0,0.0
PVDL-IDV1257095200-1728364771-13363,37.486699,127.067107,2024-10-08 09:02:24+00:00,2024,10,8,2024-10-08,1945,17.7,1505,2.57,-9.0,1100,-9.0,-9.0,-9.0,22.0,6.8,2248,122,0301VDE04800,108.0,3,0.91
PVDL-IDV1257095220-1728374333-3837,37.567329,126.977594,2024-10-08 09:02:24+00:00,2024,10,8,2024-10-08,1945,17.7,1505,2.57,-9.0,1100,-9.0,-9.0,-9.0,22.0,6.8,2248,114,0301VDE04200,114.5,7,2.32
PVDL-IDV1257095230-1728368271-9863,37.556104,126.977064,2024-10-08 09:02:24+00:00,2024,10,8,2024-10-08,1945,17.7,1505,2.57,-9.0,1100,-9.0,-9.0,-9.0,22.0,6.8,2248,118,0301VDE04500,107.0,10,3.12
PVDL-IDV1257095240-1728365656-12483,37.492798,127.128871,2024-10-08 09:02:24+00:00,2024,10,8,2024-10-08,1945,17.7,1505,2.57,-9.0,1100,-9.0,-9.0,-9.0,22.0,6.8,2248,124,0301VDE05000,-1.0,-1,-1.0
PVDL-IDV1257095250-1728370697-7437,37.5649665,126.9772276,2024-10-08 09:02:24+00:00,2024,10,8,2024-10-08,1945,17.7,1505,2.57,-9.0,1100,-9.0,-9.0,-9.0,22.0,6.8,2248,114,0301VDE04200,114.5,7,2.32
PVDL-IDV1257095340-1728325373-52761,37.52957,126.92819,2024-10-08 09:02:24+00:00,2024,10,8,2024-10-08,1945,17.7,1505,2.57,-9.0,1100,-9.0,-9.0,-9.0,22.0,6.8,2248,112,0301VDE04100,109.0,5,1.73
PVDL-IDV1257095420-1728328001-50133,37.478894,127.119792,2024-10-08 09:02:24+00:00,2024,10,8,2024-10-08,1945,17.7,1505,2.57,-9.0,1100,-9.0,-9.0,-9.0,22.0,6.8,2248,124,0301VDE05000,-1.0,-1,-1.0
PVDL-IDV1257095430-1728329773-48366,37.489793,127.069414,2024-10-08 09:02:24+00:00,2024,10,8,2024-10-08,1945,17.7,1505,2.57,-9.0,1100,-9.0,-9.0,-9.0,22.0,6.8,2248,122,0301VDE04800,108.0,3,0.91
PVDL-IDV1257095470-1728369325-8845,37.4868527,127.032868,2024-10-08 09:02:24+00:00,2024,10,8,2024-10-08,1945,17.7,1505,2.57,-9.0,1100,-9.0,-9.0,-9.0,22.0,6.8,2248,120,0301VDE04700,100.0,0,0.0
PVDL-IDV1257095500-1728367580-10554,37.541307,126.996489,2024-10-08 09:02:24+00:00,2024,10,8,2024-10-08,1945,17.7,1505,2.57,-9.0,1100,-9.0,-9.0,-9.0,22.0,6.8,2248,118,0301VDE04500,107.0,10,3.12
PVDL-IDV1257095510-1728368629-9505,37.559569,126.972073,2024-10-08 09:02:24+00:00,2024,10,8,2024-10-08,1945,17.7,1505,2.57,-9.0,1100,-9.0,-9.0,-9.0,22.0,6.8,2248,114,0301VDE04200,114.5,7,2.32
PVDL-IDV1257095550-1728369423-8711,37.5338846,127.0074521,2024-10-08 09:02:24+00:00,2024,10,8,2024-10-08,1945,17.7,1505,2.57,-9.0,1100,-9.0,-9.0,-9.0,22.0,6.8,2248,118,0301VDE04500,107.0,10,3.12
PVDL-IDV1257095560-1728370083-8050,37.5067856,127.0234511,2024-10-08 09:02:24+00:00,2024,10,8,2024-10-08,1945,17.7,1505,2.57,-9.0,1100,-9.0,-9.0,-9.0,22.0,6.8,2248,120,0301VDE04700,100.0,0,0.0
PVDL-IDV1257095580-1728371469-6665,37.490687,127.031261,2024-10-08 09:02:24+00:00,2024,10,8,2024-10-08,1945,17.7,1505,2.57,-9.0,1100,-9.0,-9.0,-9.0,22.0,6.8,2248,120,0301VDE04700,100.0,0,0.0
PVDL-IDV1257095590-1728373146-4988,37.486462,127.045432,2024-10-08 09:02:24+00:00,2024,10,8,2024-10-08,1945,17.7,1505,2.57,-9.0,1100,-9.0,-9.0,-9.0,22.0,6.8,2248,122,0301VDE04800,108.0,3,0.91
PVDL-IDV1257095630-1728375581-2552,37.477002,127.110227,2024-10-08 09:02:24+00:00,2024,10,8,2024-10-08,1945,17.7,1505,2.57,-9.0,1100,-9.0,-9.0,-9.0,22.0,6.8,2248,124,0301VDE05000,-1.0,-1,-1.0
PVDL-IDV1257095810-1728375624-2509,37.487013,127.102189,2024-10-08 09:02:24+00:00,2024,10,8,2024-10-08,1945,17.7,1505,2.57,-9.0,1100,-9.0,-9.0,-9.0,22.0,6.8,2248,124,0301VDE05000,-1.0,-1,-1.0
PVDL-IDV1257095840-1728328263-49870,37.480781,127.136005,2024-10-08 09:02:24+00:00,2024,10,8,2024-10-08,1945,17.7,1505,2.57,-9.0,1100,-9.0,-9.0,-9.0,22.0,6.8,2248,124,0301VDE05000,-1.0,-1,-1.0
PVDL-IDV1257097040-1728365430-12703,37.60446,127.090709,2024-10-08 09:02:24+00:00,2024,10,8,2024-10-08,1945,17.7,1505,2.57,-9.0,1100,-9.0,-9.0,-9.0,22.0,6.8,2248,61,0010VDS26000,-1.0,-1,-1.0
PVDL-IDV1257097050-1728372417-5753,37.526816,126.926079,2024-10-08 09:02:24+00:00,2024,10,8,2024-10-08,1945,17.7,1505,2.57,-9.0,1100,-9.0,-9.0,-9.0,22.0,6.8,2248,112,0301VDE04100,109.0,5,1.73
PVDL-IDV1257097070-1728368621-9513,37.584573,127.001586,2024-10-08 09:02:24+00:00,2024,10,8,2024-10-08,1945,17.7,1505,2.57,-9.0,1100,-9.0,-9.0,-9.0,22.0,6.8,2248,118,0301VDE04500,107.0,10,3.12
PVDL-IDV1257097090-1728370311-7821,37.555712,126.935268,2024-10-08 09:02:24+00:00,2024,10,8,2024-10-08,1945,17.7,1505,2.57,-9.0,1100,-9.0,-9.0,-9.0,22.0,6.8,2248,112,0301VDE04100,109.0,5,1.73
PVDL-IDV1257112230-1728333550-44584,37.5709882,127.0015862,2024-10-08 09:02:24+00:00,2024,10,8,2024-10-08,1945,17.7,1505,2.57,-9.0,1100,-9.0,-9.0,-9.0,22.0,6.8,2248,118,0301VDE04500,107.0,10,3.12
PVDL-IDV1257112250-1728377448-692,37.570295,126.988869,2024-10-08 09:02:24+00:00,2024,10,8,2024-10-08,1945,17.7,1505,2.57,-9.0,1100,-9.0,-9.0,-9.0,22.0,6.8,2248,118,0301VDE04500,107.0,10,3.12
PVDL-IDV1257112270-1728334178-43961,37.570337,126.977573,2024-10-08 09:02:24+00:00,2024,10,8,2024-10-08,1945,17.7,1505,2.57,-9.0,1100,-9.0,-9.0,-9.0,22.0,6.8,2248,114,0301VDE04200,114.5,7,2.32
PVDL-IDV1257112280-1728374504-3630,37.602016,127.032847,2024-10-08 09:02:24+00:00,2024,10,8,2024-10-08,1945,17.7,1505,2.57,-9.0,1100,-9.0,-9.0,-9.0,22.0,6.8,2248,118,0301VDE04500,107.0,10,3.12
PVDL-IDV1257112290-1728374713-3421,37.610344,127.030389,2024-10-08 09:02:24+00:00,2024,10,8,2024-10-08,1945,17.7,1505,2.57,-9.0,1100,-9.0,-9.0,-9.0,22.0,6.8,2248,118,0301VDE04500,107.0,10,3.12
PVDL-IDV1257112320-1728338079-40055,37.649098,127.034929,2024-10-08 09:02:24+00:00,2024,10,8,2024-10-08,1945,17.7,1505,2.57,-9.0,1100,-9.0,-9.0,-9.0,22.0,6.8,2248,77,0010VDS26300,103.5,10,8.0
PVDL-IDV1257112330-1728373879-4254,37.570315,126.982916,2024-10-08 09:02:24+00:00,2024,10,8,2024-10-08,1945,17.7,1505,2.57,-9.0,1100,-9.0,-9.0,-9.0,22.0,6.8,2248,118,0301VDE04500,107.0,10,3.12
PVDL-IDV1257112340-1728326654-51486,37.663992,127.012099,2024-10-08 09:02:24+00:00,2024,10,8,2024-10-08,1945,17.7,1505,2.57,-9.0,1100,-9.0,-9.0,-9.0,22.0,6.8,2248,77,0010VDS26300,103.5,10,8.0
PVDL-IDV1257112350-1728335595-42541,37.5731478,127.0159514,2024-10-08 09:02:24+00:00,2024,10,8,2024-10-08,1945,17.7,1505,2.57,-9.0,1100,-9.0,-9.0,-9.0,22.0,6.8,2248,118,0301VDE04500,107.0,10,3.12
PVDL-IDV1257112410-1728377764-369,37.660773,127.014147,2024-10-08 09:02:24+00:00,2024,10,8,2024-10-08,1945,17.7,1505,2.57,-9.0,1100,-9.0,-9.0,-9.0,22.0,6.8,2248,77,0010VDS26300,103.5,10,8.0
PVDL-IDV1257112420-1728374926-3223,37.660795,127.01421,2024-10-08 09:02:24+00:00,2024,10,8,2024-10-08,1945,17.7,1505,2.57,-9.0,1100,-9.0,-9.0,-9.0,22.0,6.8,2248,77,0010VDS26300,103.5,10,8.0
PVDL-IDV1257112570-1728376967-1175,37.5923264,127.0143494,2024-10-08 09:02:24+00:00,2024,10,8,2024-10-08,1945,17.7,1505,2.57,-9.0,1100,-9.0,-9.0,-9.0,22.0,6.8,2248,118,0301VDE04500,107.0,10,3.12
PVDL-IDV1257112680-1728376334-1811,37.660902,127.014246,2024-10-08 09:02:24+00:00,2024,10,8,2024-10-08,1945,17.7,1505,2.57,-9.0,1100,-9.0,-9.0,-9.0,22.0,6.8,2248,77,0010VDS26300,103.5,10,8.0
PVDL-IDV1257112870-1728374771-3363,37.592201,127.013952,2024-10-08 09:02:24+00:00,2024,10,8,2024-10-08,1945,17.7,1505,2.57,-9.0,1100,-9.0,-9.0,-9.0,22.0,6.8,2248,118,0301VDE04500,107.0,10,3.12
PVDL-IDV1257118130-1728365093-13047,37.63766,127.025182,2024-10-08 09:02:24+00:00,2024,10,8,2024-10-08,1945,17.7,1505,2.57,-9.0,1100,-9.0,-9.0,-9.0,22.0,6.8,2248,77,0010VDS26300,103.5,10,8.0
PVDL-IDV1257118140-1728371235-6899,37.513889,127.020259,2024-10-08 09:02:24+00:00,2024,10,8,2024-10-08,1945,17.7,1505,2.57,-9.0,1100,-9.0,-9.0,-9.0,22.0,6.8,2248,120,0301VDE04700,100.0,0,0.0
PVDL-IDV1257118150-1728377228-942,37.617441,127.029717,2024-10-08 09:02:24+00:00,2024,10,8,2024-10-08,1945,17.7,1505,2.57,-9.0,1100,-9.0,-9.0,-9.0,22.0,6.8,2248,118,0301VDE04500,107.0,10,3.12
PVDL-IDV1257118170-1728376135-1999,37.5687895,126.9637877,2024-10-08 09:02:24+00:00,2024,10,8,2024-10-08,1945,17.7,1505,2.57,-9.0,1100,-9.0,-9.0,-9.0,22.0,6.8,2248,112,0301VDE04100,109.0,5,1.73
PVDL-IDV1257118230-1728371431-6740,37.622045,126.926788,2024-10-08 09:02:24+00:00,2024,10,8,2024-10-08,1945,17.7,1505,2.57,-9.0,1100,-9.0,-9.0,-9.0,22.0,6.8,2248,143,0301VDS02900,90.5,8,4.78
PVDL-IDV1257118270-1728366228-11905,37.594891,127.059215,2024-10-08 09:02:24+00:00,2024,10,8,2024-10-08,1945,17.7,1505,2.57,-9.0,1100,-9.0,-9.0,-9.0,22.0,6.8,2248,61,0010VDS26000,-1.0,-1,-1.0
PVDL-IDV1257118280-1728366316-11851,37.52726,126.931872,2024-10-08 09:02:24+00:00,2024,10,8,2024-10-08,1945,17.7,1505,2.57,-9.0,1100,-9.0,-9.0,-9.0,22.0,6.8,2248,112,0301VDE04100,109.0,5,1.73
PVDL-IDV1257118310-1728376716-1417,37.601678,127.077881,2024-10-08 09:02:24+00:00,2024,10,8,2024-10-08,1945,17.7,1505,2.57,-9.0,1100,-9.0,-9.0,-9.0,22.0,6.8,2248,61,0010VDS26000,-1.0,-1,-1.0
PVDL-IDV1257118320-1728375735-2399,37.500664,126.846962,2024-10-08 09:02:24+00:00,2024,10,8,2024-10-08,1945,17.7,1505,2.57,-9.0,1100,-9.0,-9.0,-9.0,22.0,6.8,2248,106,0301VDE03500,118.0,9,2.58
PVDL-IDV1257118360-1728374842-3292,37.5699144,126.9626627,2024-10-08 09:02:24+00:00,2024,10,8,2024-10-08,1945,17.7,1505,2.57,-9.0,1100,-9.0,-9.0,-9.0,22.0,6.8,2248,112,0301VDE04100,109.0,5,1.73
PVDL-IDV1257118390-1728368476-9658,37.4655894,127.0433457,2024-10-08 09:02:24+00:00,2024,10,8,2024-10-08,1945,17.7,1505,2.57,-9.0,1100,-9.0,-9.0,-9.0,22.0,6.8,2248,124,0301VDE05000,-1.0,-1,-1.0
PVDL-IDV1257118410-1728359981-18152,37.646691,126.909418,2024-10-08 09:02:24+00:00,2024,10,8,2024-10-08,1945,17.7,1505,2.57,-9.0,1100,-9.0,-9.0,-9.0,22.0,6.8,2248,143,0301VDS02900,90.5,8,4.78
PVDL-IDV1257118420-1728372003-6131,37.487885,127.032158,2024-10-08 09:02:24+00:00,2024,10,8,2024-10-08,1945,17.7,1505,2.57,-9.0,1100,-9.0,-9.0,-9.0,22.0,6.8,2248,120,0301VDE04700,100.0,0,0.0
PVDL-IDV1257118430-1728367836-10334,37.5141929,127.0200656,2024-10-08 09:02:24+00:00,2024,10,8,2024-10-08,1945,17.7,1505,2.57,-9.0,1100,-9.0,-9.0,-9.0,22.0,6.8,2248,120,0301VDE04700,100.0,0,0.0
PVDL-IDV1257118440-1728377362-772,37.645707,126.927264,2024-10-08 09:02:24+00:00,2024,10,8,2024-10-08,1945,17.7,1505,2.57,-9.0,1100,-9.0,-9.0,-9.0,22.0,6.8,2248,143,0301VDS02900,90.5,8,4.78
PVDL-IDV1257118450-1728376894-1240,37.658886,127.040821,2024-10-08 09:02:24+00:00,2024,10,8,2024-10-08,1945,17.7,1505,2.57,-9.0,1100,-9.0,-9.0,-9.0,22.0,6.8,2248,77,0010VDS26300,103.5,10,8.0
PVDL-IDV1257118460-1728358497-19637,37.583526,126.949764,2024-10-08 09:02:24+00:00,2024,10,8,2024-10-08,1945,17.7,1505,2.57,-9.0,1100,-9.0,-9.0,-9.0,22.0,6.8,2248,112,0301VDE04100,109.0,5,1.73
PVDL-IDV1257118470-1728368030-10102,37.488935,127.031968,2024-10-08 09:02:24+00:00,2024,10,8,2024-10-08,1945,17.7,1505,2.57,-9.0,1100,-9.0,-9.0,-9.0,22.0,6.8,2248,120,0301VDE04700,100.0,0,0.0
PVDL-IDV1257118480-1728373358-4776,37.561351,126.989523,2024-10-08 09:02:24+00:00,2024,10,8,2024-10-08,1945,17.7,1505,2.57,-9.0,1100,-9.0,-9.0,-9.0,22.0,6.8,2248,118,0301VDE04500,107.0,10,3.12
PVDL-IDV1257118490-1728376719-1415,37.629854,126.930354,2024-10-08 09:02:24+00:00,2024,10,8,2024-10-08,1945,17.7,1505,2.57,-9.0,1100,-9.0,-9.0,-9.0,22.0,6.8,2248,143,0301VDS02900,90.5,8,4.78
PVDL-IDV1257118500-1728366896-11237,37.646618,126.909243,2024-10-08 09:02:24+00:00,2024,10,8,2024-10-08,1945,17.7,1505,2.57,-9.0,1100,-9.0,-9.0,-9.0,22.0,6.8,2248,143,0301VDS02900,90.5,8,4.78
PVDL-IDV1257118510-1728378122-12,37.64432,126.915225,2024-10-08 09:02:24+00:00,2024,10,8,2024-10-08,1945,17.7,1505,2.57,-9.0,1100,-9.0,-9.0,-9.0,22.0,6.8,2248,143,0301VDS02900,90.5,8,4.78
PVDL-IDV1257118530-1728376209-1937,37.566101,126.986541,2024-10-08 09:02:24+00:00,2024,10,8,2024-10-08,1945,17.7,1505,2.57,-9.0,1100,-9.0,-9.0,-9.0,22.0,6.8,2248,118,0301VDE04500,107.0,10,3.12
PVDL-IDV1257118560-1728370671-7463,37.483244,127.035324,2024-10-08 09:02:24+00:00,2024,10,8,2024-10-08,1945,17.7,1505,2.57,-9.0,1100,-9.0,-9.0,-9.0,22.0,6.8,2248,122,0301VDE04800,108.0,3,0.91
PVDL-IDV1257118570-1728376412-1721,37.646659,127.03356,2024-10-08 09:02:24+00:00,2024,10,8,2024-10-08,1945,17.7,1505,2.57,-9.0,1100,-9.0,-9.0,-9.0,22.0,6.8,2248,77,0010VDS26300,103.5,10,8.0
PVDL-IDV1257118600-1728371357-6777,37.496004,127.02915,2024-10-08 09:02:24+00:00,2024,10,8,2024-10-08,1945,17.7,1505,2.57,-9.0,1100,-9.0,-9.0,-9.0,22.0,6.8,2248,120,0301VDE04700,100.0,0,0.0
PVDL-IDV1257118610-1728365404-12730,37.58918,127.007706,2024-10-08 09:02:24+00:00,2024,10,8,2024-10-08,1945,17.7,1505,2.57,-9.0,1100,-9.0,-9.0,-9.0,22.0,6.8,2248,118,0301VDE04500,107.0,10,3.12
PVDL-IDV1257118620-1728364271-13862,37.6482317,127.0345346,2024-10-08 09:02:24+00:00,2024,10,8,2024-10-08,1945,17.7,1505,2.57,-9.0,1100,-9.0,-9.0,-9.0,22.0,6.8,2248,77,0010VDS26300,103.5,10,8.0
PVDL-IDV1257118630-1728377292-842,37.67735,127.044877,2024-10-08 09:02:24+00:00,2024,10,8,2024-10-08,1945,17.7,1505,2.57,-9.0,1100,-9.0,-9.0,-9.0,22.0,6.8,2248,77,0010VDS26300,103.5,10,8.0
PVDL-IDV1257118640-1728374296-3837,37.569258,126.99784,2024-10-08 09:02:24+00:00,2024,10,8,2024-10-08,1945,17.7,1505,2.57,-9.0,1100,-9.0,-9.0,-9.0,22.0,6.8,2248,118,0301VDE04500,107.0,10,3.12
PVDL-IDV1257118650-1728364529-13605,37.616822,127.029957,2024-10-08 09:02:24+00:00,2024,10,8,2024-10-08,1945,17.7,1505,2.57,-9.0,1100,-9.0,-9.0,-9.0,22.0,6.8,2248,118,0301VDE04500,107.0,10,3.12
PVDL-IDV1257118710-1728369895-8244,37.629909,126.919198,2024-10-08 09:02:24+00:00,2024,10,8,2024-10-08,1945,17.7,1505,2.57,-9.0,1100,-9.0,-9.0,-9.0,22.0,6.8,2248,143,0301VDS02900,90.5,8,4.78
PVDL-IDV1257118930-1728378110-23,37.646824,126.908996,2024-10-08 09:02:24+00:00,2024,10,8,2024-10-08,1945,17.7,1505,2.57,-9.0,1100,-9.0,-9.0,-9.0,22.0,6.8,2248,143,0301VDS02900,90.5,8,4.78
PVDL-IDV1257119010-1728371959-6175,37.510335,127.018621,2024-10-08 09:02:24+00:00,2024,10,8,2024-10-08,1945,17.7,1505,2.57,-9.0,1100,-9.0,-9.0,-9.0,22.0,6.8,2248,120,0301VDE04700,100.0,0,0.0
PVDL-IDV1257119030-1728368840-9293,37.634726,126.932682,2024-10-08 09:02:24+00:00,2024,10,8,2024-10-08,1945,17.7,1505,2.57,-9.0,1100,-9.0,-9.0,-9.0,22.0,6.8,2248,143,0301VDS02900,90.5,8,4.78
PVDL-IDV1257119040-1728375129-3004,37.580767,126.95152,2024-10-08 09:02:24+00:00,2024,10,8,2024-10-08,1945,17.7,1505,2.57,-9.0,1100,-9.0,-9.0,-9.0,22.0,6.8,2248,112,0301VDE04100,109.0,5,1.73
PVDL-IDV1257122370-1728350795-27355,37.5681257,126.9689093,2024-10-08 09:02:24+00:00,2024,10,8,2024-10-08,1945,17.7,1505,2.57,-9.0,1100,-9.0,-9.0,-9.0,22.0,6.8,2248,112,0301VDE04100,109.0,5,1.73
PVDL-IDV1257122380-1728326419-51721,37.545493,126.818146,2024-10-08 09:02:24+00:00,2024,10,8,2024-10-08,1945,17.7,1505,2.57,-9.0,1100,-9.0,-9.0,-9.0,22.0,6.8,2248,143,0301VDS02900,90.5,8,4.78
PVDL-IDV1257122410-1728348088-30052,37.570423,126.986973,2024-10-08 09:02:24+00:00,2024,10,8,2024-10-08,1945,17.7,1505,2.57,-9.0,1100,-9.0,-9.0,-9.0,22.0,6.8,2248,118,0301VDE04500,107.0,10,3.12
PVDL-IDV1257122430-1728377577-556,37.613442,127.104244,2024-10-08 09:02:24+00:00,2024,10,8,2024-10-08,1945,17.7,1505,2.57,-9.0,1100,-9.0,-9.0,-9.0,22.0,6.8,2248,61,0010VDS26000,-1.0,-1,-1.0
PVDL-IDV1257132020-1728364134-13999,37.448974,126.904376,2024-10-08 09:02:24+00:00,2024,10,8,2024-10-08,1945,17.7,1505,2.57,-9.0,1100,-9.0,-9.0,-9.0,22.0,6.8,2248,112,0301VDE04100,109.0,5,1.73
PVDL-IDV1257132090-1728369676-8457,37.496826,126.844911,2024-10-08 09:02:24+00:00,2024,10,8,2024-10-08,1945,17.7,1505,2.57,-9.0,1100,-9.0,-9.0,-9.0,22.0,6.8,2248,106,0301VDE03500,118.0,9,2.58
PVDL-IDV1257132100-1728367592-10548,37.499609,126.867251,2024-10-08 09:02:24+00:00,2024,10,8,2024-10-08,1945,17.7,1505,2.57,-9.0,1100,-9.0,-9.0,-9.0,22.0,6.8,2248,108,0301VDE03700,94.0,15,6.68
PVDL-IDV1257132110-1728350186-27940,37.504469,126.881941,2024-10-08 09:02:24+00:00,2024,10,8,2024-10-08,1945,17.7,1505,2.57,-9.0,1100,-9.0,-9.0,-9.0,22.0,6.8,2248,108,0301VDE03700,94.0,15,6.68
PVDL-IDV1257132120-1728375650-2490,37.5717961,126.9976938,2024-10-08 09:02:24+00:00,2024,10,8,2024-10-08,1945,17.7,1505,2.57,-9.0,1100,-9.0,-9.0,-9.0,22.0,6.8,2248,118,0301VDE04500,107.0,10,3.12
PVDL-IDV1257132130-1728362395-15738,37.56992,126.977337,2024-10-08 09:02:24+00:00,2024,10,8,2024-10-08,1945,17.7,1505,2.57,-9.0,1100,-9.0,-9.0,-9.0,22.0,6.8,2248,114,0301VDE04200,114.5,7,2.32
PVDL-IDV1257132140-1728372234-5900,37.530902,126.969523,2024-10-08 09:02:24+00:00,2024,10,8,2024-10-08,1945,17.7,1505,2.57,-9.0,1100,-9.0,-9.0,-9.0,22.0,6.8,2248,118,0301VDE04500,107.0,10,3.12
PVDL-IDV1257132150-1728331411-46722,37.491885,126.820935,2024-10-08 09:02:24+00:00,2024,10,8,2024-10-08,1945,17.7,1505,2.57,-9.0,1100,-9.0,-9.0,-9.0,22.0,6.8,2248,104,0301VDE03400,121.5,9,2.46
PVDL-IDV1257132160-1728363843-14291,37.52231,126.961806,2024-10-08 09:02:24+00:00,2024,10,8,2024-10-08,1945,17.7,1505,2.57,-9.0,1100,-9.0,-9.0,-9.0,22.0,6.8,2248,116,0301VDE04400,100.5,9,3.19
PVDL-IDV1257132170-1728375779-2355,37.634717,127.023183,2024-10-08 09:02:24+00:00,2024,10,8,2024-10-08,1945,17.7,1505,2.57,-9.0,1100,-9.0,-9.0,-9.0,22.0,6.8,2248,77,0010VDS26300,103.5,10,8.0
PVDL-IDV1257132180-1728365064-13070,37.518155,126.95942,2024-10-08 09:02:24+00:00,2024,10,8,2024-10-08,1945,17.7,1505,2.57,-9.0,1100,-9.0,-9.0,-9.0,22.0,6.8,2248,116,0301VDE04400,100.5,9,3.19
PVDL-IDV1257132310-1728334626-43507,37.501765,126.878118,2024-10-08 09:02:24+00:00,2024,10,8,2024-10-08,1945,17.7,1505,2.57,-9.0,1100,-9.0,-9.0,-9.0,22.0,6.8,2248,108,0301VDE03700,94.0,15,6.68
PVDL-IDV1257132340-1728355459-22674,37.491998,126.82099,2024-10-08 09:02:24+00:00,2024,10,8,2024-10-08,1945,17.7,1505,2.57,-9.0,1100,-9.0,-9.0,-9.0,22.0,6.8,2248,104,0301VDE03400,121.5,9,2.46
PVDL-IDV1257132350-1728359123-19010,37.509755,126.889348,2024-10-08 09:02:24+00:00,2024,10,8,2024-10-08,1945,17.7,1505,2.57,-9.0,1100,-9.0,-9.0,-9.0,22.0,6.8,2248,110,0301VDE03800,97.0,8,2.8
PVDL-IDV1257132360-1728336706-41427,37.521634,126.917532,2024-10-08 09:02:24+00:00,2024,10,8,2024-10-08,1945,17.7,1505,2.57,-9.0,1100,-9.0,-9.0,-9.0,22.0,6.8,2248,112,0301VDE04100,109.0,5,1.73
PVDL-IDV1257132380-1728362327-15813,37.514309,126.900269,2024-10-08 09:02:24+00:00,2024,10,8,2024-10-08,1945,17.7,1505,2.57,-9.0,1100,-9.0,-9.0,-9.0,22.0,6.8,2248,110,0301VDE03800,97.0,8,2.8
PVDL-IDV1257132390-1728368767-9366,37.491892,126.82099,2024-10-08 09:02:24+00:00,2024,10,8,2024-10-08,1945,17.7,1505,2.57,-9.0,1100,-9.0,-9.0,-9.0,22.0,6.8,2248,104,0301VDE03400,121.5,9,2.46
PVDL-IDV1257132420-1728372054-6079,37.521364,126.917138,2024-10-08 09:02:24+00:00,2024,10,8,2024-10-08,1945,17.7,1505,2.57,-9.0,1100,-9.0,-9.0,-9.0,22.0,6.8,2248,112,0301VDE04100,109.0,5,1.73
PVDL-IDV1257132620-1728373468-4665,37.5702308,126.9771455,2024-10-08 09:02:24+00:00,2024,10,8,2024-10-08,1945,17.7,1505,2.57,-9.0,1100,-9.0,-9.0,-9.0,22.0,6.8,2248,114,0301VDE04200,114.5,7,2.32
PVDL-IDV1257132630-1728375588-2582,37.689954,127.043745,2024-10-08 09:02:24+00:00,2024,10,8,2024-10-08,1945,17.7,1505,2.57,-9.0,1100,-9.0,-9.0,-9.0,22.0,6.8,2248,81,0010VDS26350,-1.0,-1,-1.0
PVDL-IDV1257132690-1728327855-50277,37.554501,126.957212,2024-10-08 09:02:24+00:00,2024,10,8,2024-10-08,1945,17.7,1505,2.57,-9.0,1100,-9.0,-9.0,-9.0,22.0,6.8,2248,112,0301VDE04100,109.0,5,1.73
PVDL-IDV1257132700-1728369895-8244,37.570338,126.987133,2024-10-08 09:02:24+00:00,2024,10,8,2024-10-08,1945,17.7,1505,2.57,-9.0,1100,-9.0,-9.0,-9.0,22.0,6.8,2248,118,0301VDE04500,107.0,10,3.12
PVDL-IDV1257132740-1728371069-7065,37.514094,126.899767,2024-10-08 09:02:24+00:00,2024,10,8,2024-10-08,1945,17.7,1505,2.57,-9.0,1100,-9.0,-9.0,-9.0,22.0,6.8,2248,110,0301VDE03800,97.0,8,2.8
PVDL-IDV1257132760-1728330640-47499,37.491891,126.821081,2024-10-08 09:02:24+00:00,2024,10,8,2024-10-08,1945,17.7,1505,2.57,-9.0,1100,-9.0,-9.0,-9.0,22.0,6.8,2248,104,0301VDE03400,121.5,9,2.46
PVDL-IDV1257132770-1728364597-13543,37.563185,126.964826,2024-10-08 09:02:24+00:00,2024,10,8,2024-10-08,1945,17.7,1505,2.57,-9.0,1100,-9.0,-9.0,-9.0,22.0,6.8,2248,112,0301VDE04100,109.0,5,1.73
PVDL-IDV1257132780-1728376858-1312,37.5163362,126.9065682,2024-10-08 09:02:24+00:00,2024,10,8,2024-10-08,1945,17.7,1505,2.57,-9.0,1100,-9.0,-9.0,-9.0,22.0,6.8,2248,110,0301VDE03800,97.0,8,2.8
PVDL-IDV1257132790-1728330014-48119,37.4995,126.874102,2024-10-08 09:02:24+00:00,2024,10,8,2024-10-08,1945,17.7,1505,2.57,-9.0,1100,-9.0,-9.0,-9.0,22.0,6.8,2248,108,0301VDE03700,94.0,15,6.68
PVDL-IDV1257132800-1728369895-8244,37.501759,126.863053,2024-10-08 09:02:24+00:00,2024,10,8,2024-10-08,1945,17.7,1505,2.57,-9.0,1100,-9.0,-9.0,-9.0,22.0,6.8,2248,106,0301VDE03500,118.0,9,2.58
PVDL-IDV1257132830-1728335920-42214,37.690212,127.043954,2024-10-08 09:02:24+00:00,2024,10,8,2024-10-08,1945,17.7,1505,2.57,-9.0,1100,-9.0,-9.0,-9.0,22.0,6.8,2248,81,0010VDS26350,-1.0,-1,-1.0
PVDL-IDV1257132840-1728341113-37027,37.5711199,127.0019958,2024-10-08 09:02:24+00:00,2024,10,8,2024-10-08,1945,17.7,1505,2.57,-9.0,1100,-9.0,-9.0,-9.0,22.0,6.8,2248,118,0301VDE04500,107.0,10,3.12
PVDL-IDV1257132850-1728328267-49867,37.486389,126.904267,2024-10-08 09:02:24+00:00,2024,10,8,2024-10-08,1945,17.7,1505,2.57,-9.0,1100,-9.0,-9.0,-9.0,22.0,6.8,2248,110,0301VDE03800,97.0,8,2.8
PVDL-IDV1257132860-1728365061-13073,37.512677,126.952798,2024-10-08 09:02:24+00:00,2024,10,8,2024-10-08,1945,17.7,1505,2.57,-9.0,1100,-9.0,-9.0,-9.0,22.0,6.8,2248,114,0301VDE04200,114.5,7,2.32
PVDL-IDV1257132870-1728340573-37561,37.597902,127.021765,2024-10-08 09:02:24+00:00,2024,10,8,2024-10-08,1945,17.7,1505,2.57,-9.0,1100,-9.0,-9.0,-9.0,22.0,6.8,2248,118,0301VDE04500,107.0,10,3.12
PVDL-IDV1257412020-1728328561-49573,37.58522,127.095163,2024-10-08 09:02:24+00:00,2024,10,8,2024-10-08,1945,17.7,1505,2.57,-9.0,1100,-9.0,-9.0,-9.0,22.0,6.8,2248,24,0010VDE25900,-1.0,-1,-1.0
PVDL-IDV1257412040-1728360366-17804,37.567727,126.968526,2024-10-08 09:02:24+00:00,2024,10,8,2024-10-08,1945,17.7,1505,2.57,-9.0,1100,-9.0,-9.0,-9.0,22.0,6.8,2248,112,0301VDE04100,109.0,5,1.73
PVDL-IDV1257412060-1728376455-1687,37.5686482,126.9696019,2024-10-08 09:02:24+00:00,2024,10,8,2024-10-08,1945,17.7,1505,2.57,-9.0,1100,-9.0,-9.0,-9.0,22.0,6.8,2248,112,0301VDE04100,109.0,5,1.73
PVDL-IDV1257412180-1728370343-7790,37.594091,127.092736,2024-10-08 09:02:24+00:00,2024,10,8,2024-10-08,1945,17.7,1505,2.57,-9.0,1100,-9.0,-9.0,-9.0,22.0,6.8,2248,61,0010VDS26000,-1.0,-1,-1.0
PVDL-IDV1257412220-1728352067-26066,37.550331,126.915263,2024-10-08 09:02:24+00:00,2024,10,8,2024-10-08,1945,17.7,1505,2.57,-9.0,1100,-9.0,-9.0,-9.0,22.0,6.8,2248,112,0301VDE04100,109.0,5,1.73
PVDL-IDV1257412250-1728337659-40474,37.560341,126.906446,2024-10-08 09:02:24+00:00,2024,10,8,2024-10-08,1945,17.7,1505,2.57,-9.0,1100,-9.0,-9.0,-9.0,22.0,6.8,2248,110,0301VDE03800,97.0,8,2.8
PVDL-IDV1257412290-1728363280-14854,37.592111,127.083902,2024-10-08 09:02:24+00:00,2024,10,8,2024-10-08,1945,17.7,1505,2.57,-9.0,1100,-9.0,-9.0,-9.0,22.0,6.8,2248,61,0010VDS26000,-1.0,-1,-1.0
PVDL-IDV1257412300-1728357834-20300,37.570954,126.998383,2024-10-08 09:02:24+00:00,2024,10,8,2024-10-08,1945,17.7,1505,2.57,-9.0,1100,-9.0,-9.0,-9.0,22.0,6.8,2248,118,0301VDE04500,107.0,10,3.12
PVDL-IDV1257412320-1728369793-8341,37.558481,126.927641,2024-10-08 09:02:24+00:00,2024,10,8,2024-10-08,1945,17.7,1505,2.57,-9.0,1100,-9.0,-9.0,-9.0,22.0,6.8,2248,112,0301VDE04100,109.0,5,1.73
PVDL-IDV1257412380-1728377589-561,37.5571847,126.9520776,2024-10-08 09:02:24+00:00,2024,10,8,2024-10-08,1945,17.7,1505,2.57,-9.0,1100,-9.0,-9.0,-9.0,22.0,6.8,2248,112,0301VDE04100,109.0,5,1.73
PVDL-IDV1257412400-1728343333-34807,37.5776285,126.8912534,2024-10-08 09:02:24+00:00,2024,10,8,2024-10-08,1945,17.7,1505,2.57,-9.0,1100,-9.0,-9.0,-9.0,22.0,6.8,2248,144,0301VDS03100,115.5,4,1.09
PVDL-IDV1257412430-1728354499-23634,37.579179,126.889224,2024-10-08 09:02:24+00:00,2024,10,8,2024-10-08,1945,17.7,1505,2.57,-9.0,1100,-9.0,-9.0,-9.0,22.0,6.8,2248,144,0301VDS03100,115.5,4,1.09
PVDL-IDV1257412480-1728359005-19129,37.5896196,127.0604976,2024-10-08 09:02:24+00:00,2024,10,8,2024-10-08,1945,17.7,1505,2.57,-9.0,1100,-9.0,-9.0,-9.0,22.0,6.8,2248,61,0010VDS26000,-1.0,-1,-1.0
PVDL-IDV1257412530-1728373941-4199,37.564927,126.902013,2024-10-08 09:02:24+00:00,2024,10,8,2024-10-08,1945,17.7,1505,2.57,-9.0,1100,-9.0,-9.0,-9.0,22.0,6.8,2248,110,0301VDE03800,97.0,8,2.8
PVDL-IDV1257412540-1728335913-42221,37.581429,126.875911,2024-10-08 09:02:24+00:00,2024,10,8,2024-10-08,1945,17.7,1505,2.57,-9.0,1100,-9.0,-9.0,-9.0,22.0,6.8,2248,143,0301VDS02900,90.5,8,4.78
PVDL-IDV1257412590-1728338929-39205,37.557166,126.931157,2024-10-08 09:02:24+00:00,2024,10,8,2024-10-08,1945,17.7,1505,2.57,-9.0,1100,-9.0,-9.0,-9.0,22.0,6.8,2248,112,0301VDE04100,109.0,5,1.73
PVDL-IDV1257412600-1728348042-30092,37.584972,126.879086,2024-10-08 09:02:24+00:00,2024,10,8,2024-10-08,1945,17.7,1505,2.57,-9.0,1100,-9.0,-9.0,-9.0,22.0,6.8,2248,143,0301VDS02900,90.5,8,4.78
PVDL-IDV1257412620-1728331879-46254,37.572955,127.015871,2024-10-08 09:02:24+00:00,2024,10,8,2024-10-08,1945,17.7,1505,2.57,-9.0,1100,-9.0,-9.0,-9.0,22.0,6.8,2248,118,0301VDE04500,107.0,10,3.12
PVDL-IDV1257412640-1728328578-49556,37.594414,127.094018,2024-10-08 09:02:24+00:00,2024,10,8,2024-10-08,1945,17.7,1505,2.57,-9.0,1100,-9.0,-9.0,-9.0,22.0,6.8,2248,61,0010VDS26000,-1.0,-1,-1.0
PVDL-IDV1257412690-1728339148-38986,37.550331,126.91311,2024-10-08 09:02:24+00:00,2024,10,8,2024-10-08,1945,17.7,1505,2.57,-9.0,1100,-9.0,-9.0,-9.0,22.0,6.8,2248,112,0301VDE04100,109.0,5,1.73
PVDL-IDV1257412710-1728365765-12361,37.570324,126.98951,2024-10-08 09:02:24+00:00,2024,10,8,2024-10-08,1945,17.7,1505,2.57,-9.0,1100,-9.0,-9.0,-9.0,22.0,6.8,2248,118,0301VDE04500,107.0,10,3.12
PVDL-IDV1257412730-1728347419-30715,37.588559,127.056862,2024-10-08 09:02:24+00:00,2024,10,8,2024-10-08,1945,17.7,1505,2.57,-9.0,1100,-9.0,-9.0,-9.0,22.0,6.8,2248,118,0301VDE04500,107.0,10,3.12
PVDL-IDV1257412750-1728360412-17722,37.586454,127.095232,2024-10-08 09:02:24+00:00,2024,10,8,2024-10-08,1945,17.7,1505,2.57,-9.0,1100,-9.0,-9.0,-9.0,22.0,6.8,2248,24,0010VDE25900,-1.0,-1,-1.0
PVDL-IDV1257412760-1728377605-565,37.5561106,126.9229327,2024-10-08 09:02:24+00:00,2024,10,8,2024-10-08,1945,17.7,1505,2.57,-9.0,1100,-9.0,-9.0,-9.0,22.0,6.8,2248,112,0301VDE04100,109.0,5,1.73
PVDL-IDV1257412780-1728332348-45786,37.578249,127.035489,2024-10-08 09:02:24+00:00,2024,10,8,2024-10-08,1945,17.7,1505,2.57,-9.0,1100,-9.0,-9.0,-9.0,22.0,6.8,2248,118,0301VDE04500,107.0,10,3.12
PVDL-IDV1257412800-1728331739-46394,37.592853,127.071979,2024-10-08 09:02:24+00:00,2024,10,8,2024-10-08,1945,17.7,1505,2.57,-9.0,1100,-9.0,-9.0,-9.0,22.0,6.8,2248,61,0010VDS26000,-1.0,-1,-1.0
PVDL-IDV1257412800-1728331739-46395,37.592855,127.071997,2024-10-08 09:02:24+00:00,2024,10,8,2024-10-08,1945,17.7,1505,2.57,-9.0,1100,-9.0,-9.0,-9.0,22.0,6.8,2248,61,0010VDS26000,-1.0,-1,-1.0
PVDL-IDV1257412810-1728328535-49599,37.585135,127.095248,2024-10-08 09:02:24+00:00,2024,10,8,2024-10-08,1945,17.7,1505,2.57,-9.0,1100,-9.0,-9.0,-9.0,22.0,6.8,2248,24,0010VDE25900,-1.0,-1,-1.0
PVDL-IDV1257412820-1728375522-2612,37.5827839,127.048532,2024-10-08 09:02:24+00:00,2024,10,8,2024-10-08,1945,17.7,1505,2.57,-9.0,1100,-9.0,-9.0,-9.0,22.0,6.8,2248,118,0301VDE04500,107.0,10,3.12
PVDL-IDV1257412830-1728336068-42072,37.576736,126.891909,2024-10-08 09:02:24+00:00,2024,10,8,2024-10-08,1945,17.7,1505,2.57,-9.0,1100,-9.0,-9.0,-9.0,22.0,6.8,2248,144,0301VDS03100,115.5,4,1.09
PVDL-IDV1257412840-1728374843-3290,37.57839,127.039383,2024-10-08 09:02:24+00:00,2024,10,8,2024-10-08,1945,17.7,1505,2.57,-9.0,1100,-9.0,-9.0,-9.0,22.0,6.8,2248,118,0301VDE04500,107.0,10,3.12
PVDL-IDV1257412850-1728362851-15282,37.594254,127.099434,2024-10-08 09:02:24+00:00,2024,10,8,2024-10-08,1945,17.7,1505,2.57,-9.0,1100,-9.0,-9.0,-9.0,22.0,6.8,2248,24,0010VDE25900,-1.0,-1,-1.0
PVDL-IDV1257413340-1728375501-2633,37.563453,126.944165,2024-10-08 09:02:24+00:00,2024,10,8,2024-10-08,1945,17.7,1505,2.57,-9.0,1100,-9.0,-9.0,-9.0,22.0,6.8,2248,112,0301VDE04100,109.0,5,1.73
PVDL-IDV1257413500-1728369269-8865,37.54957,126.867747,2024-10-08 09:02:24+00:00,2024,10,8,2024-10-08,1945,17.7,1505,2.57,-9.0,1100,-9.0,-9.0,-9.0,22.0,6.8,2248,146,0301VDS03200,-1.0,-1,-1.0
PVDL-IDV1257413630-1728374972-3162,37.5602579,126.940081,2024-10-08 09:02:24+00:00,2024,10,8,2024-10-08,1945,17.7,1505,2.57,-9.0,1100,-9.0,-9.0,-9.0,22.0,6.8,2248,112,0301VDE04100,109.0,5,1.73
PVDL-IDV1257413870-1728378045-89,37.581533,126.877774,2024-10-08 09:02:24+00:00,2024,10,8,2024-10-08,1945,17.7,1505,2.57,-9.0,1100,-9.0,-9.0,-9.0,22.0,6.8,2248,143,0301VDS02900,90.5,8,4.78
PVDL-IDV1257413890-1728376625-1509,37.582243,126.895304,2024-10-08 09:02:24+00:00,2024,10,8,2024-10-08,1945,17.7,1505,2.57,-9.0,1100,-9.0,-9.0,-9.0,22.0,6.8,2248,144,0301VDS03100,115.5,4,1.09
PVDL-IDV1257413900-1728369895-8244,37.55631,126.9231,2024-10-08 09:02:24+00:00,2024,10,8,2024-10-08,1945,17.7,1505,2.57,-9.0,1100,-9.0,-9.0,-9.0,22.0,6.8,2248,112,0301VDE04100,109.0,5,1.73
PVDL-IDV1257413920-1728373743-4391,37.565668,126.987413,2024-10-08 09:02:24+00:00,2024,10,8,2024-10-08,1945,17.7,1505,2.57,-9.0,1100,-9.0,-9.0,-9.0,22.0,6.8,2248,118,0301VDE04500,107.0,10,3.12
PVDL-IDV1257413930-1728360540-17594,37.543009,126.903713,2024-10-08 09:02:24+00:00,2024,10,8,2024-10-08,1945,17.7,1505,2.57,-9.0,1100,-9.0,-9.0,-9.0,22.0,6.8,2248,110,0301VDE03800,97.0,8,2.8
PVDL-IDV1257414060-1728363424-14716,37.580044,126.814387,2024-10-08 09:02:24+00:00,2024,10,8,2024-10-08,1945,17.7,1505,2.57,-9.0,1100,-9.0,-9.0,-9.0,22.0,6.8,2248,141,0301VDS02800,87.5,7,6.74
PVDL-IDV1257414190-1728369353-8781,37.461114,127.05076,2024-10-08 09:02:24+00:00,2024,10,8,2024-10-08,1945,17.7,1505,2.57,-9.0,1100,-9.0,-9.0,-9.0,22.0,6.8,2248,124,0301VDE05000,-1.0,-1,-1.0
PVDL-IDV1257414340-1728370648-7485,37.55864,126.864824,2024-10-08 09:02:24+00:00,2024,10,8,2024-10-08,1945,17.7,1505,2.57,-9.0,1100,-9.0,-9.0,-9.0,22.0,6.8,2248,144,0301VDS03100,115.5,4,1.09
PVDL-IDV1257414360-1728377665-481,37.566969,126.895403,2024-10-08 09:02:24+00:00,2024,10,8,2024-10-08,1945,17.7,1505,2.57,-9.0,1100,-9.0,-9.0,-9.0,22.0,6.8,2248,149,0301VDS03400,91.0,8,4.54
PVDL-IDV1257414370-1728369070-9063,37.468103,127.040804,2024-10-08 09:02:24+00:00,2024,10,8,2024-10-08,1945,17.7,1505,2.57,-9.0,1100,-9.0,-9.0,-9.0,22.0,6.8,2248,122,0301VDE04800,108.0,3,0.91
PVDL-IDV1257414380-1728373301-4833,37.598047,127.021788,2024-10-08 09:02:24+00:00,2024,10,8,2024-10-08,1945,17.7,1505,2.57,-9.0,1100,-9.0,-9.0,-9.0,22.0,6.8,2248,118,0301VDE04500,107.0,10,3.12
PVDL-IDV1257414390-1728374841-3299,37.575179,126.976412,2024-10-08 09:02:24+00:00,2024,10,8,2024-10-08,1945,17.7,1505,2.57,-9.0,1100,-9.0,-9.0,-9.0,22.0,6.8,2248,114,0301VDE04200,114.5,7,2.32
PVDL-IDV1257414430-1728374354-3780,37.570413,126.982262,2024-10-08 09:02:24+00:00,2024,10,8,2024-10-08,1945,17.7,1505,2.57,-9.0,1100,-9.0,-9.0,-9.0,22.0,6.8,2248,118,0301VDE04500,107.0,10,3.12
PVDL-IDV1257414540-1728336290-41849,37.490579,126.956491,2024-10-08 09:02:24+00:00,2024,10,8,2024-10-08,1945,17.7,1505,2.57,-9.0,1100,-9.0,-9.0,-9.0,22.0,6.8,2248,116,0301VDE04400,100.5,9,3.19
PVDL-IDV1257415270-1728336634-41500,37.514066,127.121911,2024-10-08 09:02:24+00:00,2024,10,8,2024-10-08,1945,17.7,1505,2.57,-9.0,1100,-9.0,-9.0,-9.0,22.0,6.8,2248,122,0301VDE04800,108.0,3,0.91
PVDL-IDV1257415350-1728373284-4850,37.586213,127.043201,2024-10-08 09:02:24+00:00,2024,10,8,2024-10-08,1945,17.7,1505,2.57,-9.0,1100,-9.0,-9.0,-9.0,22.0,6.8,2248,118,0301VDE04500,107.0,10,3.12
PVDL-IDV1257415480-1728372723-5410,37.5708117,126.9981353,2024-10-08 09:02:24+00:00,2024,10,8,2024-10-08,1945,17.7,1505,2.57,-9.0,1100,-9.0,-9.0,-9.0,22.0,6.8,2248,118,0301VDE04500,107.0,10,3.12
PVDL-IDV1257415510-1728373457-4676,37.500789,127.036764,2024-10-08 09:02:24+00:00,2024,10,8,2024-10-08,1945,17.7,1505,2.57,-9.0,1100,-9.0,-9.0,-9.0,22.0,6.8,2248,120,0301VDE04700,100.0,0,0.0
PVDL-IDV1257415540-1728365032-13102,37.588443,127.13793,2024-10-08 09:02:24+00:00,2024,10,8,2024-10-08,1945,17.7,1505,2.57,-9.0,1100,-9.0,-9.0,-9.0,22.0,6.8,2248,24,0010VDE25900,-1.0,-1,-1.0
PVDL-IDV1257415620-1728375911-2247,37.737423,127.06988,2024-10-08 09:02:24+00:00,2024,10,8,2024-10-08,1945,17.7,1505,2.57,-9.0,1100,-9.0,-9.0,-9.0,22.0,6.8,2248,81,0010VDS26350,-1.0,-1,-1.0
PVDL-IDV1257415630-1728377809-325,37.749302,127.119002,2024-10-08 09:02:24+00:00,2024,10,8,2024-10-08,1945,17.7,1505,2.57,-9.0,1100,-9.0,-9.0,-9.0,22.0,6.8,2248,81,0010VDS26350,-1.0,-1,-1.0
PVDL-IDV1257415660-1728376917-1238,37.726382,127.06005,2024-10-08 09:02:24+00:00,2024,10,8,2024-10-08,1945,17.7,1505,2.57,-9.0,1100,-9.0,-9.0,-9.0,22.0,6.8,2248,81,0010VDS26350,-1.0,-1,-1.0
PVDL-IDV1257415680-1728360626-17507,37.687256,127.040135,2024-10-08 09:02:24+00:00,2024,10,8,2024-10-08,1945,17.7,1505,2.57,-9.0,1100,-9.0,-9.0,-9.0,22.0,6.8,2248,81,0010VDS26350,-1.0,-1,-1.0
PVDL-IDV1257415810-1728376575-1558,37.513632,126.940774,2024-10-08 09:02:24+00:00,2024,10,8,2024-10-08,1945,17.7,1505,2.57,-9.0,1100,-9.0,-9.0,-9.0,22.0,6.8,2248,112,0301VDE04100,109.0,5,1.73
PVDL-IDV1257415880-1728377235-912,37.493009,127.01122,2024-10-08 09:02:24+00:00,2024,10,8,2024-10-08,1945,17.7,1505,2.57,-9.0,1100,-9.0,-9.0,-9.0,22.0,6.8,2248,120,0301VDE04700,100.0,0,0.0
PVDL-IDV1257415990-1728377047-1087,37.495514,127.038428,2024-10-08 09:02:24+00:00,2024,10,8,2024-10-08,1945,17.7,1505,2.57,-9.0,1100,-9.0,-9.0,-9.0,22.0,6.8,2248,120,0301VDE04700,100.0,0,0.0
PVDL-IDV1257416060-1728329084-49050,37.586635,127.002217,2024-10-08 09:02:24+00:00,2024,10,8,2024-10-08,1945,17.7,1505,2.57,-9.0,1100,-9.0,-9.0,-9.0,22.0,6.8,2248,118,0301VDE04500,107.0,10,3.12
PVDL-IDV1257416080-1728329847-48286,37.584458,127.001641,2024-10-08 09:02:24+00:00,2024,10,8,2024-10-08,1945,17.7,1505,2.57,-9.0,1100,-9.0,-9.0,-9.0,22.0,6.8,2248,118,0301VDE04500,107.0,10,3.12
PVDL-IDV1257416090-1728365437-12697,37.57576,127.00215,2024-10-08 09:02:24+00:00,2024,10,8,2024-10-08,1945,17.7,1505,2.57,-9.0,1100,-9.0,-9.0,-9.0,22.0,6.8,2248,118,0301VDE04500,107.0,10,3.12
PVDL-IDV1257416130-1728370178-7956,37.465275,127.095718,2024-10-08 09:02:24+00:00,2024,10,8,2024-10-08,1945,17.7,1505,2.57,-9.0,1100,-9.0,-9.0,-9.0,22.0,6.8,2248,124,0301VDE05000,-1.0,-1,-1.0
PVDL-IDV1257416170-1728376521-1618,37.492023,127.030579,2024-10-08 09:02:24+00:00,2024,10,8,2024-10-08,1945,17.7,1505,2.57,-9.0,1100,-9.0,-9.0,-9.0,22.0,6.8,2248,120,0301VDE04700,100.0,0,0.0
PVDL-IDV1257416210-1728343333-34807,37.58518,127.0015,2024-10-08 09:02:24+00:00,2024,10,8,2024-10-08,1945,17.7,1505,2.57,-9.0,1100,-9.0,-9.0,-9.0,22.0,6.8,2248,118,0301VDE04500,107.0,10,3.12
PVDL-IDV1257416300-1728344815-33355,37.5206,126.852769,2024-10-08 09:02:24+00:00,2024,10,8,2024-10-08,1945,17.7,1505,2.57,-9.0,1100,-9.0,-9.0,-9.0,22.0,6.8,2248,104,0301VDE03400,121.5,9,2.46
PVDL-IDV1257416350-1728336390-41743,37.508225,126.837028,2024-10-08 09:02:24+00:00,2024,10,8,2024-10-08,1945,17.7,1505,2.57,-9.0,1100,-9.0,-9.0,-9.0,22.0,6.8,2248,104,0301VDE03400,121.5,9,2.46
PVDL-IDV1257416430-1728331348-46785,37.5722405,127.0019893,2024-10-08 09:02:24+00:00,2024,10,8,2024-10-08,1945,17.7,1505,2.57,-9.0,1100,-9.0,-9.0,-9.0,22.0,6.8,2248,118,0301VDE04500,107.0,10,3.12
PVDL-IDV1257416440-1728369895-8244,37.564298,126.982424,2024-10-08 09:02:24+00:00,2024,10,8,2024-10-08,1945,17.7,1505,2.57,-9.0,1100,-9.0,-9.0,-9.0,22.0,6.8,2248,118,0301VDE04500,107.0,10,3.12
PVDL-IDV1257416450-1728365302-12832,37.5061,127.000775,2024-10-08 09:02:24+00:00,2024,10,8,2024-10-08,1945,17.7,1505,2.57,-9.0,1100,-9.0,-9.0,-9.0,22.0,6.8,2248,120,0301VDE04700,100.0,0,0.0
PVDL-IDV1257416550-1728377101-1041,37.640122,127.011973,2024-10-08 09:02:24+00:00,2024,10,8,2024-10-08,1945,17.7,1505,2.57,-9.0,1100,-9.0,-9.0,-9.0,22.0,6.8,2248,77,0010VDS26300,103.5,10,8.0
PVDL-IDV1257418060-1728329792-48342,37.566401,126.925373,2024-10-08 09:02:24+00:00,2024,10,8,2024-10-08,1945,17.7,1505,2.57,-9.0,1100,-9.0,-9.0,-9.0,22.0,6.8,2248,112,0301VDE04100,109.0,5,1.73
PVDL-IDV1257418120-1728375188-2946,37.448082,127.158134,2024-10-08 09:02:24+00:00,2024,10,8,2024-10-08,1945,17.7,1505,2.57,-9.0,1100,-9.0,-9.0,-9.0,22.0,6.8,2248,170,0301VDS05100,128.0,5,1.39
PVDL-IDV1257418130-1728331016-47118,37.585569,126.876851,2024-10-08 09:02:24+00:00,2024,10,8,2024-10-08,1945,17.7,1505,2.57,-9.0,1100,-9.0,-9.0,-9.0,22.0,6.8,2248,143,0301VDS02900,90.5,8,4.78
PVDL-IDV1257418180-1728376066-2088,37.5771291,126.9867054,2024-10-08 09:02:24+00:00,2024,10,8,2024-10-08,1945,17.7,1505,2.57,-9.0,1100,-9.0,-9.0,-9.0,22.0,6.8,2248,118,0301VDE04500,107.0,10,3.12
PVDL-IDV1257418210-1728376301-1848,37.513167,127.020324,2024-10-08 09:02:24+00:00,2024,10,8,2024-10-08,1945,17.7,1505,2.57,-9.0,1100,-9.0,-9.0,-9.0,22.0,6.8,2248,120,0301VDE04700,100.0,0,0.0
PVDL-IDV1257418320-1728376467-1691,37.5729045,126.8994148,2024-10-08 09:02:24+00:00,2024,10,8,2024-10-08,1945,17.7,1505,2.57,-9.0,1100,-9.0,-9.0,-9.0,22.0,6.8,2248,149,0301VDS03400,91.0,8,4.54
PVDL-IDV1257418340-1728374532-3618,37.580443,126.886869,2024-10-08 09:02:24+00:00,2024,10,8,2024-10-08,1945,17.7,1505,2.57,-9.0,1100,-9.0,-9.0,-9.0,22.0,6.8,2248,144,0301VDS03100,115.5,4,1.09
PVDL-IDV1257418350-1728375116-3030,37.582796,126.883036,2024-10-08 09:02:24+00:00,2024,10,8,2024-10-08,1945,17.7,1505,2.57,-9.0,1100,-9.0,-9.0,-9.0,22.0,6.8,2248,143,0301VDS02900,90.5,8,4.78
PVDL-IDV1257418370-1728373972-4162,37.585998,127.001664,2024-10-08 09:02:24+00:00,2024,10,8,2024-10-08,1945,17.7,1505,2.57,-9.0,1100,-9.0,-9.0,-9.0,22.0,6.8,2248,118,0301VDE04500,107.0,10,3.12
PVDL-IDV1257418510-1728368133-10000,37.653095,127.060854,2024-10-08 09:02:24+00:00,2024,10,8,2024-10-08,1945,17.7,1505,2.57,-9.0,1100,-9.0,-9.0,-9.0,22.0,6.8,2248,77,0010VDS26300,103.5,10,8.0
PVDL-IDV1257418530-1728361302-16832,37.591929,127.068326,2024-10-08 09:02:24+00:00,2024,10,8,2024-10-08,1945,17.7,1505,2.57,-9.0,1100,-9.0,-9.0,-9.0,22.0,6.8,2248,61,0010VDS26000,-1.0,-1,-1.0
PVDL-IDV1257418700-1728361760-16380,37.633956,127.069072,2024-10-08 09:02:24+00:00,2024,10,8,2024-10-08,1945,17.7,1505,2.57,-9.0,1100,-9.0,-9.0,-9.0,22.0,6.8,2248,61,0010VDS26000,-1.0,-1,-1.0
PVDL-IDV1257418930-1728376663-1470,37.64585,127.055204,2024-10-08 09:02:24+00:00,2024,10,8,2024-10-08,1945,17.7,1505,2.57,-9.0,1100,-9.0,-9.0,-9.0,22.0,6.8,2248,73,0010VDS26200,100.0,0,0.0
PVDL-IDV1257419070-1728375477-2670,37.46328,127.046167,2024-10-08 09:02:24+00:00,2024,10,8,2024-10-08,1945,17.7,1505,2.57,-9.0,1100,-9.0,-9.0,-9.0,22.0,6.8,2248,124,0301VDE05000,-1.0,-1,-1.0
PVDL-IDV1257419280-1728361450-16683,37.470343,127.128999,2024-10-08 09:02:24+00:00,2024,10,8,2024-10-08,1945,17.7,1505,2.57,-9.0,1100,-9.0,-9.0,-9.0,22.0,6.8,2248,124,0301VDE05000,-1.0,-1,-1.0
PVDL-IDV1257419660-1728377172-969,37.495938,127.051703,2024-10-08 09:02:24+00:00,2024,10,8,2024-10-08,1945,17.7,1505,2.57,-9.0,1100,-9.0,-9.0,-9.0,22.0,6.8,2248,120,0301VDE04700,100.0,0,0.0
PVDL-IDV1257419810-1728377479-655,37.469287,127.129861,2024-10-08 09:02:24+00:00,2024,10,8,2024-10-08,1945,17.7,1505,2.57,-9.0,1100,-9.0,-9.0,-9.0,22.0,6.8,2248,124,0301VDE05000,-1.0,-1,-1.0
PVDL-IDV1257419860-1728349668-28472,37.578331,127.035089,2024-10-08 09:02:24+00:00,2024,10,8,2024-10-08,1945,17.7,1505,2.57,-9.0,1100,-9.0,-9.0,-9.0,22.0,6.8,2248,118,0301VDE04500,107.0,10,3.12
PVDL-IDV1257420020-1728327304-50836,37.687594,127.04014,2024-10-08 09:02:24+00:00,2024,10,8,2024-10-08,1945,17.7,1505,2.57,-9.0,1100,-9.0,-9.0,-9.0,22.0,6.8,2248,81,0010VDS26350,-1.0,-1,-1.0
PVDL-IDV1257420050-1728368262-9872,37.495078,127.028881,2024-10-08 09:02:24+00:00,2024,10,8,2024-10-08,1945,17.7,1505,2.57,-9.0,1100,-9.0,-9.0,-9.0,22.0,6.8,2248,120,0301VDE04700,100.0,0,0.0
PVDL-IDV1257420190-1728376414-1756,37.640162,127.027951,2024-10-08 09:02:24+00:00,2024,10,8,2024-10-08,1945,17.7,1505,2.57,-9.0,1100,-9.0,-9.0,-9.0,22.0,6.8,2248,77,0010VDS26300,103.5,10,8.0
PVDL-IDV1257420460-1728377187-946,37.466568,127.04585,2024-10-08 09:02:24+00:00,2024,10,8,2024-10-08,1945,17.7,1505,2.57,-9.0,1100,-9.0,-9.0,-9.0,22.0,6.8,2248,124,0301VDE05000,-1.0,-1,-1.0
PVDL-IDV1257421160-1728377439-694,37.657945,127.031586,2024-10-08 09:02:24+00:00,2024,10,8,2024-10-08,1945,17.7,1505,2.57,-9.0,1100,-9.0,-9.0,-9.0,22.0,6.8,2248,77,0010VDS26300,103.5,10,8.0
PVDL-IDV1257421420-1728332730-45404,37.660709,127.014018,2024-10-08 09:02:24+00:00,2024,10,8,2024-10-08,1945,17.7,1505,2.57,-9.0,1100,-9.0,-9.0,-9.0,22.0,6.8,2248,77,0010VDS26300,103.5,10,8.0
PVDL-IDV1257421770-1728365495-12639,37.47519,127.130624,2024-10-08 09:02:24+00:00,2024,10,8,2024-10-08,1945,17.7,1505,2.57,-9.0,1100,-9.0,-9.0,-9.0,22.0,6.8,2248,124,0301VDE05000,-1.0,-1,-1.0
PVDL-IDV1257422050-1728373924-4216,37.517628,127.014581,2024-10-08 09:02:24+00:00,2024,10,8,2024-10-08,1945,17.7,1505,2.57,-9.0,1100,-9.0,-9.0,-9.0,22.0,6.8,2248,120,0301VDE04700,100.0,0,0.0
PVDL-IDV1257422100-1728333732-44407,37.504129,127.061822,2024-10-08 09:02:24+00:00,2024,10,8,2024-10-08,1945,17.7,1505,2.57,-9.0,1100,-9.0,-9.0,-9.0,22.0,6.8,2248,120,0301VDE04700,100.0,0,0.0
PVDL-IDV1257422170-1728377575-558,37.486377,127.067518,2024-10-08 09:02:24+00:00,2024,10,8,2024-10-08,1945,17.7,1505,2.57,-9.0,1100,-9.0,-9.0,-9.0,22.0,6.8,2248,122,0301VDE04800,108.0,3,0.91
PVDL-IDV1257422220-1728358878-19262,37.511596,126.99797,2024-10-08 09:02:24+00:00,2024,10,8,2024-10-08,1945,17.7,1505,2.57,-9.0,1100,-9.0,-9.0,-9.0,22.0,6.8,2248,118,0301VDE04500,107.0,10,3.12
PVDL-IDV1257422290-1728360672-17468,37.506544,127.005936,2024-10-08 09:02:24+00:00,2024,10,8,2024-10-08,1945,17.7,1505,2.57,-9.0,1100,-9.0,-9.0,-9.0,22.0,6.8,2248,120,0301VDE04700,100.0,0,0.0
PVDL-IDV1257422360-1728329843-48297,37.599063,127.034367,2024-10-08 09:02:24+00:00,2024,10,8,2024-10-08,1945,17.7,1505,2.57,-9.0,1100,-9.0,-9.0,-9.0,22.0,6.8,2248,118,0301VDE04500,107.0,10,3.12
PVDL-IDV1257422390-1728368988-9146,37.486264,127.067385,2024-10-08 09:02:24+00:00,2024,10,8,2024-10-08,1945,17.7,1505,2.57,-9.0,1100,-9.0,-9.0,-9.0,22.0,6.8,2248,122,0301VDE04800,108.0,3,0.91
PVDL-IDV1257422420-1728336176-41958,37.507331,127.063643,2024-10-08 09:02:24+00:00,2024,10,8,2024-10-08,1945,17.7,1505,2.57,-9.0,1100,-9.0,-9.0,-9.0,22.0,6.8,2248,120,0301VDE04700,100.0,0,0.0
PVDL-IDV1257422450-1728332845-45294,37.520966,127.016039,2024-10-08 09:02:24+00:00,2024,10,8,2024-10-08,1945,17.7,1505,2.57,-9.0,1100,-9.0,-9.0,-9.0,22.0,6.8,2248,120,0301VDE04700,100.0,0,0.0
PVDL-IDV1257422500-1728334224-43910,37.518338,127.058353,2024-10-08 09:02:24+00:00,2024,10,8,2024-10-08,1945,17.7,1505,2.57,-9.0,1100,-9.0,-9.0,-9.0,22.0,6.8,2248,120,0301VDE04700,100.0,0,0.0
PVDL-IDV1257422560-1728365712-12428,37.466046,127.126138,2024-10-08 09:02:24+00:00,2024,10,8,2024-10-08,1945,17.7,1505,2.57,-9.0,1100,-9.0,-9.0,-9.0,22.0,6.8,2248,124,0301VDE05000,-1.0,-1,-1.0
PVDL-IDV1257423000-1728334513-43620,37.586332,127.032711,2024-10-08 09:02:24+00:00,2024,10,8,2024-10-08,1945,17.7,1505,2.57,-9.0,1100,-9.0,-9.0,-9.0,22.0,6.8,2248,118,0301VDE04500,107.0,10,3.12
PVDL-IDV1257423210-1728370640-7514,37.466288,127.094824,2024-10-08 09:02:24+00:00,2024,10,8,2024-10-08,1945,17.7,1505,2.57,-9.0,1100,-9.0,-9.0,-9.0,22.0,6.8,2248,124,0301VDE05000,-1.0,-1,-1.0
PVDL-IDV1257423230-1728375578-2592,37.491358,127.03078,2024-10-08 09:02:24+00:00,2024,10,8,2024-10-08,1945,17.7,1505,2.57,-9.0,1100,-9.0,-9.0,-9.0,22.0,6.8,2248,120,0301VDE04700,100.0,0,0.0
PVDL-IDV1257423250-1728371863-6277,37.460485,127.024234,2024-10-08 09:02:24+00:00,2024,10,8,2024-10-08,1945,17.7,1505,2.57,-9.0,1100,-9.0,-9.0,-9.0,22.0,6.8,2248,122,0301VDE04800,108.0,3,0.91
PVDL-IDV1257423780-1728378074-59,37.581621,126.87788,2024-10-08 09:02:24+00:00,2024,10,8,2024-10-08,1945,17.7,1505,2.57,-9.0,1100,-9.0,-9.0,-9.0,22.0,6.8,2248,143,0301VDS02900,90.5,8,4.78
PVDL-IDV1257423870-1728334569-43570,37.646305,126.909046,2024-10-08 09:02:24+00:00,2024,10,8,2024-10-08,1945,17.7,1505,2.57,-9.0,1100,-9.0,-9.0,-9.0,22.0,6.8,2248,143,0301VDS02900,90.5,8,4.78
PVDL-IDV1257423920-1728377534-599,37.581264,126.878452,2024-10-08 09:02:24+00:00,2024,10,8,2024-10-08,1945,17.7,1505,2.57,-9.0,1100,-9.0,-9.0,-9.0,22.0,6.8,2248,143,0301VDS02900,90.5,8,4.78
PVDL-IDV1257424270-1728367939-10193,37.578483,127.038566,2024-10-08 09:02:24+00:00,2024,10,8,2024-10-08,1945,17.7,1505,2.57,-9.0,1100,-9.0,-9.0,-9.0,22.0,6.8,2248,118,0301VDE04500,107.0,10,3.12
PVDL-IDV1257424290-1728365505-12629,37.557445,126.930663,2024-10-08 09:02:24+00:00,2024,10,8,2024-10-08,1945,17.7,1505,2.57,-9.0,1100,-9.0,-9.0,-9.0,22.0,6.8,2248,112,0301VDE04100,109.0,5,1.73
PVDL-IDV1257424300-1728374971-3163,37.55717,126.951372,2024-10-08 09:02:24+00:00,2024,10,8,2024-10-08,1945,17.7,1505,2.57,-9.0,1100,-9.0,-9.0,-9.0,22.0,6.8,2248,112,0301VDE04100,109.0,5,1.73
PVDL-IDV1257424320-1728372665-5469,37.528228,127.028366,2024-10-08 09:02:24+00:00,2024,10,8,2024-10-08,1945,17.7,1505,2.57,-9.0,1100,-9.0,-9.0,-9.0,22.0,6.8,2248,120,0301VDE04700,100.0,0,0.0
PVDL-IDV1257424580-1728372237-5897,37.679719,126.763661,2024-10-08 09:02:24+00:00,2024,10,8,2024-10-08,1945,17.7,1505,2.57,-9.0,1100,-9.0,-9.0,-9.0,22.0,6.8,2248,129,0301VDS01900,97.5,4,1.92
PVDL-IDV1257424600-1728374837-3296,37.617844,126.846461,2024-10-08 09:02:24+00:00,2024,10,8,2024-10-08,1945,17.7,1505,2.57,-9.0,1100,-9.0,-9.0,-9.0,22.0,6.8,2248,141,0301VDS02800,87.5,7,6.74
PVDL-IDV1257424640-1728375433-2721,37.55072,126.882685,2024-10-08 09:02:24+00:00,2024,10,8,2024-10-08,1945,17.7,1505,2.57,-9.0,1100,-9.0,-9.0,-9.0,22.0,6.8,2248,149,0301VDS03400,91.0,8,4.54
PVDL-IDV1257424660-1728375235-2911,37.532693,126.904274,2024-10-08 09:02:24+00:00,2024,10,8,2024-10-08,1945,17.7,1505,2.57,-9.0,1100,-9.0,-9.0,-9.0,22.0,6.8,2248,110,0301VDE03800,97.0,8,2.8
PVDL-IDV1257424670-1728377308-850,37.681711,126.74905,2024-10-08 09:02:24+00:00,2024,10,8,2024-10-08,1945,17.7,1505,2.57,-9.0,1100,-9.0,-9.0,-9.0,22.0,6.8,2248,129,0301VDS01900,97.5,4,1.92
PVDL-IDV1257424690-1728362150-15984,37.673312,126.754276,2024-10-08 09:02:24+00:00,2024,10,8,2024-10-08,1945,17.7,1505,2.57,-9.0,1100,-9.0,-9.0,-9.0,22.0,6.8,2248,129,0301VDS01900,97.5,4,1.92
PVDL-IDV1257424740-1728369895-8244,37.592164,126.9147,2024-10-08 09:02:24+00:00,2024,10,8,2024-10-08,1945,17.7,1505,2.57,-9.0,1100,-9.0,-9.0,-9.0,22.0,6.8,2248,144,0301VDS03100,115.5,4,1.09
PVDL-IDV1257424780-1728377909-225,37.686848,126.758152,2024-10-08 09:02:24+00:00,2024,10,8,2024-10-08,1945,17.7,1505,2.57,-9.0,1100,-9.0,-9.0,-9.0,22.0,6.8,2248,129,0301VDS01900,97.5,4,1.92
PVDL-IDV1257425040-1728376493-1656,37.55725,126.936892,2024-10-08 09:02:24+00:00,2024,10,8,2024-10-08,1945,17.7,1505,2.57,-9.0,1100,-9.0,-9.0,-9.0,22.0,6.8,2248,112,0301VDE04100,109.0,5,1.73
PVDL-IDV1257425150-1728339283-38857,37.508215,126.836861,2024-10-08 09:02:24+00:00,2024,10,8,2024-10-08,1945,17.7,1505,2.57,-9.0,1100,-9.0,-9.0,-9.0,22.0,6.8,2248,104,0301VDE03400,121.5,9,2.46
PVDL-IDV1257425240-1728374953-3196,37.566677,126.910665,2024-10-08 09:02:24+00:00,2024,10,8,2024-10-08,1945,17.7,1505,2.57,-9.0,1100,-9.0,-9.0,-9.0,22.0,6.8,2248,110,0301VDE03800,97.0,8,2.8
PVDL-IDV1257425360-1728368882-9251,37.575872,126.981596,2024-10-08 09:02:24+00:00,2024,10,8,2024-10-08,1945,17.7,1505,2.57,-9.0,1100,-9.0,-9.0,-9.0,22.0,6.8,2248,114,0301VDE04200,114.5,7,2.32
PVDL-IDV1257425390-1728375177-2964,37.5574256,126.956371,2024-10-08 09:02:24+00:00,2024,10,8,2024-10-08,1945,17.7,1505,2.57,-9.0,1100,-9.0,-9.0,-9.0,22.0,6.8,2248,112,0301VDE04100,109.0,5,1.73
PVDL-IDV1257425400-1728372612-5521,37.575852,126.974498,2024-10-08 09:02:24+00:00,2024,10,8,2024-10-08,1945,17.7,1505,2.57,-9.0,1100,-9.0,-9.0,-9.0,22.0,6.8,2248,112,0301VDE04100,109.0,5,1.73
PVDL-IDV1257425430-1728366969-11165,37.582752,126.883168,2024-10-08 09:02:24+00:00,2024,10,8,2024-10-08,1945,17.7,1505,2.57,-9.0,1100,-9.0,-9.0,-9.0,22.0,6.8,2248,143,0301VDS02900,90.5,8,4.78
PVDL-IDV1257425470-1728369895-8244,37.59993,126.910205,2024-10-08 09:02:24+00:00,2024,10,8,2024-10-08,1945,17.7,1505,2.57,-9.0,1100,-9.0,-9.0,-9.0,22.0,6.8,2248,143,0301VDS02900,90.5,8,4.78
PVDL-IDV1257425480-1728372740-5415,37.613477,126.911448,2024-10-08 09:02:24+00:00,2024,10,8,2024-10-08,1945,17.7,1505,2.57,-9.0,1100,-9.0,-9.0,-9.0,22.0,6.8,2248,143,0301VDS02900,90.5,8,4.78
PVDL-IDV1257425510-1728346836-31334,37.536045,126.974128,2024-10-08 09:02:24+00:00,2024,10,8,2024-10-08,1945,17.7,1505,2.57,-9.0,1100,-9.0,-9.0,-9.0,22.0,6.8,2248,118,0301VDE04500,107.0,10,3.12
PVDL-IDV1257425520-1728370464-7670,37.595808,127.08317,2024-10-08 09:02:24+00:00,2024,10,8,2024-10-08,1945,17.7,1505,2.57,-9.0,1100,-9.0,-9.0,-9.0,22.0,6.8,2248,61,0010VDS26000,-1.0,-1,-1.0
PVDL-IDV1257425530-1728368490-9644,37.593921,127.075504,2024-10-08 09:02:24+00:00,2024,10,8,2024-10-08,1945,17.7,1505,2.57,-9.0,1100,-9.0,-9.0,-9.0,22.0,6.8,2248,61,0010VDS26000,-1.0,-1,-1.0
PVDL-IDV1257425560-1728364261-13872,37.583446,126.882085,2024-10-08 09:02:24+00:00,2024,10,8,2024-10-08,1945,17.7,1505,2.57,-9.0,1100,-9.0,-9.0,-9.0,22.0,6.8,2248,143,0301VDS02900,90.5,8,4.78
PVDL-IDV1257425600-1728370404-7730,37.60504,127.108858,2024-10-08 09:02:24+00:00,2024,10,8,2024-10-08,1945,17.7,1505,2.57,-9.0,1100,-9.0,-9.0,-9.0,22.0,6.8,2248,24,0010VDE25900,-1.0,-1,-1.0
PVDL-IDV1257425610-1728375589-2544,37.555605,126.972614,2024-10-08 09:02:24+00:00,2024,10,8,2024-10-08,1945,17.7,1505,2.57,-9.0,1100,-9.0,-9.0,-9.0,22.0,6.8,2248,114,0301VDE04200,114.5,7,2.32
PVDL-IDV1257425620-1728363316-14818,37.56231,126.942606,2024-10-08 09:02:24+00:00,2024,10,8,2024-10-08,1945,17.7,1505,2.57,-9.0,1100,-9.0,-9.0,-9.0,22.0,6.8,2248,112,0301VDE04100,109.0,5,1.73
PVDL-IDV1257425660-1728374115-4025,37.508319,127.022623,2024-10-08 09:02:24+00:00,2024,10,8,2024-10-08,1945,17.7,1505,2.57,-9.0,1100,-9.0,-9.0,-9.0,22.0,6.8,2248,120,0301VDE04700,100.0,0,0.0
PVDL-IDV1257425830-1728352425-25743,37.631953,126.880277,2024-10-08 09:02:24+00:00,2024,10,8,2024-10-08,1945,17.7,1505,2.57,-9.0,1100,-9.0,-9.0,-9.0,22.0,6.8,2248,143,0301VDS02900,90.5,8,4.78
PVDL-IDV1257426640-1728364339-13831,37.613261,126.855311,2024-10-08 09:02:24+00:00,2024,10,8,2024-10-08,1945,17.7,1505,2.57,-9.0,1100,-9.0,-9.0,-9.0,22.0,6.8,2248,141,0301VDS02800,87.5,7,6.74
PVDL-IDV1257426750-1728365785-12349,37.5848908,126.8844251,2024-10-08 09:02:24+00:00,2024,10,8,2024-10-08,1945,17.7,1505,2.57,-9.0,1100,-9.0,-9.0,-9.0,22.0,6.8,2248,143,0301VDS02900,90.5,8,4.78
PVDL-IDV1257427320-1728329903-48237,37.53081,126.849718,2024-10-08 09:02:24+00:00,2024,10,8,2024-10-08,1945,17.7,1505,2.57,-9.0,1100,-9.0,-9.0,-9.0,22.0,6.8,2248,146,0301VDS03200,-1.0,-1,-1.0
PVDL-IDV1257427430-1728375155-3015,37.54435,126.953155,2024-10-08 09:02:24+00:00,2024,10,8,2024-10-08,1945,17.7,1505,2.57,-9.0,1100,-9.0,-9.0,-9.0,22.0,6.8,2248,112,0301VDE04100,109.0,5,1.73
PVDL-IDV1257427770-1728369895-8244,37.511678,126.850289,2024-10-08 09:02:24+00:00,2024,10,8,2024-10-08,1945,17.7,1505,2.57,-9.0,1100,-9.0,-9.0,-9.0,22.0,6.8,2248,149,0301VDS03400,91.0,8,4.54
PVDL-IDV1257427780-1728330422-47711,37.531603,126.856842,2024-10-08 09:02:24+00:00,2024,10,8,2024-10-08,1945,17.7,1505,2.57,-9.0,1100,-9.0,-9.0,-9.0,22.0,6.8,2248,104,0301VDE03400,121.5,9,2.46
PVDL-IDV1257428040-1728353949-24223,37.5526913,126.918284,2024-10-08 09:02:24+00:00,2024,10,8,2024-10-08,1945,17.7,1505,2.57,-9.0,1100,-9.0,-9.0,-9.0,22.0,6.8,2248,112,0301VDE04100,109.0,5,1.73
PVDL-IDV1257428230-1728358823-19310,37.550306,126.864074,2024-10-08 09:02:24+00:00,2024,10,8,2024-10-08,1945,17.7,1505,2.57,-9.0,1100,-9.0,-9.0,-9.0,22.0,6.8,2248,146,0301VDS03200,-1.0,-1,-1.0
PVDL-IDV1257428250-1728375052-3098,37.536779,126.863504,2024-10-08 09:02:24+00:00,2024,10,8,2024-10-08,1945,17.7,1505,2.57,-9.0,1100,-9.0,-9.0,-9.0,22.0,6.8,2248,104,0301VDE03400,121.5,9,2.46
PVDL-IDV1257428280-1728359234-18906,37.508211,126.837118,2024-10-08 09:02:24+00:00,2024,10,8,2024-10-08,1945,17.7,1505,2.57,-9.0,1100,-9.0,-9.0,-9.0,22.0,6.8,2248,104,0301VDE03400,121.5,9,2.46
PVDL-IDV1257428570-1728336406-41727,37.494547,126.8309,2024-10-08 09:02:24+00:00,2024,10,8,2024-10-08,1945,17.7,1505,2.57,-9.0,1100,-9.0,-9.0,-9.0,22.0,6.8,2248,104,0301VDE03400,121.5,9,2.46
PVDL-IDV1257428580-1728328660-49474,37.508118,126.836957,2024-10-08 09:02:24+00:00,2024,10,8,2024-10-08,1945,17.7,1505,2.57,-9.0,1100,-9.0,-9.0,-9.0,22.0,6.8,2248,104,0301VDE03400,121.5,9,2.46
PVDL-IDV1257428610-1728335082-43050,37.506736,126.835311,2024-10-08 09:02:24+00:00,2024,10,8,2024-10-08,1945,17.7,1505,2.57,-9.0,1100,-9.0,-9.0,-9.0,22.0,6.8,2248,104,0301VDE03400,121.5,9,2.46
PVDL-IDV1257430010-1728326188-51952,37.601753,127.02127,2024-10-08 09:02:24+00:00,2024,10,8,2024-10-08,1945,17.7,1505,2.57,-9.0,1100,-9.0,-9.0,-9.0,22.0,6.8,2248,118,0301VDE04500,107.0,10,3.12
PVDL-IDV1257430180-1728334693-43449,37.493045,127.06405,2024-10-08 09:02:24+00:00,2024,10,8,2024-10-08,1945,17.7,1505,2.57,-9.0,1100,-9.0,-9.0,-9.0,22.0,6.8,2248,122,0301VDE04800,108.0,3,0.91
PVDL-IDV1257430210-1728339608-38532,37.48416,127.064762,2024-10-08 09:02:24+00:00,2024,10,8,2024-10-08,1945,17.7,1505,2.57,-9.0,1100,-9.0,-9.0,-9.0,22.0,6.8,2248,122,0301VDE04800,108.0,3,0.91
PVDL-IDV1257430250-1728330054-48086,37.522652,126.88827,2024-10-08 09:02:24+00:00,2024,10,8,2024-10-08,1945,17.7,1505,2.57,-9.0,1100,-9.0,-9.0,-9.0,22.0,6.8,2248,110,0301VDE03800,97.0,8,2.8
PVDL-IDV1257430280-1728335381-42752,37.485693,127.067715,2024-10-08 09:02:24+00:00,2024,10,8,2024-10-08,1945,17.7,1505,2.57,-9.0,1100,-9.0,-9.0,-9.0,22.0,6.8,2248,122,0301VDE04800,108.0,3,0.91
PVDL-IDV1257430440-1728366254-11886,37.503704,127.060472,2024-10-08 09:02:24+00:00,2024,10,8,2024-10-08,1945,17.7,1505,2.57,-9.0,1100,-9.0,-9.0,-9.0,22.0,6.8,2248,120,0301VDE04700,100.0,0,0.0
PVDL-IDV1257430580-1728375409-2731,37.509068,127.062879,2024-10-08 09:02:24+00:00,2024,10,8,2024-10-08,1945,17.7,1505,2.57,-9.0,1100,-9.0,-9.0,-9.0,22.0,6.8,2248,120,0301VDE04700,100.0,0,0.0
PVDL-IDV1257430620-1728376125-2009,37.570131,126.962495,2024-10-08 09:02:24+00:00,2024,10,8,2024-10-08,1945,17.7,1505,2.57,-9.0,1100,-9.0,-9.0,-9.0,22.0,6.8,2248,112,0301VDE04100,109.0,5,1.73
PVDL-IDV1257430630-1728365935-12235,37.613947,127.102766,2024-10-08 09:02:24+00:00,2024,10,8,2024-10-08,1945,17.7,1505,2.57,-9.0,1100,-9.0,-9.0,-9.0,22.0,6.8,2248,61,0010VDS26000,-1.0,-1,-1.0
PVDL-IDV1257430680-1728369895-8244,37.520514,127.056681,2024-10-08 09:02:24+00:00,2024,10,8,2024-10-08,1945,17.7,1505,2.57,-9.0,1100,-9.0,-9.0,-9.0,22.0,6.8,2248,120,0301VDE04700,100.0,0,0.0
PVDL-IDV1257430740-1728370219-7951,37.510414,127.007399,2024-10-08 09:02:24+00:00,2024,10,8,2024-10-08,1945,17.7,1505,2.57,-9.0,1100,-9.0,-9.0,-9.0,22.0,6.8,2248,120,0301VDE04700,100.0,0,0.0
PVDL-IDV1257430780-1728363621-14512,37.477812,127.105704,2024-10-08 09:02:24+00:00,2024,10,8,2024-10-08,1945,17.7,1505,2.57,-9.0,1100,-9.0,-9.0,-9.0,22.0,6.8,2248,124,0301VDE05000,-1.0,-1,-1.0
PVDL-IDV1257431010-1728364915-13218,37.495379,127.029199,2024-10-08 09:02:24+00:00,2024,10,8,2024-10-08,1945,17.7,1505,2.57,-9.0,1100,-9.0,-9.0,-9.0,22.0,6.8,2248,120,0301VDE04700,100.0,0,0.0
PVDL-IDV1257431020-1728371214-6918,37.56564,127.02061,2024-10-08 09:02:24+00:00,2024,10,8,2024-10-08,1945,17.7,1505,2.57,-9.0,1100,-9.0,-9.0,-9.0,22.0,6.8,2248,118,0301VDE04500,107.0,10,3.12
PVDL-IDV1257431140-1728368914-9226,37.534749,126.979874,2024-10-08 09:02:24+00:00,2024,10,8,2024-10-08,1945,17.7,1505,2.57,-9.0,1100,-9.0,-9.0,-9.0,22.0,6.8,2248,118,0301VDE04500,107.0,10,3.12
PVDL-IDV1257431180-1728363547-14587,37.521,126.978508,2024-10-08 09:02:24+00:00,2024,10,8,2024-10-08,1945,17.7,1505,2.57,-9.0,1100,-9.0,-9.0,-9.0,22.0,6.8,2248,118,0301VDE04500,107.0,10,3.12
PVDL-IDV1257431190-1728371339-6794,37.569803,127.023413,2024-10-08 09:02:24+00:00,2024,10,8,2024-10-08,1945,17.7,1505,2.57,-9.0,1100,-9.0,-9.0,-9.0,22.0,6.8,2248,118,0301VDE04500,107.0,10,3.12
PVDL-IDV1257431210-1728362756-15378,37.529326,127.010789,2024-10-08 09:02:24+00:00,2024,10,8,2024-10-08,1945,17.7,1505,2.57,-9.0,1100,-9.0,-9.0,-9.0,22.0,6.8,2248,118,0301VDE04500,107.0,10,3.12
PVDL-IDV1257431270-1728360274-17860,37.508654,127.022511,2024-10-08 09:02:24+00:00,2024,10,8,2024-10-08,1945,17.7,1505,2.57,-9.0,1100,-9.0,-9.0,-9.0,22.0,6.8,2248,120,0301VDE04700,100.0,0,0.0
PVDL-IDV1257431300-1728356626-21507,37.486793,127.032994,2024-10-08 09:02:24+00:00,2024,10,8,2024-10-08,1945,17.7,1505,2.57,-9.0,1100,-9.0,-9.0,-9.0,22.0,6.8,2248,120,0301VDE04700,100.0,0,0.0
PVDL-IDV1257431320-1728374868-3265,37.532533,127.008479,2024-10-08 09:02:24+00:00,2024,10,8,2024-10-08,1945,17.7,1505,2.57,-9.0,1100,-9.0,-9.0,-9.0,22.0,6.8,2248,118,0301VDE04500,107.0,10,3.12
PVDL-IDV1257431440-1728376894-1239,37.468988,127.03982,2024-10-08 09:02:24+00:00,2024,10,8,2024-10-08,1945,17.7,1505,2.57,-9.0,1100,-9.0,-9.0,-9.0,22.0,6.8,2248,122,0301VDE04800,108.0,3,0.91
PVDL-IDV1257431470-1728376146-1987,37.466743,127.045892,2024-10-08 09:02:24+00:00,2024,10,8,2024-10-08,1945,17.7,1505,2.57,-9.0,1100,-9.0,-9.0,-9.0,22.0,6.8,2248,124,0301VDE05000,-1.0,-1,-1.0
PVDL-IDV1257431500-1728364754-13379,37.558105,126.973728,2024-10-08 09:02:24+00:00,2024,10,8,2024-10-08,1945,17.7,1505,2.57,-9.0,1100,-9.0,-9.0,-9.0,22.0,6.8,2248,114,0301VDE04200,114.5,7,2.32
PVDL-IDV1257431540-1728376831-1318,37.479354,127.065921,2024-10-08 09:02:24+00:00,2024,10,8,2024-10-08,1945,17.7,1505,2.57,-9.0,1100,-9.0,-9.0,-9.0,22.0,6.8,2248,122,0301VDE04800,108.0,3,0.91
PVDL-IDV1257431550-1728375179-2954,37.501138,127.026165,2024-10-08 09:02:24+00:00,2024,10,8,2024-10-08,1945,17.7,1505,2.57,-9.0,1100,-9.0,-9.0,-9.0,22.0,6.8,2248,120,0301VDE04700,100.0,0,0.0
PVDL-IDV1257431580-1728369895-8244,37.535069,127.006289,2024-10-08 09:02:24+00:00,2024,10,8,2024-10-08,1945,17.7,1505,2.57,-9.0,1100,-9.0,-9.0,-9.0,22.0,6.8,2248,118,0301VDE04500,107.0,10,3.12
PVDL-IDV1257431590-1728372643-5490,37.556795,126.975326,2024-10-08 09:02:24+00:00,2024,10,8,2024-10-08,1945,17.7,1505,2.57,-9.0,1100,-9.0,-9.0,-9.0,22.0,6.8,2248,114,0301VDE04200,114.5,7,2.32
PVDL-IDV1257431600-1728365141-12993,37.565356,127.023933,2024-10-08 09:02:24+00:00,2024,10,8,2024-10-08,1945,17.7,1505,2.57,-9.0,1100,-9.0,-9.0,-9.0,22.0,6.8,2248,118,0301VDE04500,107.0,10,3.12
PVDL-IDV1257431610-1728371070-7063,37.5448,126.967793,2024-10-08 09:02:24+00:00,2024,10,8,2024-10-08,1945,17.7,1505,2.57,-9.0,1100,-9.0,-9.0,-9.0,22.0,6.8,2248,114,0301VDE04200,114.5,7,2.32
PVDL-IDV1257431650-1728373887-4247,37.528188,126.999126,2024-10-08 09:02:24+00:00,2024,10,8,2024-10-08,1945,17.7,1505,2.57,-9.0,1100,-9.0,-9.0,-9.0,22.0,6.8,2248,118,0301VDE04500,107.0,10,3.12
PVDL-IDV1257431700-1728366837-11296,37.563609,127.036269,2024-10-08 09:02:24+00:00,2024,10,8,2024-10-08,1945,17.7,1505,2.57,-9.0,1100,-9.0,-9.0,-9.0,22.0,6.8,2248,118,0301VDE04500,107.0,10,3.12
PVDL-IDV1257431850-1728367070-11064,37.554427,127.034031,2024-10-08 09:02:24+00:00,2024,10,8,2024-10-08,1945,17.7,1505,2.57,-9.0,1100,-9.0,-9.0,-9.0,22.0,6.8,2248,118,0301VDE04500,107.0,10,3.12
PVDL-IDV1257431860-1728376709-1461,37.528994,126.966037,2024-10-08 09:02:24+00:00,2024,10,8,2024-10-08,1945,17.7,1505,2.57,-9.0,1100,-9.0,-9.0,-9.0,22.0,6.8,2248,118,0301VDE04500,107.0,10,3.12
PVDL-IDV1257431870-1728364987-13147,37.561381,126.994214,2024-10-08 09:02:24+00:00,2024,10,8,2024-10-08,1945,17.7,1505,2.57,-9.0,1100,-9.0,-9.0,-9.0,22.0,6.8,2248,118,0301VDE04500,107.0,10,3.12
PVDL-IDV1257431900-1728374660-3473,37.533819,126.994197,2024-10-08 09:02:24+00:00,2024,10,8,2024-10-08,1945,17.7,1505,2.57,-9.0,1100,-9.0,-9.0,-9.0,22.0,6.8,2248,118,0301VDE04500,107.0,10,3.12
PVDL-IDV1257431920-1728367383-10750,37.548054,127.025396,2024-10-08 09:02:24+00:00,2024,10,8,2024-10-08,1945,17.7,1505,2.57,-9.0,1100,-9.0,-9.0,-9.0,22.0,6.8,2248,118,0301VDE04500,107.0,10,3.12
PVDL-IDV1257431940-1728374694-3439,37.507647,127.023037,2024-10-08 09:02:24+00:00,2024,10,8,2024-10-08,1945,17.7,1505,2.57,-9.0,1100,-9.0,-9.0,-9.0,22.0,6.8,2248,120,0301VDE04700,100.0,0,0.0
PVDL-IDV1257431950-1728374483-3650,37.541972,127.002522,2024-10-08 09:02:24+00:00,2024,10,8,2024-10-08,1945,17.7,1505,2.57,-9.0,1100,-9.0,-9.0,-9.0,22.0,6.8,2248,118,0301VDE04500,107.0,10,3.12
PVDL-IDV1257431980-1728355944-22189,37.512719,127.020628,2024-10-08 09:02:24+00:00,2024,10,8,2024-10-08,1945,17.7,1505,2.57,-9.0,1100,-9.0,-9.0,-9.0,22.0,6.8,2248,120,0301VDE04700,100.0,0,0.0
PVDL-IDV1257432010-1728334473-43660,37.663415,127.011578,2024-10-08 09:02:24+00:00,2024,10,8,2024-10-08,1945,17.7,1505,2.57,-9.0,1100,-9.0,-9.0,-9.0,22.0,6.8,2248,77,0010VDS26300,103.5,10,8.0
PVDL-IDV1257432020-1728334293-43841,37.662386,127.013047,2024-10-08 09:02:24+00:00,2024,10,8,2024-10-08,1945,17.7,1505,2.57,-9.0,1100,-9.0,-9.0,-9.0,22.0,6.8,2248,77,0010VDS26300,103.5,10,8.0
PVDL-IDV1257432040-1728334232-43902,37.658496,127.014204,2024-10-08 09:02:24+00:00,2024,10,8,2024-10-08,1945,17.7,1505,2.57,-9.0,1100,-9.0,-9.0,-9.0,22.0,6.8,2248,77,0010VDS26300,103.5,10,8.0
PVDL-IDV1257432050-1728336722-41412,37.649014,127.013973,2024-10-08 09:02:24+00:00,2024,10,8,2024-10-08,1945,17.7,1505,2.57,-9.0,1100,-9.0,-9.0,-9.0,22.0,6.8,2248,77,0010VDS26300,103.5,10,8.0
PVDL-IDV1257432060-1728336310-41830,37.613512,127.030129,2024-10-08 09:02:24+00:00,2024,10,8,2024-10-08,1945,17.7,1505,2.57,-9.0,1100,-9.0,-9.0,-9.0,22.0,6.8,2248,118,0301VDE04500,107.0,10,3.12
PVDL-IDV1257432080-1728356934-21204,37.604842,127.031834,2024-10-08 09:02:24+00:00,2024,10,8,2024-10-08,1945,17.7,1505,2.57,-9.0,1100,-9.0,-9.0,-9.0,22.0,6.8,2248,118,0301VDE04500,107.0,10,3.12
PVDL-IDV1257432090-1728337728-40406,37.594013,127.036194,2024-10-08 09:02:24+00:00,2024,10,8,2024-10-08,1945,17.7,1505,2.57,-9.0,1100,-9.0,-9.0,-9.0,22.0,6.8,2248,118,0301VDE04500,107.0,10,3.12
PVDL-IDV1257432100-1728337766-40367,37.5728331,127.0148454,2024-10-08 09:02:24+00:00,2024,10,8,2024-10-08,1945,17.7,1505,2.57,-9.0,1100,-9.0,-9.0,-9.0,22.0,6.8,2248,118,0301VDE04500,107.0,10,3.12
PVDL-IDV1257432110-1728361304-16830,37.632953,127.017633,2024-10-08 09:02:24+00:00,2024,10,8,2024-10-08,1945,17.7,1505,2.57,-9.0,1100,-9.0,-9.0,-9.0,22.0,6.8,2248,77,0010VDS26300,103.5,10,8.0
PVDL-IDV1257432120-1728376980-1166,37.547695,127.006061,2024-10-08 09:02:24+00:00,2024,10,8,2024-10-08,1945,17.7,1505,2.57,-9.0,1100,-9.0,-9.0,-9.0,22.0,6.8,2248,118,0301VDE04500,107.0,10,3.12
PVDL-IDV1257432140-1728328940-49193,37.49043,127.021174,2024-10-08 09:02:24+00:00,2024,10,8,2024-10-08,1945,17.7,1505,2.57,-9.0,1100,-9.0,-9.0,-9.0,22.0,6.8,2248,120,0301VDE04700,100.0,0,0.0
PVDL-IDV1257432150-1728328651-49483,37.508756,127.022399,2024-10-08 09:02:24+00:00,2024,10,8,2024-10-08,1945,17.7,1505,2.57,-9.0,1100,-9.0,-9.0,-9.0,22.0,6.8,2248,120,0301VDE04700,100.0,0,0.0
PVDL-IDV1257432180-1728329544-48595,37.534164,127.006954,2024-10-08 09:02:24+00:00,2024,10,8,2024-10-08,1945,17.7,1505,2.57,-9.0,1100,-9.0,-9.0,-9.0,22.0,6.8,2248,118,0301VDE04500,107.0,10,3.12
PVDL-IDV1257432200-1728336390-41749,37.601601,127.033482,2024-10-08 09:02:24+00:00,2024,10,8,2024-10-08,1945,17.7,1505,2.57,-9.0,1100,-9.0,-9.0,-9.0,22.0,6.8,2248,118,0301VDE04500,107.0,10,3.12
PVDL-IDV1257432210-1728357342-20792,37.534962,127.006304,2024-10-08 09:02:24+00:00,2024,10,8,2024-10-08,1945,17.7,1505,2.57,-9.0,1100,-9.0,-9.0,-9.0,22.0,6.8,2248,118,0301VDE04500,107.0,10,3.12
PVDL-IDV1257432220-1728331362-46777,37.5385816,127.0041298,2024-10-08 09:02:24+00:00,2024,10,8,2024-10-08,1945,17.7,1505,2.57,-9.0,1100,-9.0,-9.0,-9.0,22.0,6.8,2248,118,0301VDE04500,107.0,10,3.12
PVDL-IDV1257432230-1728374341-3793,37.585033,127.031625,2024-10-08 09:02:24+00:00,2024,10,8,2024-10-08,1945,17.7,1505,2.57,-9.0,1100,-9.0,-9.0,-9.0,22.0,6.8,2248,118,0301VDE04500,107.0,10,3.12
PVDL-IDV1257432260-1728352567-25566,37.575409,127.022792,2024-10-08 09:02:24+00:00,2024,10,8,2024-10-08,1945,17.7,1505,2.57,-9.0,1100,-9.0,-9.0,-9.0,22.0,6.8,2248,118,0301VDE04500,107.0,10,3.12
PVDL-IDV1257432300-1728336802-41332,37.56205,127.006493,2024-10-08 09:02:24+00:00,2024,10,8,2024-10-08,1945,17.7,1505,2.57,-9.0,1100,-9.0,-9.0,-9.0,22.0,6.8,2248,118,0301VDE04500,107.0,10,3.12
PVDL-IDV1257432410-1728351494-26676,37.65067,127.013112,2024-10-08 09:02:24+00:00,2024,10,8,2024-10-08,1945,17.7,1505,2.57,-9.0,1100,-9.0,-9.0,-9.0,22.0,6.8,2248,77,0010VDS26300,103.5,10,8.0
PVDL-IDV1257432420-1728333159-44976,37.66328,127.011854,2024-10-08 09:02:24+00:00,2024,10,8,2024-10-08,1945,17.7,1505,2.57,-9.0,1100,-9.0,-9.0,-9.0,22.0,6.8,2248,77,0010VDS26300,103.5,10,8.0
PVDL-IDV1257432440-1728327529-50611,37.512641,127.020695,2024-10-08 09:02:24+00:00,2024,10,8,2024-10-08,1945,17.7,1505,2.57,-9.0,1100,-9.0,-9.0,-9.0,22.0,6.8,2248,120,0301VDE04700,100.0,0,0.0
PVDL-IDV1257432450-1728346074-32096,37.520131,127.018212,2024-10-08 09:02:24+00:00,2024,10,8,2024-10-08,1945,17.7,1505,2.57,-9.0,1100,-9.0,-9.0,-9.0,22.0,6.8,2248,120,0301VDE04700,100.0,0,0.0
PVDL-IDV1257432460-1728330048-48086,37.560247,127.005681,2024-10-08 09:02:24+00:00,2024,10,8,2024-10-08,1945,17.7,1505,2.57,-9.0,1100,-9.0,-9.0,-9.0,22.0,6.8,2248,118,0301VDE04500,107.0,10,3.12
PVDL-IDV1257432500-1728329913-48221,37.553311,127.009693,2024-10-08 09:02:24+00:00,2024,10,8,2024-10-08,1945,17.7,1505,2.57,-9.0,1100,-9.0,-9.0,-9.0,22.0,6.8,2248,118,0301VDE04500,107.0,10,3.12
PVDL-IDV1257432700-1728331794-46339,37.620178,127.020926,2024-10-08 09:02:24+00:00,2024,10,8,2024-10-08,1945,17.7,1505,2.57,-9.0,1100,-9.0,-9.0,-9.0,22.0,6.8,2248,118,0301VDE04500,107.0,10,3.12
PVDL-IDV1257432750-1728366296-11838,37.557326,127.008931,2024-10-08 09:02:24+00:00,2024,10,8,2024-10-08,1945,17.7,1505,2.57,-9.0,1100,-9.0,-9.0,-9.0,22.0,6.8,2248,118,0301VDE04500,107.0,10,3.12
PVDL-IDV1257432760-1728331805-46328,37.637031,127.017198,2024-10-08 09:02:24+00:00,2024,10,8,2024-10-08,1945,17.7,1505,2.57,-9.0,1100,-9.0,-9.0,-9.0,22.0,6.8,2248,77,0010VDS26300,103.5,10,8.0
PVDL-IDV1257432920-1728376055-2092,37.479314,127.065871,2024-10-08 09:02:24+00:00,2024,10,8,2024-10-08,1945,17.7,1505,2.57,-9.0,1100,-9.0,-9.0,-9.0,22.0,6.8,2248,122,0301VDE04800,108.0,3,0.91
PVDL-IDV1257432960-1728377455-694,37.520232,127.01818,2024-10-08 09:02:24+00:00,2024,10,8,2024-10-08,1945,17.7,1505,2.57,-9.0,1100,-9.0,-9.0,-9.0,22.0,6.8,2248,120,0301VDE04700,100.0,0,0.0
PVDL-IDV1257433010-1728374430-3716,37.484258,127.068722,2024-10-08 09:02:24+00:00,2024,10,8,2024-10-08,1945,17.7,1505,2.57,-9.0,1100,-9.0,-9.0,-9.0,22.0,6.8,2248,122,0301VDE04800,108.0,3,0.91
PVDL-IDV1257433090-1728376375-1772,37.563967,127.007192,2024-10-08 09:02:24+00:00,2024,10,8,2024-10-08,1945,17.7,1505,2.57,-9.0,1100,-9.0,-9.0,-9.0,22.0,6.8,2248,118,0301VDE04500,107.0,10,3.12
PVDL-IDV1257433820-1728374573-3576,37.610786,127.009098,2024-10-08 09:02:24+00:00,2024,10,8,2024-10-08,1945,17.7,1505,2.57,-9.0,1100,-9.0,-9.0,-9.0,22.0,6.8,2248,118,0301VDE04500,107.0,10,3.12
PVDL-IDV1257434510-1728344513-33621,37.5825538,126.9982805,2024-10-08 09:02:24+00:00,2024,10,8,2024-10-08,1945,17.7,1505,2.57,-9.0,1100,-9.0,-9.0,-9.0,22.0,6.8,2248,118,0301VDE04500,107.0,10,3.12
PVDL-IDV1257434700-1728378073-93,37.5922966,127.0145213,2024-10-08 09:02:24+00:00,2024,10,8,2024-10-08,1945,17.7,1505,2.57,-9.0,1100,-9.0,-9.0,-9.0,22.0,6.8,2248,118,0301VDE04500,107.0,10,3.12
PVDL-IDV1257434720-1728377505-628,37.64476,127.082949,2024-10-08 09:02:24+00:00,2024,10,8,2024-10-08,1945,17.7,1505,2.57,-9.0,1100,-9.0,-9.0,-9.0,22.0,6.8,2248,61,0010VDS26000,-1.0,-1,-1.0
PVDL-IDV1257434810-1728365678-12456,37.503101,127.0212,2024-10-08 09:02:24+00:00,2024,10,8,2024-10-08,1945,17.7,1505,2.57,-9.0,1100,-9.0,-9.0,-9.0,22.0,6.8,2248,120,0301VDE04700,100.0,0,0.0
PVDL-IDV1257434830-1728374784-3358,37.637685,127.070425,2024-10-08 09:02:24+00:00,2024,10,8,2024-10-08,1945,17.7,1505,2.57,-9.0,1100,-9.0,-9.0,-9.0,22.0,6.8,2248,61,0010VDS26000,-1.0,-1,-1.0
PVDL-IDV1257434860-1728377828-306,37.689364,127.045402,2024-10-08 09:02:24+00:00,2024,10,8,2024-10-08,1945,17.7,1505,2.57,-9.0,1100,-9.0,-9.0,-9.0,22.0,6.8,2248,81,0010VDS26350,-1.0,-1,-1.0
PVDL-IDV1257434870-1728370399-7733,37.473362,127.038808,2024-10-08 09:02:24+00:00,2024,10,8,2024-10-08,1945,17.7,1505,2.57,-9.0,1100,-9.0,-9.0,-9.0,22.0,6.8,2248,122,0301VDE04800,108.0,3,0.91
PVDL-IDV1257434890-1728356813-21357,37.5693963,126.970684,2024-10-08 09:02:24+00:00,2024,10,8,2024-10-08,1945,17.7,1505,2.57,-9.0,1100,-9.0,-9.0,-9.0,22.0,6.8,2248,112,0301VDE04100,109.0,5,1.73
PVDL-IDV1257434950-1728367047-11093,37.5725199,127.0139747,2024-10-08 09:02:24+00:00,2024,10,8,2024-10-08,1945,17.7,1505,2.57,-9.0,1100,-9.0,-9.0,-9.0,22.0,6.8,2248,118,0301VDE04500,107.0,10,3.12
PVDL-IDV1257435010-1728377873-293,37.626033,127.052985,2024-10-08 09:02:24+00:00,2024,10,8,2024-10-08,1945,17.7,1505,2.57,-9.0,1100,-9.0,-9.0,-9.0,22.0,6.8,2248,61,0010VDS26000,-1.0,-1,-1.0
PVDL-IDV1257435020-1728375074-3096,37.5637316,126.982057,2024-10-08 09:02:24+00:00,2024,10,8,2024-10-08,1945,17.7,1505,2.57,-9.0,1100,-9.0,-9.0,-9.0,22.0,6.8,2248,118,0301VDE04500,107.0,10,3.12
PVDL-IDV1257435190-1728330175-47958,37.549479,126.971868,2024-10-08 09:02:24+00:00,2024,10,8,2024-10-08,1945,17.7,1505,2.57,-9.0,1100,-9.0,-9.0,-9.0,22.0,6.8,2248,114,0301VDE04200,114.5,7,2.32
PVDL-IDV1257435210-1728333768-44366,37.659272,127.063524,2024-10-08 09:02:24+00:00,2024,10,8,2024-10-08,1945,17.7,1505,2.57,-9.0,1100,-9.0,-9.0,-9.0,22.0,6.8,2248,77,0010VDS26300,103.5,10,8.0
PVDL-IDV1257435220-1728328044-50089,37.659317,127.063925,2024-10-08 09:02:24+00:00,2024,10,8,2024-10-08,1945,17.7,1505,2.57,-9.0,1100,-9.0,-9.0,-9.0,22.0,6.8,2248,77,0010VDS26300,103.5,10,8.0
PVDL-IDV1257435420-1728370399-7771,37.5773158,126.9869749,2024-10-08 09:02:24+00:00,2024,10,8,2024-10-08,1945,17.7,1505,2.57,-9.0,1100,-9.0,-9.0,-9.0,22.0,6.8,2248,118,0301VDE04500,107.0,10,3.12
PVDL-IDV1257435430-1728332949-45185,37.637836,127.07063,2024-10-08 09:02:24+00:00,2024,10,8,2024-10-08,1945,17.7,1505,2.57,-9.0,1100,-9.0,-9.0,-9.0,22.0,6.8,2248,61,0010VDS26000,-1.0,-1,-1.0
PVDL-IDV1257435460-1728363563-14570,37.648964,127.069793,2024-10-08 09:02:24+00:00,2024,10,8,2024-10-08,1945,17.7,1505,2.57,-9.0,1100,-9.0,-9.0,-9.0,22.0,6.8,2248,73,0010VDS26200,100.0,0,0.0
PVDL-IDV1257435670-1728361756-16384,37.592514,127.014923,2024-10-08 09:02:24+00:00,2024,10,8,2024-10-08,1945,17.7,1505,2.57,-9.0,1100,-9.0,-9.0,-9.0,22.0,6.8,2248,118,0301VDE04500,107.0,10,3.12
PVDL-IDV1257435710-1728350157-27985,37.6092541,127.0306926,2024-10-08 09:02:24+00:00,2024,10,8,2024-10-08,1945,17.7,1505,2.57,-9.0,1100,-9.0,-9.0,-9.0,22.0,6.8,2248,118,0301VDE04500,107.0,10,3.12
PVDL-IDV1257435770-1728346954-31180,37.623868,127.050086,2024-10-08 09:02:24+00:00,2024,10,8,2024-10-08,1945,17.7,1505,2.57,-9.0,1100,-9.0,-9.0,-9.0,22.0,6.8,2248,61,0010VDS26000,-1.0,-1,-1.0
PVDL-IDV1257435780-1728348730-29410,37.57578,127.022957,2024-10-08 09:02:24+00:00,2024,10,8,2024-10-08,1945,17.7,1505,2.57,-9.0,1100,-9.0,-9.0,-9.0,22.0,6.8,2248,118,0301VDE04500,107.0,10,3.12
PVDL-IDV1257435950-1728355759-22381,37.645217,127.048108,2024-10-08 09:02:24+00:00,2024,10,8,2024-10-08,1945,17.7,1505,2.57,-9.0,1100,-9.0,-9.0,-9.0,22.0,6.8,2248,73,0010VDS26200,100.0,0,0.0
PVDL-IDV1257436080-1728328086-50050,37.588543,127.017273,2024-10-08 09:02:24+00:00,2024,10,8,2024-10-08,1945,17.7,1505,2.57,-9.0,1100,-9.0,-9.0,-9.0,22.0,6.8,2248,118,0301VDE04500,107.0,10,3.12
PVDL-IDV1257436110-1728330429-47712,37.562624,126.969472,2024-10-08 09:02:24+00:00,2024,10,8,2024-10-08,1945,17.7,1505,2.57,-9.0,1100,-9.0,-9.0,-9.0,22.0,6.8,2248,114,0301VDE04200,114.5,7,2.32
PVDL-IDV1257436120-1728333015-45118,37.585643,127.019208,2024-10-08 09:02:24+00:00,2024,10,8,2024-10-08,1945,17.7,1505,2.57,-9.0,1100,-9.0,-9.0,-9.0,22.0,6.8,2248,118,0301VDE04500,107.0,10,3.12
PVDL-IDV1257436140-1728334468-43671,37.627162,127.050267,2024-10-08 09:02:24+00:00,2024,10,8,2024-10-08,1945,17.7,1505,2.57,-9.0,1100,-9.0,-9.0,-9.0,22.0,6.8,2248,61,0010VDS26000,-1.0,-1,-1.0
PVDL-IDV1257436170-1728360431-17739,37.612134,127.036151,2024-10-08 09:02:24+00:00,2024,10,8,2024-10-08,1945,17.7,1505,2.57,-9.0,1100,-9.0,-9.0,-9.0,22.0,6.8,2248,61,0010VDS26000,-1.0,-1,-1.0
PVDL-IDV1257436290-1728370401-7733,37.561611,126.97012,2024-10-08 09:02:24+00:00,2024,10,8,2024-10-08,1945,17.7,1505,2.57,-9.0,1100,-9.0,-9.0,-9.0,22.0,6.8,2248,114,0301VDE04200,114.5,7,2.32
PVDL-IDV1257436360-1728373904-4266,37.628298,126.825702,2024-10-08 09:02:24+00:00,2024,10,8,2024-10-08,1945,17.7,1505,2.57,-9.0,1100,-9.0,-9.0,-9.0,22.0,6.8,2248,131,0301VDS02100,95.5,5,3.17
PVDL-IDV1257436370-1728378104-36,37.666593,126.767111,2024-10-08 09:02:24+00:00,2024,10,8,2024-10-08,1945,17.7,1505,2.57,-9.0,1100,-9.0,-9.0,-9.0,22.0,6.8,2248,129,0301VDS01900,97.5,4,1.92
PVDL-IDV1257436380-1728363907-14227,37.686817,126.759838,2024-10-08 09:02:24+00:00,2024,10,8,2024-10-08,1945,17.7,1505,2.57,-9.0,1100,-9.0,-9.0,-9.0,22.0,6.8,2248,129,0301VDS01900,97.5,4,1.92
PVDL-IDV1257436390-1728350627-27543,37.624887,126.817395,2024-10-08 09:02:24+00:00,2024,10,8,2024-10-08,1945,17.7,1505,2.57,-9.0,1100,-9.0,-9.0,-9.0,22.0,6.8,2248,131,0301VDS02100,95.5,5,3.17
PVDL-IDV1257436730-1728353073-25097,37.478046,127.141672,2024-10-08 09:02:24+00:00,2024,10,8,2024-10-08,1945,17.7,1505,2.57,-9.0,1100,-9.0,-9.0,-9.0,22.0,6.8,2248,124,0301VDE05000,-1.0,-1,-1.0
PVDL-IDV1257436750-1728376640-1499,37.524297,127.039498,2024-10-08 09:02:24+00:00,2024,10,8,2024-10-08,1945,17.7,1505,2.57,-9.0,1100,-9.0,-9.0,-9.0,22.0,6.8,2248,120,0301VDE04700,100.0,0,0.0
PVDL-IDV1257436900-1728364143-14028,37.57056,126.992764,2024-10-08 09:02:24+00:00,2024,10,8,2024-10-08,1945,17.7,1505,2.57,-9.0,1100,-9.0,-9.0,-9.0,22.0,6.8,2248,118,0301VDE04500,107.0,10,3.12
PVDL-IDV1257436970-1728363144-14989,37.469719,127.128655,2024-10-08 09:02:24+00:00,2024,10,8,2024-10-08,1945,17.7,1505,2.57,-9.0,1100,-9.0,-9.0,-9.0,22.0,6.8,2248,124,0301VDE05000,-1.0,-1,-1.0
PVDL-IDV1257436980-1728371381-6753,37.562126,127.060581,2024-10-08 09:02:24+00:00,2024,10,8,2024-10-08,1945,17.7,1505,2.57,-9.0,1100,-9.0,-9.0,-9.0,22.0,6.8,2248,120,0301VDE04700,100.0,0,0.0
PVDL-IDV1257437000-1728348563-29609,37.570198,126.989162,2024-10-08 09:02:24+00:00,2024,10,8,2024-10-08,1945,17.7,1505,2.57,-9.0,1100,-9.0,-9.0,-9.0,22.0,6.8,2248,118,0301VDE04500,107.0,10,3.12
PVDL-IDV1257438080-1728376339-1807,37.577564,126.990755,2024-10-08 09:02:24+00:00,2024,10,8,2024-10-08,1945,17.7,1505,2.57,-9.0,1100,-9.0,-9.0,-9.0,22.0,6.8,2248,118,0301VDE04500,107.0,10,3.12
PVDL-IDV1257438210-1728375071-3083,37.5767931,126.9857501,2024-10-08 09:02:24+00:00,2024,10,8,2024-10-08,1945,17.7,1505,2.57,-9.0,1100,-9.0,-9.0,-9.0,22.0,6.8,2248,118,0301VDE04500,107.0,10,3.12
PVDL-IDV1257438240-1728354857-23277,37.663487,127.012474,2024-10-08 09:02:24+00:00,2024,10,8,2024-10-08,1945,17.7,1505,2.57,-9.0,1100,-9.0,-9.0,-9.0,22.0,6.8,2248,77,0010VDS26300,103.5,10,8.0
PVDL-IDV1257438240-1728354857-23278,37.663544,127.012438,2024-10-08 09:02:24+00:00,2024,10,8,2024-10-08,1945,17.7,1505,2.57,-9.0,1100,-9.0,-9.0,-9.0,22.0,6.8,2248,77,0010VDS26300,103.5,10,8.0
PVDL-IDV1257438340-1728375256-2890,37.660704,127.013889,2024-10-08 09:02:24+00:00,2024,10,8,2024-10-08,1945,17.7,1505,2.57,-9.0,1100,-9.0,-9.0,-9.0,22.0,6.8,2248,77,0010VDS26300,103.5,10,8.0
PVDL-IDV1257438350-1728367027-11104,37.642447,127.030455,2024-10-08 09:02:24+00:00,2024,10,8,2024-10-08,1945,17.7,1505,2.57,-9.0,1100,-9.0,-9.0,-9.0,22.0,6.8,2248,77,0010VDS26300,103.5,10,8.0
PVDL-IDV1257438370-1728378123-17,37.6168913,127.0298523,2024-10-08 09:02:24+00:00,2024,10,8,2024-10-08,1945,17.7,1505,2.57,-9.0,1100,-9.0,-9.0,-9.0,22.0,6.8,2248,118,0301VDE04500,107.0,10,3.12
PVDL-IDV1257438410-1728359756-18378,37.619992,127.018658,2024-10-08 09:02:24+00:00,2024,10,8,2024-10-08,1945,17.7,1505,2.57,-9.0,1100,-9.0,-9.0,-9.0,22.0,6.8,2248,118,0301VDE04500,107.0,10,3.12
PVDL-IDV1257438480-1728376179-1955,37.571038,126.999545,2024-10-08 09:02:24+00:00,2024,10,8,2024-10-08,1945,17.7,1505,2.57,-9.0,1100,-9.0,-9.0,-9.0,22.0,6.8,2248,118,0301VDE04500,107.0,10,3.12
PVDL-IDV1257438570-1728375685-2455,37.658546,127.013966,2024-10-08 09:02:24+00:00,2024,10,8,2024-10-08,1945,17.7,1505,2.57,-9.0,1100,-9.0,-9.0,-9.0,22.0,6.8,2248,77,0010VDS26300,103.5,10,8.0
PVDL-IDV1257438710-1728365409-12725,37.658335,127.014492,2024-10-08 09:02:24+00:00,2024,10,8,2024-10-08,1945,17.7,1505,2.57,-9.0,1100,-9.0,-9.0,-9.0,22.0,6.8,2248,77,0010VDS26300,103.5,10,8.0
PVDL-IDV1257438780-1728378111-37,37.57637,127.025315,2024-10-08 09:02:24+00:00,2024,10,8,2024-10-08,1945,17.7,1505,2.57,-9.0,1100,-9.0,-9.0,-9.0,22.0,6.8,2248,118,0301VDE04500,107.0,10,3.12
PVDL-IDV1257438790-1728378094-51,37.634656,127.022478,2024-10-08 09:02:24+00:00,2024,10,8,2024-10-08,1945,17.7,1505,2.57,-9.0,1100,-9.0,-9.0,-9.0,22.0,6.8,2248,77,0010VDS26300,103.5,10,8.0
PVDL-IDV1257438810-1728369895-8244,37.651738,127.012741,2024-10-08 09:02:24+00:00,2024,10,8,2024-10-08,1945,17.7,1505,2.57,-9.0,1100,-9.0,-9.0,-9.0,22.0,6.8,2248,77,0010VDS26300,103.5,10,8.0
PVDL-IDV1257438820-1728366155-11979,37.638008,127.013558,2024-10-08 09:02:24+00:00,2024,10,8,2024-10-08,1945,17.7,1505,2.57,-9.0,1100,-9.0,-9.0,-9.0,22.0,6.8,2248,77,0010VDS26300,103.5,10,8.0
PVDL-IDV1257438840-1728370814-7320,37.483379,127.035081,2024-10-08 09:02:24+00:00,2024,10,8,2024-10-08,1945,17.7,1505,2.57,-9.0,1100,-9.0,-9.0,-9.0,22.0,6.8,2248,122,0301VDE04800,108.0,3,0.91
PVDL-IDV1257438880-1728375084-3049,37.603997,127.024872,2024-10-08 09:02:24+00:00,2024,10,8,2024-10-08,1945,17.7,1505,2.57,-9.0,1100,-9.0,-9.0,-9.0,22.0,6.8,2248,118,0301VDE04500,107.0,10,3.12
PVDL-IDV1257438910-1728367639-10495,37.534286,127.007115,2024-10-08 09:02:24+00:00,2024,10,8,2024-10-08,1945,17.7,1505,2.57,-9.0,1100,-9.0,-9.0,-9.0,22.0,6.8,2248,118,0301VDE04500,107.0,10,3.12
PVDL-IDV1257438950-1728376160-1990,37.6486796,127.034799,2024-10-08 09:02:24+00:00,2024,10,8,2024-10-08,1945,17.7,1505,2.57,-9.0,1100,-9.0,-9.0,-9.0,22.0,6.8,2248,77,0010VDS26300,103.5,10,8.0
PVDL-IDV1257438960-1728375139-3002,37.589496,127.036145,2024-10-08 09:02:24+00:00,2024,10,8,2024-10-08,1945,17.7,1505,2.57,-9.0,1100,-9.0,-9.0,-9.0,22.0,6.8,2248,118,0301VDE04500,107.0,10,3.12
PVDL-IDV1257439010-1728328363-49771,37.611229,127.064761,2024-10-08 09:02:24+00:00,2024,10,8,2024-10-08,1945,17.7,1505,2.57,-9.0,1100,-9.0,-9.0,-9.0,22.0,6.8,2248,61,0010VDS26000,-1.0,-1,-1.0
PVDL-IDV1257439020-1728334189-43944,37.611335,127.01385,2024-10-08 09:02:24+00:00,2024,10,8,2024-10-08,1945,17.7,1505,2.57,-9.0,1100,-9.0,-9.0,-9.0,22.0,6.8,2248,118,0301VDE04500,107.0,10,3.12
PVDL-IDV1257439050-1728377102-1068,37.5791135,127.0420496,2024-10-08 09:02:24+00:00,2024,10,8,2024-10-08,1945,17.7,1505,2.57,-9.0,1100,-9.0,-9.0,-9.0,22.0,6.8,2248,118,0301VDE04500,107.0,10,3.12
PVDL-IDV1257439140-1728377241-892,37.647291,127.062841,2024-10-08 09:02:24+00:00,2024,10,8,2024-10-08,1945,17.7,1505,2.57,-9.0,1100,-9.0,-9.0,-9.0,22.0,6.8,2248,73,0010VDS26200,100.0,0,0.0
PVDL-IDV1257439150-1728331838-46302,37.577056,127.028102,2024-10-08 09:02:24+00:00,2024,10,8,2024-10-08,1945,17.7,1505,2.57,-9.0,1100,-9.0,-9.0,-9.0,22.0,6.8,2248,118,0301VDE04500,107.0,10,3.12
PVDL-IDV1257439180-1728357709-20431,37.552265,126.963131,2024-10-08 09:02:24+00:00,2024,10,8,2024-10-08,1945,17.7,1505,2.57,-9.0,1100,-9.0,-9.0,-9.0,22.0,6.8,2248,114,0301VDE04200,114.5,7,2.32
PVDL-IDV1257439440-1728333483-44655,37.52879,126.930213,2024-10-08 09:02:24+00:00,2024,10,8,2024-10-08,1945,17.7,1505,2.57,-9.0,1100,-9.0,-9.0,-9.0,22.0,6.8,2248,112,0301VDE04100,109.0,5,1.73
PVDL-IDV1257439500-1728377044-1096,37.570888,127.009411,2024-10-08 09:02:24+00:00,2024,10,8,2024-10-08,1945,17.7,1505,2.57,-9.0,1100,-9.0,-9.0,-9.0,22.0,6.8,2248,118,0301VDE04500,107.0,10,3.12
PVDL-IDV1257439510-1728333538-44596,37.5188518,126.9369158,2024-10-08 09:02:24+00:00,2024,10,8,2024-10-08,1945,17.7,1505,2.57,-9.0,1100,-9.0,-9.0,-9.0,22.0,6.8,2248,112,0301VDE04100,109.0,5,1.73
PVDL-IDV1257439530-1728333940-44200,37.518255,126.934429,2024-10-08 09:02:24+00:00,2024,10,8,2024-10-08,1945,17.7,1505,2.57,-9.0,1100,-9.0,-9.0,-9.0,22.0,6.8,2248,112,0301VDE04100,109.0,5,1.73
PVDL-IDV1257439570-1728334769-43364,37.530861,126.93169,2024-10-08 09:02:24+00:00,2024,10,8,2024-10-08,1945,17.7,1505,2.57,-9.0,1100,-9.0,-9.0,-9.0,22.0,6.8,2248,112,0301VDE04100,109.0,5,1.73
PVDL-IDV1257439610-1728333304-44829,37.520395,126.939269,2024-10-08 09:02:24+00:00,2024,10,8,2024-10-08,1945,17.7,1505,2.57,-9.0,1100,-9.0,-9.0,-9.0,22.0,6.8,2248,112,0301VDE04100,109.0,5,1.73
PVDL-IDV1257439620-1728334653-43483,37.527871,126.931146,2024-10-08 09:02:24+00:00,2024,10,8,2024-10-08,1945,17.7,1505,2.57,-9.0,1100,-9.0,-9.0,-9.0,22.0,6.8,2248,112,0301VDE04100,109.0,5,1.73
PVDL-IDV1257439630-1728334562-43572,37.5189847,126.92693,2024-10-08 09:02:24+00:00,2024,10,8,2024-10-08,1945,17.7,1505,2.57,-9.0,1100,-9.0,-9.0,-9.0,22.0,6.8,2248,112,0301VDE04100,109.0,5,1.73
PVDL-IDV1257439670-1728372326-5808,37.560712,126.976732,2024-10-08 09:02:24+00:00,2024,10,8,2024-10-08,1945,17.7,1505,2.57,-9.0,1100,-9.0,-9.0,-9.0,22.0,6.8,2248,114,0301VDE04200,114.5,7,2.32
PVDL-IDV1257439870-1728353105-25029,37.5662853,126.989324,2024-10-08 09:02:24+00:00,2024,10,8,2024-10-08,1945,17.7,1505,2.57,-9.0,1100,-9.0,-9.0,-9.0,22.0,6.8,2248,118,0301VDE04500,107.0,10,3.12
PVDL-IDV1257439900-1728327639-50503,37.611189,127.064639,2024-10-08 09:02:24+00:00,2024,10,8,2024-10-08,1945,17.7,1505,2.57,-9.0,1100,-9.0,-9.0,-9.0,22.0,6.8,2248,61,0010VDS26000,-1.0,-1,-1.0
PVDL-IDV1257439910-1728336357-41783,37.5699858,127.0095517,2024-10-08 09:02:24+00:00,2024,10,8,2024-10-08,1945,17.7,1505,2.57,-9.0,1100,-9.0,-9.0,-9.0,22.0,6.8,2248,118,0301VDE04500,107.0,10,3.12
PVDL-IDV1257439920-1728376688-1446,37.61648,127.049773,2024-10-08 09:02:24+00:00,2024,10,8,2024-10-08,1945,17.7,1505,2.57,-9.0,1100,-9.0,-9.0,-9.0,22.0,6.8,2248,61,0010VDS26000,-1.0,-1,-1.0
PVDL-IDV1257439930-1728374323-3810,37.5721,127.012523,2024-10-08 09:02:24+00:00,2024,10,8,2024-10-08,1945,17.7,1505,2.57,-9.0,1100,-9.0,-9.0,-9.0,22.0,6.8,2248,118,0301VDE04500,107.0,10,3.12
PVDL-IDV1257440090-1728373581-4553,37.562019,126.981409,2024-10-08 09:02:24+00:00,2024,10,8,2024-10-08,1945,17.7,1505,2.57,-9.0,1100,-9.0,-9.0,-9.0,22.0,6.8,2248,118,0301VDE04500,107.0,10,3.12
PVDL-IDV1257440140-1728371086-7048,37.64837,126.930482,2024-10-08 09:02:24+00:00,2024,10,8,2024-10-08,1945,17.7,1505,2.57,-9.0,1100,-9.0,-9.0,-9.0,22.0,6.8,2248,143,0301VDS02900,90.5,8,4.78
PVDL-IDV1257440150-1728374280-3860,37.514347,127.020109,2024-10-08 09:02:24+00:00,2024,10,8,2024-10-08,1945,17.7,1505,2.57,-9.0,1100,-9.0,-9.0,-9.0,22.0,6.8,2248,120,0301VDE04700,100.0,0,0.0
PVDL-IDV1257440200-1728367457-10676,37.588354,127.005797,2024-10-08 09:02:24+00:00,2024,10,8,2024-10-08,1945,17.7,1505,2.57,-9.0,1100,-9.0,-9.0,-9.0,22.0,6.8,2248,118,0301VDE04500,107.0,10,3.12
PVDL-IDV1257440220-1728367375-10759,37.567098,126.982612,2024-10-08 09:02:24+00:00,2024,10,8,2024-10-08,1945,17.7,1505,2.57,-9.0,1100,-9.0,-9.0,-9.0,22.0,6.8,2248,118,0301VDE04500,107.0,10,3.12
PVDL-IDV1257440270-1728374737-3405,37.66073,127.014119,2024-10-08 09:02:24+00:00,2024,10,8,2024-10-08,1945,17.7,1505,2.57,-9.0,1100,-9.0,-9.0,-9.0,22.0,6.8,2248,77,0010VDS26300,103.5,10,8.0
PVDL-IDV1257440340-1728375710-2440,37.519608,126.960224,2024-10-08 09:02:24+00:00,2024,10,8,2024-10-08,1945,17.7,1505,2.57,-9.0,1100,-9.0,-9.0,-9.0,22.0,6.8,2248,116,0301VDE04400,100.5,9,3.19
PVDL-IDV1257440490-1728367426-10707,37.5771737,126.9939392,2024-10-08 09:02:24+00:00,2024,10,8,2024-10-08,1945,17.7,1505,2.57,-9.0,1100,-9.0,-9.0,-9.0,22.0,6.8,2248,118,0301VDE04500,107.0,10,3.12
PVDL-IDV1257440510-1728363621-14513,37.684146,127.046108,2024-10-08 09:02:24+00:00,2024,10,8,2024-10-08,1945,17.7,1505,2.57,-9.0,1100,-9.0,-9.0,-9.0,22.0,6.8,2248,81,0010VDS26350,-1.0,-1,-1.0
PVDL-IDV1257440530-1728377934-200,37.646599,126.909362,2024-10-08 09:02:24+00:00,2024,10,8,2024-10-08,1945,17.7,1505,2.57,-9.0,1100,-9.0,-9.0,-9.0,22.0,6.8,2248,143,0301VDS02900,90.5,8,4.78
PVDL-IDV1257440540-1728370373-7767,37.610961,126.929593,2024-10-08 09:02:24+00:00,2024,10,8,2024-10-08,1945,17.7,1505,2.57,-9.0,1100,-9.0,-9.0,-9.0,22.0,6.8,2248,112,0301VDE04100,109.0,5,1.73
PVDL-IDV1257440580-1728374847-3294,37.561483,126.979661,2024-10-08 09:02:24+00:00,2024,10,8,2024-10-08,1945,17.7,1505,2.57,-9.0,1100,-9.0,-9.0,-9.0,22.0,6.8,2248,118,0301VDE04500,107.0,10,3.12
PVDL-IDV1257440610-1728375558-2588,37.5666114,126.9963893,2024-10-08 09:02:24+00:00,2024,10,8,2024-10-08,1945,17.7,1505,2.57,-9.0,1100,-9.0,-9.0,-9.0,22.0,6.8,2248,118,0301VDE04500,107.0,10,3.12
PVDL-IDV1257440640-1728376844-1297,37.52903,126.967569,2024-10-08 09:02:24+00:00,2024,10,8,2024-10-08,1945,17.7,1505,2.57,-9.0,1100,-9.0,-9.0,-9.0,22.0,6.8,2248,118,0301VDE04500,107.0,10,3.12
PVDL-IDV1257440650-1728332205-45928,37.580039,127.025669,2024-10-08 09:02:24+00:00,2024,10,8,2024-10-08,1945,17.7,1505,2.57,-9.0,1100,-9.0,-9.0,-9.0,22.0,6.8,2248,118,0301VDE04500,107.0,10,3.12
PVDL-IDV1257440820-1728367073-11060,37.5709729,127.0020527,2024-10-08 09:02:24+00:00,2024,10,8,2024-10-08,1945,17.7,1505,2.57,-9.0,1100,-9.0,-9.0,-9.0,22.0,6.8,2248,118,0301VDE04500,107.0,10,3.12
PVDL-IDV1257440850-1728368744-9390,37.520266,126.903511,2024-10-08 09:02:24+00:00,2024,10,8,2024-10-08,1945,17.7,1505,2.57,-9.0,1100,-9.0,-9.0,-9.0,22.0,6.8,2248,110,0301VDE03800,97.0,8,2.8
PVDL-IDV1257441060-1728376631-1503,37.581614,126.877318,2024-10-08 09:02:24+00:00,2024,10,8,2024-10-08,1945,17.7,1505,2.57,-9.0,1100,-9.0,-9.0,-9.0,22.0,6.8,2248,143,0301VDS02900,90.5,8,4.78
PVDL-IDV1257441070-1728368893-9241,37.600577,127.108269,2024-10-08 09:02:24+00:00,2024,10,8,2024-10-08,1945,17.7,1505,2.57,-9.0,1100,-9.0,-9.0,-9.0,22.0,6.8,2248,24,0010VDE25900,-1.0,-1,-1.0
PVDL-IDV1257441090-1728339953-38181,37.556308,126.9368927,2024-10-08 09:02:24+00:00,2024,10,8,2024-10-08,1945,17.7,1505,2.57,-9.0,1100,-9.0,-9.0,-9.0,22.0,6.8,2248,112,0301VDE04100,109.0,5,1.73
PVDL-IDV1257441100-1728377562-578,37.5717931,126.9097183,2024-10-08 09:02:24+00:00,2024,10,8,2024-10-08,1945,17.7,1505,2.57,-9.0,1100,-9.0,-9.0,-9.0,22.0,6.8,2248,110,0301VDE03800,97.0,8,2.8
PVDL-IDV1257441170-1728369895-8244,37.570158,126.978836,2024-10-08 09:02:24+00:00,2024,10,8,2024-10-08,1945,17.7,1505,2.57,-9.0,1100,-9.0,-9.0,-9.0,22.0,6.8,2248,114,0301VDE04200,114.5,7,2.32
PVDL-IDV1257441290-1728333845-44289,37.581615,126.910271,2024-10-08 09:02:24+00:00,2024,10,8,2024-10-08,1945,17.7,1505,2.57,-9.0,1100,-9.0,-9.0,-9.0,22.0,6.8,2248,110,0301VDE03800,97.0,8,2.8
PVDL-IDV1257441310-1728334398-43736,37.581651,126.910279,2024-10-08 09:02:24+00:00,2024,10,8,2024-10-08,1945,17.7,1505,2.57,-9.0,1100,-9.0,-9.0,-9.0,22.0,6.8,2248,110,0301VDE03800,97.0,8,2.8
PVDL-IDV1257441330-1728359351-18818,37.555615,126.935937,2024-10-08 09:02:24+00:00,2024,10,8,2024-10-08,1945,17.7,1505,2.57,-9.0,1100,-9.0,-9.0,-9.0,22.0,6.8,2248,112,0301VDE04100,109.0,5,1.73
PVDL-IDV1257441340-1728334746-43395,37.581584,126.9102,2024-10-08 09:02:24+00:00,2024,10,8,2024-10-08,1945,17.7,1505,2.57,-9.0,1100,-9.0,-9.0,-9.0,22.0,6.8,2248,110,0301VDE03800,97.0,8,2.8
PVDL-IDV1257441400-1728339509-38625,37.581773,126.910004,2024-10-08 09:02:24+00:00,2024,10,8,2024-10-08,1945,17.7,1505,2.57,-9.0,1100,-9.0,-9.0,-9.0,22.0,6.8,2248,149,0301VDS03400,91.0,8,4.54
PVDL-IDV1257441440-1728324466-53674,37.566833,126.92176,2024-10-08 09:02:24+00:00,2024,10,8,2024-10-08,1945,17.7,1505,2.57,-9.0,1100,-9.0,-9.0,-9.0,22.0,6.8,2248,112,0301VDE04100,109.0,5,1.73
PVDL-IDV1257441460-1728351796-26374,37.577436,126.910346,2024-10-08 09:02:24+00:00,2024,10,8,2024-10-08,1945,17.7,1505,2.57,-9.0,1100,-9.0,-9.0,-9.0,22.0,6.8,2248,110,0301VDE03800,97.0,8,2.8
PVDL-IDV1257441480-1728324678-53462,37.581662,126.909733,2024-10-08 09:02:24+00:00,2024,10,8,2024-10-08,1945,17.7,1505,2.57,-9.0,1100,-9.0,-9.0,-9.0,22.0,6.8,2248,149,0301VDS03400,91.0,8,4.54
PVDL-IDV1257441510-1728365746-12394,37.558422,126.927848,2024-10-08 09:02:24+00:00,2024,10,8,2024-10-08,1945,17.7,1505,2.57,-9.0,1100,-9.0,-9.0,-9.0,22.0,6.8,2248,112,0301VDE04100,109.0,5,1.73
PVDL-IDV1257441530-1728325543-52591,37.555613,126.938541,2024-10-08 09:02:24+00:00,2024,10,8,2024-10-08,1945,17.7,1505,2.57,-9.0,1100,-9.0,-9.0,-9.0,22.0,6.8,2248,112,0301VDE04100,109.0,5,1.73
PVDL-IDV1257441560-1728326009-52125,37.569338,126.970617,2024-10-08 09:02:24+00:00,2024,10,8,2024-10-08,1945,17.7,1505,2.57,-9.0,1100,-9.0,-9.0,-9.0,22.0,6.8,2248,112,0301VDE04100,109.0,5,1.73
PVDL-IDV1257441600-1728335506-42634,37.5702175,126.9888201,2024-10-08 09:02:24+00:00,2024,10,8,2024-10-08,1945,17.7,1505,2.57,-9.0,1100,-9.0,-9.0,-9.0,22.0,6.8,2248,118,0301VDE04500,107.0,10,3.12
PVDL-IDV1257441670-1728363344-14795,37.574983,126.917376,2024-10-08 09:02:24+00:00,2024,10,8,2024-10-08,1945,17.7,1505,2.57,-9.0,1100,-9.0,-9.0,-9.0,22.0,6.8,2248,112,0301VDE04100,109.0,5,1.73
PVDL-IDV1257441680-1728375967-2175,37.565201,127.055023,2024-10-08 09:02:24+00:00,2024,10,8,2024-10-08,1945,17.7,1505,2.57,-9.0,1100,-9.0,-9.0,-9.0,22.0,6.8,2248,120,0301VDE04700,100.0,0,0.0
PVDL-IDV1257441700-1728363655-14515,37.544308,127.072584,2024-10-08 09:02:24+00:00,2024,10,8,2024-10-08,1945,17.7,1505,2.57,-9.0,1100,-9.0,-9.0,-9.0,22.0,6.8,2248,120,0301VDE04700,100.0,0,0.0
PVDL-IDV1257441750-1728332432-45702,37.575212,127.023927,2024-10-08 09:02:24+00:00,2024,10,8,2024-10-08,1945,17.7,1505,2.57,-9.0,1100,-9.0,-9.0,-9.0,22.0,6.8,2248,118,0301VDE04500,107.0,10,3.12
PVDL-IDV1257441770-1728362834-15300,37.549706,127.075666,2024-10-08 09:02:24+00:00,2024,10,8,2024-10-08,1945,17.7,1505,2.57,-9.0,1100,-9.0,-9.0,-9.0,22.0,6.8,2248,120,0301VDE04700,100.0,0,0.0
PVDL-IDV1257442050-1728377544-603,37.520229,126.9603,2024-10-08 09:02:24+00:00,2024,10,8,2024-10-08,1945,17.7,1505,2.57,-9.0,1100,-9.0,-9.0,-9.0,22.0,6.8,2248,116,0301VDE04400,100.5,9,3.19
PVDL-IDV1257442240-1728378118-36,37.613991,127.102932,2024-10-08 09:02:24+00:00,2024,10,8,2024-10-08,1945,17.7,1505,2.57,-9.0,1100,-9.0,-9.0,-9.0,22.0,6.8,2248,61,0010VDS26000,-1.0,-1,-1.0
PVDL-IDV1257442510-1728335837-42303,37.553481,126.925802,2024-10-08 09:02:24+00:00,2024,10,8,2024-10-08,1945,17.7,1505,2.57,-9.0,1100,-9.0,-9.0,-9.0,22.0,6.8,2248,112,0301VDE04100,109.0,5,1.73
PVDL-IDV1257442620-1728362932-15201,37.613533,127.103933,2024-10-08 09:02:24+00:00,2024,10,8,2024-10-08,1945,17.7,1505,2.57,-9.0,1100,-9.0,-9.0,-9.0,22.0,6.8,2248,61,0010VDS26000,-1.0,-1,-1.0
PVDL-IDV1257442660-1728326878-51256,37.571902,126.99762,2024-10-08 09:02:24+00:00,2024,10,8,2024-10-08,1945,17.7,1505,2.57,-9.0,1100,-9.0,-9.0,-9.0,22.0,6.8,2248,118,0301VDE04500,107.0,10,3.12
PVDL-IDV1257442740-1728377831-339,37.614298,127.103964,2024-10-08 09:02:24+00:00,2024,10,8,2024-10-08,1945,17.7,1505,2.57,-9.0,1100,-9.0,-9.0,-9.0,22.0,6.8,2248,61,0010VDS26000,-1.0,-1,-1.0
PVDL-IDV1257442750-1728377703-430,37.614641,127.113208,2024-10-08 09:02:24+00:00,2024,10,8,2024-10-08,1945,17.7,1505,2.57,-9.0,1100,-9.0,-9.0,-9.0,22.0,6.8,2248,61,0010VDS26000,-1.0,-1,-1.0
PVDL-IDV1257442770-1728370528-7605,37.509332,127.03287,2024-10-08 09:02:24+00:00,2024,10,8,2024-10-08,1945,17.7,1505,2.57,-9.0,1100,-9.0,-9.0,-9.0,22.0,6.8,2248,120,0301VDE04700,100.0,0,0.0
PVDL-IDV1257442880-1728374943-3228,37.598515,127.065824,2024-10-08 09:02:24+00:00,2024,10,8,2024-10-08,1945,17.7,1505,2.57,-9.0,1100,-9.0,-9.0,-9.0,22.0,6.8,2248,61,0010VDS26000,-1.0,-1,-1.0
PVDL-IDV1257443150-1728370371-7762,37.596727,126.939066,2024-10-08 09:02:24+00:00,2024,10,8,2024-10-08,1945,17.7,1505,2.57,-9.0,1100,-9.0,-9.0,-9.0,22.0,6.8,2248,112,0301VDE04100,109.0,5,1.73
PVDL-IDV1257443270-1728377495-663,37.537844,126.973835,2024-10-08 09:02:24+00:00,2024,10,8,2024-10-08,1945,17.7,1505,2.57,-9.0,1100,-9.0,-9.0,-9.0,22.0,6.8,2248,118,0301VDE04500,107.0,10,3.12
PVDL-IDV1257443280-1728336863-41270,37.56193,126.963851,2024-10-08 09:02:24+00:00,2024,10,8,2024-10-08,1945,17.7,1505,2.57,-9.0,1100,-9.0,-9.0,-9.0,22.0,6.8,2248,112,0301VDE04100,109.0,5,1.73
PVDL-IDV1257443350-1728334596-43537,37.577582,127.090256,2024-10-08 09:02:24+00:00,2024,10,8,2024-10-08,1945,17.7,1505,2.57,-9.0,1100,-9.0,-9.0,-9.0,22.0,6.8,2248,24,0010VDE25900,-1.0,-1,-1.0
PVDL-IDV1257443390-1728372325-5808,37.562865,126.964548,2024-10-08 09:02:24+00:00,2024,10,8,2024-10-08,1945,17.7,1505,2.57,-9.0,1100,-9.0,-9.0,-9.0,22.0,6.8,2248,112,0301VDE04100,109.0,5,1.73
PVDL-IDV1257443410-1728372963-5171,37.570328,126.983814,2024-10-08 09:02:24+00:00,2024,10,8,2024-10-08,1945,17.7,1505,2.57,-9.0,1100,-9.0,-9.0,-9.0,22.0,6.8,2248,118,0301VDE04500,107.0,10,3.12
PVDL-IDV1257443430-1728378136-3,37.613264,127.103508,2024-10-08 09:02:24+00:00,2024,10,8,2024-10-08,1945,17.7,1505,2.57,-9.0,1100,-9.0,-9.0,-9.0,22.0,6.8,2248,61,0010VDS26000,-1.0,-1,-1.0
PVDL-IDV1257443440-1728340164-37971,37.556962,126.946893,2024-10-08 09:02:24+00:00,2024,10,8,2024-10-08,1945,17.7,1505,2.57,-9.0,1100,-9.0,-9.0,-9.0,22.0,6.8,2248,112,0301VDE04100,109.0,5,1.73
PVDL-IDV1257443500-1728367456-10678,37.549822,127.030504,2024-10-08 09:02:24+00:00,2024,10,8,2024-10-08,1945,17.7,1505,2.57,-9.0,1100,-9.0,-9.0,-9.0,22.0,6.8,2248,118,0301VDE04500,107.0,10,3.12
PVDL-IDV1257443560-1728376070-2075,37.490818,127.035394,2024-10-08 09:02:24+00:00,2024,10,8,2024-10-08,1945,17.7,1505,2.57,-9.0,1100,-9.0,-9.0,-9.0,22.0,6.8,2248,120,0301VDE04700,100.0,0,0.0
PVDL-IDV1257443620-1728369411-8759,37.491323,127.014062,2024-10-08 09:02:24+00:00,2024,10,8,2024-10-08,1945,17.7,1505,2.57,-9.0,1100,-9.0,-9.0,-9.0,22.0,6.8,2248,120,0301VDE04700,100.0,0,0.0
PVDL-IDV1257443710-1728370474-7665,37.477148,127.006207,2024-10-08 09:02:24+00:00,2024,10,8,2024-10-08,1945,17.7,1505,2.57,-9.0,1100,-9.0,-9.0,-9.0,22.0,6.8,2248,120,0301VDE04700,100.0,0,0.0
PVDL-IDV1257443920-1728365987-12146,37.5771112,127.0283387,2024-10-08 09:02:24+00:00,2024,10,8,2024-10-08,1945,17.7,1505,2.57,-9.0,1100,-9.0,-9.0,-9.0,22.0,6.8,2248,118,0301VDE04500,107.0,10,3.12
PVDL-IDV1257443930-1728375759-2383,37.523887,127.039398,2024-10-08 09:02:24+00:00,2024,10,8,2024-10-08,1945,17.7,1505,2.57,-9.0,1100,-9.0,-9.0,-9.0,22.0,6.8,2248,120,0301VDE04700,100.0,0,0.0
PVDL-IDV1257443940-1728369895-8244,37.517587,127.041174,2024-10-08 09:02:24+00:00,2024,10,8,2024-10-08,1945,17.7,1505,2.57,-9.0,1100,-9.0,-9.0,-9.0,22.0,6.8,2248,120,0301VDE04700,100.0,0,0.0
PVDL-IDV1257443950-1728375699-2454,37.491215,127.031139,2024-10-08 09:02:24+00:00,2024,10,8,2024-10-08,1945,17.7,1505,2.57,-9.0,1100,-9.0,-9.0,-9.0,22.0,6.8,2248,120,0301VDE04700,100.0,0,0.0
PVDL-IDV1257444000-1728369896-8244,37.544879,126.96723,2024-10-08 09:02:24+00:00,2024,10,8,2024-10-08,1945,17.7,1505,2.57,-9.0,1100,-9.0,-9.0,-9.0,22.0,6.8,2248,114,0301VDE04200,114.5,7,2.32
PVDL-IDV1257444020-1728377033-1113,37.491743,127.038938,2024-10-08 09:02:24+00:00,2024,10,8,2024-10-08,1945,17.7,1505,2.57,-9.0,1100,-9.0,-9.0,-9.0,22.0,6.8,2248,120,0301VDE04700,100.0,0,0.0
PVDL-IDV1257444110-1728349270-28870,37.48256,127.060445,2024-10-08 09:02:24+00:00,2024,10,8,2024-10-08,1945,17.7,1505,2.57,-9.0,1100,-9.0,-9.0,-9.0,22.0,6.8,2248,122,0301VDE04800,108.0,3,0.91
PVDL-IDV1257444280-1728376746-1394,37.536745,126.963903,2024-10-08 09:02:24+00:00,2024,10,8,2024-10-08,1945,17.7,1505,2.57,-9.0,1100,-9.0,-9.0,-9.0,22.0,6.8,2248,114,0301VDE04200,114.5,7,2.32
PVDL-IDV1257444350-1728376540-1599,37.466637,127.045874,2024-10-08 09:02:24+00:00,2024,10,8,2024-10-08,1945,17.7,1505,2.57,-9.0,1100,-9.0,-9.0,-9.0,22.0,6.8,2248,124,0301VDE05000,-1.0,-1,-1.0
PVDL-IDV1257444860-1728368721-9413,37.583353,126.999047,2024-10-08 09:02:24+00:00,2024,10,8,2024-10-08,1945,17.7,1505,2.57,-9.0,1100,-9.0,-9.0,-9.0,22.0,6.8,2248,118,0301VDE04500,107.0,10,3.12
PVDL-IDV1257445040-1728328482-49652,37.614183,126.909691,2024-10-08 09:02:24+00:00,2024,10,8,2024-10-08,1945,17.7,1505,2.57,-9.0,1100,-9.0,-9.0,-9.0,22.0,6.8,2248,143,0301VDS02900,90.5,8,4.78
PVDL-IDV1257445090-1728377834-315,37.572463,126.960011,2024-10-08 09:02:24+00:00,2024,10,8,2024-10-08,1945,17.7,1505,2.57,-9.0,1100,-9.0,-9.0,-9.0,22.0,6.8,2248,112,0301VDE04100,109.0,5,1.73
PVDL-IDV1257445190-1728373430-4704,37.507481,126.965299,2024-10-08 09:02:24+00:00,2024,10,8,2024-10-08,1945,17.7,1505,2.57,-9.0,1100,-9.0,-9.0,-9.0,22.0,6.8,2248,118,0301VDE04500,107.0,10,3.12
PVDL-IDV1257445380-1728373101-5069,37.631914,126.880142,2024-10-08 09:02:24+00:00,2024,10,8,2024-10-08,1945,17.7,1505,2.57,-9.0,1100,-9.0,-9.0,-9.0,22.0,6.8,2248,143,0301VDS02900,90.5,8,4.78
PVDL-IDV1257445410-1728377891-275,37.599767,126.918682,2024-10-08 09:02:24+00:00,2024,10,8,2024-10-08,1945,17.7,1505,2.57,-9.0,1100,-9.0,-9.0,-9.0,22.0,6.8,2248,144,0301VDS03100,115.5,4,1.09
PVDL-IDV1257445430-1728352654-25486,37.612131,126.911537,2024-10-08 09:02:24+00:00,2024,10,8,2024-10-08,1945,17.7,1505,2.57,-9.0,1100,-9.0,-9.0,-9.0,22.0,6.8,2248,143,0301VDS02900,90.5,8,4.78
PVDL-IDV1257445540-1728376124-2016,37.632011,126.881119,2024-10-08 09:02:24+00:00,2024,10,8,2024-10-08,1945,17.7,1505,2.57,-9.0,1100,-9.0,-9.0,-9.0,22.0,6.8,2248,143,0301VDS02900,90.5,8,4.78
PVDL-IDV1257445600-1728336118-42015,37.605047,126.924259,2024-10-08 09:02:24+00:00,2024,10,8,2024-10-08,1945,17.7,1505,2.57,-9.0,1100,-9.0,-9.0,-9.0,22.0,6.8,2248,112,0301VDE04100,109.0,5,1.73
PVDL-IDV1257445610-1728352503-25630,37.59511,126.940522,2024-10-08 09:02:24+00:00,2024,10,8,2024-10-08,1945,17.7,1505,2.57,-9.0,1100,-9.0,-9.0,-9.0,22.0,6.8,2248,112,0301VDE04100,109.0,5,1.73
PVDL-IDV1257445620-1728361762-16381,37.631865,126.880233,2024-10-08 09:02:24+00:00,2024,10,8,2024-10-08,1945,17.7,1505,2.57,-9.0,1100,-9.0,-9.0,-9.0,22.0,6.8,2248,143,0301VDS02900,90.5,8,4.78
PVDL-IDV1257445630-1728364767-13403,37.616459,126.907514,2024-10-08 09:02:24+00:00,2024,10,8,2024-10-08,1945,17.7,1505,2.57,-9.0,1100,-9.0,-9.0,-9.0,22.0,6.8,2248,143,0301VDS02900,90.5,8,4.78
PVDL-IDV1257445850-1728365940-12194,37.5878426,126.9453162,2024-10-08 09:02:24+00:00,2024,10,8,2024-10-08,1945,17.7,1505,2.57,-9.0,1100,-9.0,-9.0,-9.0,22.0,6.8,2248,112,0301VDE04100,109.0,5,1.73
PVDL-IDV1257445880-1728366478-11655,37.571752,126.960849,2024-10-08 09:02:24+00:00,2024,10,8,2024-10-08,1945,17.7,1505,2.57,-9.0,1100,-9.0,-9.0,-9.0,22.0,6.8,2248,112,0301VDE04100,109.0,5,1.73
PVDL-IDV1257445950-1728376117-2032,37.565683,126.946216,2024-10-08 09:02:24+00:00,2024,10,8,2024-10-08,1945,17.7,1505,2.57,-9.0,1100,-9.0,-9.0,-9.0,22.0,6.8,2248,112,0301VDE04100,109.0,5,1.73
PVDL-IDV1257446050-1728369895-8244,37.577726,126.796658,2024-10-08 09:02:24+00:00,2024,10,8,2024-10-08,1945,17.7,1505,2.57,-9.0,1100,-9.0,-9.0,-9.0,22.0,6.8,2248,139,0301VDS02600,100.0,0,0.0
PVDL-IDV1257446920-1728372121-6013,37.493093,127.047135,2024-10-08 09:02:24+00:00,2024,10,8,2024-10-08,1945,17.7,1505,2.57,-9.0,1100,-9.0,-9.0,-9.0,22.0,6.8,2248,120,0301VDE04700,100.0,0,0.0
PVDL-IDV1257447090-1728357794-20340,37.617951,127.051075,2024-10-08 09:02:24+00:00,2024,10,8,2024-10-08,1945,17.7,1505,2.57,-9.0,1100,-9.0,-9.0,-9.0,22.0,6.8,2248,61,0010VDS26000,-1.0,-1,-1.0
PVDL-IDV1257447120-1728360985-17148,37.5580045,126.9735307,2024-10-08 09:02:24+00:00,2024,10,8,2024-10-08,1945,17.7,1505,2.57,-9.0,1100,-9.0,-9.0,-9.0,22.0,6.8,2248,114,0301VDE04200,114.5,7,2.32
PVDL-IDV1257447170-1728329184-48950,37.56218,126.98152,2024-10-08 09:02:24+00:00,2024,10,8,2024-10-08,1945,17.7,1505,2.57,-9.0,1100,-9.0,-9.0,-9.0,22.0,6.8,2248,118,0301VDE04500,107.0,10,3.12
PVDL-IDV1257447200-1728329102-49032,37.5703147,126.9905808,2024-10-08 09:02:24+00:00,2024,10,8,2024-10-08,1945,17.7,1505,2.57,-9.0,1100,-9.0,-9.0,-9.0,22.0,6.8,2248,118,0301VDE04500,107.0,10,3.12
PVDL-IDV1257447270-1728334256-43878,37.625519,127.051591,2024-10-08 09:02:24+00:00,2024,10,8,2024-10-08,1945,17.7,1505,2.57,-9.0,1100,-9.0,-9.0,-9.0,22.0,6.8,2248,61,0010VDS26000,-1.0,-1,-1.0
PVDL-IDV1257447600-1728328194-49940,37.659258,127.063752,2024-10-08 09:02:24+00:00,2024,10,8,2024-10-08,1945,17.7,1505,2.57,-9.0,1100,-9.0,-9.0,-9.0,22.0,6.8,2248,77,0010VDS26300,103.5,10,8.0
PVDL-IDV1257447630-1728353897-24237,37.553704,126.937149,2024-10-08 09:02:24+00:00,2024,10,8,2024-10-08,1945,17.7,1505,2.57,-9.0,1100,-9.0,-9.0,-9.0,22.0,6.8,2248,112,0301VDE04100,109.0,5,1.73
PVDL-IDV1257447690-1728340702-37431,37.559572,126.96954,2024-10-08 09:02:24+00:00,2024,10,8,2024-10-08,1945,17.7,1505,2.57,-9.0,1100,-9.0,-9.0,-9.0,22.0,6.8,2248,114,0301VDE04200,114.5,7,2.32
PVDL-IDV1257447780-1728372146-5988,37.562443,126.998477,2024-10-08 09:02:24+00:00,2024,10,8,2024-10-08,1945,17.7,1505,2.57,-9.0,1100,-9.0,-9.0,-9.0,22.0,6.8,2248,118,0301VDE04500,107.0,10,3.12
PVDL-IDV1257447790-1728371301-6832,37.558808,126.978543,2024-10-08 09:02:24+00:00,2024,10,8,2024-10-08,1945,17.7,1505,2.57,-9.0,1100,-9.0,-9.0,-9.0,22.0,6.8,2248,118,0301VDE04500,107.0,10,3.12
PVDL-IDV1257448000-1728372482-5652,37.559779,126.981797,2024-10-08 09:02:24+00:00,2024,10,8,2024-10-08,1945,17.7,1505,2.57,-9.0,1100,-9.0,-9.0,-9.0,22.0,6.8,2248,118,0301VDE04500,107.0,10,3.12
PVDL-IDV1257448070-1728375302-2831,37.549155,126.913243,2024-10-08 09:02:24+00:00,2024,10,8,2024-10-08,1945,17.7,1505,2.57,-9.0,1100,-9.0,-9.0,-9.0,22.0,6.8,2248,112,0301VDE04100,109.0,5,1.73
PVDL-IDV1257448090-1728365321-12812,37.509048,126.843078,2024-10-08 09:02:24+00:00,2024,10,8,2024-10-08,1945,17.7,1505,2.57,-9.0,1100,-9.0,-9.0,-9.0,22.0,6.8,2248,104,0301VDE03400,121.5,9,2.46
PVDL-IDV1257448130-1728358367-19767,37.549742,126.960457,2024-10-08 09:02:24+00:00,2024,10,8,2024-10-08,1945,17.7,1505,2.57,-9.0,1100,-9.0,-9.0,-9.0,22.0,6.8,2248,112,0301VDE04100,109.0,5,1.73
PVDL-IDV1257449130-1728377661-479,37.556875,126.974635,2024-10-08 09:02:24+00:00,2024,10,8,2024-10-08,1945,17.7,1505,2.57,-9.0,1100,-9.0,-9.0,-9.0,22.0,6.8,2248,114,0301VDE04200,114.5,7,2.32
PVDL-IDV1257449170-1728333932-44203,37.5613979,126.9945067,2024-10-08 09:02:24+00:00,2024,10,8,2024-10-08,1945,17.7,1505,2.57,-9.0,1100,-9.0,-9.0,-9.0,22.0,6.8,2248,118,0301VDE04500,107.0,10,3.12
PVDL-IDV1257449250-1728330229-47911,37.659576,127.063917,2024-10-08 09:02:24+00:00,2024,10,8,2024-10-08,1945,17.7,1505,2.57,-9.0,1100,-9.0,-9.0,-9.0,22.0,6.8,2248,77,0010VDS26300,103.5,10,8.0
PVDL-IDV1257449270-1728349829-28311,37.571928,127.008274,2024-10-08 09:02:24+00:00,2024,10,8,2024-10-08,1945,17.7,1505,2.57,-9.0,1100,-9.0,-9.0,-9.0,22.0,6.8,2248,118,0301VDE04500,107.0,10,3.12
PVDL-IDV1257449310-1728362949-15185,37.516023,126.905306,2024-10-08 09:02:24+00:00,2024,10,8,2024-10-08,1945,17.7,1505,2.57,-9.0,1100,-9.0,-9.0,-9.0,22.0,6.8,2248,110,0301VDE03800,97.0,8,2.8
PVDL-IDV1257449370-1728335111-43023,37.621085,127.028216,2024-10-08 09:02:24+00:00,2024,10,8,2024-10-08,1945,17.7,1505,2.57,-9.0,1100,-9.0,-9.0,-9.0,22.0,6.8,2248,61,0010VDS26000,-1.0,-1,-1.0
PVDL-IDV1257449390-1728328489-49651,37.5867476,127.0021087,2024-10-08 09:02:24+00:00,2024,10,8,2024-10-08,1945,17.7,1505,2.57,-9.0,1100,-9.0,-9.0,-9.0,22.0,6.8,2248,118,0301VDE04500,107.0,10,3.12
PVDL-IDV1257449400-1728375330-2804,37.5804131,127.0455858,2024-10-08 09:02:24+00:00,2024,10,8,2024-10-08,1945,17.7,1505,2.57,-9.0,1100,-9.0,-9.0,-9.0,22.0,6.8,2248,118,0301VDE04500,107.0,10,3.12
PVDL-IDV1257449420-1728378013-156,37.61396,127.11331,2024-10-08 09:02:24+00:00,2024,10,8,2024-10-08,1945,17.7,1505,2.57,-9.0,1100,-9.0,-9.0,-9.0,22.0,6.8,2248,61,0010VDS26000,-1.0,-1,-1.0
PVDL-IDV1257449850-1728372475-5659,37.441551,127.134014,2024-10-08 09:02:24+00:00,2024,10,8,2024-10-08,1945,17.7,1505,2.57,-9.0,1100,-9.0,-9.0,-9.0,22.0,6.8,2248,170,0301VDS05100,128.0,5,1.39
PVDL-IDV1257450020-1728374462-3672,37.668622,127.043417,2024-10-08 09:02:24+00:00,2024,10,8,2024-10-08,1945,17.7,1505,2.57,-9.0,1100,-9.0,-9.0,-9.0,22.0,6.8,2248,77,0010VDS26300,103.5,10,8.0
PVDL-IDV1257450120-1728359925-18208,37.559804,127.171026,2024-10-08 09:02:24+00:00,2024,10,8,2024-10-08,1945,17.7,1505,2.57,-9.0,1100,-9.0,-9.0,-9.0,22.0,6.8,2248,48,0010VDS25450,118.0,7,2.55
PVDL-IDV1257450160-1728335673-42466,37.632671,127.02371,2024-10-08 09:02:24+00:00,2024,10,8,2024-10-08,1945,17.7,1505,2.57,-9.0,1100,-9.0,-9.0,-9.0,22.0,6.8,2248,73,0010VDS26200,100.0,0,0.0
PVDL-IDV1257450270-1728357524-20611,37.512346,127.094514,2024-10-08 09:02:24+00:00,2024,10,8,2024-10-08,1945,17.7,1505,2.57,-9.0,1100,-9.0,-9.0,-9.0,22.0,6.8,2248,122,0301VDE04800,108.0,3,0.91
PVDL-IDV1257450830-1728365848-12286,37.483531,126.973495,2024-10-08 09:02:24+00:00,2024,10,8,2024-10-08,1945,17.7,1505,2.57,-9.0,1100,-9.0,-9.0,-9.0,22.0,6.8,2248,118,0301VDE04500,107.0,10,3.12
PVDL-IDV1257450860-1728377527-606,37.587198,127.14414,2024-10-08 09:02:24+00:00,2024,10,8,2024-10-08,1945,17.7,1505,2.57,-9.0,1100,-9.0,-9.0,-9.0,22.0,6.8,2248,24,0010VDE25900,-1.0,-1,-1.0
PVDL-IDV1257450920-1728327836-50298,37.749262,127.097659,2024-10-08 09:02:24+00:00,2024,10,8,2024-10-08,1945,17.7,1505,2.57,-9.0,1100,-9.0,-9.0,-9.0,22.0,6.8,2248,81,0010VDS26350,-1.0,-1,-1.0
PVDL-IDV1257452600-1728334810-43325,37.547022,126.873263,2024-10-08 09:02:24+00:00,2024,10,8,2024-10-08,1945,17.7,1505,2.57,-9.0,1100,-9.0,-9.0,-9.0,22.0,6.8,2248,149,0301VDS03400,91.0,8,4.54
PVDL-IDV1257453010-1728369895-8244,37.562308,126.981591,2024-10-08 09:02:24+00:00,2024,10,8,2024-10-08,1945,17.7,1505,2.57,-9.0,1100,-9.0,-9.0,-9.0,22.0,6.8,2248,118,0301VDE04500,107.0,10,3.12
PVDL-IDV1257453080-1728375360-2774,37.592665,126.941033,2024-10-08 09:02:24+00:00,2024,10,8,2024-10-08,1945,17.7,1505,2.57,-9.0,1100,-9.0,-9.0,-9.0,22.0,6.8,2248,112,0301VDE04100,109.0,5,1.73
PVDL-IDV1257453170-1728328292-49842,37.5701555,126.9865411,2024-10-08 09:02:24+00:00,2024,10,8,2024-10-08,1945,17.7,1505,2.57,-9.0,1100,-9.0,-9.0,-9.0,22.0,6.8,2248,118,0301VDE04500,107.0,10,3.12
PVDL-IDV1257453230-1728337010-41127,37.5703,126.988388,2024-10-08 09:02:24+00:00,2024,10,8,2024-10-08,1945,17.7,1505,2.57,-9.0,1100,-9.0,-9.0,-9.0,22.0,6.8,2248,118,0301VDE04500,107.0,10,3.12
PVDL-IDV1257453260-1728370284-7849,37.579273,127.043106,2024-10-08 09:02:24+00:00,2024,10,8,2024-10-08,1945,17.7,1505,2.57,-9.0,1100,-9.0,-9.0,-9.0,22.0,6.8,2248,118,0301VDE04500,107.0,10,3.12
PVDL-IDV1257453290-1728365656-12478,37.568696,126.96964,2024-10-08 09:02:24+00:00,2024,10,8,2024-10-08,1945,17.7,1505,2.57,-9.0,1100,-9.0,-9.0,-9.0,22.0,6.8,2248,112,0301VDE04100,109.0,5,1.73
PVDL-IDV1257453300-1728331906-46226,37.582033,127.047697,2024-10-08 09:02:24+00:00,2024,10,8,2024-10-08,1945,17.7,1505,2.57,-9.0,1100,-9.0,-9.0,-9.0,22.0,6.8,2248,118,0301VDE04500,107.0,10,3.12
PVDL-IDV1257453330-1728335433-42706,37.633631,126.931892,2024-10-08 09:02:24+00:00,2024,10,8,2024-10-08,1945,17.7,1505,2.57,-9.0,1100,-9.0,-9.0,-9.0,22.0,6.8,2248,143,0301VDS02900,90.5,8,4.78
PVDL-IDV1257453350-1728377883-287,37.5765148,126.9557403,2024-10-08 09:02:24+00:00,2024,10,8,2024-10-08,1945,17.7,1505,2.57,-9.0,1100,-9.0,-9.0,-9.0,22.0,6.8,2248,112,0301VDE04100,109.0,5,1.73
PVDL-IDV1257453360-1728328624-49509,37.580597,127.055623,2024-10-08 09:02:24+00:00,2024,10,8,2024-10-08,1945,17.7,1505,2.57,-9.0,1100,-9.0,-9.0,-9.0,22.0,6.8,2248,120,0301VDE04700,100.0,0,0.0
PVDL-IDV1257453380-1728341998-36172,37.627419,126.919804,2024-10-08 09:02:24+00:00,2024,10,8,2024-10-08,1945,17.7,1505,2.57,-9.0,1100,-9.0,-9.0,-9.0,22.0,6.8,2248,143,0301VDS02900,90.5,8,4.78
PVDL-IDV1257453390-1728330768-47366,37.619018,126.921725,2024-10-08 09:02:24+00:00,2024,10,8,2024-10-08,1945,17.7,1505,2.57,-9.0,1100,-9.0,-9.0,-9.0,22.0,6.8,2248,143,0301VDS02900,90.5,8,4.78
PVDL-IDV1257453410-1728349500-28633,37.565399,126.96719,2024-10-08 09:02:24+00:00,2024,10,8,2024-10-08,1945,17.7,1505,2.57,-9.0,1100,-9.0,-9.0,-9.0,22.0,6.8,2248,112,0301VDE04100,109.0,5,1.73
PVDL-IDV1257453450-1728370110-8023,37.463102,127.08934,2024-10-08 09:02:24+00:00,2024,10,8,2024-10-08,1945,17.7,1505,2.57,-9.0,1100,-9.0,-9.0,-9.0,22.0,6.8,2248,124,0301VDE05000,-1.0,-1,-1.0
PVDL-IDV1257453510-1728367617-10517,37.646608,126.90893,2024-10-08 09:02:24+00:00,2024,10,8,2024-10-08,1945,17.7,1505,2.57,-9.0,1100,-9.0,-9.0,-9.0,22.0,6.8,2248,143,0301VDS02900,90.5,8,4.78
PVDL-IDV1257453600-1728352199-25971,37.578276,127.038829,2024-10-08 09:02:24+00:00,2024,10,8,2024-10-08,1945,17.7,1505,2.57,-9.0,1100,-9.0,-9.0,-9.0,22.0,6.8,2248,118,0301VDE04500,107.0,10,3.12
PVDL-IDV1257453620-1728336806-41327,37.611399,126.929182,2024-10-08 09:02:24+00:00,2024,10,8,2024-10-08,1945,17.7,1505,2.57,-9.0,1100,-9.0,-9.0,-9.0,22.0,6.8,2248,112,0301VDE04100,109.0,5,1.73
PVDL-IDV1257453680-1728328007-50126,37.646675,126.908834,2024-10-08 09:02:24+00:00,2024,10,8,2024-10-08,1945,17.7,1505,2.57,-9.0,1100,-9.0,-9.0,-9.0,22.0,6.8,2248,143,0301VDS02900,90.5,8,4.78
PVDL-IDV1257453760-1728375806-2344,37.555528,126.97293,2024-10-08 09:02:24+00:00,2024,10,8,2024-10-08,1945,17.7,1505,2.57,-9.0,1100,-9.0,-9.0,-9.0,22.0,6.8,2248,114,0301VDE04200,114.5,7,2.32
PVDL-IDV1257453820-1728347066-31074,37.591332,126.941582,2024-10-08 09:02:24+00:00,2024,10,8,2024-10-08,1945,17.7,1505,2.57,-9.0,1100,-9.0,-9.0,-9.0,22.0,6.8,2248,112,0301VDE04100,109.0,5,1.73
PVDL-IDV1257453830-1728373864-4270,37.520654,127.018034,2024-10-08 09:02:24+00:00,2024,10,8,2024-10-08,1945,17.7,1505,2.57,-9.0,1100,-9.0,-9.0,-9.0,22.0,6.8,2248,120,0301VDE04700,100.0,0,0.0
PVDL-IDV1257453860-1728363378-14755,37.646707,126.908308,2024-10-08 09:02:24+00:00,2024,10,8,2024-10-08,1945,17.7,1505,2.57,-9.0,1100,-9.0,-9.0,-9.0,22.0,6.8,2248,143,0301VDS02900,90.5,8,4.78
PVDL-IDV1257453870-1728365556-12578,37.5678188,126.9876856,2024-10-08 09:02:24+00:00,2024,10,8,2024-10-08,1945,17.7,1505,2.57,-9.0,1100,-9.0,-9.0,-9.0,22.0,6.8,2248,118,0301VDE04500,107.0,10,3.12
PVDL-IDV1257453980-1728377744-402,37.645643,126.927159,2024-10-08 09:02:24+00:00,2024,10,8,2024-10-08,1945,17.7,1505,2.57,-9.0,1100,-9.0,-9.0,-9.0,22.0,6.8,2248,143,0301VDS02900,90.5,8,4.78
PVDL-IDV1257454280-1728370464-7670,37.482914,127.035603,2024-10-08 09:02:24+00:00,2024,10,8,2024-10-08,1945,17.7,1505,2.57,-9.0,1100,-9.0,-9.0,-9.0,22.0,6.8,2248,122,0301VDE04800,108.0,3,0.91
PVDL-IDV1257454440-1728373140-4994,37.53337,127.007609,2024-10-08 09:02:24+00:00,2024,10,8,2024-10-08,1945,17.7,1505,2.57,-9.0,1100,-9.0,-9.0,-9.0,22.0,6.8,2248,118,0301VDE04500,107.0,10,3.12
PVDL-IDV1257454580-1728374592-3542,37.576052,126.996552,2024-10-08 09:02:24+00:00,2024,10,8,2024-10-08,1945,17.7,1505,2.57,-9.0,1100,-9.0,-9.0,-9.0,22.0,6.8,2248,118,0301VDE04500,107.0,10,3.12
PVDL-IDV1257454590-1728375059-3108,37.567802,126.964975,2024-10-08 09:02:24+00:00,2024,10,8,2024-10-08,1945,17.7,1505,2.57,-9.0,1100,-9.0,-9.0,-9.0,22.0,6.8,2248,112,0301VDE04100,109.0,5,1.73
PVDL-IDV1257455740-1728369943-8190,37.57814,127.032635,2024-10-08 09:02:24+00:00,2024,10,8,2024-10-08,1945,17.7,1505,2.57,-9.0,1100,-9.0,-9.0,-9.0,22.0,6.8,2248,118,0301VDE04500,107.0,10,3.12
PVDL-IDV1257455850-1728336079-42055,37.484861,127.033919,2024-10-08 09:02:24+00:00,2024,10,8,2024-10-08,1945,17.7,1505,2.57,-9.0,1100,-9.0,-9.0,-9.0,22.0,6.8,2248,120,0301VDE04700,100.0,0,0.0
PVDL-IDV1257456520-1728377606-527,37.592043,126.884283,2024-10-08 09:02:24+00:00,2024,10,8,2024-10-08,1945,17.7,1505,2.57,-9.0,1100,-9.0,-9.0,-9.0,22.0,6.8,2248,143,0301VDS02900,90.5,8,4.78
PVDL-IDV1257456520-1728377606-528,37.592043,126.884283,2024-10-08 09:02:24+00:00,2024,10,8,2024-10-08,1945,17.7,1505,2.57,-9.0,1100,-9.0,-9.0,-9.0,22.0,6.8,2248,143,0301VDS02900,90.5,8,4.78
PVDL-IDV1257456530-1728377099-1047,37.607633,127.001155,2024-10-08 09:02:24+00:00,2024,10,8,2024-10-08,1945,17.7,1505,2.57,-9.0,1100,-9.0,-9.0,-9.0,22.0,6.8,2248,118,0301VDE04500,107.0,10,3.12
PVDL-IDV1257456540-1728375057-3089,37.5831463,126.8823624,2024-10-08 09:02:24+00:00,2024,10,8,2024-10-08,1945,17.7,1505,2.57,-9.0,1100,-9.0,-9.0,-9.0,22.0,6.8,2248,143,0301VDS02900,90.5,8,4.78
PVDL-IDV1257456610-1728378131-3,37.686784,126.759754,2024-10-08 09:02:24+00:00,2024,10,8,2024-10-08,1945,17.7,1505,2.57,-9.0,1100,-9.0,-9.0,-9.0,22.0,6.8,2248,129,0301VDS01900,97.5,4,1.92
PVDL-IDV1257456900-1728377573-573,37.592181,126.885784,2024-10-08 09:02:24+00:00,2024,10,8,2024-10-08,1945,17.7,1505,2.57,-9.0,1100,-9.0,-9.0,-9.0,22.0,6.8,2248,143,0301VDS02900,90.5,8,4.78
PVDL-IDV1257456960-1728369307-8826,37.545269,127.016597,2024-10-08 09:02:24+00:00,2024,10,8,2024-10-08,1945,17.7,1505,2.57,-9.0,1100,-9.0,-9.0,-9.0,22.0,6.8,2248,118,0301VDE04500,107.0,10,3.12
PVDL-IDV1257457040-1728377102-1032,37.465938,127.134568,2024-10-08 09:02:24+00:00,2024,10,8,2024-10-08,1945,17.7,1505,2.57,-9.0,1100,-9.0,-9.0,-9.0,22.0,6.8,2248,124,0301VDE05000,-1.0,-1,-1.0
PVDL-IDV1257457170-1728366953-11181,37.56553,126.967152,2024-10-08 09:02:24+00:00,2024,10,8,2024-10-08,1945,17.7,1505,2.57,-9.0,1100,-9.0,-9.0,-9.0,22.0,6.8,2248,112,0301VDE04100,109.0,5,1.73
PVDL-IDV1257457280-1728369831-8303,37.501539,126.98217,2024-10-08 09:02:24+00:00,2024,10,8,2024-10-08,1945,17.7,1505,2.57,-9.0,1100,-9.0,-9.0,-9.0,22.0,6.8,2248,118,0301VDE04500,107.0,10,3.12
PVDL-IDV1257457440-1728344970-33200,37.573758,126.899327,2024-10-08 09:02:24+00:00,2024,10,8,2024-10-08,1945,17.7,1505,2.57,-9.0,1100,-9.0,-9.0,-9.0,22.0,6.8,2248,149,0301VDS03400,91.0,8,4.54
PVDL-IDV1257457450-1728369361-8772,37.577535,126.990498,2024-10-08 09:02:24+00:00,2024,10,8,2024-10-08,1945,17.7,1505,2.57,-9.0,1100,-9.0,-9.0,-9.0,22.0,6.8,2248,118,0301VDE04500,107.0,10,3.12
PVDL-IDV1257457470-1728368915-9219,37.54932,127.012861,2024-10-08 09:02:24+00:00,2024,10,8,2024-10-08,1945,17.7,1505,2.57,-9.0,1100,-9.0,-9.0,-9.0,22.0,6.8,2248,118,0301VDE04500,107.0,10,3.12
PVDL-IDV1257457500-1728363434-14699,37.4754149,127.038499,2024-10-08 09:02:24+00:00,2024,10,8,2024-10-08,1945,17.7,1505,2.57,-9.0,1100,-9.0,-9.0,-9.0,22.0,6.8,2248,122,0301VDE04800,108.0,3,0.91
PVDL-IDV1257458050-1728373399-4734,37.565193,126.857847,2024-10-08 09:02:24+00:00,2024,10,8,2024-10-08,1945,17.7,1505,2.57,-9.0,1100,-9.0,-9.0,-9.0,22.0,6.8,2248,143,0301VDS02900,90.5,8,4.78
PVDL-IDV1257458060-1728356157-21976,37.506468,127.055136,2024-10-08 09:02:24+00:00,2024,10,8,2024-10-08,1945,17.7,1505,2.57,-9.0,1100,-9.0,-9.0,-9.0,22.0,6.8,2248,120,0301VDE04700,100.0,0,0.0
PVDL-IDV1257458090-1728376721-1425,37.670811,126.771952,2024-10-08 09:02:24+00:00,2024,10,8,2024-10-08,1945,17.7,1505,2.57,-9.0,1100,-9.0,-9.0,-9.0,22.0,6.8,2248,129,0301VDS01900,97.5,4,1.92
PVDL-IDV1257458150-1728329622-48512,37.580446,126.875211,2024-10-08 09:02:24+00:00,2024,10,8,2024-10-08,1945,17.7,1505,2.57,-9.0,1100,-9.0,-9.0,-9.0,22.0,6.8,2248,143,0301VDS02900,90.5,8,4.78
PVDL-IDV1257458160-1728330776-47358,37.62226,126.837526,2024-10-08 09:02:24+00:00,2024,10,8,2024-10-08,1945,17.7,1505,2.57,-9.0,1100,-9.0,-9.0,-9.0,22.0,6.8,2248,141,0301VDS02800,87.5,7,6.74
PVDL-IDV1257458170-1728369895-8244,37.504045,127.001805,2024-10-08 09:02:24+00:00,2024,10,8,2024-10-08,1945,17.7,1505,2.57,-9.0,1100,-9.0,-9.0,-9.0,22.0,6.8,2248,120,0301VDE04700,100.0,0,0.0
PVDL-IDV1257458240-1728344457-33713,37.5663561,126.9244902,2024-10-08 09:02:24+00:00,2024,10,8,2024-10-08,1945,17.7,1505,2.57,-9.0,1100,-9.0,-9.0,-9.0,22.0,6.8,2248,112,0301VDE04100,109.0,5,1.73
PVDL-IDV1257458280-1728363684-14486,37.562705,126.92774,2024-10-08 09:02:24+00:00,2024,10,8,2024-10-08,1945,17.7,1505,2.57,-9.0,1100,-9.0,-9.0,-9.0,22.0,6.8,2248,112,0301VDE04100,109.0,5,1.73
PVDL-IDV1257458310-1728365485-12648,37.521767,126.993703,2024-10-08 09:02:24+00:00,2024,10,8,2024-10-08,1945,17.7,1505,2.57,-9.0,1100,-9.0,-9.0,-9.0,22.0,6.8,2248,118,0301VDE04500,107.0,10,3.12
PVDL-IDV1257458330-1728372970-5200,37.58055,126.87479,2024-10-08 09:02:24+00:00,2024,10,8,2024-10-08,1945,17.7,1505,2.57,-9.0,1100,-9.0,-9.0,-9.0,22.0,6.8,2248,143,0301VDS02900,90.5,8,4.78
PVDL-IDV1257458360-1728362703-15431,37.548461,126.971861,2024-10-08 09:02:24+00:00,2024,10,8,2024-10-08,1945,17.7,1505,2.57,-9.0,1100,-9.0,-9.0,-9.0,22.0,6.8,2248,114,0301VDE04200,114.5,7,2.32
PVDL-IDV1257458390-1728369197-8942,37.539434,126.960924,2024-10-08 09:02:24+00:00,2024,10,8,2024-10-08,1945,17.7,1505,2.57,-9.0,1100,-9.0,-9.0,-9.0,22.0,6.8,2248,114,0301VDE04200,114.5,7,2.32
PVDL-IDV1257458470-1728366381-11753,37.580494,126.875244,2024-10-08 09:02:24+00:00,2024,10,8,2024-10-08,1945,17.7,1505,2.57,-9.0,1100,-9.0,-9.0,-9.0,22.0,6.8,2248,143,0301VDS02900,90.5,8,4.78
PVDL-IDV1257458500-1728328476-49663,37.535853,126.973741,2024-10-08 09:02:24+00:00,2024,10,8,2024-10-08,1945,17.7,1505,2.57,-9.0,1100,-9.0,-9.0,-9.0,22.0,6.8,2248,118,0301VDE04500,107.0,10,3.12
PVDL-IDV1257458510-1728361946-16188,37.519011,126.959622,2024-10-08 09:02:24+00:00,2024,10,8,2024-10-08,1945,17.7,1505,2.57,-9.0,1100,-9.0,-9.0,-9.0,22.0,6.8,2248,116,0301VDE04400,100.5,9,3.19
PVDL-IDV1257458530-1728377868-266,37.580969,126.874806,2024-10-08 09:02:24+00:00,2024,10,8,2024-10-08,1945,17.7,1505,2.57,-9.0,1100,-9.0,-9.0,-9.0,22.0,6.8,2248,143,0301VDS02900,90.5,8,4.78
PVDL-IDV1257458540-1728358837-19297,37.5803,126.875161,2024-10-08 09:02:24+00:00,2024,10,8,2024-10-08,1945,17.7,1505,2.57,-9.0,1100,-9.0,-9.0,-9.0,22.0,6.8,2248,143,0301VDS02900,90.5,8,4.78
PVDL-IDV1257458590-1728375294-2840,37.5559021,126.9724977,2024-10-08 09:02:24+00:00,2024,10,8,2024-10-08,1945,17.7,1505,2.57,-9.0,1100,-9.0,-9.0,-9.0,22.0,6.8,2248,114,0301VDE04200,114.5,7,2.32
PVDL-IDV1257458630-1728369895-8244,37.53492,126.975111,2024-10-08 09:02:24+00:00,2024,10,8,2024-10-08,1945,17.7,1505,2.57,-9.0,1100,-9.0,-9.0,-9.0,22.0,6.8,2248,118,0301VDE04500,107.0,10,3.12
PVDL-IDV1257458650-1728366397-11737,37.580438,126.874731,2024-10-08 09:02:24+00:00,2024,10,8,2024-10-08,1945,17.7,1505,2.57,-9.0,1100,-9.0,-9.0,-9.0,22.0,6.8,2248,143,0301VDS02900,90.5,8,4.78
PVDL-IDV1257458680-1728369895-8244,37.584109,126.880585,2024-10-08 09:02:24+00:00,2024,10,8,2024-10-08,1945,17.7,1505,2.57,-9.0,1100,-9.0,-9.0,-9.0,22.0,6.8,2248,143,0301VDS02900,90.5,8,4.78
PVDL-IDV1257458720-1728351048-27085,37.5606966,126.9267745,2024-10-08 09:02:24+00:00,2024,10,8,2024-10-08,1945,17.7,1505,2.57,-9.0,1100,-9.0,-9.0,-9.0,22.0,6.8,2248,112,0301VDE04100,109.0,5,1.73
PVDL-IDV1257458750-1728377581-562,37.49483,127.017602,2024-10-08 09:02:24+00:00,2024,10,8,2024-10-08,1945,17.7,1505,2.57,-9.0,1100,-9.0,-9.0,-9.0,22.0,6.8,2248,120,0301VDE04700,100.0,0,0.0
PVDL-IDV1257458790-1728360167-17967,37.548262,126.941029,2024-10-08 09:02:24+00:00,2024,10,8,2024-10-08,1945,17.7,1505,2.57,-9.0,1100,-9.0,-9.0,-9.0,22.0,6.8,2248,112,0301VDE04100,109.0,5,1.73
PVDL-IDV1257460710-1728374703-3431,37.548434,126.940584,2024-10-08 09:02:24+00:00,2024,10,8,2024-10-08,1945,17.7,1505,2.57,-9.0,1100,-9.0,-9.0,-9.0,22.0,6.8,2248,112,0301VDE04100,109.0,5,1.73
PVDL-IDV1257461020-1728372104-6029,37.571083,126.920037,2024-10-08 09:02:24+00:00,2024,10,8,2024-10-08,1945,17.7,1505,2.57,-9.0,1100,-9.0,-9.0,-9.0,22.0,6.8,2248,112,0301VDE04100,109.0,5,1.73
PVDL-IDV1257461210-1728373108-5025,37.575919,126.973885,2024-10-08 09:02:24+00:00,2024,10,8,2024-10-08,1945,17.7,1505,2.57,-9.0,1100,-9.0,-9.0,-9.0,22.0,6.8,2248,112,0301VDE04100,109.0,5,1.73
PVDL-IDV1257461230-1728376019-2120,37.588331,127.017527,2024-10-08 09:02:24+00:00,2024,10,8,2024-10-08,1945,17.7,1505,2.57,-9.0,1100,-9.0,-9.0,-9.0,22.0,6.8,2248,118,0301VDE04500,107.0,10,3.12
PVDL-IDV1257461240-1728375791-2342,37.579991,127.045093,2024-10-08 09:02:24+00:00,2024,10,8,2024-10-08,1945,17.7,1505,2.57,-9.0,1100,-9.0,-9.0,-9.0,22.0,6.8,2248,118,0301VDE04500,107.0,10,3.12
PVDL-IDV1257461360-1728372021-6113,37.575044,126.921744,2024-10-08 09:02:24+00:00,2024,10,8,2024-10-08,1945,17.7,1505,2.57,-9.0,1100,-9.0,-9.0,-9.0,22.0,6.8,2248,112,0301VDE04100,109.0,5,1.73
PVDL-IDV1257461460-1728373981-4152,37.577465,126.989128,2024-10-08 09:02:24+00:00,2024,10,8,2024-10-08,1945,17.7,1505,2.57,-9.0,1100,-9.0,-9.0,-9.0,22.0,6.8,2248,118,0301VDE04500,107.0,10,3.12
PVDL-IDV1257461520-1728348814-29356,37.575279,126.925246,2024-10-08 09:02:24+00:00,2024,10,8,2024-10-08,1945,17.7,1505,2.57,-9.0,1100,-9.0,-9.0,-9.0,22.0,6.8,2248,112,0301VDE04100,109.0,5,1.73
PVDL-IDV1257461610-1728374371-3762,37.586078,127.00168,2024-10-08 09:02:24+00:00,2024,10,8,2024-10-08,1945,17.7,1505,2.57,-9.0,1100,-9.0,-9.0,-9.0,22.0,6.8,2248,118,0301VDE04500,107.0,10,3.12
PVDL-IDV1257461630-1728375527-2619,37.594951,127.085904,2024-10-08 09:02:24+00:00,2024,10,8,2024-10-08,1945,17.7,1505,2.57,-9.0,1100,-9.0,-9.0,-9.0,22.0,6.8,2248,61,0010VDS26000,-1.0,-1,-1.0
PVDL-IDV1257461650-1728353749-24385,37.537224,126.942302,2024-10-08 09:02:24+00:00,2024,10,8,2024-10-08,1945,17.7,1505,2.57,-9.0,1100,-9.0,-9.0,-9.0,22.0,6.8,2248,112,0301VDE04100,109.0,5,1.73
PVDL-IDV1257461700-1728328456-49684,37.558094,126.960398,2024-10-08 09:02:24+00:00,2024,10,8,2024-10-08,1945,17.7,1505,2.57,-9.0,1100,-9.0,-9.0,-9.0,22.0,6.8,2248,112,0301VDE04100,109.0,5,1.73
PVDL-IDV1257462050-1728365855-12278,37.570285,126.983458,2024-10-08 09:02:24+00:00,2024,10,8,2024-10-08,1945,17.7,1505,2.57,-9.0,1100,-9.0,-9.0,-9.0,22.0,6.8,2248,118,0301VDE04500,107.0,10,3.12
PVDL-IDV1257462950-1728375570-2589,37.566678,126.921479,2024-10-08 09:02:24+00:00,2024,10,8,2024-10-08,1945,17.7,1505,2.57,-9.0,1100,-9.0,-9.0,-9.0,22.0,6.8,2248,112,0301VDE04100,109.0,5,1.73
PVDL-IDV1257463020-1728369291-8855,37.555362,126.972706,2024-10-08 09:02:24+00:00,2024,10,8,2024-10-08,1945,17.7,1505,2.57,-9.0,1100,-9.0,-9.0,-9.0,22.0,6.8,2248,114,0301VDE04200,114.5,7,2.32
PVDL-IDV1257463060-1728373734-4405,37.5661055,126.9811601,2024-10-08 09:02:24+00:00,2024,10,8,2024-10-08,1945,17.7,1505,2.57,-9.0,1100,-9.0,-9.0,-9.0,22.0,6.8,2248,118,0301VDE04500,107.0,10,3.12
PVDL-IDV1257463380-1728361577-16556,37.636243,127.068465,2024-10-08 09:02:24+00:00,2024,10,8,2024-10-08,1945,17.7,1505,2.57,-9.0,1100,-9.0,-9.0,-9.0,22.0,6.8,2248,61,0010VDS26000,-1.0,-1,-1.0
PVDL-IDV1257463480-1728374485-3685,37.661583,127.052935,2024-10-08 09:02:24+00:00,2024,10,8,2024-10-08,1945,17.7,1505,2.57,-9.0,1100,-9.0,-9.0,-9.0,22.0,6.8,2248,77,0010VDS26300,103.5,10,8.0
PVDL-IDV1257463540-1728377601-538,37.631023,127.060494,2024-10-08 09:02:24+00:00,2024,10,8,2024-10-08,1945,17.7,1505,2.57,-9.0,1100,-9.0,-9.0,-9.0,22.0,6.8,2248,61,0010VDS26000,-1.0,-1,-1.0
PVDL-IDV1257463570-1728366532-11601,37.566586,127.002245,2024-10-08 09:02:24+00:00,2024,10,8,2024-10-08,1945,17.7,1505,2.57,-9.0,1100,-9.0,-9.0,-9.0,22.0,6.8,2248,118,0301VDE04500,107.0,10,3.12
PVDL-IDV1257463630-1728374786-3358,37.5707656,126.9977334,2024-10-08 09:02:24+00:00,2024,10,8,2024-10-08,1945,17.7,1505,2.57,-9.0,1100,-9.0,-9.0,-9.0,22.0,6.8,2248,118,0301VDE04500,107.0,10,3.12
PVDL-IDV1257463730-1728376185-1949,37.645988,126.908301,2024-10-08 09:02:24+00:00,2024,10,8,2024-10-08,1945,17.7,1505,2.57,-9.0,1100,-9.0,-9.0,-9.0,22.0,6.8,2248,143,0301VDS02900,90.5,8,4.78
PVDL-IDV1257463760-1728377544-589,37.572914,126.825443,2024-10-08 09:02:24+00:00,2024,10,8,2024-10-08,1945,17.7,1505,2.57,-9.0,1100,-9.0,-9.0,-9.0,22.0,6.8,2248,141,0301VDS02800,87.5,7,6.74
PVDL-IDV1257464540-1728329506-48628,37.6372668,127.0249636,2024-10-08 09:02:24+00:00,2024,10,8,2024-10-08,1945,17.7,1505,2.57,-9.0,1100,-9.0,-9.0,-9.0,22.0,6.8,2248,77,0010VDS26300,103.5,10,8.0
PVDL-IDV1257464550-1728343333-34807,37.590779,127.014536,2024-10-08 09:02:24+00:00,2024,10,8,2024-10-08,1945,17.7,1505,2.57,-9.0,1100,-9.0,-9.0,-9.0,22.0,6.8,2248,118,0301VDE04500,107.0,10,3.12
PVDL-IDV1257464620-1728346029-32110,37.533813,127.007523,2024-10-08 09:02:24+00:00,2024,10,8,2024-10-08,1945,17.7,1505,2.57,-9.0,1100,-9.0,-9.0,-9.0,22.0,6.8,2248,118,0301VDE04500,107.0,10,3.12
PVDL-IDV1257464750-1728347167-30967,37.573085,127.015562,2024-10-08 09:02:24+00:00,2024,10,8,2024-10-08,1945,17.7,1505,2.57,-9.0,1100,-9.0,-9.0,-9.0,22.0,6.8,2248,118,0301VDE04500,107.0,10,3.12
PVDL-IDV1257465120-1728332860-45273,37.488675,126.993031,2024-10-08 09:02:24+00:00,2024,10,8,2024-10-08,1945,17.7,1505,2.57,-9.0,1100,-9.0,-9.0,-9.0,22.0,6.8,2248,120,0301VDE04700,100.0,0,0.0
PVDL-IDV1257465180-1728368155-9985,37.490646,126.991639,2024-10-08 09:02:24+00:00,2024,10,8,2024-10-08,1945,17.7,1505,2.57,-9.0,1100,-9.0,-9.0,-9.0,22.0,6.8,2248,120,0301VDE04700,100.0,0,0.0
PVDL-IDV1257465200-1728343333-34807,37.515058,127.019745,2024-10-08 09:02:24+00:00,2024,10,8,2024-10-08,1945,17.7,1505,2.57,-9.0,1100,-9.0,-9.0,-9.0,22.0,6.8,2248,120,0301VDE04700,100.0,0,0.0
PVDL-IDV1257465220-1728343653-34487,37.572328,127.015727,2024-10-08 09:02:24+00:00,2024,10,8,2024-10-08,1945,17.7,1505,2.57,-9.0,1100,-9.0,-9.0,-9.0,22.0,6.8,2248,118,0301VDE04500,107.0,10,3.12
PVDL-IDV1257465280-1728359549-18617,37.608803,127.029985,2024-10-08 09:02:24+00:00,2024,10,8,2024-10-08,1945,17.7,1505,2.57,-9.0,1100,-9.0,-9.0,-9.0,22.0,6.8,2248,118,0301VDE04500,107.0,10,3.12
PVDL-IDV1257465300-1728377560-581,37.533497,127.007259,2024-10-08 09:02:24+00:00,2024,10,8,2024-10-08,1945,17.7,1505,2.57,-9.0,1100,-9.0,-9.0,-9.0,22.0,6.8,2248,118,0301VDE04500,107.0,10,3.12
PVDL-IDV1257465330-1728369882-8251,37.534013,127.007077,2024-10-08 09:02:24+00:00,2024,10,8,2024-10-08,1945,17.7,1505,2.57,-9.0,1100,-9.0,-9.0,-9.0,22.0,6.8,2248,118,0301VDE04500,107.0,10,3.12
PVDL-IDV1257465350-1728369895-8244,37.541786,127.002393,2024-10-08 09:02:24+00:00,2024,10,8,2024-10-08,1945,17.7,1505,2.57,-9.0,1100,-9.0,-9.0,-9.0,22.0,6.8,2248,118,0301VDE04500,107.0,10,3.12
PVDL-IDV1257465360-1728354212-23922,37.555744,127.011285,2024-10-08 09:02:24+00:00,2024,10,8,2024-10-08,1945,17.7,1505,2.57,-9.0,1100,-9.0,-9.0,-9.0,22.0,6.8,2248,118,0301VDE04500,107.0,10,3.12
PVDL-IDV1257465370-1728372930-5203,37.5922,127.013617,2024-10-08 09:02:24+00:00,2024,10,8,2024-10-08,1945,17.7,1505,2.57,-9.0,1100,-9.0,-9.0,-9.0,22.0,6.8,2248,118,0301VDE04500,107.0,10,3.12
PVDL-IDV1257465390-1728378063-107,37.622555,127.027513,2024-10-08 09:02:24+00:00,2024,10,8,2024-10-08,1945,17.7,1505,2.57,-9.0,1100,-9.0,-9.0,-9.0,22.0,6.8,2248,73,0010VDS26200,100.0,0,0.0
PVDL-IDV1257465740-1728352219-25914,37.607544,127.000832,2024-10-08 09:02:24+00:00,2024,10,8,2024-10-08,1945,17.7,1505,2.57,-9.0,1100,-9.0,-9.0,-9.0,22.0,6.8,2248,118,0301VDE04500,107.0,10,3.12
PVDL-IDV1257468570-1728368699-9433,37.546447,126.82141,2024-10-08 09:02:24+00:00,2024,10,8,2024-10-08,1945,17.7,1505,2.57,-9.0,1100,-9.0,-9.0,-9.0,22.0,6.8,2248,143,0301VDS02900,90.5,8,4.78
PVDL-IDV1257468780-1728375859-2275,37.514527,126.830547,2024-10-08 09:02:24+00:00,2024,10,8,2024-10-08,1945,17.7,1505,2.57,-9.0,1100,-9.0,-9.0,-9.0,22.0,6.8,2248,146,0301VDS03200,-1.0,-1,-1.0
PVDL-IDV1257468800-1728373151-5019,37.519947,126.904612,2024-10-08 09:02:24+00:00,2024,10,8,2024-10-08,1945,17.7,1505,2.57,-9.0,1100,-9.0,-9.0,-9.0,22.0,6.8,2248,110,0301VDE03800,97.0,8,2.8
PVDL-IDV1257468880-1728337574-40560,37.6081,127.100957,2024-10-08 09:02:24+00:00,2024,10,8,2024-10-08,1945,17.7,1505,2.57,-9.0,1100,-9.0,-9.0,-9.0,22.0,6.8,2248,61,0010VDS26000,-1.0,-1,-1.0
PVDL-IDV1257468970-1728338987-39147,37.499655,126.868079,2024-10-08 09:02:24+00:00,2024,10,8,2024-10-08,1945,17.7,1505,2.57,-9.0,1100,-9.0,-9.0,-9.0,22.0,6.8,2248,108,0301VDE03700,94.0,15,6.68
PVDL-IDV1257470040-1728369895-8244,37.647761,127.062928,2024-10-08 09:02:24+00:00,2024,10,8,2024-10-08,1945,17.7,1505,2.57,-9.0,1100,-9.0,-9.0,-9.0,22.0,6.8,2248,73,0010VDS26200,100.0,0,0.0
PVDL-IDV1257470090-1728333199-44934,37.589344,127.008141,2024-10-08 09:02:24+00:00,2024,10,8,2024-10-08,1945,17.7,1505,2.57,-9.0,1100,-9.0,-9.0,-9.0,22.0,6.8,2248,118,0301VDE04500,107.0,10,3.12
PVDL-IDV1257470150-1728361904-16266,37.635604,127.067819,2024-10-08 09:02:24+00:00,2024,10,8,2024-10-08,1945,17.7,1505,2.57,-9.0,1100,-9.0,-9.0,-9.0,22.0,6.8,2248,61,0010VDS26000,-1.0,-1,-1.0
PVDL-IDV1257470240-1728364296-13874,37.579165,127.042266,2024-10-08 09:02:24+00:00,2024,10,8,2024-10-08,1945,17.7,1505,2.57,-9.0,1100,-9.0,-9.0,-9.0,22.0,6.8,2248,118,0301VDE04500,107.0,10,3.12
PVDL-IDV1257470460-1728376371-1761,37.61847,127.051872,2024-10-08 09:02:24+00:00,2024,10,8,2024-10-08,1945,17.7,1505,2.57,-9.0,1100,-9.0,-9.0,-9.0,22.0,6.8,2248,61,0010VDS26000,-1.0,-1,-1.0
PVDL-IDV1257470480-1728361264-16906,37.556586,126.933099,2024-10-08 09:02:24+00:00,2024,10,8,2024-10-08,1945,17.7,1505,2.57,-9.0,1100,-9.0,-9.0,-9.0,22.0,6.8,2248,112,0301VDE04100,109.0,5,1.73
PVDL-IDV1257470530-1728371887-6247,37.5476426,126.9537248,2024-10-08 09:02:24+00:00,2024,10,8,2024-10-08,1945,17.7,1505,2.57,-9.0,1100,-9.0,-9.0,-9.0,22.0,6.8,2248,112,0301VDE04100,109.0,5,1.73
PVDL-IDV1257471030-1728349904-28229,37.544106,126.882837,2024-10-08 09:02:24+00:00,2024,10,8,2024-10-08,1945,17.7,1505,2.57,-9.0,1100,-9.0,-9.0,-9.0,22.0,6.8,2248,149,0301VDS03400,91.0,8,4.54
PVDL-IDV1257471150-1728377408-737,37.581212,126.926357,2024-10-08 09:02:24+00:00,2024,10,8,2024-10-08,1945,17.7,1505,2.57,-9.0,1100,-9.0,-9.0,-9.0,22.0,6.8,2248,112,0301VDE04100,109.0,5,1.73
PVDL-IDV1257471350-1728369934-8199,37.517516,127.023136,2024-10-08 09:02:24+00:00,2024,10,8,2024-10-08,1945,17.7,1505,2.57,-9.0,1100,-9.0,-9.0,-9.0,22.0,6.8,2248,120,0301VDE04700,100.0,0,0.0
PVDL-IDV1257471420-1728374667-3478,37.560399,126.975706,2024-10-08 09:02:24+00:00,2024,10,8,2024-10-08,1945,17.7,1505,2.57,-9.0,1100,-9.0,-9.0,-9.0,22.0,6.8,2248,114,0301VDE04200,114.5,7,2.32
PVDL-IDV1257471620-1728369157-8977,37.58134,126.935415,2024-10-08 09:02:24+00:00,2024,10,8,2024-10-08,1945,17.7,1505,2.57,-9.0,1100,-9.0,-9.0,-9.0,22.0,6.8,2248,112,0301VDE04100,109.0,5,1.73
PVDL-IDV1257471940-1728376391-1759,37.665691,126.783594,2024-10-08 09:02:24+00:00,2024,10,8,2024-10-08,1945,17.7,1505,2.57,-9.0,1100,-9.0,-9.0,-9.0,22.0,6.8,2248,129,0301VDS01900,97.5,4,1.92
PVDL-IDV1257472000-1728378077-57,37.577556,126.796876,2024-10-08 09:02:24+00:00,2024,10,8,2024-10-08,1945,17.7,1505,2.57,-9.0,1100,-9.0,-9.0,-9.0,22.0,6.8,2248,139,0301VDS02600,100.0,0,0.0
PVDL-IDV1257472040-1728372514-5648,37.570227,126.978119,2024-10-08 09:02:24+00:00,2024,10,8,2024-10-08,1945,17.7,1505,2.57,-9.0,1100,-9.0,-9.0,-9.0,22.0,6.8,2248,114,0301VDE04200,114.5,7,2.32
PVDL-IDV1257472080-1728371387-6747,37.4846576,127.0340284,2024-10-08 09:02:24+00:00,2024,10,8,2024-10-08,1945,17.7,1505,2.57,-9.0,1100,-9.0,-9.0,-9.0,22.0,6.8,2248,120,0301VDE04700,100.0,0,0.0
PVDL-IDV1257472170-1728376768-1366,37.561163,126.813727,2024-10-08 09:02:24+00:00,2024,10,8,2024-10-08,1945,17.7,1505,2.57,-9.0,1100,-9.0,-9.0,-9.0,22.0,6.8,2248,141,0301VDS02800,87.5,7,6.74
PVDL-IDV1257472190-1728375066-3074,37.584507,127.050642,2024-10-08 09:02:24+00:00,2024,10,8,2024-10-08,1945,17.7,1505,2.57,-9.0,1100,-9.0,-9.0,-9.0,22.0,6.8,2248,118,0301VDE04500,107.0,10,3.12
PVDL-IDV1257472340-1728370473-7661,37.521527,126.961331,2024-10-08 09:02:24+00:00,2024,10,8,2024-10-08,1945,17.7,1505,2.57,-9.0,1100,-9.0,-9.0,-9.0,22.0,6.8,2248,116,0301VDE04400,100.5,9,3.19
PVDL-IDV1257472520-1728333523-44617,37.565785,126.946311,2024-10-08 09:02:24+00:00,2024,10,8,2024-10-08,1945,17.7,1505,2.57,-9.0,1100,-9.0,-9.0,-9.0,22.0,6.8,2248,112,0301VDE04100,109.0,5,1.73
PVDL-IDV1257472550-1728369895-8244,37.556884,126.947119,2024-10-08 09:02:24+00:00,2024,10,8,2024-10-08,1945,17.7,1505,2.57,-9.0,1100,-9.0,-9.0,-9.0,22.0,6.8,2248,112,0301VDE04100,109.0,5,1.73
PVDL-IDV1257472590-1728376433-1712,37.560803,126.926753,2024-10-08 09:02:24+00:00,2024,10,8,2024-10-08,1945,17.7,1505,2.57,-9.0,1100,-9.0,-9.0,-9.0,22.0,6.8,2248,112,0301VDE04100,109.0,5,1.73
PVDL-IDV1257472640-1728369098-9072,37.621518,126.894799,2024-10-08 09:02:24+00:00,2024,10,8,2024-10-08,1945,17.7,1505,2.57,-9.0,1100,-9.0,-9.0,-9.0,22.0,6.8,2248,143,0301VDS02900,90.5,8,4.78
PVDL-IDV1257472780-1728377688-462,37.567953,126.89381,2024-10-08 09:02:24+00:00,2024,10,8,2024-10-08,1945,17.7,1505,2.57,-9.0,1100,-9.0,-9.0,-9.0,22.0,6.8,2248,149,0301VDS03400,91.0,8,4.54
PVDL-IDV1257473810-1728375600-2534,37.478792,127.141688,2024-10-08 09:02:24+00:00,2024,10,8,2024-10-08,1945,17.7,1505,2.57,-9.0,1100,-9.0,-9.0,-9.0,22.0,6.8,2248,124,0301VDE05000,-1.0,-1,-1.0
PVDL-IDV1257473880-1728377511-629,37.508977,126.96144,2024-10-08 09:02:24+00:00,2024,10,8,2024-10-08,1945,17.7,1505,2.57,-9.0,1100,-9.0,-9.0,-9.0,22.0,6.8,2248,118,0301VDE04500,107.0,10,3.12
PVDL-IDV1257473890-1728371399-6735,37.51268,126.95791,2024-10-08 09:02:24+00:00,2024,10,8,2024-10-08,1945,17.7,1505,2.57,-9.0,1100,-9.0,-9.0,-9.0,22.0,6.8,2248,116,0301VDE04400,100.5,9,3.19
PVDL-IDV1257474400-1728375867-2298,37.610255,126.995401,2024-10-08 09:02:24+00:00,2024,10,8,2024-10-08,1945,17.7,1505,2.57,-9.0,1100,-9.0,-9.0,-9.0,22.0,6.8,2248,114,0301VDE04200,114.5,7,2.32
PVDL-IDV1257475580-1728375452-2682,37.495942,126.95382,2024-10-08 09:02:24+00:00,2024,10,8,2024-10-08,1945,17.7,1505,2.57,-9.0,1100,-9.0,-9.0,-9.0,22.0,6.8,2248,116,0301VDE04400,100.5,9,3.19
PVDL-IDV1257475920-1728376731-1414,37.729943,127.084492,2024-10-08 09:02:24+00:00,2024,10,8,2024-10-08,1945,17.7,1505,2.57,-9.0,1100,-9.0,-9.0,-9.0,22.0,6.8,2248,81,0010VDS26350,-1.0,-1,-1.0
PVDL-IDV1257475930-1728375178-2967,37.750586,127.101949,2024-10-08 09:02:24+00:00,2024,10,8,2024-10-08,1945,17.7,1505,2.57,-9.0,1100,-9.0,-9.0,-9.0,22.0,6.8,2248,81,0010VDS26350,-1.0,-1,-1.0
PVDL-IDV1257475950-1728376086-2064,37.572704,127.006449,2024-10-08 09:02:24+00:00,2024,10,8,2024-10-08,1945,17.7,1505,2.57,-9.0,1100,-9.0,-9.0,-9.0,22.0,6.8,2248,118,0301VDE04500,107.0,10,3.12
PVDL-IDV1257476040-1728359265-18869,37.57773,126.880204,2024-10-08 09:02:24+00:00,2024,10,8,2024-10-08,1945,17.7,1505,2.57,-9.0,1100,-9.0,-9.0,-9.0,22.0,6.8,2248,144,0301VDS03100,115.5,4,1.09
PVDL-IDV1257476270-1728331045-47088,37.5982896,126.9379352,2024-10-08 09:02:24+00:00,2024,10,8,2024-10-08,1945,17.7,1505,2.57,-9.0,1100,-9.0,-9.0,-9.0,22.0,6.8,2248,112,0301VDE04100,109.0,5,1.73
PVDL-IDV1257478020-1728334603-43532,37.634238,126.924938,2024-10-08 09:02:24+00:00,2024,10,8,2024-10-08,1945,17.7,1505,2.57,-9.0,1100,-9.0,-9.0,-9.0,22.0,6.8,2248,143,0301VDS02900,90.5,8,4.78
PVDL-IDV1257478090-1728343210-34931,37.646734,126.908581,2024-10-08 09:02:24+00:00,2024,10,8,2024-10-08,1945,17.7,1505,2.57,-9.0,1100,-9.0,-9.0,-9.0,22.0,6.8,2248,143,0301VDS02900,90.5,8,4.78
PVDL-IDV1257478120-1728332835-45298,37.644755,126.912546,2024-10-08 09:02:24+00:00,2024,10,8,2024-10-08,1945,17.7,1505,2.57,-9.0,1100,-9.0,-9.0,-9.0,22.0,6.8,2248,143,0301VDS02900,90.5,8,4.78
PVDL-IDV1257478200-1728326796-51344,37.566711,126.967335,2024-10-08 09:02:24+00:00,2024,10,8,2024-10-08,1945,17.7,1505,2.57,-9.0,1100,-9.0,-9.0,-9.0,22.0,6.8,2248,112,0301VDE04100,109.0,5,1.73
PVDL-IDV1257478290-1728331455-46678,37.633955,126.931831,2024-10-08 09:02:24+00:00,2024,10,8,2024-10-08,1945,17.7,1505,2.57,-9.0,1100,-9.0,-9.0,-9.0,22.0,6.8,2248,143,0301VDS02900,90.5,8,4.78
PVDL-IDV1257478330-1728376844-1296,37.624585,126.928655,2024-10-08 09:02:24+00:00,2024,10,8,2024-10-08,1945,17.7,1505,2.57,-9.0,1100,-9.0,-9.0,-9.0,22.0,6.8,2248,143,0301VDS02900,90.5,8,4.78
PVDL-IDV1257478490-1728366369-11765,37.562251,126.988912,2024-10-08 09:02:24+00:00,2024,10,8,2024-10-08,1945,17.7,1505,2.57,-9.0,1100,-9.0,-9.0,-9.0,22.0,6.8,2248,118,0301VDE04500,107.0,10,3.12
PVDL-IDV1257478520-1728327508-50625,37.585172,127.052271,2024-10-08 09:02:24+00:00,2024,10,8,2024-10-08,1945,17.7,1505,2.57,-9.0,1100,-9.0,-9.0,-9.0,22.0,6.8,2248,118,0301VDE04500,107.0,10,3.12
PVDL-IDV1257478580-1728371815-6319,37.55802,126.971847,2024-10-08 09:02:24+00:00,2024,10,8,2024-10-08,1945,17.7,1505,2.57,-9.0,1100,-9.0,-9.0,-9.0,22.0,6.8,2248,114,0301VDE04200,114.5,7,2.32
PVDL-IDV1257478690-1728335666-42468,37.57581,126.956328,2024-10-08 09:02:24+00:00,2024,10,8,2024-10-08,1945,17.7,1505,2.57,-9.0,1100,-9.0,-9.0,-9.0,22.0,6.8,2248,112,0301VDE04100,109.0,5,1.73
PVDL-IDV1257478740-1728326829-51310,37.576562,127.057834,2024-10-08 09:02:24+00:00,2024,10,8,2024-10-08,1945,17.7,1505,2.57,-9.0,1100,-9.0,-9.0,-9.0,22.0,6.8,2248,120,0301VDE04700,100.0,0,0.0
PVDL-IDV1257478970-1728376491-1678,37.477598,127.038674,2024-10-08 09:02:24+00:00,2024,10,8,2024-10-08,1945,17.7,1505,2.57,-9.0,1100,-9.0,-9.0,-9.0,22.0,6.8,2248,122,0301VDE04800,108.0,3,0.91
PVDL-IDV1257479060-1728370123-8011,37.472556,127.038492,2024-10-08 09:02:24+00:00,2024,10,8,2024-10-08,1945,17.7,1505,2.57,-9.0,1100,-9.0,-9.0,-9.0,22.0,6.8,2248,122,0301VDE04800,108.0,3,0.91
PVDL-IDV1257479130-1728334126-44014,37.646608,126.908938,2024-10-08 09:02:24+00:00,2024,10,8,2024-10-08,1945,17.7,1505,2.57,-9.0,1100,-9.0,-9.0,-9.0,22.0,6.8,2248,143,0301VDS02900,90.5,8,4.78
PVDL-IDV1257479150-1728367204-10936,37.637489,126.918715,2024-10-08 09:02:24+00:00,2024,10,8,2024-10-08,1945,17.7,1505,2.57,-9.0,1100,-9.0,-9.0,-9.0,22.0,6.8,2248,143,0301VDS02900,90.5,8,4.78
PVDL-IDV1257479160-1728370837-7296,37.4622439,127.0478801,2024-10-08 09:02:24+00:00,2024,10,8,2024-10-08,1945,17.7,1505,2.57,-9.0,1100,-9.0,-9.0,-9.0,22.0,6.8,2248,124,0301VDE05000,-1.0,-1,-1.0
PVDL-IDV1257479170-1728369126-9008,37.463449,127.045946,2024-10-08 09:02:24+00:00,2024,10,8,2024-10-08,1945,17.7,1505,2.57,-9.0,1100,-9.0,-9.0,-9.0,22.0,6.8,2248,124,0301VDE05000,-1.0,-1,-1.0
PVDL-IDV1257479180-1728377923-211,37.64676,126.908977,2024-10-08 09:02:24+00:00,2024,10,8,2024-10-08,1945,17.7,1505,2.57,-9.0,1100,-9.0,-9.0,-9.0,22.0,6.8,2248,143,0301VDS02900,90.5,8,4.78
PVDL-IDV1257479190-1728374653-3480,37.5550103,126.9728418,2024-10-08 09:02:24+00:00,2024,10,8,2024-10-08,1945,17.7,1505,2.57,-9.0,1100,-9.0,-9.0,-9.0,22.0,6.8,2248,114,0301VDE04200,114.5,7,2.32
PVDL-IDV1257479200-1728375770-2370,37.6150079,126.9257794,2024-10-08 09:02:24+00:00,2024,10,8,2024-10-08,1945,17.7,1505,2.57,-9.0,1100,-9.0,-9.0,-9.0,22.0,6.8,2248,143,0301VDS02900,90.5,8,4.78
PVDL-IDV1257479210-1728371057-7077,37.470392,127.038681,2024-10-08 09:02:24+00:00,2024,10,8,2024-10-08,1945,17.7,1505,2.57,-9.0,1100,-9.0,-9.0,-9.0,22.0,6.8,2248,122,0301VDE04800,108.0,3,0.91
PVDL-IDV1257479220-1728374511-3622,37.565001,126.98769,2024-10-08 09:02:24+00:00,2024,10,8,2024-10-08,1945,17.7,1505,2.57,-9.0,1100,-9.0,-9.0,-9.0,22.0,6.8,2248,118,0301VDE04500,107.0,10,3.12
PVDL-IDV1257479250-1728373710-4462,37.563771,126.976836,2024-10-08 09:02:24+00:00,2024,10,8,2024-10-08,1945,17.7,1505,2.57,-9.0,1100,-9.0,-9.0,-9.0,22.0,6.8,2248,114,0301VDE04200,114.5,7,2.32
PVDL-IDV1257479260-1728375119-3014,37.570103,126.976645,2024-10-08 09:02:24+00:00,2024,10,8,2024-10-08,1945,17.7,1505,2.57,-9.0,1100,-9.0,-9.0,-9.0,22.0,6.8,2248,114,0301VDE04200,114.5,7,2.32
PVDL-IDV1257479270-1728371335-6798,37.4828097,127.0358072,2024-10-08 09:02:24+00:00,2024,10,8,2024-10-08,1945,17.7,1505,2.57,-9.0,1100,-9.0,-9.0,-9.0,22.0,6.8,2248,122,0301VDE04800,108.0,3,0.91
PVDL-IDV1257479280-1728360759-17374,37.6461,126.908764,2024-10-08 09:02:24+00:00,2024,10,8,2024-10-08,1945,17.7,1505,2.57,-9.0,1100,-9.0,-9.0,-9.0,22.0,6.8,2248,143,0301VDS02900,90.5,8,4.78
PVDL-IDV1257479300-1728376957-1177,37.617413,126.922747,2024-10-08 09:02:24+00:00,2024,10,8,2024-10-08,1945,17.7,1505,2.57,-9.0,1100,-9.0,-9.0,-9.0,22.0,6.8,2248,143,0301VDS02900,90.5,8,4.78
PVDL-IDV1257479310-1728376498-1636,37.591859,126.941177,2024-10-08 09:02:24+00:00,2024,10,8,2024-10-08,1945,17.7,1505,2.57,-9.0,1100,-9.0,-9.0,-9.0,22.0,6.8,2248,112,0301VDE04100,109.0,5,1.73
PVDL-IDV1257479330-1728375347-2793,37.6119422,126.9287167,2024-10-08 09:02:24+00:00,2024,10,8,2024-10-08,1945,17.7,1505,2.57,-9.0,1100,-9.0,-9.0,-9.0,22.0,6.8,2248,112,0301VDE04100,109.0,5,1.73
PVDL-IDV1257479340-1728372730-5403,37.497964,127.027429,2024-10-08 09:02:24+00:00,2024,10,8,2024-10-08,1945,17.7,1505,2.57,-9.0,1100,-9.0,-9.0,-9.0,22.0,6.8,2248,120,0301VDE04700,100.0,0,0.0
PVDL-IDV1257479350-1728375920-2220,37.597298,126.9387925,2024-10-08 09:02:24+00:00,2024,10,8,2024-10-08,1945,17.7,1505,2.57,-9.0,1100,-9.0,-9.0,-9.0,22.0,6.8,2248,112,0301VDE04100,109.0,5,1.73
PVDL-IDV1257479370-1728367462-10671,37.522591,127.017344,2024-10-08 09:02:24+00:00,2024,10,8,2024-10-08,1945,17.7,1505,2.57,-9.0,1100,-9.0,-9.0,-9.0,22.0,6.8,2248,120,0301VDE04700,100.0,0,0.0
PVDL-IDV1257479400-1728369326-8807,37.505122,127.02704,2024-10-08 09:02:24+00:00,2024,10,8,2024-10-08,1945,17.7,1505,2.57,-9.0,1100,-9.0,-9.0,-9.0,22.0,6.8,2248,120,0301VDE04700,100.0,0,0.0
PVDL-IDV1257479410-1728377633-507,37.551171,127.071131,2024-10-08 09:02:24+00:00,2024,10,8,2024-10-08,1945,17.7,1505,2.57,-9.0,1100,-9.0,-9.0,-9.0,22.0,6.8,2248,120,0301VDE04700,100.0,0,0.0
PVDL-IDV1257479420-1728364991-13143,37.5956961,127.0831167,2024-10-08 09:02:24+00:00,2024,10,8,2024-10-08,1945,17.7,1505,2.57,-9.0,1100,-9.0,-9.0,-9.0,22.0,6.8,2248,61,0010VDS26000,-1.0,-1,-1.0
PVDL-IDV1257479430-1728364338-13795,37.616431,127.091606,2024-10-08 09:02:24+00:00,2024,10,8,2024-10-08,1945,17.7,1505,2.57,-9.0,1100,-9.0,-9.0,-9.0,22.0,6.8,2248,61,0010VDS26000,-1.0,-1,-1.0
PVDL-IDV1257479440-1728376369-1764,37.610758,127.096103,2024-10-08 09:02:24+00:00,2024,10,8,2024-10-08,1945,17.7,1505,2.57,-9.0,1100,-9.0,-9.0,-9.0,22.0,6.8,2248,61,0010VDS26000,-1.0,-1,-1.0
PVDL-IDV1257479530-1728374729-3421,37.61897,127.10412,2024-10-08 09:02:24+00:00,2024,10,8,2024-10-08,1945,17.7,1505,2.57,-9.0,1100,-9.0,-9.0,-9.0,22.0,6.8,2248,61,0010VDS26000,-1.0,-1,-1.0
PVDL-IDV1257480070-1728329124-49010,37.617301,127.000736,2024-10-08 09:02:24+00:00,2024,10,8,2024-10-08,1945,17.7,1505,2.57,-9.0,1100,-9.0,-9.0,-9.0,22.0,6.8,2248,114,0301VDE04200,114.5,7,2.32
PVDL-IDV1257481790-1728332539-45592,37.5494093,126.913734,2024-10-08 09:02:24+00:00,2024,10,8,2024-10-08,1945,17.7,1505,2.57,-9.0,1100,-9.0,-9.0,-9.0,22.0,6.8,2248,112,0301VDE04100,109.0,5,1.73
PVDL-IDV1257483040-1728375069-3089,37.57831,126.930607,2024-10-08 09:02:24+00:00,2024,10,8,2024-10-08,1945,17.7,1505,2.57,-9.0,1100,-9.0,-9.0,-9.0,22.0,6.8,2248,112,0301VDE04100,109.0,5,1.73
PVDL-IDV1257483140-1728372517-5617,37.482199,126.953205,2024-10-08 09:02:24+00:00,2024,10,8,2024-10-08,1945,17.7,1505,2.57,-9.0,1100,-9.0,-9.0,-9.0,22.0,6.8,2248,116,0301VDE04400,100.5,9,3.19
PVDL-IDV1257483210-1728364100-14034,37.585816,126.888688,2024-10-08 09:02:24+00:00,2024,10,8,2024-10-08,1945,17.7,1505,2.57,-9.0,1100,-9.0,-9.0,-9.0,22.0,6.8,2248,143,0301VDS02900,90.5,8,4.78
PVDL-IDV1257483220-1728376997-1156,37.684313,126.770133,2024-10-08 09:02:24+00:00,2024,10,8,2024-10-08,1945,17.7,1505,2.57,-9.0,1100,-9.0,-9.0,-9.0,22.0,6.8,2248,129,0301VDS01900,97.5,4,1.92
PVDL-IDV1257483240-1728363183-14957,37.516874,126.995345,2024-10-08 09:02:24+00:00,2024,10,8,2024-10-08,1945,17.7,1505,2.57,-9.0,1100,-9.0,-9.0,-9.0,22.0,6.8,2248,118,0301VDE04500,107.0,10,3.12
PVDL-IDV1257483320-1728353894-24246,37.535971,126.974131,2024-10-08 09:02:24+00:00,2024,10,8,2024-10-08,1945,17.7,1505,2.57,-9.0,1100,-9.0,-9.0,-9.0,22.0,6.8,2248,118,0301VDE04500,107.0,10,3.12
PVDL-IDV1257483420-1728372734-5399,37.491853,126.956227,2024-10-08 09:02:24+00:00,2024,10,8,2024-10-08,1945,17.7,1505,2.57,-9.0,1100,-9.0,-9.0,-9.0,22.0,6.8,2248,116,0301VDE04400,100.5,9,3.19
PVDL-IDV1257483530-1728374445-3697,37.548539,126.940538,2024-10-08 09:02:24+00:00,2024,10,8,2024-10-08,1945,17.7,1505,2.57,-9.0,1100,-9.0,-9.0,-9.0,22.0,6.8,2248,112,0301VDE04100,109.0,5,1.73
PVDL-IDV1257483550-1728328990-49149,37.496785,127.024067,2024-10-08 09:02:24+00:00,2024,10,8,2024-10-08,1945,17.7,1505,2.57,-9.0,1100,-9.0,-9.0,-9.0,22.0,6.8,2248,120,0301VDE04700,100.0,0,0.0
PVDL-IDV1257483760-1728373939-4200,37.493868,127.014002,2024-10-08 09:02:24+00:00,2024,10,8,2024-10-08,1945,17.7,1505,2.57,-9.0,1100,-9.0,-9.0,-9.0,22.0,6.8,2248,120,0301VDE04700,100.0,0,0.0
PVDL-IDV1257483770-1728344448-33691,37.492235,127.008461,2024-10-08 09:02:24+00:00,2024,10,8,2024-10-08,1945,17.7,1505,2.57,-9.0,1100,-9.0,-9.0,-9.0,22.0,6.8,2248,120,0301VDE04700,100.0,0,0.0
PVDL-IDV1257483830-1728365838-12302,37.376187,126.941119,2024-10-08 09:02:24+00:00,2024,10,8,2024-10-08,1945,17.7,1505,2.57,-9.0,1100,-9.0,-9.0,-9.0,22.0,6.8,2248,126,0301VDE05100,107.0,2,0.59
PVDL-IDV1257484490-1728371859-6311,37.463156,127.089728,2024-10-08 09:02:24+00:00,2024,10,8,2024-10-08,1945,17.7,1505,2.57,-9.0,1100,-9.0,-9.0,-9.0,22.0,6.8,2248,124,0301VDE05000,-1.0,-1,-1.0
PVDL-IDV1257485050-1728336637-41533,37.5719494,126.9093492,2024-10-08 09:02:24+00:00,2024,10,8,2024-10-08,1945,17.7,1505,2.57,-9.0,1100,-9.0,-9.0,-9.0,22.0,6.8,2248,110,0301VDE03800,97.0,8,2.8
PVDL-IDV1257485060-1728377933-213,37.610667,126.994932,2024-10-08 09:02:24+00:00,2024,10,8,2024-10-08,1945,17.7,1505,2.57,-9.0,1100,-9.0,-9.0,-9.0,22.0,6.8,2248,114,0301VDE04200,114.5,7,2.32
PVDL-IDV1257485160-1728377187-958,37.593364,127.0177568,2024-10-08 09:02:24+00:00,2024,10,8,2024-10-08,1945,17.7,1505,2.57,-9.0,1100,-9.0,-9.0,-9.0,22.0,6.8,2248,118,0301VDE04500,107.0,10,3.12
PVDL-IDV1257485340-1728360800-17334,37.582435,126.894951,2024-10-08 09:02:24+00:00,2024,10,8,2024-10-08,1945,17.7,1505,2.57,-9.0,1100,-9.0,-9.0,-9.0,22.0,6.8,2248,144,0301VDS03100,115.5,4,1.09
PVDL-IDV1257485350-1728369232-8902,37.504522,127.048533,2024-10-08 09:02:24+00:00,2024,10,8,2024-10-08,1945,17.7,1505,2.57,-9.0,1100,-9.0,-9.0,-9.0,22.0,6.8,2248,120,0301VDE04700,100.0,0,0.0
PVDL-IDV1257485590-1728362979-15155,37.560252,126.939967,2024-10-08 09:02:24+00:00,2024,10,8,2024-10-08,1945,17.7,1505,2.57,-9.0,1100,-9.0,-9.0,-9.0,22.0,6.8,2248,112,0301VDE04100,109.0,5,1.73
PVDL-IDV1257485990-1728365258-12882,37.647577,126.789223,2024-10-08 09:02:24+00:00,2024,10,8,2024-10-08,1945,17.7,1505,2.57,-9.0,1100,-9.0,-9.0,-9.0,22.0,6.8,2248,131,0301VDS02100,95.5,5,3.17
PVDL-IDV1257487230-1728371876-6258,37.5601935,126.9351668,2024-10-08 09:02:24+00:00,2024,10,8,2024-10-08,1945,17.7,1505,2.57,-9.0,1100,-9.0,-9.0,-9.0,22.0,6.8,2248,112,0301VDE04100,109.0,5,1.73
PVDL-IDV1257487280-1728377450-690,37.5741012,126.889163,2024-10-08 09:02:24+00:00,2024,10,8,2024-10-08,1945,17.7,1505,2.57,-9.0,1100,-9.0,-9.0,-9.0,22.0,6.8,2248,144,0301VDS03100,115.5,4,1.09
PVDL-IDV1257487290-1728369895-8244,37.557457,126.955906,2024-10-08 09:02:24+00:00,2024,10,8,2024-10-08,1945,17.7,1505,2.57,-9.0,1100,-9.0,-9.0,-9.0,22.0,6.8,2248,112,0301VDE04100,109.0,5,1.73
PVDL-IDV1257487390-1728355264-22907,37.5677218,126.9828678,2024-10-08 09:02:24+00:00,2024,10,8,2024-10-08,1945,17.7,1505,2.57,-9.0,1100,-9.0,-9.0,-9.0,22.0,6.8,2248,118,0301VDE04500,107.0,10,3.12
PVDL-IDV1257487420-1728373103-5031,37.53564,127.005741,2024-10-08 09:02:24+00:00,2024,10,8,2024-10-08,1945,17.7,1505,2.57,-9.0,1100,-9.0,-9.0,-9.0,22.0,6.8,2248,118,0301VDE04500,107.0,10,3.12
PVDL-IDV1257487430-1728332966-45168,37.637751,127.070736,2024-10-08 09:02:24+00:00,2024,10,8,2024-10-08,1945,17.7,1505,2.57,-9.0,1100,-9.0,-9.0,-9.0,22.0,6.8,2248,61,0010VDS26000,-1.0,-1,-1.0
PVDL-IDV1257487620-1728333796-44344,37.614207,127.04173,2024-10-08 09:02:24+00:00,2024,10,8,2024-10-08,1945,17.7,1505,2.57,-9.0,1100,-9.0,-9.0,-9.0,22.0,6.8,2248,61,0010VDS26000,-1.0,-1,-1.0
PVDL-IDV1257487740-1728370685-7448,37.570324,126.903134,2024-10-08 09:02:24+00:00,2024,10,8,2024-10-08,1945,17.7,1505,2.57,-9.0,1100,-9.0,-9.0,-9.0,22.0,6.8,2248,149,0301VDS03400,91.0,8,4.54
PVDL-IDV1257487870-1728369352-8818,37.572481,126.982905,2024-10-08 09:02:24+00:00,2024,10,8,2024-10-08,1945,17.7,1505,2.57,-9.0,1100,-9.0,-9.0,-9.0,22.0,6.8,2248,118,0301VDE04500,107.0,10,3.12
PVDL-IDV1257487900-1728366770-11363,37.575945,126.997058,2024-10-08 09:02:24+00:00,2024,10,8,2024-10-08,1945,17.7,1505,2.57,-9.0,1100,-9.0,-9.0,-9.0,22.0,6.8,2248,118,0301VDE04500,107.0,10,3.12
PVDL-IDV1257488260-1728367546-10624,37.637767,127.070585,2024-10-08 09:02:24+00:00,2024,10,8,2024-10-08,1945,17.7,1505,2.57,-9.0,1100,-9.0,-9.0,-9.0,22.0,6.8,2248,61,0010VDS26000,-1.0,-1,-1.0
PVDL-IDV1257488480-1728377962-178,37.6069153,127.0282523,2024-10-08 09:02:24+00:00,2024,10,8,2024-10-08,1945,17.7,1505,2.57,-9.0,1100,-9.0,-9.0,-9.0,22.0,6.8,2248,118,0301VDE04500,107.0,10,3.12
PVDL-IDV1257488490-1728372010-6124,37.5597508,126.9369641,2024-10-08 09:02:24+00:00,2024,10,8,2024-10-08,1945,17.7,1505,2.57,-9.0,1100,-9.0,-9.0,-9.0,22.0,6.8,2248,112,0301VDE04100,109.0,5,1.73
PVDL-IDV1257488510-1728360897-17243,37.618072,127.051255,2024-10-08 09:02:24+00:00,2024,10,8,2024-10-08,1945,17.7,1505,2.57,-9.0,1100,-9.0,-9.0,-9.0,22.0,6.8,2248,61,0010VDS26000,-1.0,-1,-1.0
PVDL-IDV1257488520-1728372971-5163,37.5723816,126.9829379,2024-10-08 09:02:24+00:00,2024,10,8,2024-10-08,1945,17.7,1505,2.57,-9.0,1100,-9.0,-9.0,-9.0,22.0,6.8,2248,118,0301VDE04500,107.0,10,3.12
PVDL-IDV1257489060-1728330516-47623,37.596682,127.035506,2024-10-08 09:02:24+00:00,2024,10,8,2024-10-08,1945,17.7,1505,2.57,-9.0,1100,-9.0,-9.0,-9.0,22.0,6.8,2248,118,0301VDE04500,107.0,10,3.12
PVDL-IDV1257489610-1728327525-50609,37.6261848,127.0263101,2024-10-08 09:02:24+00:00,2024,10,8,2024-10-08,1945,17.7,1505,2.57,-9.0,1100,-9.0,-9.0,-9.0,22.0,6.8,2248,73,0010VDS26200,100.0,0,0.0
PVDL-IDV1257489650-1728332495-45636,37.570213,126.977399,2024-10-08 09:02:24+00:00,2024,10,8,2024-10-08,1945,17.7,1505,2.57,-9.0,1100,-9.0,-9.0,-9.0,22.0,6.8,2248,114,0301VDE04200,114.5,7,2.32
PVDL-IDV1257489940-1728366884-11249,37.482062,127.036442,2024-10-08 09:02:24+00:00,2024,10,8,2024-10-08,1945,17.7,1505,2.57,-9.0,1100,-9.0,-9.0,-9.0,22.0,6.8,2248,122,0301VDE04800,108.0,3,0.91
PVDL-IDV1257489950-1728376352-1818,37.48972,127.031594,2024-10-08 09:02:24+00:00,2024,10,8,2024-10-08,1945,17.7,1505,2.57,-9.0,1100,-9.0,-9.0,-9.0,22.0,6.8,2248,120,0301VDE04700,100.0,0,0.0
PVDL-IDV1257490100-1728363972-14162,37.47125,127.137355,2024-10-08 09:02:24+00:00,2024,10,8,2024-10-08,1945,17.7,1505,2.57,-9.0,1100,-9.0,-9.0,-9.0,22.0,6.8,2248,124,0301VDE05000,-1.0,-1,-1.0
PVDL-IDV1257491010-1728377663-471,37.607186,127.095754,2024-10-08 09:02:24+00:00,2024,10,8,2024-10-08,1945,17.7,1505,2.57,-9.0,1100,-9.0,-9.0,-9.0,22.0,6.8,2248,61,0010VDS26000,-1.0,-1,-1.0
PVDL-IDV1257491090-1728377905-234,37.586299,127.018908,2024-10-08 09:02:24+00:00,2024,10,8,2024-10-08,1945,17.7,1505,2.57,-9.0,1100,-9.0,-9.0,-9.0,22.0,6.8,2248,118,0301VDE04500,107.0,10,3.12
PVDL-IDV1257491410-1728329599-48534,37.591617,127.042986,2024-10-08 09:02:24+00:00,2024,10,8,2024-10-08,1945,17.7,1505,2.57,-9.0,1100,-9.0,-9.0,-9.0,22.0,6.8,2248,118,0301VDE04500,107.0,10,3.12
PVDL-IDV1257491480-1728358128-20006,37.586504,127.031336,2024-10-08 09:02:24+00:00,2024,10,8,2024-10-08,1945,17.7,1505,2.57,-9.0,1100,-9.0,-9.0,-9.0,22.0,6.8,2248,118,0301VDE04500,107.0,10,3.12
PVDL-IDV1257493010-1728332330-45804,37.5792133,126.9006724,2024-10-08 09:02:24+00:00,2024,10,8,2024-10-08,1945,17.7,1505,2.57,-9.0,1100,-9.0,-9.0,-9.0,22.0,6.8,2248,144,0301VDS03100,115.5,4,1.09
PVDL-IDV1257493020-1728329143-48990,37.5856286,126.8849356,2024-10-08 09:02:24+00:00,2024,10,8,2024-10-08,1945,17.7,1505,2.57,-9.0,1100,-9.0,-9.0,-9.0,22.0,6.8,2248,143,0301VDS02900,90.5,8,4.78
PVDL-IDV1257493030-1728334376-43763,37.5953053,126.940195,2024-10-08 09:02:24+00:00,2024,10,8,2024-10-08,1945,17.7,1505,2.57,-9.0,1100,-9.0,-9.0,-9.0,22.0,6.8,2248,112,0301VDE04100,109.0,5,1.73
PVDL-IDV1257493040-1728335778-42354,37.573185,126.915768,2024-10-08 09:02:24+00:00,2024,10,8,2024-10-08,1945,17.7,1505,2.57,-9.0,1100,-9.0,-9.0,-9.0,22.0,6.8,2248,112,0301VDE04100,109.0,5,1.73
PVDL-IDV1257493180-1728334446-43694,37.578086,126.904736,2024-10-08 09:02:24+00:00,2024,10,8,2024-10-08,1945,17.7,1505,2.57,-9.0,1100,-9.0,-9.0,-9.0,22.0,6.8,2248,149,0301VDS03400,91.0,8,4.54
PVDL-IDV1257493190-1728333004-45128,37.583139,126.919392,2024-10-08 09:02:24+00:00,2024,10,8,2024-10-08,1945,17.7,1505,2.57,-9.0,1100,-9.0,-9.0,-9.0,22.0,6.8,2248,112,0301VDE04100,109.0,5,1.73
PVDL-IDV1257493260-1728354710-23423,37.592283,126.884622,2024-10-08 09:02:24+00:00,2024,10,8,2024-10-08,1945,17.7,1505,2.57,-9.0,1100,-9.0,-9.0,-9.0,22.0,6.8,2248,143,0301VDS02900,90.5,8,4.78
PVDL-IDV1257493280-1728336581-41575,37.5678821,126.9644915,2024-10-08 09:02:24+00:00,2024,10,8,2024-10-08,1945,17.7,1505,2.57,-9.0,1100,-9.0,-9.0,-9.0,22.0,6.8,2248,112,0301VDE04100,109.0,5,1.73
PVDL-IDV1257493300-1728366192-11948,37.614552,127.105313,2024-10-08 09:02:24+00:00,2024,10,8,2024-10-08,1945,17.7,1505,2.57,-9.0,1100,-9.0,-9.0,-9.0,22.0,6.8,2248,61,0010VDS26000,-1.0,-1,-1.0
PVDL-IDV1257493330-1728334408-43762,37.5553318,126.9363102,2024-10-08 09:02:24+00:00,2024,10,8,2024-10-08,1945,17.7,1505,2.57,-9.0,1100,-9.0,-9.0,-9.0,22.0,6.8,2248,112,0301VDE04100,109.0,5,1.73
PVDL-IDV1257493340-1728331669-46464,37.56948,126.894991,2024-10-08 09:02:24+00:00,2024,10,8,2024-10-08,1945,17.7,1505,2.57,-9.0,1100,-9.0,-9.0,-9.0,22.0,6.8,2248,149,0301VDS03400,91.0,8,4.54
PVDL-IDV1257493490-1728333973-44160,37.593463,126.923104,2024-10-08 09:02:24+00:00,2024,10,8,2024-10-08,1945,17.7,1505,2.57,-9.0,1100,-9.0,-9.0,-9.0,22.0,6.8,2248,112,0301VDE04100,109.0,5,1.73
PVDL-IDV1257493510-1728374690-3441,37.59867,126.925715,2024-10-08 09:02:24+00:00,2024,10,8,2024-10-08,1945,17.7,1505,2.57,-9.0,1100,-9.0,-9.0,-9.0,22.0,6.8,2248,112,0301VDE04100,109.0,5,1.73
PVDL-IDV1257493590-1728369895-8244,37.592276,126.884457,2024-10-08 09:02:24+00:00,2024,10,8,2024-10-08,1945,17.7,1505,2.57,-9.0,1100,-9.0,-9.0,-9.0,22.0,6.8,2248,143,0301VDS02900,90.5,8,4.78
PVDL-IDV1257493600-1728332955-45181,37.592418,126.884412,2024-10-08 09:02:24+00:00,2024,10,8,2024-10-08,1945,17.7,1505,2.57,-9.0,1100,-9.0,-9.0,-9.0,22.0,6.8,2248,143,0301VDS02900,90.5,8,4.78
PVDL-IDV1257493630-1728343333-34807,37.5898165,126.9428848,2024-10-08 09:02:24+00:00,2024,10,8,2024-10-08,1945,17.7,1505,2.57,-9.0,1100,-9.0,-9.0,-9.0,22.0,6.8,2248,112,0301VDE04100,109.0,5,1.73
PVDL-IDV1257493690-1728325715-52420,37.5273641,126.9320479,2024-10-08 09:02:24+00:00,2024,10,8,2024-10-08,1945,17.7,1505,2.57,-9.0,1100,-9.0,-9.0,-9.0,22.0,6.8,2248,112,0301VDE04100,109.0,5,1.73
PVDL-IDV1257493700-1728343260-34879,37.5727604,126.8983896,2024-10-08 09:02:24+00:00,2024,10,8,2024-10-08,1945,17.7,1505,2.57,-9.0,1100,-9.0,-9.0,-9.0,22.0,6.8,2248,149,0301VDS03400,91.0,8,4.54
PVDL-IDV1257493720-1728377567-573,37.586182,126.922812,2024-10-08 09:02:24+00:00,2024,10,8,2024-10-08,1945,17.7,1505,2.57,-9.0,1100,-9.0,-9.0,-9.0,22.0,6.8,2248,112,0301VDE04100,109.0,5,1.73
PVDL-IDV1257493750-1728335407-42733,37.581023,126.925987,2024-10-08 09:02:24+00:00,2024,10,8,2024-10-08,1945,17.7,1505,2.57,-9.0,1100,-9.0,-9.0,-9.0,22.0,6.8,2248,112,0301VDE04100,109.0,5,1.73
PVDL-IDV1257493820-1728333261-44879,37.584179,126.910871,2024-10-08 09:02:24+00:00,2024,10,8,2024-10-08,1945,17.7,1505,2.57,-9.0,1100,-9.0,-9.0,-9.0,22.0,6.8,2248,149,0301VDS03400,91.0,8,4.54
PVDL-IDV1257493900-1728329002-49132,37.592238,126.884567,2024-10-08 09:02:24+00:00,2024,10,8,2024-10-08,1945,17.7,1505,2.57,-9.0,1100,-9.0,-9.0,-9.0,22.0,6.8,2248,143,0301VDS02900,90.5,8,4.78
PVDL-IDV1257493940-1728342167-35975,37.59237,126.884633,2024-10-08 09:02:24+00:00,2024,10,8,2024-10-08,1945,17.7,1505,2.57,-9.0,1100,-9.0,-9.0,-9.0,22.0,6.8,2248,143,0301VDS02900,90.5,8,4.78
PVDL-IDV1257495010-1728366846-11288,37.559963,126.802793,2024-10-08 09:02:24+00:00,2024,10,8,2024-10-08,1945,17.7,1505,2.57,-9.0,1100,-9.0,-9.0,-9.0,22.0,6.8,2248,141,0301VDS02800,87.5,7,6.74
PVDL-IDV1257495160-1728375660-2473,37.553562,126.85909,2024-10-08 09:02:24+00:00,2024,10,8,2024-10-08,1945,17.7,1505,2.57,-9.0,1100,-9.0,-9.0,-9.0,22.0,6.8,2248,144,0301VDS03100,115.5,4,1.09
PVDL-IDV1257495220-1728370179-7954,37.605369,127.108565,2024-10-08 09:02:24+00:00,2024,10,8,2024-10-08,1945,17.7,1505,2.57,-9.0,1100,-9.0,-9.0,-9.0,22.0,6.8,2248,24,0010VDE25900,-1.0,-1,-1.0
PVDL-IDV1257495250-1728374640-3499,37.567944,126.968708,2024-10-08 09:02:24+00:00,2024,10,8,2024-10-08,1945,17.7,1505,2.57,-9.0,1100,-9.0,-9.0,-9.0,22.0,6.8,2248,112,0301VDE04100,109.0,5,1.73
PVDL-IDV1257495340-1728366962-11171,37.529405,126.968208,2024-10-08 09:02:24+00:00,2024,10,8,2024-10-08,1945,17.7,1505,2.57,-9.0,1100,-9.0,-9.0,-9.0,22.0,6.8,2248,118,0301VDE04500,107.0,10,3.12
PVDL-IDV1257495530-1728344722-33412,37.594044,127.068345,2024-10-08 09:02:24+00:00,2024,10,8,2024-10-08,1945,17.7,1505,2.57,-9.0,1100,-9.0,-9.0,-9.0,22.0,6.8,2248,61,0010VDS26000,-1.0,-1,-1.0
PVDL-IDV1257495810-1728376625-1545,37.575855,126.997575,2024-10-08 09:02:24+00:00,2024,10,8,2024-10-08,1945,17.7,1505,2.57,-9.0,1100,-9.0,-9.0,-9.0,22.0,6.8,2248,118,0301VDE04500,107.0,10,3.12
PVDL-IDV1257495820-1728372447-5723,37.612304,127.101356,2024-10-08 09:02:24+00:00,2024,10,8,2024-10-08,1945,17.7,1505,2.57,-9.0,1100,-9.0,-9.0,-9.0,22.0,6.8,2248,61,0010VDS26000,-1.0,-1,-1.0
PVDL-IDV1257495830-1728365847-12286,37.591609,127.052199,2024-10-08 09:02:24+00:00,2024,10,8,2024-10-08,1945,17.7,1505,2.57,-9.0,1100,-9.0,-9.0,-9.0,22.0,6.8,2248,118,0301VDE04500,107.0,10,3.12
PVDL-IDV1257495910-1728374077-4056,37.5563081,126.9406425,2024-10-08 09:02:24+00:00,2024,10,8,2024-10-08,1945,17.7,1505,2.57,-9.0,1100,-9.0,-9.0,-9.0,22.0,6.8,2248,112,0301VDE04100,109.0,5,1.73
PVDL-IDV1257496410-1728333066-45067,37.571233,127.003048,2024-10-08 09:02:24+00:00,2024,10,8,2024-10-08,1945,17.7,1505,2.57,-9.0,1100,-9.0,-9.0,-9.0,22.0,6.8,2248,118,0301VDE04500,107.0,10,3.12
PVDL-IDV1257496440-1728328543-49596,37.659665,127.0634,2024-10-08 09:02:24+00:00,2024,10,8,2024-10-08,1945,17.7,1505,2.57,-9.0,1100,-9.0,-9.0,-9.0,22.0,6.8,2248,77,0010VDS26300,103.5,10,8.0
PVDL-IDV1257496490-1728354596-23537,37.628675,127.071508,2024-10-08 09:02:24+00:00,2024,10,8,2024-10-08,1945,17.7,1505,2.57,-9.0,1100,-9.0,-9.0,-9.0,22.0,6.8,2248,61,0010VDS26000,-1.0,-1,-1.0
PVDL-IDV1257496530-1728374475-3658,37.546189,126.88886,2024-10-08 09:02:24+00:00,2024,10,8,2024-10-08,1945,17.7,1505,2.57,-9.0,1100,-9.0,-9.0,-9.0,22.0,6.8,2248,149,0301VDS03400,91.0,8,4.54
PVDL-IDV1257496540-1728370902-7232,37.571632,126.959041,2024-10-08 09:02:24+00:00,2024,10,8,2024-10-08,1945,17.7,1505,2.57,-9.0,1100,-9.0,-9.0,-9.0,22.0,6.8,2248,112,0301VDE04100,109.0,5,1.73
PVDL-IDV1257496570-1728377447-723,37.575584,126.982065,2024-10-08 09:02:24+00:00,2024,10,8,2024-10-08,1945,17.7,1505,2.57,-9.0,1100,-9.0,-9.0,-9.0,22.0,6.8,2248,114,0301VDE04200,114.5,7,2.32
PVDL-IDV1257496580-1728377247-886,37.563442,126.799184,2024-10-08 09:02:24+00:00,2024,10,8,2024-10-08,1945,17.7,1505,2.57,-9.0,1100,-9.0,-9.0,-9.0,22.0,6.8,2248,139,0301VDS02600,100.0,0,0.0
PVDL-IDV1257496640-1728377845-325,37.575187,126.997317,2024-10-08 09:02:24+00:00,2024,10,8,2024-10-08,1945,17.7,1505,2.57,-9.0,1100,-9.0,-9.0,-9.0,22.0,6.8,2248,118,0301VDE04500,107.0,10,3.12
