ROAD_POTHOLE,ROAD_CRACK,PLC_LTTD,PLC_LGTD,DSTA_LGLD_INFO,DATE,YEAR,MONTH,DAY,TA_AVG,TA_MAX,TA_MIN,RN_DAY,RN_DUR,RN_D99,SD_DAY,SD_NEW,SD_MAX,HM_AVG,SI_DAY,SS_DAY,speed,volume,occupancy
1,0,36.384627,127.3434593,신성동,2019-01-24,2024,1,19,1509.0,0.9,1538.0,2.26,-9.0,1200.0,-9.0,-9.0,-9.0,0.0,9.3,853.0,95,8,2.76
1,0,36.398713,127.3578639,장동,2019-01-24,2024,1,19,1509.0,0.9,1538.0,2.26,-9.0,1200.0,-9.0,-9.0,-9.0,0.0,9.3,853.0,89.5,11,4.82
1,0,36.3987826,127.3580054,장동,2019-01-24,2024,1,19,1509.0,0.9,1538.0,2.26,-9.0,1200.0,-9.0,-9.0,-9.0,0.0,9.3,853.0,89.5,11,4.82
1,0,36.4278992,127.387323,관평동,2019-01-24,2024,1,19,1509.0,0.9,1538.0,2.26,-9.0,1200.0,-9.0,-9.0,-9.0,0.0,9.3,853.0,100,0,0
1,0,36.4277407,127.3877235,관평동,2019-01-24,2024,1,19,1509.0,0.9,1538.0,2.26,-9.0,1200.0,-9.0,-9.0,-9.0,0.0,9.3,853.0,100,0,0
1,0,36.3947088,127.4063607,문지동,2019-01-24,2024,1,19,1509.0,0.9,1538.0,2.26,-9.0,1200.0,-9.0,-9.0,-9.0,0.0,9.3,853.0,-1,-1,-1
1,0,36.3947088,127.4063607,문지동,2019-01-24,2024,1,19,1509.0,0.9,1538.0,2.26,-9.0,1200.0,-9.0,-9.0,-9.0,0.0,9.3,853.0,-1,-1,-1
1,0,36.3947369,127.4064668,문지동,2023-01-24,2024,1,23,1541.0,-10.9,1.0,2.03,0.0,1300.0,0.0,9.33,-9.0,-3.7,6.4,2358.0,-1,-1,-1
1,0,36.3947396,127.4063573,문지동,2023-01-24,2024,1,23,1541.0,-10.9,1.0,2.03,0.0,1300.0,0.0,9.33,-9.0,-3.7,6.4,2358.0,-1,-1,-1
1,0,36.3947283,127.4064311,문지동,2023-01-24,2024,1,23,1541.0,-10.9,1.0,2.03,0.0,1300.0,0.0,9.33,-9.0,-3.7,6.4,2358.0,-1,-1,-1
1,0,36.3585467,127.3395623,장대동,2013-02-24,2024,2,13,1347.0,1.4,1321.0,2.78,-9.0,1200.0,-9.0,-9.0,-9.0,1.7,8.0,951.0,100,10,3.26
1,0,36.3578354,127.3393284,장대동,2013-02-24,2024,2,13,1347.0,1.4,1321.0,2.78,-9.0,1200.0,-9.0,-9.0,-9.0,1.7,8.0,951.0,100,10,3.26
1,0,36.3578351,127.3393027,장대동,2013-02-24,2024,2,13,1347.0,1.4,1321.0,2.78,-9.0,1200.0,-9.0,-9.0,-9.0,1.7,8.0,951.0,100,10,3.26
1,0,36.3953998,127.3486909,자운동,2014-02-24,2024,2,14,1309.0,4.4,1549.0,2.33,-9.0,1200.0,-9.0,-9.0,-9.0,4.3,7.8,830.0,89.5,11,4.82
1,0,36.3954492,127.3486499,자운동,2014-02-24,2024,2,14,1309.0,4.4,1549.0,2.33,-9.0,1200.0,-9.0,-9.0,-9.0,4.3,7.8,830.0,89.5,11,4.82
1,0,36.3955099,127.3485887,자운동,2014-02-24,2024,2,14,1309.0,4.4,1549.0,2.33,-9.0,1200.0,-9.0,-9.0,-9.0,4.3,7.8,830.0,89.5,11,4.82
1,0,36.3955778,127.3485208,자운동,2014-02-24,2024,2,14,1309.0,4.4,1549.0,2.33,-9.0,1200.0,-9.0,-9.0,-9.0,4.3,7.8,830.0,89.5,11,4.82
1,0,36.3941172,127.3446528,자운동,2014-02-24,2024,2,14,1309.0,4.4,1549.0,2.33,-9.0,1200.0,-9.0,-9.0,-9.0,4.3,7.8,830.0,89.5,11,4.82
1,0,36.3910328,127.3369848,하기동,2014-02-24,2024,2,14,1309.0,4.4,1549.0,2.33,-9.0,1200.0,-9.0,-9.0,-9.0,4.3,7.8,830.0,89.5,11,4.82
1,0,36.3927643,127.3259789,하기동,2014-02-24,2024,2,14,1309.0,4.4,1549.0,2.33,-9.0,1200.0,-9.0,-9.0,-9.0,4.3,7.8,830.0,89.5,11,4.82
1,0,36.3881894,127.3332669,하기동,2014-02-24,2024,2,14,1309.0,4.4,1549.0,2.33,-9.0,1200.0,-9.0,-9.0,-9.0,4.3,7.8,830.0,89.5,11,4.82
1,0,36.358133,127.3308762,장대동,2019-02-24,2024,2,19,1657.0,6.7,1547.0,2.78,-9.0,1200.0,-9.0,-9.0,-9.0,5.3,10.3,815.0,100,10,3.26
1,0,36.3570298,127.3314584,구암동,2019-02-24,2024,2,19,1657.0,6.7,1547.0,2.78,-9.0,1200.0,-9.0,-9.0,-9.0,5.3,10.3,815.0,100,10,3.26
1,0,36.3475661,127.3253124,구암동,2019-02-24,2024,2,19,1657.0,6.7,1547.0,2.78,-9.0,1200.0,-9.0,-9.0,-9.0,5.3,10.3,815.0,100,10,3.26
1,0,36.3310185,127.31368,용계동,2019-02-24,2024,2,19,1657.0,6.7,1547.0,2.78,-9.0,1200.0,-9.0,-9.0,-9.0,5.3,10.3,815.0,-1,-1,-1
1,0,36.3242027,127.312385,용계동,2019-02-24,2024,2,19,1657.0,6.7,1547.0,2.78,-9.0,1200.0,-9.0,-9.0,-9.0,5.3,10.3,815.0,116,7,1.87
1,0,36.2853379,127.310041,방동,2019-02-24,2024,2,19,1657.0,6.7,1547.0,2.78,-9.0,1200.0,-9.0,-9.0,-9.0,5.3,10.3,815.0,-1,-1,-1
1,0,36.2853379,127.310041,방동,2019-02-24,2024,2,19,1657.0,6.7,1547.0,2.78,-9.0,1200.0,-9.0,-9.0,-9.0,5.3,10.3,815.0,-1,-1,-1
1,0,36.2892073,127.3042381,방동,2019-02-24,2024,2,19,1657.0,6.7,1547.0,2.78,-9.0,1200.0,-9.0,-9.0,-9.0,5.3,10.3,815.0,-1,-1,-1
1,0,36.3064217,127.2916407,성북동,2019-02-24,2024,2,19,1657.0,6.7,1547.0,2.78,-9.0,1200.0,-9.0,-9.0,-9.0,5.3,10.3,815.0,112.5,2,0.85
1,0,36.314643,127.2845264,성북동,2019-02-24,2024,2,19,1657.0,6.7,1547.0,2.78,-9.0,1200.0,-9.0,-9.0,-9.0,5.3,10.3,815.0,112.5,2,0.85
1,0,36.3742856,127.3911391,도룡동,2022-02-24,2024,2,22,1526.0,-1.6,1524.0,2.77,-9.0,1200.0,-9.0,-9.0,-9.0,0.5,10.4,908.0,92.5,6,4.35
1,0,36.3742856,127.3911391,도룡동,2022-02-24,2024,2,22,1526.0,-1.6,1524.0,2.77,-9.0,1200.0,-9.0,-9.0,-9.0,0.5,10.4,908.0,92.5,6,4.35
1,0,36.3606478,127.3539029,어은동,2023-02-24,2024,2,23,1550.0,2.9,1511.0,2.46,-9.0,1200.0,-9.0,-9.0,-9.0,4.4,7.2,2332.0,97,14,4.94
1,0,36.3606478,127.3539029,어은동,2023-02-24,2024,2,23,1550.0,2.9,1511.0,2.46,-9.0,1200.0,-9.0,-9.0,-9.0,4.4,7.2,2332.0,97,14,4.94
1,0,36.3667043,127.3319021,장대동,2023-02-24,2024,2,23,1550.0,2.9,1511.0,2.46,-9.0,1200.0,-9.0,-9.0,-9.0,4.4,7.2,2332.0,97,14,4.94
1,0,36.387027,127.3163845,지족동,2023-02-24,2024,2,23,1550.0,2.9,1511.0,2.46,-9.0,1200.0,-9.0,-9.0,-9.0,4.4,7.2,2332.0,89.5,11,4.82
1,0,36.3696516,127.3269237,노은동,2023-02-24,2024,2,23,1550.0,2.9,1511.0,2.46,-9.0,1200.0,-9.0,-9.0,-9.0,4.4,7.2,2332.0,97,14,4.94
1,0,36.356549,127.3488122,봉명동,2026-02-24,2024,2,26,,,,,,,,,,,,,100,10,3.26
1,0,36.3547853,127.3459129,봉명동,2026-02-24,2024,2,26,,,,,,,,,,,,,100,10,3.26
1,0,36.3518596,127.3311146,구암동,2026-02-24,2024,2,26,,,,,,,,,,,,,100,10,3.26
1,0,36.3604848,127.3588611,봉명동,2026-02-24,2024,2,26,,,,,,,,,,,,,-1,-1,-1
1,0,36.361094,127.358478,봉명동,2026-02-24,2024,2,26,,,,,,,,,,,,,-1,-1,-1
1,0,36.361094,127.358478,봉명동,2026-02-24,2024,2,26,,,,,,,,,,,,,-1,-1,-1
1,0,36.3613952,127.358222,어은동,2026-02-24,2024,2,26,,,,,,,,,,,,,97,14,4.94
1,0,36.3620423,127.3457862,궁동,2027-02-24,2024,2,27,,,,,,,,,,,,,97,14,4.94
1,0,36.3524464,127.3408463,봉명동,2027-02-24,2024,2,27,,,,,,,,,,,,,100,10,3.26
1,0,36.3679095,127.3179348,노은동,2028-02-24,2024,2,28,,,,,,,,,,,,,97,14,4.94
1,0,36.3680735,127.317937,노은동,2028-02-24,2024,2,28,,,,,,,,,,,,,97,14,4.94
1,0,36.3698051,127.3179408,노은동,2028-02-24,2024,2,28,,,,,,,,,,,,,95,8,2.76
1,0,36.3698051,127.3179408,노은동,2028-02-24,2024,2,28,,,,,,,,,,,,,95,8,2.76
1,0,36.3704938,127.3179494,노은동,2028-02-24,2024,2,28,,,,,,,,,,,,,95,8,2.76
1,0,36.3704938,127.3179494,노은동,2028-02-24,2024,2,28,,,,,,,,,,,,,95,8,2.76
1,0,36.3706104,127.3179487,노은동,2028-02-24,2024,2,28,,,,,,,,,,,,,95,8,2.76
1,0,36.3707234,127.3179481,노은동,2028-02-24,2024,2,28,,,,,,,,,,,,,95,8,2.76
1,0,36.3707234,127.3179481,노은동,2028-02-24,2024,2,28,,,,,,,,,,,,,95,8,2.76
1,0,36.3708335,127.3179467,노은동,2028-02-24,2024,2,28,,,,,,,,,,,,,95,8,2.76
1,0,36.3633758,127.3563374,어은동,2028-02-24,2024,2,28,,,,,,,,,,,,,97,14,4.94
1,0,36.3633393,127.3563843,어은동,2028-02-24,2024,2,28,,,,,,,,,,,,,97,14,4.94
1,0,36.3633393,127.3563843,어은동,2028-02-24,2024,2,28,,,,,,,,,,,,,97,14,4.94
1,0,36.3633393,127.3563843,어은동,2028-02-24,2024,2,28,,,,,,,,,,,,,97,14,4.94
1,0,36.3634022,127.3564505,어은동,2028-02-24,2024,2,28,,,,,,,,,,,,,97,14,4.94
1,0,36.3634022,127.3564505,어은동,2028-02-24,2024,2,28,,,,,,,,,,,,,97,14,4.94
1,0,36.3772019,127.3179964,지족동,2028-02-24,2024,2,28,,,,,,,,,,,,,89.5,11,4.82
1,0,36.3633553,127.3563531,어은동,2028-02-24,2024,2,28,,,,,,,,,,,,,97,14,4.94
1,0,36.3633423,127.3563738,어은동,2028-02-24,2024,2,28,,,,,,,,,,,,,97,14,4.94
1,0,36.3891324,127.3230918,하기동,2028-02-24,2024,2,28,,,,,,,,,,,,,89.5,11,4.82
1,0,36.3863707,127.3388738,하기동,2028-02-24,2024,2,28,,,,,,,,,,,,,89.5,11,4.82
1,0,36.3849861,127.3433102,신성동,2028-02-24,2024,2,28,,,,,,,,,,,,,95,8,2.76
1,0,36.3891955,127.3447508,하기동,2028-02-24,2024,2,28,,,,,,,,,,,,,89.5,11,4.82
1,0,36.3893236,127.3448486,하기동,2028-02-24,2024,2,28,,,,,,,,,,,,,89.5,11,4.82
1,0,36.3745471,127.3941237,도룡동,2028-02-24,2024,2,28,,,,,,,,,,,,,-1,-1,-1
1,0,36.3784085,127.4056056,원촌동,2028-02-24,2024,2,28,,,,,,,,,,,,,-1,-1,-1
1,0,36.3784085,127.4056056,원촌동,2028-02-24,2024,2,28,,,,,,,,,,,,,-1,-1,-1
1,0,36.379809,127.4064281,원촌동,2028-02-24,2024,2,28,,,,,,,,,,,,,-1,-1,-1
1,0,36.3798687,127.4064632,원촌동,2028-02-24,2024,2,28,,,,,,,,,,,,,-1,-1,-1
1,0,36.384061,127.4056165,원촌동,2028-02-24,2024,2,28,,,,,,,,,,,,,-1,-1,-1
1,0,36.3868535,127.3630185,장동,2028-02-24,2024,2,28,,,,,,,,,,,,,95,8,2.76
1,0,36.3843426,127.3640941,가정동,2028-02-24,2024,2,28,,,,,,,,,,,,,95,8,2.76
1,0,36.3842919,127.3641628,가정동,2028-02-24,2024,2,28,,,,,,,,,,,,,95,8,2.76
1,0,36.4128809,127.3781164,화암동,2028-02-24,2024,2,28,,,,,,,,,,,,,89.5,11,4.82
1,0,36.40712,127.3737935,방현동,2028-02-24,2024,2,28,,,,,,,,,,,,,89.5,11,4.82
1,0,36.4070017,127.3733759,방현동,2028-02-24,2024,2,28,,,,,,,,,,,,,89.5,11,4.82
1,0,36.4069627,127.3732369,방현동,2028-02-24,2024,2,28,,,,,,,,,,,,,89.5,11,4.82
1,0,36.4061274,127.3699225,방현동,2028-02-24,2024,2,28,,,,,,,,,,,,,89.5,11,4.82
1,0,36.405175,127.3669247,방현동,2028-02-24,2024,2,28,,,,,,,,,,,,,89.5,11,4.82
1,0,36.4050936,127.3667867,방현동,2028-02-24,2024,2,28,,,,,,,,,,,,,89.5,11,4.82
1,0,36.4031048,127.3644805,장동,2028-02-24,2024,2,28,,,,,,,,,,,,,89.5,11,4.82
1,0,36.402108,127.3633649,장동,2028-02-24,2024,2,28,,,,,,,,,,,,,89.5,11,4.82
1,0,36.402108,127.3633649,장동,2028-02-24,2024,2,28,,,,,,,,,,,,,89.5,11,4.82
1,0,36.402108,127.3633649,장동,2028-02-24,2024,2,28,,,,,,,,,,,,,89.5,11,4.82
1,0,36.4018474,127.3630709,장동,2028-02-24,2024,2,28,,,,,,,,,,,,,89.5,11,4.82
1,0,36.4005483,127.3614934,장동,2028-02-24,2024,2,28,,,,,,,,,,,,,89.5,11,4.82
1,0,36.3854381,127.3582719,신성동,2028-02-24,2024,2,28,,,,,,,,,,,,,95,8,2.76
1,0,36.3854789,127.3580382,신성동,2028-02-24,2024,2,28,,,,,,,,,,,,,95,8,2.76
1,0,36.3854999,127.3579175,신성동,2028-02-24,2024,2,28,,,,,,,,,,,,,95,8,2.76
1,0,36.3915143,127.327846,하기동,2028-02-24,2024,2,28,,,,,,,,,,,,,89.5,11,4.82
1,0,36.3871202,127.3254328,하기동,2028-02-24,2024,2,28,,,,,,,,,,,,,89.5,11,4.82
1,0,36.3871202,127.3254328,하기동,2028-02-24,2024,2,28,,,,,,,,,,,,,89.5,11,4.82
1,0,36.3871151,127.3253464,하기동,2028-02-24,2024,2,28,,,,,,,,,,,,,89.5,11,4.82
1,0,36.3856895,127.3210416,하기동,2028-02-24,2024,2,28,,,,,,,,,,,,,89.5,11,4.82
1,0,36.3855952,127.3210021,하기동,2028-02-24,2024,2,28,,,,,,,,,,,,,89.5,11,4.82
1,0,36.3848241,127.3216116,하기동,2028-02-24,2024,2,28,,,,,,,,,,,,,89.5,11,4.82
1,0,36.3848241,127.3216116,하기동,2028-02-24,2024,2,28,,,,,,,,,,,,,89.5,11,4.82
1,0,36.3847894,127.3216508,하기동,2028-02-24,2024,2,28,,,,,,,,,,,,,89.5,11,4.82
1,0,36.3846796,127.3217723,하기동,2028-02-24,2024,2,28,,,,,,,,,,,,,89.5,11,4.82
1,0,36.3840117,127.3223719,하기동,2028-02-24,2024,2,28,,,,,,,,,,,,,89.5,11,4.82
1,0,36.3832674,127.3228578,죽동,2028-02-24,2024,2,28,,,,,,,,,,,,,89.5,11,4.82
1,0,36.3832674,127.3228578,죽동,2028-02-24,2024,2,28,,,,,,,,,,,,,89.5,11,4.82
1,0,36.3832251,127.3228831,죽동,2028-02-24,2024,2,28,,,,,,,,,,,,,89.5,11,4.82
1,0,36.3832251,127.3228831,죽동,2028-02-24,2024,2,28,,,,,,,,,,,,,89.5,11,4.82
1,0,36.3946284,127.3494326,자운동,2029-02-24,2024,2,29,,,,,,,,,,,,,89.5,11,4.82
1,0,36.3980075,127.3565902,장동,2029-02-24,2024,2,29,,,,,,,,,,,,,89.5,11,4.82
1,0,36.3984571,127.3574104,장동,2029-02-24,2024,2,29,,,,,,,,,,,,,89.5,11,4.82
1,0,36.3989113,127.3583179,장동,2029-02-24,2024,2,29,,,,,,,,,,,,,89.5,11,4.82
1,0,36.417917,127.3785369,관평동,2029-02-24,2024,2,29,,,,,,,,,,,,,87,7,5.6
1,0,36.4196966,127.3802026,덕진동,2029-02-24,2024,2,29,,,,,,,,,,,,,87,7,5.6
1,0,36.4266841,127.3852828,송강동,2029-02-24,2024,2,29,,,,,,,,,,,,,100,0,0
1,0,36.3509413,127.3349733,구암동,2029-02-24,2024,2,29,,,,,,,,,,,,,100,10,3.26
1,0,36.3521803,127.3339143,구암동,2029-02-24,2024,2,29,,,,,,,,,,,,,100,10,3.26
1,0,36.366928,127.3109622,노은동,2029-02-24,2024,2,29,,,,,,,,,,,,,100,10,3.26
1,0,36.4299492,127.3829869,송강동,2029-02-24,2024,2,29,,,,,,,,,,,,,100,0,0
1,0,36.4299492,127.3829869,송강동,2029-02-24,2024,2,29,,,,,,,,,,,,,100,0,0
1,0,36.4299492,127.3829869,송강동,2029-02-24,2024,2,29,,,,,,,,,,,,,100,0,0
1,0,36.3644295,127.3084739,구암동,2029-02-24,2024,2,29,,,,,,,,,,,,,100,10,3.26
1,0,36.3644295,127.3084739,구암동,2029-02-24,2024,2,29,,,,,,,,,,,,,100,10,3.26
1,0,36.4262357,127.3915245,관평동,2029-02-24,2024,2,29,,,,,,,,,,,,,100,0,0
1,0,36.4238262,127.3940134,관평동,2029-02-24,2024,2,29,,,,,,,,,,,,,100,0,0
1,0,36.4206394,127.4046069,용산동,2029-02-24,2024,2,29,,,,,,,,,,,,,96,7,3
1,0,36.3775002,127.3059954,지족동,2029-02-24,2024,2,29,,,,,,,,,,,,,89.5,11,4.82
1,0,36.399235,127.4048517,전민동,2029-02-24,2024,2,29,,,,,,,,,,,,,96,7,3
1,0,36.399125,127.4048522,전민동,2029-02-24,2024,2,29,,,,,,,,,,,,,96,7,3
1,0,36.3964995,127.4048804,전민동,2029-02-24,2024,2,29,,,,,,,,,,,,,-1,-1,-1
1,0,36.3964208,127.4048812,전민동,2029-02-24,2024,2,29,,,,,,,,,,,,,-1,-1,-1
1,0,36.3964208,127.4048812,전민동,2029-02-24,2024,2,29,,,,,,,,,,,,,-1,-1,-1
1,0,36.3961831,127.4048776,전민동,2029-02-24,2024,2,29,,,,,,,,,,,,,-1,-1,-1
1,0,36.3956141,127.4048789,문지동,2029-02-24,2024,2,29,,,,,,,,,,,,,-1,-1,-1
1,0,36.3839528,127.405507,원촌동,2029-02-24,2024,2,29,,,,,,,,,,,,,-1,-1,-1
1,0,36.383857,127.4055374,원촌동,2029-02-24,2024,2,29,,,,,,,,,,,,,-1,-1,-1
1,0,36.3824092,127.4060002,원촌동,2029-02-24,2024,2,29,,,,,,,,,,,,,-1,-1,-1
1,0,36.3823178,127.4060305,원촌동,2029-02-24,2024,2,29,,,,,,,,,,,,,-1,-1,-1
1,0,36.382227,127.4060594,원촌동,2029-02-24,2024,2,29,,,,,,,,,,,,,-1,-1,-1
1,0,36.382227,127.4060594,원촌동,2029-02-24,2024,2,29,,,,,,,,,,,,,-1,-1,-1
1,0,36.3939076,127.350262,자운동,2029-02-24,2024,2,29,,,,,,,,,,,,,89.5,11,4.82
1,0,36.3939076,127.350262,자운동,2029-02-24,2024,2,29,,,,,,,,,,,,,89.5,11,4.82
1,0,36.3939076,127.350262,자운동,2029-02-24,2024,2,29,,,,,,,,,,,,,89.5,11,4.82
1,0,36.3938585,127.3501996,자운동,2029-02-24,2024,2,29,,,,,,,,,,,,,89.5,11,4.82
1,0,36.3938585,127.3501996,자운동,2029-02-24,2024,2,29,,,,,,,,,,,,,89.5,11,4.82
1,0,36.3879552,127.3224777,하기동,2001-03-24,2024,3,1,1950.0,13.6,1437.0,2.66,-9.0,1100.0,-9.0,-9.0,-9.0,13.1,8.1,444.0,89.5,11,4.82
1,0,36.3896765,127.3486262,신성동,2001-03-24,2024,3,1,1950.0,13.6,1437.0,2.66,-9.0,1100.0,-9.0,-9.0,-9.0,13.1,8.1,444.0,89.5,11,4.82
1,0,36.3747976,127.3193131,지족동,2001-03-24,2024,3,1,1950.0,13.6,1437.0,2.66,-9.0,1100.0,-9.0,-9.0,-9.0,13.1,8.1,444.0,89.5,11,4.82
1,0,36.4046051,127.4029076,전민동,2001-03-24,2024,3,1,1950.0,13.6,1437.0,2.66,-9.0,1100.0,-9.0,-9.0,-9.0,13.1,8.1,444.0,96,7,3
1,0,36.4046051,127.4029076,전민동,2001-03-24,2024,3,1,1950.0,13.6,1437.0,2.66,-9.0,1100.0,-9.0,-9.0,-9.0,13.1,8.1,444.0,96,7,3
1,0,36.3415461,127.3050923,계산동,2002-03-24,2024,3,2,1603.0,6.1,1439.0,2.82,-9.0,1100.0,-9.0,-9.0,-9.0,10.0,9.8,912.0,-1,-1,-1
1,0,36.3570842,127.3400607,봉명동,2004-03-24,2024,3,4,1347.0,8.9,1613.0,1.8,0.0,1200.0,-9.0,0.42,-9.0,9.2,3.2,838.0,100,10,3.26
1,0,36.3535651,127.3308599,구암동,2004-03-24,2024,3,4,1347.0,8.9,1613.0,1.8,0.0,1200.0,-9.0,0.42,-9.0,9.2,3.2,838.0,100,10,3.26
1,0,36.4057614,127.4028411,전민동,2004-03-24,2024,3,4,1347.0,8.9,1613.0,1.8,0.0,1200.0,-9.0,0.42,-9.0,9.2,3.2,838.0,96,7,3
1,0,36.4059062,127.4025676,전민동,2004-03-24,2024,3,4,1347.0,8.9,1613.0,1.8,0.0,1200.0,-9.0,0.42,-9.0,9.2,3.2,838.0,96,7,3
1,0,36.3521,127.3302716,구암동,2004-03-24,2024,3,4,1347.0,8.9,1613.0,1.8,0.0,1200.0,-9.0,0.42,-9.0,9.2,3.2,838.0,100,10,3.26
1,0,36.3609309,127.3530891,궁동,2004-03-24,2024,3,4,1347.0,8.9,1613.0,1.8,0.0,1200.0,-9.0,0.42,-9.0,9.2,3.2,838.0,97,14,4.94
1,0,36.4060767,127.4021958,전민동,2004-03-24,2024,3,4,1347.0,8.9,1613.0,1.8,0.0,1200.0,-9.0,0.42,-9.0,9.2,3.2,838.0,96,7,3
1,0,36.3849263,127.3215201,하기동,2004-03-24,2024,3,4,1347.0,8.9,1613.0,1.8,0.0,1200.0,-9.0,0.42,-9.0,9.2,3.2,838.0,89.5,11,4.82
1,0,36.3736319,127.3193243,지족동,2005-03-24,2024,3,5,1454.0,2.5,1559.0,2.39,1.9,1400.0,0.0,4.52,-9.0,4.6,5.5,2327.0,89.5,11,4.82
1,0,36.3666778,127.3312545,장대동,2005-03-24,2024,3,5,1454.0,2.5,1559.0,2.39,1.9,1400.0,0.0,4.52,-9.0,4.6,5.5,2327.0,97,14,4.94
1,0,36.3626943,127.3474261,궁동,2005-03-24,2024,3,5,1454.0,2.5,1559.0,2.39,1.9,1400.0,0.0,4.52,-9.0,4.6,5.5,2327.0,97,14,4.94
1,0,36.3626943,127.3474261,궁동,2005-03-24,2024,3,5,1454.0,2.5,1559.0,2.39,1.9,1400.0,0.0,4.52,-9.0,4.6,5.5,2327.0,97,14,4.94
1,0,36.3611856,127.3534735,궁동,2005-03-24,2024,3,5,1454.0,2.5,1559.0,2.39,1.9,1400.0,0.0,4.52,-9.0,4.6,5.5,2327.0,97,14,4.94
1,0,36.3615682,127.3351341,장대동,2005-03-24,2024,3,5,1454.0,2.5,1559.0,2.39,1.9,1400.0,0.0,4.52,-9.0,4.6,5.5,2327.0,100,10,3.26
1,0,36.3552856,127.3428943,봉명동,2005-03-24,2024,3,5,1454.0,2.5,1559.0,2.39,1.9,1400.0,0.0,4.52,-9.0,4.6,5.5,2327.0,100,10,3.26
1,0,36.3621484,127.3354577,장대동,2005-03-24,2024,3,5,1454.0,2.5,1559.0,2.39,1.9,1400.0,0.0,4.52,-9.0,4.6,5.5,2327.0,100,10,3.26
1,0,36.3906541,127.3241497,하기동,2006-03-24,2024,3,6,1542.0,5.9,1617.0,3.14,-9.0,1200.0,-9.0,-9.0,-9.0,9.6,11.4,723.0,89.5,11,4.82
1,0,36.3874912,127.3186007,하기동,2006-03-24,2024,3,6,1542.0,5.9,1617.0,3.14,-9.0,1200.0,-9.0,-9.0,-9.0,9.6,11.4,723.0,89.5,11,4.82
1,0,36.387443,127.3184973,하기동,2006-03-24,2024,3,6,1542.0,5.9,1617.0,3.14,-9.0,1200.0,-9.0,-9.0,-9.0,9.6,11.4,723.0,89.5,11,4.82
1,0,36.3989653,127.3142435,외삼동,2006-03-24,2024,3,6,1542.0,5.9,1617.0,3.14,-9.0,1200.0,-9.0,-9.0,-9.0,9.6,11.4,723.0,85.5,4,3.23
1,0,36.3991151,127.3140179,외삼동,2006-03-24,2024,3,6,1542.0,5.9,1617.0,3.14,-9.0,1200.0,-9.0,-9.0,-9.0,9.6,11.4,723.0,85.5,4,3.23
1,0,36.3999396,127.3122468,외삼동,2006-03-24,2024,3,6,1542.0,5.9,1617.0,3.14,-9.0,1200.0,-9.0,-9.0,-9.0,9.6,11.4,723.0,85.5,4,3.23
1,0,36.3999679,127.3122242,외삼동,2006-03-24,2024,3,6,1542.0,5.9,1617.0,3.14,-9.0,1200.0,-9.0,-9.0,-9.0,9.6,11.4,723.0,85.5,4,3.23
1,0,36.4034867,127.3115641,외삼동,2006-03-24,2024,3,6,1542.0,5.9,1617.0,3.14,-9.0,1200.0,-9.0,-9.0,-9.0,9.6,11.4,723.0,85.5,4,3.23
1,0,36.4137939,127.2981846,안산동,2006-03-24,2024,3,6,1542.0,5.9,1617.0,3.14,-9.0,1200.0,-9.0,-9.0,-9.0,9.6,11.4,723.0,87,7,5.6
1,0,36.361,127.3585,봉명동,2006-03-24,2024,3,6,1542.0,5.9,1617.0,3.14,-9.0,1200.0,-9.0,-9.0,-9.0,9.6,11.4,723.0,-1,-1,-1
1,0,36.4022745,127.3636913,장동,2006-03-24,2024,3,6,1542.0,5.9,1617.0,3.14,-9.0,1200.0,-9.0,-9.0,-9.0,9.6,11.4,723.0,89.5,11,4.82
1,0,36.4024763,127.3639047,장동,2006-03-24,2024,3,6,1542.0,5.9,1617.0,3.14,-9.0,1200.0,-9.0,-9.0,-9.0,9.6,11.4,723.0,89.5,11,4.82
1,0,36.3594103,127.3393021,장대동,2006-03-24,2024,3,6,1542.0,5.9,1617.0,3.14,-9.0,1200.0,-9.0,-9.0,-9.0,9.6,11.4,723.0,100,10,3.26
1,0,36.3598201,127.3392838,장대동,2006-03-24,2024,3,6,1542.0,5.9,1617.0,3.14,-9.0,1200.0,-9.0,-9.0,-9.0,9.6,11.4,723.0,100,10,3.26
1,0,36.313541,127.3199752,대정동,2006-03-24,2024,3,6,1542.0,5.9,1617.0,3.14,-9.0,1200.0,-9.0,-9.0,-9.0,9.6,11.4,723.0,139.5,6,2.05
1,0,36.387226,127.3257301,하기동,2006-03-24,2024,3,6,1542.0,5.9,1617.0,3.14,-9.0,1200.0,-9.0,-9.0,-9.0,9.6,11.4,723.0,89.5,11,4.82
1,0,36.3872732,127.3257704,하기동,2006-03-24,2024,3,6,1542.0,5.9,1617.0,3.14,-9.0,1200.0,-9.0,-9.0,-9.0,9.6,11.4,723.0,89.5,11,4.82
1,0,36.3876842,127.3254523,하기동,2006-03-24,2024,3,6,1542.0,5.9,1617.0,3.14,-9.0,1200.0,-9.0,-9.0,-9.0,9.6,11.4,723.0,89.5,11,4.82
1,0,36.4292721,127.3837399,송강동,2007-03-24,2024,3,7,1043.0,9.7,1003.0,0.46,19.5,1300.0,4.0,13.13,-9.0,10.2,0.0,0.0,100,0,0
1,0,36.3571893,127.3385575,장대동,2007-03-24,2024,3,7,1043.0,9.7,1003.0,0.46,19.5,1300.0,4.0,13.13,-9.0,10.2,0.0,0.0,100,10,3.26
1,0,36.3570904,127.3380879,장대동,2007-03-24,2024,3,7,1043.0,9.7,1003.0,0.46,19.5,1300.0,4.0,13.13,-9.0,10.2,0.0,0.0,100,10,3.26
1,0,36.3552479,127.3451532,봉명동,2007-03-24,2024,3,7,1043.0,9.7,1003.0,0.46,19.5,1300.0,4.0,13.13,-9.0,10.2,0.0,0.0,100,10,3.26
1,0,36.3551934,127.3451278,봉명동,2007-03-24,2024,3,7,1043.0,9.7,1003.0,0.46,19.5,1300.0,4.0,13.13,-9.0,10.2,0.0,0.0,100,10,3.26
1,0,36.3684586,127.3192012,노은동,2007-03-24,2024,3,7,1043.0,9.7,1003.0,0.46,19.5,1300.0,4.0,13.13,-9.0,10.2,0.0,0.0,97,14,4.94
1,0,36.3559003,127.3402426,봉명동,2007-03-24,2024,3,7,1043.0,9.7,1003.0,0.46,19.5,1300.0,4.0,13.13,-9.0,10.2,0.0,0.0,100,10,3.26
1,0,36.3554147,127.3414465,봉명동,2007-03-24,2024,3,7,1043.0,9.7,1003.0,0.46,19.5,1300.0,4.0,13.13,-9.0,10.2,0.0,0.0,100,10,3.26
1,0,36.3542852,127.3416156,봉명동,2007-03-24,2024,3,7,1043.0,9.7,1003.0,0.46,19.5,1300.0,4.0,13.13,-9.0,10.2,0.0,0.0,100,10,3.26
1,0,36.3903367,127.2967964,반석동,2007-03-24,2024,3,7,1043.0,9.7,1003.0,0.46,19.5,1300.0,4.0,13.13,-9.0,10.2,0.0,0.0,89.5,9,4.96
1,0,36.3866109,127.3032463,지족동,2007-03-24,2024,3,7,1043.0,9.7,1003.0,0.46,19.5,1300.0,4.0,13.13,-9.0,10.2,0.0,0.0,89.5,9,4.96
1,0,36.374596,127.3049595,지족동,2007-03-24,2024,3,7,1043.0,9.7,1003.0,0.46,19.5,1300.0,4.0,13.13,-9.0,10.2,0.0,0.0,89.5,11,4.82
1,0,36.3745453,127.3050501,지족동,2007-03-24,2024,3,7,1043.0,9.7,1003.0,0.46,19.5,1300.0,4.0,13.13,-9.0,10.2,0.0,0.0,89.5,11,4.82
1,0,36.3744059,127.3052699,지족동,2007-03-24,2024,3,7,1043.0,9.7,1003.0,0.46,19.5,1300.0,4.0,13.13,-9.0,10.2,0.0,0.0,89.5,11,4.82
1,0,36.3553716,127.341559,봉명동,2007-03-24,2024,3,7,1043.0,9.7,1003.0,0.46,19.5,1300.0,4.0,13.13,-9.0,10.2,0.0,0.0,100,10,3.26
1,0,36.3558762,127.3406803,봉명동,2007-03-24,2024,3,7,1043.0,9.7,1003.0,0.46,19.5,1300.0,4.0,13.13,-9.0,10.2,0.0,0.0,100,10,3.26
1,0,36.3933696,127.3496206,자운동,2007-03-24,2024,3,7,1043.0,9.7,1003.0,0.46,19.5,1300.0,4.0,13.13,-9.0,10.2,0.0,0.0,89.5,11,4.82
1,0,36.3559006,127.3404032,봉명동,2007-03-24,2024,3,7,1043.0,9.7,1003.0,0.46,19.5,1300.0,4.0,13.13,-9.0,10.2,0.0,0.0,100,10,3.26
1,0,36.3012434,127.3202818,원내동,2008-03-24,2024,3,8,1617.0,8.4,1425.0,2.98,1.0,1200.0,-9.0,3.37,-9.0,11.0,10.0,1006.0,-1,-1,-1
1,0,36.3617674,127.3475369,궁동,2008-03-24,2024,3,8,1617.0,8.4,1425.0,2.98,1.0,1200.0,-9.0,3.37,-9.0,11.0,10.0,1006.0,97,14,4.94
1,0,36.3602462,127.3485352,궁동,2008-03-24,2024,3,8,1617.0,8.4,1425.0,2.98,1.0,1200.0,-9.0,3.37,-9.0,11.0,10.0,1006.0,97,14,4.94
1,0,36.3986968,127.3147334,외삼동,2008-03-24,2024,3,8,1617.0,8.4,1425.0,2.98,1.0,1200.0,-9.0,3.37,-9.0,11.0,10.0,1006.0,89.5,9,4.96
1,0,36.4142147,127.2981386,안산동,2008-03-24,2024,3,8,1617.0,8.4,1425.0,2.98,1.0,1200.0,-9.0,3.37,-9.0,11.0,10.0,1006.0,87,7,5.6
1,0,36.3440671,127.2982349,계산동,2008-03-24,2024,3,8,1617.0,8.4,1425.0,2.98,1.0,1200.0,-9.0,3.37,-9.0,11.0,10.0,1006.0,-1,-1,-1
1,0,36.358436,127.3348513,장대동,2008-03-24,2024,3,8,1617.0,8.4,1425.0,2.98,1.0,1200.0,-9.0,3.37,-9.0,11.0,10.0,1006.0,100,10,3.26
1,0,36.3137196,127.3305908,대정동,2008-03-24,2024,3,8,1617.0,8.4,1425.0,2.98,1.0,1200.0,-9.0,3.37,-9.0,11.0,10.0,1006.0,-1,-1,-1
1,0,36.3136688,127.3304695,대정동,2008-03-24,2024,3,8,1617.0,8.4,1425.0,2.98,1.0,1200.0,-9.0,3.37,-9.0,11.0,10.0,1006.0,-1,-1,-1
1,0,36.2669382,127.284043,방동,2008-03-24,2024,3,8,1617.0,8.4,1425.0,2.98,1.0,1200.0,-9.0,3.37,-9.0,11.0,10.0,1006.0,109.5,3,1.15
1,0,36.3664857,127.3232562,노은동,2008-03-24,2024,3,8,1617.0,8.4,1425.0,2.98,1.0,1200.0,-9.0,3.37,-9.0,11.0,10.0,1006.0,97,14,4.94
1,0,36.383192,127.3207279,지족동,2008-03-24,2024,3,8,1617.0,8.4,1425.0,2.98,1.0,1200.0,-9.0,3.37,-9.0,11.0,10.0,1006.0,89.5,11,4.82
1,0,36.3607926,127.3406595,궁동,2015-03-24,2024,3,15,1600.0,5.7,1547.0,3.37,-9.0,1200.0,-9.0,-9.0,-9.0,9.6,11.5,2347.0,97,14,4.94
1,0,36.3441886,127.3075019,복용동,2015-03-24,2024,3,15,1600.0,5.7,1547.0,3.37,-9.0,1200.0,-9.0,-9.0,-9.0,9.6,11.5,2347.0,-1,-1,-1
1,0,36.3894705,127.3015819,지족동,2015-03-24,2024,3,15,1600.0,5.7,1547.0,3.37,-9.0,1200.0,-9.0,-9.0,-9.0,9.6,11.5,2347.0,89.5,9,4.96
1,0,36.359924,127.3328281,장대동,2015-03-24,2024,3,15,1600.0,5.7,1547.0,3.37,-9.0,1200.0,-9.0,-9.0,-9.0,9.6,11.5,2347.0,100,10,3.26
1,0,36.3867309,127.3316777,하기동,2015-03-24,2024,3,15,1600.0,5.7,1547.0,3.37,-9.0,1200.0,-9.0,-9.0,-9.0,9.6,11.5,2347.0,89.5,11,4.82
1,0,36.3439915,127.3062637,복용동,2015-03-24,2024,3,15,1600.0,5.7,1547.0,3.37,-9.0,1200.0,-9.0,-9.0,-9.0,9.6,11.5,2347.0,-1,-1,-1
1,0,36.4045878,127.305871,외삼동,2015-03-24,2024,3,15,1600.0,5.7,1547.0,3.37,-9.0,1200.0,-9.0,-9.0,-9.0,9.6,11.5,2347.0,85.5,4,3.23
1,0,36.4046401,127.3058309,외삼동,2015-03-24,2024,3,15,1600.0,5.7,1547.0,3.37,-9.0,1200.0,-9.0,-9.0,-9.0,9.6,11.5,2347.0,85.5,4,3.23
1,0,36.42513,127.2930793,금남면,2015-03-24,2024,3,15,1600.0,5.7,1547.0,3.37,-9.0,1200.0,-9.0,-9.0,-9.0,9.6,11.5,2347.0,-1,-1,-1
1,0,36.424851,127.2935734,금남면,2015-03-24,2024,3,15,1600.0,5.7,1547.0,3.37,-9.0,1200.0,-9.0,-9.0,-9.0,9.6,11.5,2347.0,-1,-1,-1
1,0,36.4244401,127.2941234,금남면,2015-03-24,2024,3,15,1600.0,5.7,1547.0,3.37,-9.0,1200.0,-9.0,-9.0,-9.0,9.6,11.5,2347.0,-1,-1,-1
1,0,36.424371,127.2942183,금남면,2015-03-24,2024,3,15,1600.0,5.7,1547.0,3.37,-9.0,1200.0,-9.0,-9.0,-9.0,9.6,11.5,2347.0,-1,-1,-1
1,0,36.424298,127.2943179,금남면,2015-03-24,2024,3,15,1600.0,5.7,1547.0,3.37,-9.0,1200.0,-9.0,-9.0,-9.0,9.6,11.5,2347.0,-1,-1,-1
1,0,36.4240066,127.2947117,금남면,2015-03-24,2024,3,15,1600.0,5.7,1547.0,3.37,-9.0,1200.0,-9.0,-9.0,-9.0,9.6,11.5,2347.0,-1,-1,-1
1,0,36.4237778,127.2950156,금남면,2015-03-24,2024,3,15,1600.0,5.7,1547.0,3.37,-9.0,1200.0,-9.0,-9.0,-9.0,9.6,11.5,2347.0,-1,-1,-1
1,0,36.4232494,127.2957205,금남면,2015-03-24,2024,3,15,1600.0,5.7,1547.0,3.37,-9.0,1200.0,-9.0,-9.0,-9.0,9.6,11.5,2347.0,-1,-1,-1
1,0,36.4230935,127.2959228,금남면,2015-03-24,2024,3,15,1600.0,5.7,1547.0,3.37,-9.0,1200.0,-9.0,-9.0,-9.0,9.6,11.5,2347.0,-1,-1,-1
1,0,36.4118586,127.2980415,안산동,2015-03-24,2024,3,15,1600.0,5.7,1547.0,3.37,-9.0,1200.0,-9.0,-9.0,-9.0,9.6,11.5,2347.0,87.5,4,2.81
1,0,36.4180909,127.2958353,안산동,2015-03-24,2024,3,15,1600.0,5.7,1547.0,3.37,-9.0,1200.0,-9.0,-9.0,-9.0,9.6,11.5,2347.0,-1,-1,-1
1,0,36.4154359,127.2979932,안산동,2015-03-24,2024,3,15,1600.0,5.7,1547.0,3.37,-9.0,1200.0,-9.0,-9.0,-9.0,9.6,11.5,2347.0,87,7,5.6
1,0,36.3953794,127.3104892,반석동,2015-03-24,2024,3,15,1600.0,5.7,1547.0,3.37,-9.0,1200.0,-9.0,-9.0,-9.0,9.6,11.5,2347.0,89.5,9,4.96
1,0,36.3934307,127.3127439,반석동,2015-03-24,2024,3,15,1600.0,5.7,1547.0,3.37,-9.0,1200.0,-9.0,-9.0,-9.0,9.6,11.5,2347.0,89.5,9,4.96
1,0,36.3823345,127.3233784,죽동,2015-03-24,2024,3,15,1600.0,5.7,1547.0,3.37,-9.0,1200.0,-9.0,-9.0,-9.0,9.6,11.5,2347.0,89.5,11,4.82
1,0,36.3821455,127.3242538,죽동,2015-03-24,2024,3,15,1600.0,5.7,1547.0,3.37,-9.0,1200.0,-9.0,-9.0,-9.0,9.6,11.5,2347.0,89.5,11,4.82
1,0,36.3544591,127.3388065,봉명동,2016-03-24,2024,3,16,1850.0,6.9,1510.0,3.16,-9.0,1100.0,-9.0,-9.0,-9.0,10.7,9.4,2342.0,100,10,3.26
1,0,36.3586141,127.3372929,장대동,2016-03-24,2024,3,16,1850.0,6.9,1510.0,3.16,-9.0,1100.0,-9.0,-9.0,-9.0,10.7,9.4,2342.0,100,10,3.26
1,0,36.3586145,127.3371732,장대동,2016-03-24,2024,3,16,1850.0,6.9,1510.0,3.16,-9.0,1100.0,-9.0,-9.0,-9.0,10.7,9.4,2342.0,100,10,3.26
1,0,36.3587096,127.3362763,장대동,2016-03-24,2024,3,16,1850.0,6.9,1510.0,3.16,-9.0,1100.0,-9.0,-9.0,-9.0,10.7,9.4,2342.0,100,10,3.26
1,0,36.3587096,127.3362763,장대동,2016-03-24,2024,3,16,1850.0,6.9,1510.0,3.16,-9.0,1100.0,-9.0,-9.0,-9.0,10.7,9.4,2342.0,100,10,3.26
1,0,36.3596018,127.3361984,장대동,2016-03-24,2024,3,16,1850.0,6.9,1510.0,3.16,-9.0,1100.0,-9.0,-9.0,-9.0,10.7,9.4,2342.0,100,10,3.26
1,0,36.3593666,127.3392583,장대동,2016-03-24,2024,3,16,1850.0,6.9,1510.0,3.16,-9.0,1100.0,-9.0,-9.0,-9.0,10.7,9.4,2342.0,100,10,3.26
1,0,36.3582065,127.3396608,장대동,2016-03-24,2024,3,16,1850.0,6.9,1510.0,3.16,-9.0,1100.0,-9.0,-9.0,-9.0,10.7,9.4,2342.0,100,10,3.26
1,0,36.3575365,127.3399083,장대동,2016-03-24,2024,3,16,1850.0,6.9,1510.0,3.16,-9.0,1100.0,-9.0,-9.0,-9.0,10.7,9.4,2342.0,100,10,3.26
1,0,36.3542035,127.3362397,봉명동,2016-03-24,2024,3,16,1850.0,6.9,1510.0,3.16,-9.0,1100.0,-9.0,-9.0,-9.0,10.7,9.4,2342.0,100,10,3.26
1,0,36.3545529,127.3348949,봉명동,2016-03-24,2024,3,16,1850.0,6.9,1510.0,3.16,-9.0,1100.0,-9.0,-9.0,-9.0,10.7,9.4,2342.0,100,10,3.26
1,0,36.350304,127.3386231,봉명동,2016-03-24,2024,3,16,1850.0,6.9,1510.0,3.16,-9.0,1100.0,-9.0,-9.0,-9.0,10.7,9.4,2342.0,100,10,3.26
1,0,36.3548995,127.3449595,봉명동,2016-03-24,2024,3,16,1850.0,6.9,1510.0,3.16,-9.0,1100.0,-9.0,-9.0,-9.0,10.7,9.4,2342.0,100,10,3.26
1,0,36.3548934,127.3450196,봉명동,2016-03-24,2024,3,16,1850.0,6.9,1510.0,3.16,-9.0,1100.0,-9.0,-9.0,-9.0,10.7,9.4,2342.0,100,10,3.26
1,0,36.354661,127.3467751,봉명동,2016-03-24,2024,3,16,1850.0,6.9,1510.0,3.16,-9.0,1100.0,-9.0,-9.0,-9.0,10.7,9.4,2342.0,100,10,3.26
1,0,36.3618632,127.3575563,어은동,2016-03-24,2024,3,16,1850.0,6.9,1510.0,3.16,-9.0,1100.0,-9.0,-9.0,-9.0,10.7,9.4,2342.0,97,14,4.94
1,0,36.3678407,127.3271244,노은동,2016-03-24,2024,3,16,1850.0,6.9,1510.0,3.16,-9.0,1100.0,-9.0,-9.0,-9.0,10.7,9.4,2342.0,97,14,4.94
1,0,36.3694598,127.3271185,노은동,2016-03-24,2024,3,16,1850.0,6.9,1510.0,3.16,-9.0,1100.0,-9.0,-9.0,-9.0,10.7,9.4,2342.0,97,14,4.94
1,0,36.3708263,127.3271085,노은동,2016-03-24,2024,3,16,1850.0,6.9,1510.0,3.16,-9.0,1100.0,-9.0,-9.0,-9.0,10.7,9.4,2342.0,95,8,2.76
1,0,36.3709835,127.3271067,노은동,2016-03-24,2024,3,16,1850.0,6.9,1510.0,3.16,-9.0,1100.0,-9.0,-9.0,-9.0,10.7,9.4,2342.0,95,8,2.76
1,0,36.3117916,127.3198028,대정동,2017-03-24,2024,3,17,934.0,9.0,1407.0,2.79,-9.0,1300.0,0.4,-9.0,-9.0,11.9,6.4,733.0,139.5,6,2.05
1,0,36.3118023,127.3198672,대정동,2017-03-24,2024,3,17,934.0,9.0,1407.0,2.79,-9.0,1300.0,0.4,-9.0,-9.0,11.9,6.4,733.0,139.5,6,2.05
1,0,36.311828,127.3199157,대정동,2017-03-24,2024,3,17,934.0,9.0,1407.0,2.79,-9.0,1300.0,0.4,-9.0,-9.0,11.9,6.4,733.0,139.5,6,2.05
1,0,36.3119104,127.319966,대정동,2017-03-24,2024,3,17,934.0,9.0,1407.0,2.79,-9.0,1300.0,0.4,-9.0,-9.0,11.9,6.4,733.0,139.5,6,2.05
1,0,36.3152067,127.3163994,대정동,2017-03-24,2024,3,17,934.0,9.0,1407.0,2.79,-9.0,1300.0,0.4,-9.0,-9.0,11.9,6.4,733.0,139.5,6,2.05
1,0,36.3597735,127.3048581,덕명동,2017-03-24,2024,3,17,934.0,9.0,1407.0,2.79,-9.0,1300.0,0.4,-9.0,-9.0,11.9,6.4,733.0,100,10,3.26
1,0,36.3443497,127.3229261,복용동,2017-03-24,2024,3,17,934.0,9.0,1407.0,2.79,-9.0,1300.0,0.4,-9.0,-9.0,11.9,6.4,733.0,-1,-1,-1
1,0,36.3560019,127.3327262,구암동,2017-03-24,2024,3,17,934.0,9.0,1407.0,2.79,-9.0,1300.0,0.4,-9.0,-9.0,11.9,6.4,733.0,100,10,3.26
1,0,36.3578995,127.3361589,장대동,2018-03-24,2024,3,18,1442.0,8.4,1533.0,2.89,-9.0,1100.0,-9.0,-9.0,-9.0,8.7,7.5,2359.0,100,10,3.26
1,0,36.3868764,127.3248244,하기동,2018-03-24,2024,3,18,1442.0,8.4,1533.0,2.89,-9.0,1100.0,-9.0,-9.0,-9.0,8.7,7.5,2359.0,89.5,11,4.82
1,0,36.3549347,127.3449815,봉명동,2018-03-24,2024,3,18,1442.0,8.4,1533.0,2.89,-9.0,1100.0,-9.0,-9.0,-9.0,8.7,7.5,2359.0,100,10,3.26
1,0,36.3814008,127.3244028,죽동,2018-03-24,2024,3,18,1442.0,8.4,1533.0,2.89,-9.0,1100.0,-9.0,-9.0,-9.0,8.7,7.5,2359.0,89.5,11,4.82
1,0,36.3697593,127.3234051,노은동,2019-03-24,2024,3,19,1542.0,4.5,1524.0,3.47,-9.0,1200.0,-9.0,-9.0,-9.0,5.2,11.7,134.0,97,14,4.94
1,0,36.3418344,127.3026135,계산동,2019-03-24,2024,3,19,1542.0,4.5,1524.0,3.47,-9.0,1200.0,-9.0,-9.0,-9.0,5.2,11.7,134.0,-1,-1,-1
1,0,36.3610381,127.3419231,궁동,2019-03-24,2024,3,19,1542.0,4.5,1524.0,3.47,-9.0,1200.0,-9.0,-9.0,-9.0,5.2,11.7,134.0,97,14,4.94
1,0,36.3552217,127.3431073,봉명동,2019-03-24,2024,3,19,1542.0,4.5,1524.0,3.47,-9.0,1200.0,-9.0,-9.0,-9.0,5.2,11.7,134.0,100,10,3.26
1,0,36.3554982,127.3411926,봉명동,2019-03-24,2024,3,19,1542.0,4.5,1524.0,3.47,-9.0,1200.0,-9.0,-9.0,-9.0,5.2,11.7,134.0,100,10,3.26
1,0,36.3910241,127.393457,문지동,2019-03-24,2024,3,19,1542.0,4.5,1524.0,3.47,-9.0,1200.0,-9.0,-9.0,-9.0,5.2,11.7,134.0,-1,-1,-1
1,0,36.3611757,127.3284398,장대동,2019-03-24,2024,3,19,1542.0,4.5,1524.0,3.47,-9.0,1200.0,-9.0,-9.0,-9.0,5.2,11.7,134.0,100,10,3.26
1,0,36.3655623,127.3176768,노은동,2019-03-24,2024,3,19,1542.0,4.5,1524.0,3.47,-9.0,1200.0,-9.0,-9.0,-9.0,5.2,11.7,134.0,100,10,3.26
1,0,36.3684685,127.3176704,노은동,2019-03-24,2024,3,19,1542.0,4.5,1524.0,3.47,-9.0,1200.0,-9.0,-9.0,-9.0,5.2,11.7,134.0,97,14,4.94
1,0,36.3657853,127.3326057,장대동,2019-03-24,2024,3,19,1542.0,4.5,1524.0,3.47,-9.0,1200.0,-9.0,-9.0,-9.0,5.2,11.7,134.0,97,14,4.94
1,0,36.3656542,127.3326867,장대동,2019-03-24,2024,3,19,1542.0,4.5,1524.0,3.47,-9.0,1200.0,-9.0,-9.0,-9.0,5.2,11.7,134.0,97,14,4.94
1,0,36.4315894,127.3804762,송강동,2019-03-24,2024,3,19,1542.0,4.5,1524.0,3.47,-9.0,1200.0,-9.0,-9.0,-9.0,5.2,11.7,134.0,100,0,0
1,0,36.4314311,127.3804994,송강동,2019-03-24,2024,3,19,1542.0,4.5,1524.0,3.47,-9.0,1200.0,-9.0,-9.0,-9.0,5.2,11.7,134.0,100,0,0
1,0,36.4313738,127.3805199,송강동,2019-03-24,2024,3,19,1542.0,4.5,1524.0,3.47,-9.0,1200.0,-9.0,-9.0,-9.0,5.2,11.7,134.0,100,0,0
1,0,36.4312574,127.3805746,송강동,2019-03-24,2024,3,19,1542.0,4.5,1524.0,3.47,-9.0,1200.0,-9.0,-9.0,-9.0,5.2,11.7,134.0,100,0,0
1,0,36.4311989,127.3806103,송강동,2019-03-24,2024,3,19,1542.0,4.5,1524.0,3.47,-9.0,1200.0,-9.0,-9.0,-9.0,5.2,11.7,134.0,100,0,0
1,0,36.4310294,127.3807634,송강동,2019-03-24,2024,3,19,1542.0,4.5,1524.0,3.47,-9.0,1200.0,-9.0,-9.0,-9.0,5.2,11.7,134.0,100,0,0
1,0,36.4309749,127.3808247,송강동,2019-03-24,2024,3,19,1542.0,4.5,1524.0,3.47,-9.0,1200.0,-9.0,-9.0,-9.0,5.2,11.7,134.0,100,0,0
1,0,36.4304734,127.3813687,송강동,2019-03-24,2024,3,19,1542.0,4.5,1524.0,3.47,-9.0,1200.0,-9.0,-9.0,-9.0,5.2,11.7,134.0,100,0,0
1,0,36.4305222,127.3813201,송강동,2019-03-24,2024,3,19,1542.0,4.5,1524.0,3.47,-9.0,1200.0,-9.0,-9.0,-9.0,5.2,11.7,134.0,100,0,0
1,0,36.3569953,127.3533698,봉명동,2019-03-24,2024,3,19,1542.0,4.5,1524.0,3.47,-9.0,1200.0,-9.0,-9.0,-9.0,5.2,11.7,134.0,100,10,3.26
1,0,36.4060332,127.4022221,전민동,2019-03-24,2024,3,19,1542.0,4.5,1524.0,3.47,-9.0,1200.0,-9.0,-9.0,-9.0,5.2,11.7,134.0,96,7,3
1,0,36.4047305,127.4032464,전민동,2019-03-24,2024,3,19,1542.0,4.5,1524.0,3.47,-9.0,1200.0,-9.0,-9.0,-9.0,5.2,11.7,134.0,96,7,3
1,0,36.4026827,127.3889824,전민동,2019-03-24,2024,3,19,1542.0,4.5,1524.0,3.47,-9.0,1200.0,-9.0,-9.0,-9.0,5.2,11.7,134.0,-1,-1,-1
1,0,36.4022654,127.3893074,전민동,2019-03-24,2024,3,19,1542.0,4.5,1524.0,3.47,-9.0,1200.0,-9.0,-9.0,-9.0,5.2,11.7,134.0,-1,-1,-1
1,0,36.3996712,127.3952989,전민동,2019-03-24,2024,3,19,1542.0,4.5,1524.0,3.47,-9.0,1200.0,-9.0,-9.0,-9.0,5.2,11.7,134.0,-1,-1,-1
1,0,36.399652,127.3966426,전민동,2019-03-24,2024,3,19,1542.0,4.5,1524.0,3.47,-9.0,1200.0,-9.0,-9.0,-9.0,5.2,11.7,134.0,-1,-1,-1
1,0,36.3996514,127.3967203,전민동,2019-03-24,2024,3,19,1542.0,4.5,1524.0,3.47,-9.0,1200.0,-9.0,-9.0,-9.0,5.2,11.7,134.0,-1,-1,-1
1,0,36.3964315,127.4001718,전민동,2019-03-24,2024,3,19,1542.0,4.5,1524.0,3.47,-9.0,1200.0,-9.0,-9.0,-9.0,5.2,11.7,134.0,-1,-1,-1
1,0,36.3964326,127.3994382,전민동,2019-03-24,2024,3,19,1542.0,4.5,1524.0,3.47,-9.0,1200.0,-9.0,-9.0,-9.0,5.2,11.7,134.0,-1,-1,-1
1,0,36.3964324,127.3993717,전민동,2019-03-24,2024,3,19,1542.0,4.5,1524.0,3.47,-9.0,1200.0,-9.0,-9.0,-9.0,5.2,11.7,134.0,-1,-1,-1
1,0,36.3911023,127.3949389,문지동,2019-03-24,2024,3,19,1542.0,4.5,1524.0,3.47,-9.0,1200.0,-9.0,-9.0,-9.0,5.2,11.7,134.0,-1,-1,-1
1,0,36.3911186,127.3948176,문지동,2019-03-24,2024,3,19,1542.0,4.5,1524.0,3.47,-9.0,1200.0,-9.0,-9.0,-9.0,5.2,11.7,134.0,-1,-1,-1
1,0,36.3858314,127.3784389,도룡동,2019-03-24,2024,3,19,1542.0,4.5,1524.0,3.47,-9.0,1200.0,-9.0,-9.0,-9.0,5.2,11.7,134.0,92.5,6,4.35
1,0,36.3856633,127.3736714,도룡동,2019-03-24,2024,3,19,1542.0,4.5,1524.0,3.47,-9.0,1200.0,-9.0,-9.0,-9.0,5.2,11.7,134.0,95,8,2.76
1,0,36.3855304,127.3726614,도룡동,2019-03-24,2024,3,19,1542.0,4.5,1524.0,3.47,-9.0,1200.0,-9.0,-9.0,-9.0,5.2,11.7,134.0,95,8,2.76
1,0,36.3855478,127.3561245,신성동,2019-03-24,2024,3,19,1542.0,4.5,1524.0,3.47,-9.0,1200.0,-9.0,-9.0,-9.0,5.2,11.7,134.0,95,8,2.76
1,0,36.3921808,127.3594782,장동,2019-03-24,2024,3,19,1542.0,4.5,1524.0,3.47,-9.0,1200.0,-9.0,-9.0,-9.0,5.2,11.7,134.0,95,8,2.76
1,0,36.3855657,127.3784788,도룡동,2019-03-24,2024,3,19,1542.0,4.5,1524.0,3.47,-9.0,1200.0,-9.0,-9.0,-9.0,5.2,11.7,134.0,92.5,6,4.35
1,0,36.3855468,127.3785166,도룡동,2019-03-24,2024,3,19,1542.0,4.5,1524.0,3.47,-9.0,1200.0,-9.0,-9.0,-9.0,5.2,11.7,134.0,92.5,6,4.35
1,0,36.3781416,127.3766398,가정동,2019-03-24,2024,3,19,1542.0,4.5,1524.0,3.47,-9.0,1200.0,-9.0,-9.0,-9.0,5.2,11.7,134.0,92.5,6,4.35
1,0,36.3936771,127.3526641,신성동,2019-03-24,2024,3,19,1542.0,4.5,1524.0,3.47,-9.0,1200.0,-9.0,-9.0,-9.0,5.2,11.7,134.0,89.5,11,4.82
1,0,36.3909886,127.3306357,하기동,2020-03-24,2024,3,20,1322.0,11.4,1536.0,3.32,-9.0,1200.0,-9.0,-9.0,-9.0,14.5,11.3,1007.0,89.5,11,4.82
1,0,36.3910012,127.3305439,하기동,2020-03-24,2024,3,20,1322.0,11.4,1536.0,3.32,-9.0,1200.0,-9.0,-9.0,-9.0,14.5,11.3,1007.0,89.5,11,4.82
1,0,36.3848228,127.3509067,신성동,2020-03-24,2024,3,20,1322.0,11.4,1536.0,3.32,-9.0,1200.0,-9.0,-9.0,-9.0,14.5,11.3,1007.0,95,8,2.76
1,0,36.3848429,127.3510374,신성동,2020-03-24,2024,3,20,1322.0,11.4,1536.0,3.32,-9.0,1200.0,-9.0,-9.0,-9.0,14.5,11.3,1007.0,95,8,2.76
1,0,36.361201,127.338621,장대동,2020-03-24,2024,3,20,1322.0,11.4,1536.0,3.32,-9.0,1200.0,-9.0,-9.0,-9.0,14.5,11.3,1007.0,100,10,3.26
1,0,36.3910881,127.3948549,문지동,2020-03-24,2024,3,20,1322.0,11.4,1536.0,3.32,-9.0,1200.0,-9.0,-9.0,-9.0,14.5,11.3,1007.0,-1,-1,-1
1,0,36.3922475,127.3587365,장동,2020-03-24,2024,3,20,1322.0,11.4,1536.0,3.32,-9.0,1200.0,-9.0,-9.0,-9.0,14.5,11.3,1007.0,95,8,2.76
1,0,36.3922296,127.3588506,장동,2020-03-24,2024,3,20,1322.0,11.4,1536.0,3.32,-9.0,1200.0,-9.0,-9.0,-9.0,14.5,11.3,1007.0,95,8,2.76
1,0,36.3985853,127.3149502,외삼동,2020-03-24,2024,3,20,1322.0,11.4,1536.0,3.32,-9.0,1200.0,-9.0,-9.0,-9.0,14.5,11.3,1007.0,89.5,9,4.96
1,0,36.3987361,127.314639,외삼동,2020-03-24,2024,3,20,1322.0,11.4,1536.0,3.32,-9.0,1200.0,-9.0,-9.0,-9.0,14.5,11.3,1007.0,89.5,9,4.96
1,0,36.3987553,127.3145941,외삼동,2020-03-24,2024,3,20,1322.0,11.4,1536.0,3.32,-9.0,1200.0,-9.0,-9.0,-9.0,14.5,11.3,1007.0,89.5,9,4.96
1,0,36.4180813,127.2957847,안산동,2020-03-24,2024,3,20,1322.0,11.4,1536.0,3.32,-9.0,1200.0,-9.0,-9.0,-9.0,14.5,11.3,1007.0,-1,-1,-1
1,0,36.4155237,127.2979896,안산동,2020-03-24,2024,3,20,1322.0,11.4,1536.0,3.32,-9.0,1200.0,-9.0,-9.0,-9.0,14.5,11.3,1007.0,87,7,5.6
1,0,36.3988011,127.3145384,외삼동,2020-03-24,2024,3,20,1322.0,11.4,1536.0,3.32,-9.0,1200.0,-9.0,-9.0,-9.0,14.5,11.3,1007.0,89.5,9,4.96
1,0,36.3986666,127.3148267,외삼동,2020-03-24,2024,3,20,1322.0,11.4,1536.0,3.32,-9.0,1200.0,-9.0,-9.0,-9.0,14.5,11.3,1007.0,89.5,9,4.96
1,0,36.3984152,127.3153139,외삼동,2020-03-24,2024,3,20,1322.0,11.4,1536.0,3.32,-9.0,1200.0,-9.0,-9.0,-9.0,14.5,11.3,1007.0,89.5,9,4.96
1,0,36.3983185,127.3155252,외삼동,2020-03-24,2024,3,20,1322.0,11.4,1536.0,3.32,-9.0,1200.0,-9.0,-9.0,-9.0,14.5,11.3,1007.0,89.5,9,4.96
1,0,36.3418338,127.3046393,계산동,2020-03-24,2024,3,20,1322.0,11.4,1536.0,3.32,-9.0,1200.0,-9.0,-9.0,-9.0,14.5,11.3,1007.0,-1,-1,-1
1,0,36.3664283,127.3127698,노은동,2020-03-24,2024,3,20,1322.0,11.4,1536.0,3.32,-9.0,1200.0,-9.0,-9.0,-9.0,14.5,11.3,1007.0,100,10,3.26
1,0,36.364075,127.3138529,노은동,2020-03-24,2024,3,20,1322.0,11.4,1536.0,3.32,-9.0,1200.0,-9.0,-9.0,-9.0,14.5,11.3,1007.0,100,10,3.26
1,0,36.364075,127.3138529,노은동,2020-03-24,2024,3,20,1322.0,11.4,1536.0,3.32,-9.0,1200.0,-9.0,-9.0,-9.0,14.5,11.3,1007.0,100,10,3.26
1,0,36.3632938,127.3172028,노은동,2020-03-24,2024,3,20,1322.0,11.4,1536.0,3.32,-9.0,1200.0,-9.0,-9.0,-9.0,14.5,11.3,1007.0,100,10,3.26
1,0,36.3666807,127.33117,장대동,2020-03-24,2024,3,20,1322.0,11.4,1536.0,3.32,-9.0,1200.0,-9.0,-9.0,-9.0,14.5,11.3,1007.0,97,14,4.94
1,0,36.365939,127.3325248,장대동,2020-03-24,2024,3,20,1322.0,11.4,1536.0,3.32,-9.0,1200.0,-9.0,-9.0,-9.0,14.5,11.3,1007.0,97,14,4.94
1,0,36.3658437,127.3325814,장대동,2020-03-24,2024,3,20,1322.0,11.4,1536.0,3.32,-9.0,1200.0,-9.0,-9.0,-9.0,14.5,11.3,1007.0,97,14,4.94
1,0,36.3586328,127.3352517,장대동,2020-03-24,2024,3,20,1322.0,11.4,1536.0,3.32,-9.0,1200.0,-9.0,-9.0,-9.0,14.5,11.3,1007.0,100,10,3.26
1,0,36.3672892,127.3294121,노은동,2020-03-24,2024,3,20,1322.0,11.4,1536.0,3.32,-9.0,1200.0,-9.0,-9.0,-9.0,14.5,11.3,1007.0,97,14,4.94
1,0,36.3673105,127.3294025,노은동,2020-03-24,2024,3,20,1322.0,11.4,1536.0,3.32,-9.0,1200.0,-9.0,-9.0,-9.0,14.5,11.3,1007.0,97,14,4.94
1,0,36.3690079,127.3286739,노은동,2020-03-24,2024,3,20,1322.0,11.4,1536.0,3.32,-9.0,1200.0,-9.0,-9.0,-9.0,14.5,11.3,1007.0,97,14,4.94
1,0,36.3691698,127.3286026,노은동,2020-03-24,2024,3,20,1322.0,11.4,1536.0,3.32,-9.0,1200.0,-9.0,-9.0,-9.0,14.5,11.3,1007.0,97,14,4.94
1,0,36.3226052,127.3187533,용계동,2021-03-24,2024,3,21,1516.0,10.8,1612.0,2.92,-9.0,1200.0,-9.0,-9.0,-9.0,11.2,9.7,848.0,139.5,6,2.05
1,0,36.3747057,127.3210463,지족동,2021-03-24,2024,3,21,1516.0,10.8,1612.0,2.92,-9.0,1200.0,-9.0,-9.0,-9.0,11.2,9.7,848.0,89.5,11,4.82
1,0,36.374705,127.3211138,지족동,2021-03-24,2024,3,21,1516.0,10.8,1612.0,2.92,-9.0,1200.0,-9.0,-9.0,-9.0,11.2,9.7,848.0,89.5,11,4.82
1,0,36.3863873,127.3380045,하기동,2021-03-24,2024,3,21,1516.0,10.8,1612.0,2.92,-9.0,1200.0,-9.0,-9.0,-9.0,11.2,9.7,848.0,89.5,11,4.82
1,0,36.3917836,127.3118112,반석동,2021-03-24,2024,3,21,1516.0,10.8,1612.0,2.92,-9.0,1200.0,-9.0,-9.0,-9.0,11.2,9.7,848.0,89.5,9,4.96
1,0,36.3520733,127.3301716,구암동,2021-03-24,2024,3,21,1516.0,10.8,1612.0,2.92,-9.0,1200.0,-9.0,-9.0,-9.0,11.2,9.7,848.0,100,10,3.26
1,0,36.3923987,127.3088371,반석동,2021-03-24,2024,3,21,1516.0,10.8,1612.0,2.92,-9.0,1200.0,-9.0,-9.0,-9.0,11.2,9.7,848.0,89.5,9,4.96
1,0,36.410186,127.30046,안산동,2021-03-24,2024,3,21,1516.0,10.8,1612.0,2.92,-9.0,1200.0,-9.0,-9.0,-9.0,11.2,9.7,848.0,87.5,4,2.81
1,0,36.4101675,127.300512,안산동,2021-03-24,2024,3,21,1516.0,10.8,1612.0,2.92,-9.0,1200.0,-9.0,-9.0,-9.0,11.2,9.7,848.0,87.5,4,2.81
1,0,36.3700646,127.3234103,노은동,2022-03-24,2024,3,22,1454.0,8.7,1600.0,2.31,-9.0,1100.0,-9.0,-9.0,-9.0,7.8,5.0,2233.0,97,14,4.94
1,0,36.3588135,127.3395885,장대동,2022-03-24,2024,3,22,1454.0,8.7,1600.0,2.31,-9.0,1100.0,-9.0,-9.0,-9.0,7.8,5.0,2233.0,100,10,3.26
1,0,36.4249112,127.3926129,관평동,2022-03-24,2024,3,22,1454.0,8.7,1600.0,2.31,-9.0,1100.0,-9.0,-9.0,-9.0,7.8,5.0,2233.0,100,0,0
1,0,36.4214704,127.4026629,용산동,2022-03-24,2024,3,22,1454.0,8.7,1600.0,2.31,-9.0,1100.0,-9.0,-9.0,-9.0,7.8,5.0,2233.0,96,7,3
1,0,36.4208759,127.4039766,용산동,2022-03-24,2024,3,22,1454.0,8.7,1600.0,2.31,-9.0,1100.0,-9.0,-9.0,-9.0,7.8,5.0,2233.0,96,7,3
1,0,36.3721896,127.3174811,노은동,2022-03-24,2024,3,22,1454.0,8.7,1600.0,2.31,-9.0,1100.0,-9.0,-9.0,-9.0,7.8,5.0,2233.0,95,8,2.76
1,0,36.3484218,127.3353832,상대동,2022-03-24,2024,3,22,1454.0,8.7,1600.0,2.31,-9.0,1100.0,-9.0,-9.0,-9.0,7.8,5.0,2233.0,100,10,3.26
1,0,36.3878495,127.3099575,지족동,2022-03-24,2024,3,22,1454.0,8.7,1600.0,2.31,-9.0,1100.0,-9.0,-9.0,-9.0,7.8,5.0,2233.0,89.5,9,4.96
1,0,36.37332,127.3308548,죽동,2022-03-24,2024,3,22,1454.0,8.7,1600.0,2.31,-9.0,1100.0,-9.0,-9.0,-9.0,7.8,5.0,2233.0,95,8,2.76
1,0,36.3647811,127.3170002,노은동,2022-03-24,2024,3,22,1454.0,8.7,1600.0,2.31,-9.0,1100.0,-9.0,-9.0,-9.0,7.8,5.0,2233.0,100,10,3.26
1,0,36.3486765,127.3455379,봉명동,2022-03-24,2024,3,22,1454.0,8.7,1600.0,2.31,-9.0,1100.0,-9.0,-9.0,-9.0,7.8,5.0,2233.0,100,10,3.26
1,0,36.3507567,127.335642,구암동,2022-03-24,2024,3,22,1454.0,8.7,1600.0,2.31,-9.0,1100.0,-9.0,-9.0,-9.0,7.8,5.0,2233.0,100,10,3.26
1,0,36.3619318,127.3371929,장대동,2022-03-24,2024,3,22,1454.0,8.7,1600.0,2.31,-9.0,1100.0,-9.0,-9.0,-9.0,7.8,5.0,2233.0,97,14,4.94
1,0,36.3857303,127.3558174,신성동,2022-03-24,2024,3,22,1454.0,8.7,1600.0,2.31,-9.0,1100.0,-9.0,-9.0,-9.0,7.8,5.0,2233.0,95,8,2.76
1,0,36.387108,127.3505024,신성동,2022-03-24,2024,3,22,1454.0,8.7,1600.0,2.31,-9.0,1100.0,-9.0,-9.0,-9.0,7.8,5.0,2233.0,95,8,2.76
1,0,36.355049,127.3450638,봉명동,2022-03-24,2024,3,22,1454.0,8.7,1600.0,2.31,-9.0,1100.0,-9.0,-9.0,-9.0,7.8,5.0,2233.0,100,10,3.26
1,0,36.3554654,127.3417732,봉명동,2022-03-24,2024,3,22,1454.0,8.7,1600.0,2.31,-9.0,1100.0,-9.0,-9.0,-9.0,7.8,5.0,2233.0,100,10,3.26
1,0,36.3698752,127.3234894,노은동,2022-03-24,2024,3,22,1454.0,8.7,1600.0,2.31,-9.0,1100.0,-9.0,-9.0,-9.0,7.8,5.0,2233.0,97,14,4.94
1,0,36.3712802,127.323494,노은동,2022-03-24,2024,3,22,1454.0,8.7,1600.0,2.31,-9.0,1100.0,-9.0,-9.0,-9.0,7.8,5.0,2233.0,95,8,2.76
1,0,36.3925814,127.3115061,반석동,2022-03-24,2024,3,22,1454.0,8.7,1600.0,2.31,-9.0,1100.0,-9.0,-9.0,-9.0,7.8,5.0,2233.0,89.5,9,4.96
1,0,36.3935438,127.3127071,반석동,2022-03-24,2024,3,22,1454.0,8.7,1600.0,2.31,-9.0,1100.0,-9.0,-9.0,-9.0,7.8,5.0,2233.0,89.5,9,4.96
1,0,36.3815173,127.3247269,죽동,2022-03-24,2024,3,22,1454.0,8.7,1600.0,2.31,-9.0,1100.0,-9.0,-9.0,-9.0,7.8,5.0,2233.0,89.5,11,4.82
1,0,36.3814009,127.3243568,죽동,2022-03-24,2024,3,22,1454.0,8.7,1600.0,2.31,-9.0,1100.0,-9.0,-9.0,-9.0,7.8,5.0,2233.0,89.5,11,4.82
1,0,36.350817,127.3350351,구암동,2023-03-24,2024,3,23,1628.0,12.4,1328.0,2.58,-9.0,1200.0,-9.0,-9.0,-9.0,14.9,5.7,2347.0,100,10,3.26
1,0,36.3414286,127.3054769,학하동,2023-03-24,2024,3,23,1628.0,12.4,1328.0,2.58,-9.0,1200.0,-9.0,-9.0,-9.0,14.9,5.7,2347.0,-1,-1,-1
1,0,36.3721127,127.3217454,노은동,2023-03-24,2024,3,23,1628.0,12.4,1328.0,2.58,-9.0,1200.0,-9.0,-9.0,-9.0,14.9,5.7,2347.0,95,8,2.76
1,0,36.3704256,127.3234617,노은동,2023-03-24,2024,3,23,1628.0,12.4,1328.0,2.58,-9.0,1200.0,-9.0,-9.0,-9.0,14.9,5.7,2347.0,95,8,2.76
1,0,36.369989,127.3234588,노은동,2023-03-24,2024,3,23,1628.0,12.4,1328.0,2.58,-9.0,1200.0,-9.0,-9.0,-9.0,14.9,5.7,2347.0,97,14,4.94
1,0,36.3523203,127.3337203,구암동,2023-03-24,2024,3,23,1628.0,12.4,1328.0,2.58,-9.0,1200.0,-9.0,-9.0,-9.0,14.9,5.7,2347.0,100,10,3.26
1,0,36.3997696,127.3979761,전민동,2023-03-24,2024,3,23,1628.0,12.4,1328.0,2.58,-9.0,1200.0,-9.0,-9.0,-9.0,14.9,5.7,2347.0,-1,-1,-1
1,0,36.3996525,127.3987856,전민동,2023-03-24,2024,3,23,1628.0,12.4,1328.0,2.58,-9.0,1200.0,-9.0,-9.0,-9.0,14.9,5.7,2347.0,-1,-1,-1
1,0,36.399643,127.4015971,전민동,2023-03-24,2024,3,23,1628.0,12.4,1328.0,2.58,-9.0,1200.0,-9.0,-9.0,-9.0,14.9,5.7,2347.0,-1,-1,-1
1,0,36.3995845,127.4045237,전민동,2023-03-24,2024,3,23,1628.0,12.4,1328.0,2.58,-9.0,1200.0,-9.0,-9.0,-9.0,14.9,5.7,2347.0,96,7,3
1,0,36.3900728,127.3987461,문지동,2023-03-24,2024,3,23,1628.0,12.4,1328.0,2.58,-9.0,1200.0,-9.0,-9.0,-9.0,14.9,5.7,2347.0,-1,-1,-1
1,0,36.391057,127.3950194,문지동,2023-03-24,2024,3,23,1628.0,12.4,1328.0,2.58,-9.0,1200.0,-9.0,-9.0,-9.0,14.9,5.7,2347.0,-1,-1,-1
1,0,36.3910911,127.3947548,문지동,2023-03-24,2024,3,23,1628.0,12.4,1328.0,2.58,-9.0,1200.0,-9.0,-9.0,-9.0,14.9,5.7,2347.0,-1,-1,-1
1,0,36.3858781,127.3635219,장동,2023-03-24,2024,3,23,1628.0,12.4,1328.0,2.58,-9.0,1200.0,-9.0,-9.0,-9.0,14.9,5.7,2347.0,95,8,2.76
1,0,36.3930189,127.3573133,장동,2023-03-24,2024,3,23,1628.0,12.4,1328.0,2.58,-9.0,1200.0,-9.0,-9.0,-9.0,14.9,5.7,2347.0,89.5,11,4.82
1,0,36.3778468,127.3787293,가정동,2023-03-24,2024,3,23,1628.0,12.4,1328.0,2.58,-9.0,1200.0,-9.0,-9.0,-9.0,14.9,5.7,2347.0,92.5,6,4.35
1,0,36.3560259,127.3424678,봉명동,2023-03-24,2024,3,23,1628.0,12.4,1328.0,2.58,-9.0,1200.0,-9.0,-9.0,-9.0,14.9,5.7,2347.0,100,10,3.26
1,0,36.3692296,127.3271627,노은동,2023-03-24,2024,3,23,1628.0,12.4,1328.0,2.58,-9.0,1200.0,-9.0,-9.0,-9.0,14.9,5.7,2347.0,97,14,4.94
1,0,36.3695583,127.3271559,노은동,2023-03-24,2024,3,23,1628.0,12.4,1328.0,2.58,-9.0,1200.0,-9.0,-9.0,-9.0,14.9,5.7,2347.0,97,14,4.94
1,0,36.370444,127.3271596,노은동,2023-03-24,2024,3,23,1628.0,12.4,1328.0,2.58,-9.0,1200.0,-9.0,-9.0,-9.0,14.9,5.7,2347.0,95,8,2.76
1,0,36.3706302,127.3271548,노은동,2023-03-24,2024,3,23,1628.0,12.4,1328.0,2.58,-9.0,1200.0,-9.0,-9.0,-9.0,14.9,5.7,2347.0,95,8,2.76
1,0,36.3751087,127.3260844,노은동,2023-03-24,2024,3,23,1628.0,12.4,1328.0,2.58,-9.0,1200.0,-9.0,-9.0,-9.0,14.9,5.7,2347.0,95,8,2.76
1,0,36.3744368,127.3561441,어은동,2024-03-24,2024,3,24,839.0,14.1,1602.0,2.03,-9.0,1400.0,-9.0,-9.0,-9.0,15.1,3.6,936.0,95,8,2.76
1,0,36.3746277,127.356279,어은동,2024-03-24,2024,3,24,839.0,14.1,1602.0,2.03,-9.0,1400.0,-9.0,-9.0,-9.0,15.1,3.6,936.0,95,8,2.76
1,0,36.3598142,127.3436026,궁동,2024-03-24,2024,3,24,839.0,14.1,1602.0,2.03,-9.0,1400.0,-9.0,-9.0,-9.0,15.1,3.6,936.0,100,10,3.26
1,0,36.3597827,127.3435896,궁동,2024-03-24,2024,3,24,839.0,14.1,1602.0,2.03,-9.0,1400.0,-9.0,-9.0,-9.0,15.1,3.6,936.0,100,10,3.26
1,0,36.3638725,127.3169661,노은동,2024-03-24,2024,3,24,839.0,14.1,1602.0,2.03,-9.0,1400.0,-9.0,-9.0,-9.0,15.1,3.6,936.0,100,10,3.26
1,0,36.3668323,127.3150418,노은동,2024-03-24,2024,3,24,839.0,14.1,1602.0,2.03,-9.0,1400.0,-9.0,-9.0,-9.0,15.1,3.6,936.0,100,10,3.26
1,0,36.3721043,127.3216957,노은동,2025-03-24,2024,3,25,1313.0,16.6,1408.0,2.85,0.0,1200.0,-9.0,1.17,-9.0,17.0,8.3,2.0,95,8,2.76
1,0,36.3665114,127.3316635,장대동,2025-03-24,2024,3,25,1313.0,16.6,1408.0,2.85,0.0,1200.0,-9.0,1.17,-9.0,17.0,8.3,2.0,97,14,4.94
1,0,36.3663175,127.332103,장대동,2025-03-24,2024,3,25,1313.0,16.6,1408.0,2.85,0.0,1200.0,-9.0,1.17,-9.0,17.0,8.3,2.0,97,14,4.94
1,0,36.3660409,127.3519414,어은동,2025-03-24,2024,3,25,1313.0,16.6,1408.0,2.85,0.0,1200.0,-9.0,1.17,-9.0,17.0,8.3,2.0,97,14,4.94
1,0,36.3645854,127.3378221,장대동,2025-03-24,2024,3,25,1313.0,16.6,1408.0,2.85,0.0,1200.0,-9.0,1.17,-9.0,17.0,8.3,2.0,97,14,4.94
1,0,36.3901065,127.3990975,문지동,2025-03-24,2024,3,25,1313.0,16.6,1408.0,2.85,0.0,1200.0,-9.0,1.17,-9.0,17.0,8.3,2.0,-1,-1,-1
1,0,36.3594135,127.3353638,장대동,2025-03-24,2024,3,25,1313.0,16.6,1408.0,2.85,0.0,1200.0,-9.0,1.17,-9.0,17.0,8.3,2.0,100,10,3.26
1,0,36.3587926,127.3336676,장대동,2025-03-24,2024,3,25,1313.0,16.6,1408.0,2.85,0.0,1200.0,-9.0,1.17,-9.0,17.0,8.3,2.0,100,10,3.26
1,0,36.358644,127.3351284,장대동,2025-03-24,2024,3,25,1313.0,16.6,1408.0,2.85,0.0,1200.0,-9.0,1.17,-9.0,17.0,8.3,2.0,100,10,3.26
1,0,36.3579331,127.3363765,장대동,2025-03-24,2024,3,25,1313.0,16.6,1408.0,2.85,0.0,1200.0,-9.0,1.17,-9.0,17.0,8.3,2.0,100,10,3.26
1,0,36.3576372,127.3335392,장대동,2025-03-24,2024,3,25,1313.0,16.6,1408.0,2.85,0.0,1200.0,-9.0,1.17,-9.0,17.0,8.3,2.0,100,10,3.26
1,0,36.357705,127.3335513,장대동,2025-03-24,2024,3,25,1313.0,16.6,1408.0,2.85,0.0,1200.0,-9.0,1.17,-9.0,17.0,8.3,2.0,100,10,3.26
1,0,36.3578187,127.3335684,장대동,2025-03-24,2024,3,25,1313.0,16.6,1408.0,2.85,0.0,1200.0,-9.0,1.17,-9.0,17.0,8.3,2.0,100,10,3.26
1,0,36.3578843,127.3360467,장대동,2025-03-24,2024,3,25,1313.0,16.6,1408.0,2.85,0.0,1200.0,-9.0,1.17,-9.0,17.0,8.3,2.0,100,10,3.26
1,0,36.3893356,127.3470274,하기동,2025-03-24,2024,3,25,1313.0,16.6,1408.0,2.85,0.0,1200.0,-9.0,1.17,-9.0,17.0,8.3,2.0,89.5,11,4.82
1,0,36.3631213,127.3402254,장대동,2025-03-24,2024,3,25,1313.0,16.6,1408.0,2.85,0.0,1200.0,-9.0,1.17,-9.0,17.0,8.3,2.0,97,14,4.94
1,0,36.3808791,127.3259708,죽동,2025-03-24,2024,3,25,1313.0,16.6,1408.0,2.85,0.0,1200.0,-9.0,1.17,-9.0,17.0,8.3,2.0,89.5,11,4.82
1,0,36.3797111,127.3160106,지족동,2025-03-24,2024,3,25,1313.0,16.6,1408.0,2.85,0.0,1200.0,-9.0,1.17,-9.0,17.0,8.3,2.0,89.5,11,4.82
1,0,36.368572,127.3178383,노은동,2025-03-24,2024,3,25,1313.0,16.6,1408.0,2.85,0.0,1200.0,-9.0,1.17,-9.0,17.0,8.3,2.0,97,14,4.94
1,0,36.3662209,127.3325207,장대동,2025-03-24,2024,3,25,1313.0,16.6,1408.0,2.85,0.0,1200.0,-9.0,1.17,-9.0,17.0,8.3,2.0,97,14,4.94
1,0,36.396436,127.3142371,외삼동,2025-03-24,2024,3,25,1313.0,16.6,1408.0,2.85,0.0,1200.0,-9.0,1.17,-9.0,17.0,8.3,2.0,89.5,9,4.96
1,0,36.3967094,127.312959,외삼동,2025-03-24,2024,3,25,1313.0,16.6,1408.0,2.85,0.0,1200.0,-9.0,1.17,-9.0,17.0,8.3,2.0,89.5,9,4.96
1,0,36.3986833,127.3149461,외삼동,2025-03-24,2024,3,25,1313.0,16.6,1408.0,2.85,0.0,1200.0,-9.0,1.17,-9.0,17.0,8.3,2.0,89.5,9,4.96
1,0,36.3988263,127.3146315,외삼동,2025-03-24,2024,3,25,1313.0,16.6,1408.0,2.85,0.0,1200.0,-9.0,1.17,-9.0,17.0,8.3,2.0,89.5,9,4.96
1,0,36.4034698,127.3102407,외삼동,2025-03-24,2024,3,25,1313.0,16.6,1408.0,2.85,0.0,1200.0,-9.0,1.17,-9.0,17.0,8.3,2.0,85.5,4,3.23
1,0,36.4034926,127.3104053,외삼동,2025-03-24,2024,3,25,1313.0,16.6,1408.0,2.85,0.0,1200.0,-9.0,1.17,-9.0,17.0,8.3,2.0,85.5,4,3.23
1,0,36.4102501,127.3002342,안산동,2025-03-24,2024,3,25,1313.0,16.6,1408.0,2.85,0.0,1200.0,-9.0,1.17,-9.0,17.0,8.3,2.0,87.5,4,2.81
1,0,36.3569944,127.3427585,봉명동,2025-03-24,2024,3,25,1313.0,16.6,1408.0,2.85,0.0,1200.0,-9.0,1.17,-9.0,17.0,8.3,2.0,100,10,3.26
1,0,36.3610807,127.3456344,궁동,2025-03-24,2024,3,25,1313.0,16.6,1408.0,2.85,0.0,1200.0,-9.0,1.17,-9.0,17.0,8.3,2.0,97,14,4.94
1,0,36.3609922,127.3458582,궁동,2025-03-24,2024,3,25,1313.0,16.6,1408.0,2.85,0.0,1200.0,-9.0,1.17,-9.0,17.0,8.3,2.0,97,14,4.94
1,0,36.3602831,127.3475871,궁동,2025-03-24,2024,3,25,1313.0,16.6,1408.0,2.85,0.0,1200.0,-9.0,1.17,-9.0,17.0,8.3,2.0,97,14,4.94
1,0,36.3669699,127.3194037,노은동,2025-03-24,2024,3,25,1313.0,16.6,1408.0,2.85,0.0,1200.0,-9.0,1.17,-9.0,17.0,8.3,2.0,97,14,4.94
1,0,36.3663302,127.3155315,노은동,2025-03-24,2024,3,25,1313.0,16.6,1408.0,2.85,0.0,1200.0,-9.0,1.17,-9.0,17.0,8.3,2.0,100,10,3.26
1,0,36.3637051,127.3156038,노은동,2025-03-24,2024,3,25,1313.0,16.6,1408.0,2.85,0.0,1200.0,-9.0,1.17,-9.0,17.0,8.3,2.0,100,10,3.26
1,0,36.3633894,127.3158492,노은동,2025-03-24,2024,3,25,1313.0,16.6,1408.0,2.85,0.0,1200.0,-9.0,1.17,-9.0,17.0,8.3,2.0,100,10,3.26
1,0,36.3873068,127.3630088,장동,2025-03-24,2024,3,25,1313.0,16.6,1408.0,2.85,0.0,1200.0,-9.0,1.17,-9.0,17.0,8.3,2.0,95,8,2.76
1,0,36.3894721,127.3626184,장동,2025-03-24,2024,3,25,1313.0,16.6,1408.0,2.85,0.0,1200.0,-9.0,1.17,-9.0,17.0,8.3,2.0,95,8,2.76
1,0,36.3911762,127.3619431,장동,2025-03-24,2024,3,25,1313.0,16.6,1408.0,2.85,0.0,1200.0,-9.0,1.17,-9.0,17.0,8.3,2.0,95,8,2.76
1,0,36.395202,127.356339,장동,2025-03-24,2024,3,25,1313.0,16.6,1408.0,2.85,0.0,1200.0,-9.0,1.17,-9.0,17.0,8.3,2.0,89.5,11,4.82
1,0,36.3926193,127.3115274,반석동,2025-03-24,2024,3,25,1313.0,16.6,1408.0,2.85,0.0,1200.0,-9.0,1.17,-9.0,17.0,8.3,2.0,89.5,9,4.96
1,0,36.3928438,127.311452,반석동,2025-03-24,2024,3,25,1313.0,16.6,1408.0,2.85,0.0,1200.0,-9.0,1.17,-9.0,17.0,8.3,2.0,89.5,9,4.96
1,0,36.3929096,127.3114241,반석동,2025-03-24,2024,3,25,1313.0,16.6,1408.0,2.85,0.0,1200.0,-9.0,1.17,-9.0,17.0,8.3,2.0,89.5,9,4.96
1,0,36.3899565,127.3234034,하기동,2025-03-24,2024,3,25,1313.0,16.6,1408.0,2.85,0.0,1200.0,-9.0,1.17,-9.0,17.0,8.3,2.0,89.5,11,4.82
1,0,36.361462,127.3435213,궁동,2026-03-24,2024,3,26,,,,,,,,,,,,,97,14,4.94
1,0,36.3649255,127.3377002,장대동,2026-03-24,2024,3,26,,,,,,,,,,,,,97,14,4.94
1,0,36.3654503,127.3226331,노은동,2026-03-24,2024,3,26,,,,,,,,,,,,,100,10,3.26
1,0,36.3702105,127.3150465,노은동,2026-03-24,2024,3,26,,,,,,,,,,,,,95,8,2.76
1,0,36.3706973,127.3153428,노은동,2026-03-24,2024,3,26,,,,,,,,,,,,,95,8,2.76
1,0,36.3707474,127.3153722,노은동,2026-03-24,2024,3,26,,,,,,,,,,,,,95,8,2.76
1,0,36.3718373,127.3157645,노은동,2026-03-24,2024,3,26,,,,,,,,,,,,,89.5,11,4.82
1,0,36.3716754,127.3178069,노은동,2026-03-24,2024,3,26,,,,,,,,,,,,,95,8,2.76
1,0,36.3686205,127.3177944,노은동,2026-03-24,2024,3,26,,,,,,,,,,,,,97,14,4.94
1,0,36.3638067,127.3142335,노은동,2026-03-24,2024,3,26,,,,,,,,,,,,,100,10,3.26
1,0,36.3667207,127.3224166,노은동,2026-03-24,2024,3,26,,,,,,,,,,,,,97,14,4.94
1,0,36.3615256,127.3367959,장대동,2026-03-24,2024,3,26,,,,,,,,,,,,,100,10,3.26
1,0,36.4441973,127.4255582,덕암동,2026-03-24,2024,3,26,,,,,,,,,,,,,96,7,3
1,0,36.4421481,127.4284869,덕암동,2026-03-24,2024,3,26,,,,,,,,,,,,,96,7,3
1,0,36.4419786,127.4295673,신탄진동,2026-03-24,2024,3,26,,,,,,,,,,,,,96,7,3
1,0,36.4420519,127.4295768,신탄진동,2026-03-24,2024,3,26,,,,,,,,,,,,,96,7,3
1,0,36.4448868,127.4300601,신탄진동,2026-03-24,2024,3,26,,,,,,,,,,,,,96,7,3
1,0,36.4448579,127.4301487,신탄진동,2026-03-24,2024,3,26,,,,,,,,,,,,,96,7,3
1,0,36.4437076,127.4334665,신탄진동,2026-03-24,2024,3,26,,,,,,,,,,,,,96,7,3
1,0,36.4434515,127.4335004,신탄진동,2026-03-24,2024,3,26,,,,,,,,,,,,,96,7,3
1,0,36.4430078,127.4337313,신탄진동,2026-03-24,2024,3,26,,,,,,,,,,,,,96,7,3
1,0,36.443074,127.4333858,신탄진동,2026-03-24,2024,3,26,,,,,,,,,,,,,96,7,3
1,0,36.4430664,127.4334039,신탄진동,2026-03-24,2024,3,26,,,,,,,,,,,,,96,7,3
1,0,36.4436518,127.4334659,신탄진동,2026-03-24,2024,3,26,,,,,,,,,,,,,96,7,3
1,0,36.4459118,127.4296444,신탄진동,2026-03-24,2024,3,26,,,,,,,,,,,,,96,7,3
1,0,36.4509668,127.427948,석봉동,2026-03-24,2024,3,26,,,,,,,,,,,,,96,7,3
1,0,36.4498803,127.4216046,석봉동,2026-03-24,2024,3,26,,,,,,,,,,,,,96,7,3
1,0,36.4498535,127.4215358,석봉동,2026-03-24,2024,3,26,,,,,,,,,,,,,96,7,3
1,0,36.4497782,127.4213387,석봉동,2026-03-24,2024,3,26,,,,,,,,,,,,,96,7,3
1,0,36.4497515,127.4212713,석봉동,2026-03-24,2024,3,26,,,,,,,,,,,,,96,7,3
1,0,36.4441744,127.4033977,문평동,2026-03-24,2024,3,26,,,,,,,,,,,,,100,0,0
1,0,36.4073273,127.3744373,방현동,2026-03-24,2024,3,26,,,,,,,,,,,,,89.5,11,4.82
1,0,36.3630034,127.3350653,장대동,2026-03-24,2024,3,26,,,,,,,,,,,,,97,14,4.94
1,0,36.3505692,127.3520311,월평동,2026-03-24,2024,3,26,,,,,,,,,,,,,-1,-1,-1
1,0,36.3670986,127.319076,노은동,2026-03-24,2024,3,26,,,,,,,,,,,,,97,14,4.94
1,0,36.3506871,127.3512544,월평동,2026-03-24,2024,3,26,,,,,,,,,,,,,-1,-1,-1
1,0,36.3544711,127.349895,봉명동,2026-03-24,2024,3,26,,,,,,,,,,,,,100,10,3.26
1,0,36.3936933,127.3127063,반석동,2026-03-24,2024,3,26,,,,,,,,,,,,,89.5,9,4.96
1,0,36.393572,127.3126234,반석동,2026-03-24,2024,3,26,,,,,,,,,,,,,89.5,9,4.96
1,0,36.3924971,127.311814,반석동,2026-03-24,2024,3,26,,,,,,,,,,,,,89.5,9,4.96
1,0,36.3696129,127.3177991,노은동,2026-03-24,2024,3,26,,,,,,,,,,,,,97,14,4.94
1,0,36.3925597,127.3577184,장동,2027-03-24,2024,3,27,,,,,,,,,,,,,89.5,11,4.82
1,0,36.3485201,127.3258578,구암동,2027-03-24,2024,3,27,,,,,,,,,,,,,100,10,3.26
1,0,36.3911208,127.3943992,문지동,2027-03-24,2024,3,27,,,,,,,,,,,,,-1,-1,-1
1,0,36.3857,127.3740912,도룡동,2027-03-24,2024,3,27,,,,,,,,,,,,,95,8,2.76
1,0,36.3483272,127.324071,구암동,2027-03-24,2024,3,27,,,,,,,,,,,,,100,10,3.26
1,0,36.3486314,127.3232744,구암동,2027-03-24,2024,3,27,,,,,,,,,,,,,100,10,3.26
1,0,36.3486033,127.3231306,구암동,2027-03-24,2024,3,27,,,,,,,,,,,,,100,10,3.26
1,0,36.3505336,127.3222749,구암동,2027-03-24,2024,3,27,,,,,,,,,,,,,100,10,3.26
1,0,36.3453794,127.3104462,복용동,2027-03-24,2024,3,27,,,,,,,,,,,,,-1,-1,-1
1,0,36.3545161,127.3388108,봉명동,2027-03-24,2024,3,27,,,,,,,,,,,,,100,10,3.26
1,0,36.4151682,127.4069794,탑립동,2027-03-24,2024,3,27,,,,,,,,,,,,,96,7,3
1,0,36.4152964,127.4069839,탑립동,2027-03-24,2024,3,27,,,,,,,,,,,,,96,7,3
1,0,36.4154218,127.4069884,탑립동,2027-03-24,2024,3,27,,,,,,,,,,,,,96,7,3
1,0,36.418896,127.4068522,탑립동,2027-03-24,2024,3,27,,,,,,,,,,,,,96,7,3
1,0,36.2856584,127.3077602,방동,2027-03-24,2024,3,27,,,,,,,,,,,,,-1,-1,-1
1,0,36.2944116,127.3210602,관저동,2027-03-24,2024,3,27,,,,,,,,,,,,,-1,-1,-1
1,0,36.2955885,127.3215133,관저동,2027-03-24,2024,3,27,,,,,,,,,,,,,-1,-1,-1
1,0,36.4197228,127.4061367,탑립동,2027-03-24,2024,3,27,,,,,,,,,,,,,96,7,3
1,0,36.4196381,127.4062224,탑립동,2027-03-24,2024,3,27,,,,,,,,,,,,,96,7,3
1,0,36.3793187,127.4060377,원촌동,2027-03-24,2024,3,27,,,,,,,,,,,,,-1,-1,-1
1,0,36.3792151,127.4059778,원촌동,2027-03-24,2024,3,27,,,,,,,,,,,,,-1,-1,-1
1,0,36.3792141,127.3915638,도룡동,2027-03-24,2024,3,27,,,,,,,,,,,,,-1,-1,-1
1,0,36.3792173,127.3914606,도룡동,2027-03-24,2024,3,27,,,,,,,,,,,,,-1,-1,-1
1,0,36.4586255,127.3902565,금고동,2027-03-24,2024,3,27,,,,,,,,,,,,,100,0,0
1,0,36.4586442,127.3903297,금고동,2027-03-24,2024,3,27,,,,,,,,,,,,,100,0,0
1,0,36.4652806,127.3965343,금고동,2027-03-24,2024,3,27,,,,,,,,,,,,,113,4,1.24
1,0,36.360928,127.3547032,어은동,2028-03-24,2024,3,28,,,,,,,,,,,,,97,14,4.94
1,0,36.3634859,127.3410776,궁동,2028-03-24,2024,3,28,,,,,,,,,,,,,97,14,4.94
1,0,36.3782141,127.4117965,읍내동,2028-03-24,2024,3,28,,,,,,,,,,,,,-1,-1,-1
1,0,36.4242042,127.4195913,상서동,2028-03-24,2024,3,28,,,,,,,,,,,,,96,7,3
1,0,36.3875609,127.4126874,신대동,2028-03-24,2024,3,28,,,,,,,,,,,,,88.5,4,2.71
1,0,36.3568313,127.3466613,봉명동,2029-03-24,2024,3,29,,,,,,,,,,,,,100,10,3.26
1,0,36.4027533,127.4049766,전민동,2029-03-24,2024,3,29,,,,,,,,,,,,,96,7,3
1,0,36.4029268,127.4049911,전민동,2029-03-24,2024,3,29,,,,,,,,,,,,,96,7,3
1,0,36.4266291,127.3902812,관평동,2029-03-24,2024,3,29,,,,,,,,,,,,,100,0,0
1,0,36.402017,127.4049643,전민동,2001-04-24,2024,4,1,1625.0,14.3,1459.0,3.24,-9.0,1200.0,-9.0,-9.0,-9.0,19.3,7.7,846.0,96,7,3
1,0,36.4022822,127.4049634,전민동,2001-04-24,2024,4,1,1625.0,14.3,1459.0,3.24,-9.0,1200.0,-9.0,-9.0,-9.0,19.3,7.7,846.0,96,7,3
1,0,36.3578388,127.3398481,장대동,2003-04-24,2024,4,3,939.0,13.9,1354.0,3.09,2.5,1100.0,54.5,3.75,5.0,15.5,1.8,842.0,100,10,3.26
1,0,36.2998383,127.3201286,원내동,2004-04-24,2024,4,4,1412.0,12.2,1511.0,3.64,-9.0,1200.0,-9.0,-9.0,-9.0,17.4,10.8,2243.0,-1,-1,-1
1,0,36.3002815,127.3201086,원내동,2004-04-24,2024,4,4,1412.0,12.2,1511.0,3.64,-9.0,1200.0,-9.0,-9.0,-9.0,17.4,10.8,2243.0,-1,-1,-1
1,0,36.3618602,127.357509,어은동,2004-04-24,2024,4,4,1412.0,12.2,1511.0,3.64,-9.0,1200.0,-9.0,-9.0,-9.0,17.4,10.8,2243.0,97,14,4.94
1,0,36.2999016,127.3199788,원내동,2004-04-24,2024,4,4,1412.0,12.2,1511.0,3.64,-9.0,1200.0,-9.0,-9.0,-9.0,17.4,10.8,2243.0,-1,-1,-1
1,0,36.3292556,127.312099,용계동,2004-04-24,2024,4,4,1412.0,12.2,1511.0,3.64,-9.0,1200.0,-9.0,-9.0,-9.0,17.4,10.8,2243.0,-1,-1,-1
1,0,36.3523244,127.3382727,봉명동,2004-04-24,2024,4,4,1412.0,12.2,1511.0,3.64,-9.0,1200.0,-9.0,-9.0,-9.0,17.4,10.8,2243.0,100,10,3.26
1,0,36.3505537,127.3371626,구암동,2004-04-24,2024,4,4,1412.0,12.2,1511.0,3.64,-9.0,1200.0,-9.0,-9.0,-9.0,17.4,10.8,2243.0,100,10,3.26
1,0,36.309786,127.3080341,교촌동,2004-04-24,2024,4,4,1412.0,12.2,1511.0,3.64,-9.0,1200.0,-9.0,-9.0,-9.0,17.4,10.8,2243.0,-1,-1,-1
1,0,36.3815311,127.3248495,죽동,2004-04-24,2024,4,4,1412.0,12.2,1511.0,3.64,-9.0,1200.0,-9.0,-9.0,-9.0,17.4,10.8,2243.0,89.5,11,4.82
1,0,36.3813703,127.3243784,죽동,2004-04-24,2024,4,4,1412.0,12.2,1511.0,3.64,-9.0,1200.0,-9.0,-9.0,-9.0,17.4,10.8,2243.0,89.5,11,4.82
1,0,36.3908181,127.3317364,하기동,2004-04-24,2024,4,4,1412.0,12.2,1511.0,3.64,-9.0,1200.0,-9.0,-9.0,-9.0,17.4,10.8,2243.0,89.5,11,4.82
1,0,36.3564434,127.3366242,봉명동,2004-04-24,2024,4,4,1412.0,12.2,1511.0,3.64,-9.0,1200.0,-9.0,-9.0,-9.0,17.4,10.8,2243.0,100,10,3.26
1,0,36.3431311,127.2993334,계산동,2004-04-24,2024,4,4,1412.0,12.2,1511.0,3.64,-9.0,1200.0,-9.0,-9.0,-9.0,17.4,10.8,2243.0,-1,-1,-1
1,0,36.3432979,127.2990918,계산동,2004-04-24,2024,4,4,1412.0,12.2,1511.0,3.64,-9.0,1200.0,-9.0,-9.0,-9.0,17.4,10.8,2243.0,-1,-1,-1
1,0,36.3850582,127.3207258,하기동,2004-04-24,2024,4,4,1412.0,12.2,1511.0,3.64,-9.0,1200.0,-9.0,-9.0,-9.0,17.4,10.8,2243.0,89.5,11,4.82
1,0,36.3813227,127.3242128,죽동,2004-04-24,2024,4,4,1412.0,12.2,1511.0,3.64,-9.0,1200.0,-9.0,-9.0,-9.0,17.4,10.8,2243.0,89.5,11,4.82
1,0,36.3815636,127.3249248,죽동,2004-04-24,2024,4,4,1412.0,12.2,1511.0,3.64,-9.0,1200.0,-9.0,-9.0,-9.0,17.4,10.8,2243.0,89.5,11,4.82
1,0,36.3814433,127.3244746,죽동,2004-04-24,2024,4,4,1412.0,12.2,1511.0,3.64,-9.0,1200.0,-9.0,-9.0,-9.0,17.4,10.8,2243.0,89.5,11,4.82
1,0,36.3815258,127.3247809,죽동,2004-04-24,2024,4,4,1412.0,12.2,1511.0,3.64,-9.0,1200.0,-9.0,-9.0,-9.0,17.4,10.8,2243.0,89.5,11,4.82
1,0,36.3449841,127.2959546,계산동,2005-04-24,2024,4,5,1931.0,14.3,1312.0,2.93,-9.0,1200.0,0.5,-9.0,-9.0,18.0,8.7,36.0,-1,-1,-1
1,0,36.3437096,127.3222882,복용동,2005-04-24,2024,4,5,1931.0,14.3,1312.0,2.93,-9.0,1200.0,0.5,-9.0,-9.0,18.0,8.7,36.0,-1,-1,-1
1,0,36.3549855,127.3450262,봉명동,2005-04-24,2024,4,5,1931.0,14.3,1312.0,2.93,-9.0,1200.0,0.5,-9.0,-9.0,18.0,8.7,36.0,100,10,3.26
1,0,36.3578944,127.3361749,장대동,2005-04-24,2024,4,5,1931.0,14.3,1312.0,2.93,-9.0,1200.0,0.5,-9.0,-9.0,18.0,8.7,36.0,100,10,3.26
1,0,36.381661,127.3434033,신성동,2005-04-24,2024,4,5,1931.0,14.3,1312.0,2.93,-9.0,1200.0,0.5,-9.0,-9.0,18.0,8.7,36.0,95,8,2.76
1,0,36.3543671,127.3499997,봉명동,2005-04-24,2024,4,5,1931.0,14.3,1312.0,2.93,-9.0,1200.0,0.5,-9.0,-9.0,18.0,8.7,36.0,100,10,3.26
1,0,36.3545695,127.3502054,봉명동,2005-04-24,2024,4,5,1931.0,14.3,1312.0,2.93,-9.0,1200.0,0.5,-9.0,-9.0,18.0,8.7,36.0,100,10,3.26
1,0,36.3626549,127.3345486,장대동,2005-04-24,2024,4,5,1931.0,14.3,1312.0,2.93,-9.0,1200.0,0.5,-9.0,-9.0,18.0,8.7,36.0,97,14,4.94
1,0,36.3558867,127.3403145,봉명동,2005-04-24,2024,4,5,1931.0,14.3,1312.0,2.93,-9.0,1200.0,0.5,-9.0,-9.0,18.0,8.7,36.0,100,10,3.26
1,0,36.3729046,127.3193593,지족동,2005-04-24,2024,4,5,1931.0,14.3,1312.0,2.93,-9.0,1200.0,0.5,-9.0,-9.0,18.0,8.7,36.0,95,8,2.76
1,0,36.3731749,127.3193698,지족동,2005-04-24,2024,4,5,1931.0,14.3,1312.0,2.93,-9.0,1200.0,0.5,-9.0,-9.0,18.0,8.7,36.0,95,8,2.76
1,0,36.3561963,127.3328358,구암동,2005-04-24,2024,4,5,1931.0,14.3,1312.0,2.93,-9.0,1200.0,0.5,-9.0,-9.0,18.0,8.7,36.0,100,10,3.26
1,0,36.3572883,127.3407322,봉명동,2005-04-24,2024,4,5,1931.0,14.3,1312.0,2.93,-9.0,1200.0,0.5,-9.0,-9.0,18.0,8.7,36.0,100,10,3.26
1,0,36.3549639,127.3449165,봉명동,2005-04-24,2024,4,5,1931.0,14.3,1312.0,2.93,-9.0,1200.0,0.5,-9.0,-9.0,18.0,8.7,36.0,100,10,3.26
1,0,36.3918426,127.3109502,반석동,2005-04-24,2024,4,5,1931.0,14.3,1312.0,2.93,-9.0,1200.0,0.5,-9.0,-9.0,18.0,8.7,36.0,89.5,9,4.96
1,0,36.367097,127.3197021,노은동,2005-04-24,2024,4,5,1931.0,14.3,1312.0,2.93,-9.0,1200.0,0.5,-9.0,-9.0,18.0,8.7,36.0,97,14,4.94
1,0,36.3675465,127.3179908,노은동,2005-04-24,2024,4,5,1931.0,14.3,1312.0,2.93,-9.0,1200.0,0.5,-9.0,-9.0,18.0,8.7,36.0,97,14,4.94
1,0,36.392619,127.3114878,반석동,2005-04-24,2024,4,5,1931.0,14.3,1312.0,2.93,-9.0,1200.0,0.5,-9.0,-9.0,18.0,8.7,36.0,89.5,9,4.96
1,0,36.3904063,127.3055335,반석동,2005-04-24,2024,4,5,1931.0,14.3,1312.0,2.93,-9.0,1200.0,0.5,-9.0,-9.0,18.0,8.7,36.0,89.5,9,4.96
1,0,36.3655765,127.3176949,노은동,2006-04-24,2024,4,6,1321.0,10.5,1510.0,3.12,-9.0,1200.0,-9.0,-9.0,-9.0,12.7,10.0,847.0,100,10,3.26
1,0,36.3674616,127.3179857,노은동,2006-04-24,2024,4,6,1321.0,10.5,1510.0,3.12,-9.0,1200.0,-9.0,-9.0,-9.0,12.7,10.0,847.0,97,14,4.94
1,0,36.3683385,127.3179907,노은동,2006-04-24,2024,4,6,1321.0,10.5,1510.0,3.12,-9.0,1200.0,-9.0,-9.0,-9.0,12.7,10.0,847.0,97,14,4.94
1,0,36.3837508,127.4057375,원촌동,2009-04-24,2024,4,9,1223.0,12.7,1141.0,1.01,5.0,1100.0,7.0,7.33,2.0,14.6,0.0,739.0,-1,-1,-1
1,0,36.4023514,127.4049624,전민동,2009-04-24,2024,4,9,1223.0,12.7,1141.0,1.01,5.0,1100.0,7.0,7.33,2.0,14.6,0.0,739.0,96,7,3
1,0,36.3939595,127.3503828,자운동,2019-04-24,2024,4,19,1915.0,17.7,1722.0,1.31,21.8,1300.0,0.1,8.83,8.0,19.1,1.4,1.0,89.5,11,4.82
1,0,36.4070087,127.3732129,방현동,2019-04-24,2024,4,19,1915.0,17.7,1722.0,1.31,21.8,1300.0,0.1,8.83,8.0,19.1,1.4,1.0,89.5,11,4.82
1,0,36.3595886,127.32908,장대동,2019-04-24,2024,4,19,1915.0,17.7,1722.0,1.31,21.8,1300.0,0.1,8.83,8.0,19.1,1.4,1.0,100,10,3.26
1,0,36.3584505,127.3562375,봉명동,2022-04-24,2024,4,22,1723.0,19.7,1435.0,3.32,-9.0,1200.0,-9.0,-9.0,-9.0,24.0,9.4,2159.0,-1,-1,-1
1,0,36.3714329,127.3235289,노은동,2022-04-24,2024,4,22,1723.0,19.7,1435.0,3.32,-9.0,1200.0,-9.0,-9.0,-9.0,24.0,9.4,2159.0,95,8,2.76
1,0,36.3755037,127.3227745,지족동,2022-04-24,2024,4,22,1723.0,19.7,1435.0,3.32,-9.0,1200.0,-9.0,-9.0,-9.0,24.0,9.4,2159.0,89.5,11,4.82
1,0,36.3722565,127.3218832,지족동,2022-04-24,2024,4,22,1723.0,19.7,1435.0,3.32,-9.0,1200.0,-9.0,-9.0,-9.0,24.0,9.4,2159.0,95,8,2.76
1,0,36.374867,127.3296204,죽동,2022-04-24,2024,4,22,1723.0,19.7,1435.0,3.32,-9.0,1200.0,-9.0,-9.0,-9.0,24.0,9.4,2159.0,95,8,2.76
1,0,36.3581111,127.331416,장대동,2023-04-24,2024,4,23,808.0,15.0,1256.0,2.92,-9.0,1200.0,0.0,-9.0,-9.0,19.3,4.1,1010.0,100,10,3.26
1,0,36.360006,127.3280608,장대동,2023-04-24,2024,4,23,808.0,15.0,1256.0,2.92,-9.0,1200.0,0.0,-9.0,-9.0,19.3,4.1,1010.0,100,10,3.26
1,0,36.341757,127.3388074,상대동,2024-04-24,2024,4,24,1341.0,13.8,1340.0,3.47,4.3,1100.0,0.0,5.2,3.7,15.8,4.1,2352.0,100,10,3.26
1,0,36.3562525,127.3422689,봉명동,2030-04-24,2024,4,30,,,,,,,,,,,,,100,10,3.26
1,0,36.3900401,127.4053208,문지동,2030-04-24,2024,4,30,,,,,,,,,,,,,-1,-1,-1
1,0,36.3700012,127.3271469,노은동,2003-05-24,2024,5,3,1733.0,20.6,1346.0,1.49,7.0,1100.0,19.5,6.58,5.5,24.1,0.3,2320.0,97,14,4.94
1,0,36.3710325,127.3271376,노은동,2003-05-24,2024,5,3,1733.0,20.6,1346.0,1.49,7.0,1100.0,19.5,6.58,5.5,24.1,0.3,2320.0,95,8,2.76
1,0,36.3605806,127.3499523,궁동,2007-05-24,2024,5,7,1203.0,20.8,1314.0,3.4,26.5,1100.0,28.5,9.57,7.0,23.2,5.2,20.0,97,14,4.94
1,0,36.3845918,127.377755,도룡동,2007-05-24,2024,5,7,1203.0,20.8,1314.0,3.4,26.5,1100.0,28.5,9.57,7.0,23.2,5.2,20.0,92.5,6,4.35
1,0,36.38559,127.3784667,도룡동,2007-05-24,2024,5,7,1203.0,20.8,1314.0,3.4,26.5,1100.0,28.5,9.57,7.0,23.2,5.2,20.0,92.5,6,4.35
1,0,36.3633327,127.3414983,궁동,2007-05-24,2024,5,7,1203.0,20.8,1314.0,3.4,26.5,1100.0,28.5,9.57,7.0,23.2,5.2,20.0,97,14,4.94
1,0,36.3797173,127.3429689,신성동,2007-05-24,2024,5,7,1203.0,20.8,1314.0,3.4,26.5,1100.0,28.5,9.57,7.0,23.2,5.2,20.0,95,8,2.76
1,0,36.3605154,127.3531771,궁동,2008-05-24,2024,5,8,1145.0,21.9,1603.0,1.86,-9.0,1500.0,-9.0,-9.0,-9.0,23.9,3.2,2.0,97,14,4.94
1,0,36.3554468,127.3353278,봉명동,2008-05-24,2024,5,8,1145.0,21.9,1603.0,1.86,-9.0,1500.0,-9.0,-9.0,-9.0,23.9,3.2,2.0,100,10,3.26
1,0,36.3633949,127.3412869,궁동,2009-05-24,2024,5,9,1403.0,17.0,1610.0,2.86,-9.0,1200.0,-9.0,-9.0,-9.0,20.4,6.5,2303.0,97,14,4.94
1,0,36.3597807,127.3048398,덕명동,2009-05-24,2024,5,9,1403.0,17.0,1610.0,2.86,-9.0,1200.0,-9.0,-9.0,-9.0,20.4,6.5,2303.0,100,10,3.26
1,0,36.3394969,127.3045186,학하동,2009-05-24,2024,5,9,1403.0,17.0,1610.0,2.86,-9.0,1200.0,-9.0,-9.0,-9.0,20.4,6.5,2303.0,-1,-1,-1
1,0,36.3395661,127.304557,학하동,2009-05-24,2024,5,9,1403.0,17.0,1610.0,2.86,-9.0,1200.0,-9.0,-9.0,-9.0,20.4,6.5,2303.0,-1,-1,-1
1,0,36.3403448,127.3126916,학하동,2009-05-24,2024,5,9,1403.0,17.0,1610.0,2.86,-9.0,1200.0,-9.0,-9.0,-9.0,20.4,6.5,2303.0,-1,-1,-1
1,0,36.3503694,127.3479733,봉명동,2013-05-24,2024,5,13,1507.0,22.3,1541.0,3.59,-9.0,1200.0,-9.0,-9.0,-9.0,26.2,12.6,826.0,100,10,3.26
1,0,36.3502447,127.3479668,봉명동,2013-05-24,2024,5,13,1507.0,22.3,1541.0,3.59,-9.0,1200.0,-9.0,-9.0,-9.0,26.2,12.6,826.0,100,10,3.26
1,0,36.3584593,127.3284702,장대동,2027-05-24,2024,5,27,,,,,,,,,,,,,100,10,3.26
1,0,36.3584422,127.3285623,장대동,2027-05-24,2024,5,27,,,,,,,,,,,,,100,10,3.26
1,0,36.3602916,127.3443451,궁동,2028-05-24,2024,5,28,,,,,,,,,,,,,97,14,4.94
1,0,36.4428103,127.3855016,봉산동,2029-05-24,2024,5,29,,,,,,,,,,,,,100,0,0
1,0,36.4422107,127.3850539,봉산동,2029-05-24,2024,5,29,,,,,,,,,,,,,100,0,0
1,0,36.4457878,127.3853832,봉산동,2029-05-24,2024,5,29,,,,,,,,,,,,,100,0,0
1,0,36.4184857,127.3787951,덕진동,2030-05-24,2024,5,30,,,,,,,,,,,,,87,7,5.6
1,0,36.3753099,127.3408985,죽동,2017-06-24,2024,6,17,1438.0,24.5,1308.0,3.01,2.8,1200.0,2.8,4.83,1.4,26.8,3.8,2.0,95,8,2.76
1,0,36.364679,127.3380516,장대동,2017-06-24,2024,6,17,1438.0,24.5,1308.0,3.01,2.8,1200.0,2.8,4.83,1.4,26.8,3.8,2.0,97,14,4.94
1,0,36.3667677,127.3176666,노은동,2017-06-24,2024,6,17,1438.0,24.5,1308.0,3.01,2.8,1200.0,2.8,4.83,1.4,26.8,3.8,2.0,100,10,3.26
1,0,36.3738357,127.3412357,궁동,2019-06-24,2024,6,19,1151.0,24.9,1428.0,3.67,-9.0,1100.0,-9.0,-9.0,-9.0,31.8,11.9,2355.0,95,8,2.76
1,0,36.3719043,127.3406138,궁동,2019-06-24,2024,6,19,1151.0,24.9,1428.0,3.67,-9.0,1100.0,-9.0,-9.0,-9.0,31.8,11.9,2355.0,95,8,2.76
1,0,36.3651443,127.3383789,장대동,2019-06-24,2024,6,19,1151.0,24.9,1428.0,3.67,-9.0,1100.0,-9.0,-9.0,-9.0,31.8,11.9,2355.0,97,14,4.94
1,0,36.361265,127.3477629,궁동,2019-06-24,2024,6,19,1151.0,24.9,1428.0,3.67,-9.0,1100.0,-9.0,-9.0,-9.0,31.8,11.9,2355.0,97,14,4.94
1,0,36.363188,127.341817,궁동,2020-06-24,2024,6,20,817.0,23.0,1.0,0.84,7.3,1200.0,10.5,12.42,4.6,24.6,0.0,1.0,97,14,4.94
1,0,36.3670016,127.3306055,장대동,2020-06-24,2024,6,20,817.0,23.0,1.0,0.84,7.3,1200.0,10.5,12.42,4.6,24.6,0.0,1.0,97,14,4.94
1,0,36.3751776,127.3260698,노은동,2020-06-24,2024,6,20,817.0,23.0,1.0,0.84,7.3,1200.0,10.5,12.42,4.6,24.6,0.0,1.0,95,8,2.76
1,0,36.387186,127.3220784,하기동,2020-06-24,2024,6,20,817.0,23.0,1.0,0.84,7.3,1200.0,10.5,12.42,4.6,24.6,0.0,1.0,89.5,11,4.82
1,0,36.3900826,127.3237051,하기동,2020-06-24,2024,6,20,817.0,23.0,1.0,0.84,7.3,1200.0,10.5,12.42,4.6,24.6,0.0,1.0,89.5,11,4.82
1,0,36.3907666,127.3318801,하기동,2020-06-24,2024,6,20,817.0,23.0,1.0,0.84,7.3,1200.0,10.5,12.42,4.6,24.6,0.0,1.0,89.5,11,4.82
1,0,36.3982791,127.3571694,장동,2020-06-24,2024,6,20,817.0,23.0,1.0,0.84,7.3,1200.0,10.5,12.42,4.6,24.6,0.0,1.0,89.5,11,4.82
1,0,36.4160065,127.3779992,화암동,2020-06-24,2024,6,20,817.0,23.0,1.0,0.84,7.3,1200.0,10.5,12.42,4.6,24.6,0.0,1.0,89.5,11,4.82
1,0,36.4127951,127.3880919,용산동,2020-06-24,2024,6,20,817.0,23.0,1.0,0.84,7.3,1200.0,10.5,12.42,4.6,24.6,0.0,1.0,89.5,11,4.82
1,0,36.40644,127.3848902,화암동,2020-06-24,2024,6,20,817.0,23.0,1.0,0.84,7.3,1200.0,10.5,12.42,4.6,24.6,0.0,1.0,89.5,11,4.82
1,0,36.4086694,127.3777816,화암동,2020-06-24,2024,6,20,817.0,23.0,1.0,0.84,7.3,1200.0,10.5,12.42,4.6,24.6,0.0,1.0,89.5,11,4.82
1,0,36.4079284,127.3762414,방현동,2020-06-24,2024,6,20,817.0,23.0,1.0,0.84,7.3,1200.0,10.5,12.42,4.6,24.6,0.0,1.0,89.5,11,4.82
1,0,36.3607627,127.3542081,어은동,2021-06-24,2024,6,21,2128.0,23.2,1554.0,3.33,-9.0,1100.0,-9.0,-9.0,-9.0,25.6,6.5,759.0,97,14,4.94
1,0,36.3558611,127.342136,봉명동,2021-06-24,2024,6,21,2128.0,23.2,1554.0,3.33,-9.0,1100.0,-9.0,-9.0,-9.0,25.6,6.5,759.0,100,10,3.26
1,0,36.3972687,127.3550816,장동,2024-06-24,2024,6,24,1111.0,25.3,1500.0,3.34,-9.0,1200.0,-9.0,-9.0,-9.0,30.1,8.1,2400.0,89.5,11,4.82
1,0,36.3636969,127.3603858,구성동,2024-06-24,2024,6,24,1111.0,25.3,1500.0,3.34,-9.0,1200.0,-9.0,-9.0,-9.0,30.1,8.1,2400.0,97,14,4.94
1,0,36.3635934,127.3406701,궁동,2026-06-24,2024,6,26,,,,,,,,,,,,,97,14,4.94
1,0,36.4248486,127.3936643,관평동,2027-06-24,2024,6,27,,,,,,,,,,,,,100,0,0
1,0,36.358084,127.3432458,봉명동,2027-06-24,2024,6,27,,,,,,,,,,,,,100,10,3.26
1,0,36.3614293,127.3564059,어은동,2027-06-24,2024,6,27,,,,,,,,,,,,,97,14,4.94
1,0,36.3802982,127.3164768,지족동,2001-07-24,2024,7,1,1308.0,27.8,1550.0,2.45,13.9,1400.0,13.9,0.58,13.9,29.5,5.2,738.0,89.5,11,4.82
1,0,36.3834115,127.3175792,지족동,2001-07-24,2024,7,1,1308.0,27.8,1550.0,2.45,13.9,1400.0,13.9,0.58,13.9,29.5,5.2,738.0,89.5,11,4.82
1,0,36.3804669,127.3165383,지족동,2001-07-24,2024,7,1,1308.0,27.8,1550.0,2.45,13.9,1400.0,13.9,0.58,13.9,29.5,5.2,738.0,89.5,11,4.82
1,0,36.3702158,127.3150586,노은동,2001-07-24,2024,7,1,1308.0,27.8,1550.0,2.45,13.9,1400.0,13.9,0.58,13.9,29.5,5.2,738.0,95,8,2.76
1,0,36.369035,127.3142954,노은동,2001-07-24,2024,7,1,1308.0,27.8,1550.0,2.45,13.9,1400.0,13.9,0.58,13.9,29.5,5.2,738.0,97,14,4.94
1,0,36.3685649,127.3137784,노은동,2001-07-24,2024,7,1,1308.0,27.8,1550.0,2.45,13.9,1400.0,13.9,0.58,13.9,29.5,5.2,738.0,97,14,4.94
1,0,36.3909688,127.4078729,문지동,2003-07-24,2024,7,3,2353.0,26.1,1324.0,3.11,0.3,1100.0,6.8,1.63,0.2,27.8,5.1,807.0,-1,-1,-1
1,0,36.3957444,127.3561093,장동,2004-07-24,2024,7,4,1232.0,28.2,1440.0,2.95,-9.0,1300.0,-9.0,-9.0,-9.0,34.8,10.3,24.0,89.5,11,4.82
1,0,36.3525198,127.3409494,봉명동,2004-07-24,2024,7,4,1232.0,28.2,1440.0,2.95,-9.0,1300.0,-9.0,-9.0,-9.0,34.8,10.3,24.0,100,10,3.26
1,0,36.3281217,127.3329672,용계동,2004-07-24,2024,7,4,1232.0,28.2,1440.0,2.95,-9.0,1300.0,-9.0,-9.0,-9.0,34.8,10.3,24.0,-1,-1,-1
1,0,36.3319019,127.3329873,용계동,2004-07-24,2024,7,4,1232.0,28.2,1440.0,2.95,-9.0,1300.0,-9.0,-9.0,-9.0,34.8,10.3,24.0,-1,-1,-1
1,0,36.333173,127.3330209,원신흥동,2004-07-24,2024,7,4,1232.0,28.2,1440.0,2.95,-9.0,1300.0,-9.0,-9.0,-9.0,34.8,10.3,24.0,-1,-1,-1
1,0,36.3424997,127.3393408,상대동,2004-07-24,2024,7,4,1232.0,28.2,1440.0,2.95,-9.0,1300.0,-9.0,-9.0,-9.0,34.8,10.3,24.0,100,10,3.26
1,0,36.3430638,127.3396858,봉명동,2004-07-24,2024,7,4,1232.0,28.2,1440.0,2.95,-9.0,1300.0,-9.0,-9.0,-9.0,34.8,10.3,24.0,100,10,3.26
1,0,36.3609688,127.3443927,궁동,2004-07-24,2024,7,4,1232.0,28.2,1440.0,2.95,-9.0,1300.0,-9.0,-9.0,-9.0,34.8,10.3,24.0,97,14,4.94
1,0,36.3742684,127.3054428,지족동,2005-07-24,2024,7,5,2321.0,28.8,1509.0,2.74,-9.0,1100.0,-9.0,-9.0,-9.0,36.1,9.6,646.0,89.5,11,4.82
1,0,36.3702015,127.3075914,노은동,2005-07-24,2024,7,5,2321.0,28.8,1509.0,2.74,-9.0,1100.0,-9.0,-9.0,-9.0,36.1,9.6,646.0,89.5,11,4.82
1,0,36.3667682,127.3178224,노은동,2005-07-24,2024,7,5,2321.0,28.8,1509.0,2.74,-9.0,1100.0,-9.0,-9.0,-9.0,36.1,9.6,646.0,100,10,3.26
1,0,36.3690262,127.3399345,궁동,2005-07-24,2024,7,5,2321.0,28.8,1509.0,2.74,-9.0,1100.0,-9.0,-9.0,-9.0,36.1,9.6,646.0,97,14,4.94
1,0,36.3888104,127.3444614,하기동,2005-07-24,2024,7,5,2321.0,28.8,1509.0,2.74,-9.0,1100.0,-9.0,-9.0,-9.0,36.1,9.6,646.0,89.5,11,4.82
1,0,36.3893202,127.344826,하기동,2005-07-24,2024,7,5,2321.0,28.8,1509.0,2.74,-9.0,1100.0,-9.0,-9.0,-9.0,36.1,9.6,646.0,89.5,11,4.82
1,0,36.4122634,127.3782527,화암동,2005-07-24,2024,7,5,2321.0,28.8,1509.0,2.74,-9.0,1100.0,-9.0,-9.0,-9.0,36.1,9.6,646.0,89.5,11,4.82
1,0,36.419045,127.3816008,관평동,2005-07-24,2024,7,5,2321.0,28.8,1509.0,2.74,-9.0,1100.0,-9.0,-9.0,-9.0,36.1,9.6,646.0,87,7,5.6
1,0,36.417348,127.3920276,용산동,2005-07-24,2024,7,5,2321.0,28.8,1509.0,2.74,-9.0,1100.0,-9.0,-9.0,-9.0,36.1,9.6,646.0,89.5,11,4.82
1,0,36.4173268,127.3925418,용산동,2005-07-24,2024,7,5,2321.0,28.8,1509.0,2.74,-9.0,1100.0,-9.0,-9.0,-9.0,36.1,9.6,646.0,96,7,3
1,0,36.4247696,127.3893087,관평동,2005-07-24,2024,7,5,2321.0,28.8,1509.0,2.74,-9.0,1100.0,-9.0,-9.0,-9.0,36.1,9.6,646.0,100,0,0
1,0,36.4260338,127.3861304,관평동,2005-07-24,2024,7,5,2321.0,28.8,1509.0,2.74,-9.0,1100.0,-9.0,-9.0,-9.0,36.1,9.6,646.0,100,0,0
1,0,36.3761708,127.338887,죽동,2022-07-24,2024,7,22,242.0,24.7,1310.0,1.8,2.3,1100.0,1.8,6.8,1.4,26.8,0.1,2355.0,95,8,2.76
1,0,36.3762196,127.3386853,죽동,2022-07-24,2024,7,22,242.0,24.7,1310.0,1.8,2.3,1100.0,1.8,6.8,1.4,26.8,0.1,2355.0,95,8,2.76
1,0,36.3724771,127.3351261,죽동,2022-07-24,2024,7,22,242.0,24.7,1310.0,1.8,2.3,1100.0,1.8,6.8,1.4,26.8,0.1,2355.0,95,8,2.76
1,0,36.3717194,127.3350072,죽동,2022-07-24,2024,7,22,242.0,24.7,1310.0,1.8,2.3,1100.0,1.8,6.8,1.4,26.8,0.1,2355.0,95,8,2.76
1,0,36.3713166,127.3348578,죽동,2022-07-24,2024,7,22,242.0,24.7,1310.0,1.8,2.3,1100.0,1.8,6.8,1.4,26.8,0.1,2355.0,95,8,2.76
1,0,36.371338,127.3343033,죽동,2022-07-24,2024,7,22,242.0,24.7,1310.0,1.8,2.3,1100.0,1.8,6.8,1.4,26.8,0.1,2355.0,95,8,2.76
1,0,36.3717463,127.3320898,죽동,2022-07-24,2024,7,22,242.0,24.7,1310.0,1.8,2.3,1100.0,1.8,6.8,1.4,26.8,0.1,2355.0,95,8,2.76
1,0,36.3717595,127.3322677,죽동,2022-07-24,2024,7,22,242.0,24.7,1310.0,1.8,2.3,1100.0,1.8,6.8,1.4,26.8,0.1,2355.0,95,8,2.76
1,0,36.3664505,127.3388563,죽동,2022-07-24,2024,7,22,242.0,24.7,1310.0,1.8,2.3,1100.0,1.8,6.8,1.4,26.8,0.1,2355.0,97,14,4.94
1,0,36.3666444,127.3389231,죽동,2022-07-24,2024,7,22,242.0,24.7,1310.0,1.8,2.3,1100.0,1.8,6.8,1.4,26.8,0.1,2355.0,97,14,4.94
1,0,36.3607481,127.3541642,어은동,2022-07-24,2024,7,22,242.0,24.7,1310.0,1.8,2.3,1100.0,1.8,6.8,1.4,26.8,0.1,2355.0,97,14,4.94
1,0,36.3623562,127.3558128,어은동,2022-07-24,2024,7,22,242.0,24.7,1310.0,1.8,2.3,1100.0,1.8,6.8,1.4,26.8,0.1,2355.0,97,14,4.94
1,0,36.3624276,127.3561928,어은동,2022-07-24,2024,7,22,242.0,24.7,1310.0,1.8,2.3,1100.0,1.8,6.8,1.4,26.8,0.1,2355.0,97,14,4.94
1,0,36.3625815,127.3565681,어은동,2022-07-24,2024,7,22,242.0,24.7,1310.0,1.8,2.3,1100.0,1.8,6.8,1.4,26.8,0.1,2355.0,97,14,4.94
1,0,36.3624017,127.3566568,어은동,2022-07-24,2024,7,22,242.0,24.7,1310.0,1.8,2.3,1100.0,1.8,6.8,1.4,26.8,0.1,2355.0,97,14,4.94
1,0,36.3617499,127.3567053,어은동,2023-07-24,2024,7,23,937.0,26.1,1645.0,2.84,5.1,1400.0,0.5,8.67,2.8,28.8,3.9,2327.0,97,14,4.94
1,0,36.3575433,127.3427661,봉명동,2023-07-24,2024,7,23,937.0,26.1,1645.0,2.84,5.1,1400.0,0.5,8.67,2.8,28.8,3.9,2327.0,100,10,3.26
1,0,36.3493848,127.3400517,봉명동,2023-07-24,2024,7,23,937.0,26.1,1645.0,2.84,5.1,1400.0,0.5,8.67,2.8,28.8,3.9,2327.0,100,10,3.26
1,0,36.3488061,127.34008,봉명동,2023-07-24,2024,7,23,937.0,26.1,1645.0,2.84,5.1,1400.0,0.5,8.67,2.8,28.8,3.9,2327.0,100,10,3.26
1,0,36.3486954,127.3380289,상대동,2023-07-24,2024,7,23,937.0,26.1,1645.0,2.84,5.1,1400.0,0.5,8.67,2.8,28.8,3.9,2327.0,100,10,3.26
1,0,36.3486802,127.3371163,상대동,2023-07-24,2024,7,23,937.0,26.1,1645.0,2.84,5.1,1400.0,0.5,8.67,2.8,28.8,3.9,2327.0,100,10,3.26
1,0,36.3486706,127.3366655,상대동,2023-07-24,2024,7,23,937.0,26.1,1645.0,2.84,5.1,1400.0,0.5,8.67,2.8,28.8,3.9,2327.0,100,10,3.26
1,0,36.3486585,127.3358612,상대동,2023-07-24,2024,7,23,937.0,26.1,1645.0,2.84,5.1,1400.0,0.5,8.67,2.8,28.8,3.9,2327.0,100,10,3.26
1,0,36.3486556,127.3335618,상대동,2023-07-24,2024,7,23,937.0,26.1,1645.0,2.84,5.1,1400.0,0.5,8.67,2.8,28.8,3.9,2327.0,100,10,3.26
1,0,36.3486235,127.3313473,상대동,2023-07-24,2024,7,23,937.0,26.1,1645.0,2.84,5.1,1400.0,0.5,8.67,2.8,28.8,3.9,2327.0,100,10,3.26
1,0,36.3486235,127.3312673,상대동,2023-07-24,2024,7,23,937.0,26.1,1645.0,2.84,5.1,1400.0,0.5,8.67,2.8,28.8,3.9,2327.0,100,10,3.26
1,0,36.3486282,127.3267053,상대동,2023-07-24,2024,7,23,937.0,26.1,1645.0,2.84,5.1,1400.0,0.5,8.67,2.8,28.8,3.9,2327.0,100,10,3.26
1,0,36.3361049,127.3167407,학하동,2023-07-24,2024,7,23,937.0,26.1,1645.0,2.84,5.1,1400.0,0.5,8.67,2.8,28.8,3.9,2327.0,-1,-1,-1
1,0,36.3299821,127.3131031,용계동,2023-07-24,2024,7,23,937.0,26.1,1645.0,2.84,5.1,1400.0,0.5,8.67,2.8,28.8,3.9,2327.0,-1,-1,-1
1,0,36.3297016,127.3129649,용계동,2023-07-24,2024,7,23,937.0,26.1,1645.0,2.84,5.1,1400.0,0.5,8.67,2.8,28.8,3.9,2327.0,-1,-1,-1
1,0,36.3273335,127.3122078,용계동,2023-07-24,2024,7,23,937.0,26.1,1645.0,2.84,5.1,1400.0,0.5,8.67,2.8,28.8,3.9,2327.0,-1,-1,-1
1,0,36.3244361,127.3123075,용계동,2023-07-24,2024,7,23,937.0,26.1,1645.0,2.84,5.1,1400.0,0.5,8.67,2.8,28.8,3.9,2327.0,116,7,1.87
1,0,36.3201457,127.3136482,대정동,2023-07-24,2024,7,23,937.0,26.1,1645.0,2.84,5.1,1400.0,0.5,8.67,2.8,28.8,3.9,2327.0,116,7,1.87
1,0,36.3149986,127.3155018,대정동,2023-07-24,2024,7,23,937.0,26.1,1645.0,2.84,5.1,1400.0,0.5,8.67,2.8,28.8,3.9,2327.0,139.5,6,2.05
1,0,36.3144026,127.3157373,대정동,2023-07-24,2024,7,23,937.0,26.1,1645.0,2.84,5.1,1400.0,0.5,8.67,2.8,28.8,3.9,2327.0,139.5,6,2.05
1,0,36.3110067,127.3174702,교촌동,2023-07-24,2024,7,23,937.0,26.1,1645.0,2.84,5.1,1400.0,0.5,8.67,2.8,28.8,3.9,2327.0,139.5,6,2.05
1,0,36.3051794,127.3200677,교촌동,2023-07-24,2024,7,23,937.0,26.1,1645.0,2.84,5.1,1400.0,0.5,8.67,2.8,28.8,3.9,2327.0,139.5,6,2.05
1,0,36.3047175,127.320255,교촌동,2023-07-24,2024,7,23,937.0,26.1,1645.0,2.84,5.1,1400.0,0.5,8.67,2.8,28.8,3.9,2327.0,139.5,6,2.05
1,0,36.2993358,127.3157872,원내동,2023-07-24,2024,7,23,937.0,26.1,1645.0,2.84,5.1,1400.0,0.5,8.67,2.8,28.8,3.9,2327.0,-1,-1,-1
1,0,36.2986134,127.316021,원내동,2023-07-24,2024,7,23,937.0,26.1,1645.0,2.84,5.1,1400.0,0.5,8.67,2.8,28.8,3.9,2327.0,-1,-1,-1
1,0,36.2983857,127.3157099,원내동,2023-07-24,2024,7,23,937.0,26.1,1645.0,2.84,5.1,1400.0,0.5,8.67,2.8,28.8,3.9,2327.0,-1,-1,-1
1,0,36.2979338,127.3150333,원내동,2023-07-24,2024,7,23,937.0,26.1,1645.0,2.84,5.1,1400.0,0.5,8.67,2.8,28.8,3.9,2327.0,-1,-1,-1
1,0,36.2986844,127.3161518,원내동,2023-07-24,2024,7,23,937.0,26.1,1645.0,2.84,5.1,1400.0,0.5,8.67,2.8,28.8,3.9,2327.0,-1,-1,-1
1,0,36.299355,127.3159116,원내동,2023-07-24,2024,7,23,937.0,26.1,1645.0,2.84,5.1,1400.0,0.5,8.67,2.8,28.8,3.9,2327.0,-1,-1,-1
1,0,36.2997707,127.3157655,원내동,2023-07-24,2024,7,23,937.0,26.1,1645.0,2.84,5.1,1400.0,0.5,8.67,2.8,28.8,3.9,2327.0,-1,-1,-1
1,0,36.3006165,127.3154704,원내동,2023-07-24,2024,7,23,937.0,26.1,1645.0,2.84,5.1,1400.0,0.5,8.67,2.8,28.8,3.9,2327.0,-1,-1,-1
1,0,36.3010087,127.3153214,원내동,2023-07-24,2024,7,23,937.0,26.1,1645.0,2.84,5.1,1400.0,0.5,8.67,2.8,28.8,3.9,2327.0,-1,-1,-1
1,0,36.3025569,127.3156015,원내동,2023-07-24,2024,7,23,937.0,26.1,1645.0,2.84,5.1,1400.0,0.5,8.67,2.8,28.8,3.9,2327.0,-1,-1,-1
1,0,36.3034721,127.3176269,원내동,2023-07-24,2024,7,23,937.0,26.1,1645.0,2.84,5.1,1400.0,0.5,8.67,2.8,28.8,3.9,2327.0,-1,-1,-1
1,0,36.3042144,127.3203217,원내동,2023-07-24,2024,7,23,937.0,26.1,1645.0,2.84,5.1,1400.0,0.5,8.67,2.8,28.8,3.9,2327.0,139.5,6,2.05
1,0,36.3042144,127.3203217,원내동,2023-07-24,2024,7,23,937.0,26.1,1645.0,2.84,5.1,1400.0,0.5,8.67,2.8,28.8,3.9,2327.0,139.5,6,2.05
1,0,36.3598648,127.2932792,갑동,2025-07-24,2024,7,25,1154.0,29.9,1433.0,3.23,-9.0,1200.0,-9.0,-9.0,-9.0,32.8,11.7,551.0,-1,-1,-1
1,0,36.4069446,127.3732953,방현동,2026-07-24,2024,7,26,,,,,,,,,,,,,89.5,11,4.82
1,0,36.3666797,127.3272001,노은동,2026-07-24,2024,7,26,,,,,,,,,,,,,97,14,4.94
1,0,36.4192753,127.37974,덕진동,2029-07-24,2024,7,29,,,,,,,,,,,,,87,7,5.6
1,0,36.4458044,127.3853474,봉산동,2029-07-24,2024,7,29,,,,,,,,,,,,,100,0,0
1,0,36.3585841,127.3371612,장대동,2030-07-24,2024,7,30,,,,,,,,,,,,,100,10,3.26
1,0,36.3623864,127.3561796,어은동,2031-07-24,2024,7,31,,,,,,,,,,,,,97,14,4.94
1,0,36.3624294,127.3562708,어은동,2031-07-24,2024,7,31,,,,,,,,,,,,,97,14,4.94
1,0,36.3595454,127.3429622,봉명동,2001-08-24,2024,8,1,1338.0,24.8,1514.0,3.15,-9.0,1200.0,-9.0,-9.0,-9.0,30.2,11.2,2257.0,100,10,3.26
1,0,36.3585989,127.3374559,장대동,2001-08-24,2024,8,1,1338.0,24.8,1514.0,3.15,-9.0,1200.0,-9.0,-9.0,-9.0,30.2,11.2,2257.0,100,10,3.26
1,0,36.358922,127.3287995,장대동,2001-08-24,2024,8,1,1338.0,24.8,1514.0,3.15,-9.0,1200.0,-9.0,-9.0,-9.0,30.2,11.2,2257.0,100,10,3.26
1,0,36.3594928,127.3239981,장대동,2001-08-24,2024,8,1,1338.0,24.8,1514.0,3.15,-9.0,1200.0,-9.0,-9.0,-9.0,30.2,11.2,2257.0,100,10,3.26
1,0,36.3604705,127.3031363,덕명동,2001-08-24,2024,8,1,1338.0,24.8,1514.0,3.15,-9.0,1200.0,-9.0,-9.0,-9.0,30.2,11.2,2257.0,100,10,3.26
1,0,36.3603685,127.3267128,장대동,2001-08-24,2024,8,1,1338.0,24.8,1514.0,3.15,-9.0,1200.0,-9.0,-9.0,-9.0,30.2,11.2,2257.0,100,10,3.26
1,0,36.3636454,127.3272178,장대동,2001-08-24,2024,8,1,1338.0,24.8,1514.0,3.15,-9.0,1200.0,-9.0,-9.0,-9.0,30.2,11.2,2257.0,100,10,3.26
1,0,36.3848419,127.3785481,도룡동,2001-08-24,2024,8,1,1338.0,24.8,1514.0,3.15,-9.0,1200.0,-9.0,-9.0,-9.0,30.2,11.2,2257.0,92.5,6,4.35
1,0,36.353136,127.3369673,봉명동,2005-08-24,2024,8,5,1953.0,21.2,1027.0,1.67,3.5,1000.0,4.0,6.75,2.5,21.7,1.1,10.0,100,10,3.26
1,0,36.3546954,127.3382101,봉명동,2005-08-24,2024,8,5,1953.0,21.2,1027.0,1.67,3.5,1000.0,4.0,6.75,2.5,21.7,1.1,10.0,100,10,3.26
1,0,36.4182704,127.3788462,관평동,2005-08-24,2024,8,5,1953.0,21.2,1027.0,1.67,3.5,1000.0,4.0,6.75,2.5,21.7,1.1,10.0,87,7,5.6
1,0,36.4119107,127.3779061,화암동,2005-08-24,2024,8,5,1953.0,21.2,1027.0,1.67,3.5,1000.0,4.0,6.75,2.5,21.7,1.1,10.0,89.5,11,4.82
1,0,36.3971543,127.3548409,장동,2005-08-24,2024,8,5,1953.0,21.2,1027.0,1.67,3.5,1000.0,4.0,6.75,2.5,21.7,1.1,10.0,89.5,11,4.82
1,0,36.3940462,127.3504939,자운동,2005-08-24,2024,8,5,1953.0,21.2,1027.0,1.67,3.5,1000.0,4.0,6.75,2.5,21.7,1.1,10.0,89.5,11,4.82
1,0,36.369134,127.3504628,어은동,2005-08-24,2024,8,5,1953.0,21.2,1027.0,1.67,3.5,1000.0,4.0,6.75,2.5,21.7,1.1,10.0,97,14,4.94
1,0,36.364056,127.3558003,어은동,2005-08-24,2024,8,5,1953.0,21.2,1027.0,1.67,3.5,1000.0,4.0,6.75,2.5,21.7,1.1,10.0,97,14,4.94
1,0,36.3624144,127.3561372,어은동,2006-08-24,2024,8,6,1304.0,27.4,1345.0,3.11,-9.0,1300.0,0.2,-9.0,-9.0,29.2,5.6,2312.0,97,14,4.94
1,0,36.4087304,127.3755045,화암동,2006-09-24,2024,9,6,1039.0,18.3,1510.0,2.99,-9.0,1200.0,-9.0,-9.0,-9.0,22.4,11.1,721.0,89.5,11,4.82
1,0,36.3454733,127.3389475,상대동,2008-09-24,2024,9,8,919.0,21.9,1332.0,1.78,0.0,1000.0,3.0,0.27,0.0,22.4,0.7,905.0,100,10,3.26
1,0,36.3378753,127.325972,복용동,2008-09-24,2024,9,8,919.0,21.9,1332.0,1.78,0.0,1000.0,3.0,0.27,0.0,22.4,0.7,905.0,-1,-1,-1
1,0,36.3385493,127.316879,학하동,2008-09-24,2024,9,8,919.0,21.9,1332.0,1.78,0.0,1000.0,3.0,0.27,0.0,22.4,0.7,905.0,-1,-1,-1
1,0,36.3403616,127.3087813,학하동,2008-09-24,2024,9,8,919.0,21.9,1332.0,1.78,0.0,1000.0,3.0,0.27,0.0,22.4,0.7,905.0,-1,-1,-1
1,0,36.3623567,127.3568282,어은동,2008-09-24,2024,9,8,919.0,21.9,1332.0,1.78,0.0,1000.0,3.0,0.27,0.0,22.4,0.7,905.0,97,14,4.94
1,0,36.3371305,127.3345333,상대동,2010-09-24,2024,9,10,1825.0,18.2,1234.0,3.07,-9.0,1200.0,-9.0,-9.0,-9.0,20.8,10.4,803.0,-1,-1,-1
1,0,36.3050871,127.2942619,성북동,2020-09-24,2024,9,20,1627.0,20.8,1536.0,3.09,-9.0,1100.0,-9.0,-9.0,-9.0,23.8,9.5,1.0,112.5,2,0.85
1,0,36.3408826,127.3198701,복용동,2020-09-24,2024,9,20,1627.0,20.8,1536.0,3.09,-9.0,1100.0,-9.0,-9.0,-9.0,23.8,9.5,1.0,-1,-1,-1
1,0,36.3454301,127.3019064,덕명동,2028-10-24,2024,10,28,,,,,,,,,,,,,-1,-1,-1
1,0,36.3507579,127.2975022,덕명동,2028-10-24,2024,10,28,,,,,,,,,,,,,-1,-1,-1
1,0,36.3598444,127.3051123,덕명동,2028-10-24,2024,10,28,,,,,,,,,,,,,100,10,3.26
1,0,36.3246945,127.3190443,용계동,2028-10-24,2024,10,28,,,,,,,,,,,,,139.5,6,2.05
1,0,36.3234643,127.317443,용계동,2028-10-24,2024,10,28,,,,,,,,,,,,,116,7,1.87
1,0,36.2999096,127.315775,원내동,2028-10-24,2024,10,28,,,,,,,,,,,,,-1,-1,-1
1,0,36.3636689,127.3404366,장대동,2029-10-24,2024,10,29,,,,,,,,,,,,,97,14,4.94
1,0,36.3638746,127.33984,장대동,2029-10-24,2024,10,29,,,,,,,,,,,,,97,14,4.94
1,0,36.3595458,127.3231565,장대동,2029-10-24,2024,10,29,,,,,,,,,,,,,100,10,3.26
1,0,36.348614,127.3325623,상대동,2030-10-24,2024,10,30,,,,,,,,,,,,,100,10,3.26
1,0,36.3133259,127.3163753,교촌동,2030-10-24,2024,10,30,,,,,,,,,,,,,139.5,6,2.05
1,0,36.3608378,127.3542696,어은동,2030-10-24,2024,10,30,,,,,,,,,,,,,97,14,4.94
1,0,36.353581,127.3414063,봉명동,2030-10-24,2024,10,30,,,,,,,,,,,,,100,10,3.26
1,0,36.3933142,127.4069405,문지동,2030-10-24,2024,10,30,,,,,,,,,,,,,-1,-1,-1
1,0,36.3243918,127.3123664,용계동,2030-10-24,2024,10,30,,,,,,,,,,,,,116,7,1.87
1,0,36.3761827,127.338944,죽동,2030-10-24,2024,10,30,,,,,,,,,,,,,95,8,2.76
1,0,36.3616374,127.3579044,어은동,2031-10-24,2024,10,31,,,,,,,,,,,,,97,14,4.94
1,0,36.3496234,127.326575,구암동,2031-10-24,2024,10,31,,,,,,,,,,,,,100,10,3.26
1,0,36.374778,127.394908,도룡동,2001-11-24,2024,11,1,1359.0,8.6,1443.0,1.78,0.6,1200.0,0.6,0.5,-9.0,8.1,6.2,0.0,-1,-1,-1
1,0,36.3650676,127.3631632,구성동,2005-11-24,2024,11,5,1311.0,7.7,1325.0,1.59,0.0,1200.0,0.0,0.1,-9.0,5.2,6.0,856.0,-1,-1,-1
1,0,36.3624363,127.3431994,궁동,2006-11-24,2024,11,6,1156.0,8.1,1318.0,1.76,-9.0,1100.0,-9.0,-9.0,-9.0,7.4,3.7,1004.0,97,14,4.94
1,0,36.3575589,127.3410558,봉명동,2027-11-24,2024,11,27,,,,,,,,,,,,,100,10,3.26
1,0,36.3747697,127.341719,궁동,2027-11-24,2024,11,27,,,,,,,,,,,,,95,8,2.76
1,0,36.3580947,127.3396878,장대동,2027-11-24,2024,11,27,,,,,,,,,,,,,100,10,3.26
1,0,36.3575604,127.3398734,장대동,2027-11-24,2024,11,27,,,,,,,,,,,,,100,10,3.26
1,0,36.3611846,127.3442745,궁동,2028-11-24,2024,11,28,,,,,,,,,,,,,97,14,4.94
1,0,36.4027555,127.4049664,전민동,2002-12-24,2024,12,2,825.0,4.6,1.0,0.92,0.5,1100.0,3.4,10.0,-9.0,5.4,0.2,1012.0,96,7,3
1,0,36.4202204,127.3861794,관평동,2002-12-24,2024,12,2,825.0,4.6,1.0,0.92,0.5,1100.0,3.4,10.0,-9.0,5.4,0.2,1012.0,100,0,0
1,0,36.4205666,127.3864053,관평동,2002-12-24,2024,12,2,825.0,4.6,1.0,0.92,0.5,1100.0,3.4,10.0,-9.0,5.4,0.2,1012.0,100,0,0
1,0,36.4206472,127.3864573,관평동,2002-12-24,2024,12,2,825.0,4.6,1.0,0.92,0.5,1100.0,3.4,10.0,-9.0,5.4,0.2,1012.0,100,0,0
1,0,36.3624738,127.3571108,어은동,2002-12-24,2024,12,2,825.0,4.6,1.0,0.92,0.5,1100.0,3.4,10.0,-9.0,5.4,0.2,1012.0,97,14,4.94
1,0,36.3486059,127.3265601,상대동,2003-12-24,2024,12,3,1228.0,7.3,1435.0,1.4,-9.0,1200.0,-9.0,-9.0,-9.0,3.4,7.5,936.0,100,10,3.26
1,0,36.3496309,127.32608,구암동,2004-12-24,2024,12,4,941.0,-0.9,1422.0,1.13,-9.0,1300.0,-9.0,-9.0,-9.0,-2.2,0.0,1034.0,100,10,3.26
1,0,36.3496406,127.3263028,구암동,2004-12-24,2024,12,4,941.0,-0.9,1422.0,1.13,-9.0,1300.0,-9.0,-9.0,-9.0,-2.2,0.0,1034.0,100,10,3.26
1,0,36.3609414,127.3548325,어은동,2005-12-24,2024,12,5,1346.0,-3.8,1515.0,1.73,-9.0,1200.0,-9.0,-9.0,-9.0,-3.0,8.9,943.0,97,14,4.94
1,0,36.3361872,127.3334001,상대동,2005-12-24,2024,12,5,1346.0,-3.8,1515.0,1.73,-9.0,1200.0,-9.0,-9.0,-9.0,-3.0,8.9,943.0,-1,-1,-1
1,0,36.3361934,127.3327366,상대동,2005-12-24,2024,12,5,1346.0,-3.8,1515.0,1.73,-9.0,1200.0,-9.0,-9.0,-9.0,-3.0,8.9,943.0,-1,-1,-1
1,0,36.360742,127.3442034,궁동,2005-12-24,2024,12,5,1346.0,-3.8,1515.0,1.73,-9.0,1200.0,-9.0,-9.0,-9.0,-3.0,8.9,943.0,97,14,4.94
1,0,36.3620263,127.3577154,어은동,2005-12-24,2024,12,5,1346.0,-3.8,1515.0,1.73,-9.0,1200.0,-9.0,-9.0,-9.0,-3.0,8.9,943.0,97,14,4.94
1,0,36.3604127,127.3515997,궁동,2006-12-24,2024,12,6,308.0,1.0,1519.0,1.19,-9.0,1100.0,-9.0,-9.0,-9.0,1.2,2.2,954.0,97,14,4.94
1,0,36.3607916,127.3541535,어은동,2006-12-24,2024,12,6,308.0,1.0,1519.0,1.19,-9.0,1100.0,-9.0,-9.0,-9.0,1.2,2.2,954.0,97,14,4.94
1,0,36.3622186,127.344801,궁동,2006-12-24,2024,12,6,308.0,1.0,1519.0,1.19,-9.0,1100.0,-9.0,-9.0,-9.0,1.2,2.2,954.0,97,14,4.94
1,0,36.354413,127.3501158,봉명동,2008-12-24,2024,12,8,1620.0,3.3,1546.0,0.91,-9.0,1300.0,-9.0,-9.0,-9.0,1.8,0.7,0.0,100,10,3.26
1,0,36.3620165,127.3563687,어은동,2008-12-24,2024,12,8,1620.0,3.3,1546.0,0.91,-9.0,1300.0,-9.0,-9.0,-9.0,1.8,0.7,0.0,97,14,4.94
1,0,36.3605842,127.3498916,궁동,2010-12-24,2024,12,10,1338.0,-8.0,0.0,1.97,0.0,1200.0,0.0,2.92,-9.0,-2.7,8.3,913.0,97,14,4.94
1,0,36.314489,127.3214646,대정동,2011-12-24,2024,12,11,1332.0,-3.1,1419.0,1.8,3.0,1300.0,-9.0,5.02,-9.0,-1.2,8.0,2346.0,139.5,6,2.05
1,0,36.3401016,127.3433003,원신흥동,2011-12-24,2024,12,11,1332.0,-3.1,1419.0,1.8,3.0,1300.0,-9.0,5.02,-9.0,-1.2,8.0,2346.0,80,5,3.4
1,0,36.3608519,127.3544088,어은동,2011-12-24,2024,12,11,1332.0,-3.1,1419.0,1.8,3.0,1300.0,-9.0,5.02,-9.0,-1.2,8.0,2346.0,97,14,4.94
1,0,36.360397,127.3518479,궁동,2011-12-24,2024,12,11,1332.0,-3.1,1419.0,1.8,3.0,1300.0,-9.0,5.02,-9.0,-1.2,8.0,2346.0,97,14,4.94
1,0,36.3917997,127.3503174,신성동,2011-12-24,2024,12,11,1332.0,-3.1,1419.0,1.8,3.0,1300.0,-9.0,5.02,-9.0,-1.2,8.0,2346.0,89.5,11,4.82
1,0,36.3918194,127.3502968,신성동,2011-12-24,2024,12,11,1332.0,-3.1,1419.0,1.8,3.0,1300.0,-9.0,5.02,-9.0,-1.2,8.0,2346.0,89.5,11,4.82
1,0,36.3622149,127.3452893,궁동,2012-12-24,2024,12,12,1347.0,-7.6,1424.0,2.03,0.1,1200.0,0.3,1.22,-9.0,-1.3,8.8,914.0,97,14,4.94
1,0,36.3632035,127.3409248,궁동,2012-12-24,2024,12,12,1347.0,-7.6,1424.0,2.03,0.1,1200.0,0.3,1.22,-9.0,-1.3,8.8,914.0,97,14,4.94
1,0,36.422838,127.4062961,용산동,2013-12-24,2024,12,13,1405.0,-1.0,1429.0,2.0,-9.0,1200.0,-9.0,-9.0,-9.0,-0.7,8.8,2251.0,96,7,3
1,0,36.3114022,127.2896119,성북동,2013-12-24,2024,12,13,1405.0,-1.0,1429.0,2.0,-9.0,1200.0,-9.0,-9.0,-9.0,-0.7,8.8,2251.0,112.5,2,0.85
1,0,36.2935971,127.2998492,성북동,2013-12-24,2024,12,13,1405.0,-1.0,1429.0,2.0,-9.0,1200.0,-9.0,-9.0,-9.0,-0.7,8.8,2251.0,112.5,2,0.85
1,0,36.2895888,127.3035583,방동,2013-12-24,2024,12,13,1405.0,-1.0,1429.0,2.0,-9.0,1200.0,-9.0,-9.0,-9.0,-0.7,8.8,2251.0,-1,-1,-1
1,0,36.3910014,127.4078363,문지동,2013-12-24,2024,12,13,1405.0,-1.0,1429.0,2.0,-9.0,1200.0,-9.0,-9.0,-9.0,-0.7,8.8,2251.0,-1,-1,-1
1,0,36.3938882,127.3504008,자운동,2016-12-24,2024,12,16,119.0,-1.1,1302.0,1.47,-9.0,1200.0,-9.0,-9.0,-9.0,1.5,0.7,2323.0,89.5,11,4.82
1,0,36.3913696,127.3249799,하기동,2017-12-24,2024,12,17,1647.0,3.2,1341.0,0.14,21.4,1300.0,19.1,9.08,-9.0,2.1,0.0,1.0,89.5,11,4.82
1,0,36.3607183,127.353945,어은동,2017-12-24,2024,12,17,1647.0,3.2,1341.0,0.14,21.4,1300.0,19.1,9.08,-9.0,2.1,0.0,1.0,97,14,4.94
1,0,36.3840651,127.3068322,지족동,2017-12-24,2024,12,17,1647.0,3.2,1341.0,0.14,21.4,1300.0,19.1,9.08,-9.0,2.1,0.0,1.0,89.5,9,4.96
1,0,36.3613606,127.3562032,어은동,2018-12-24,2024,12,18,1241.0,-0.9,1451.0,2.08,-9.0,1200.0,-9.0,-9.0,-9.0,0.4,8.6,905.0,97,14,4.94
1,0,36.376836,127.3972063,도룡동,2018-12-24,2024,12,18,1241.0,-0.9,1451.0,2.08,-9.0,1200.0,-9.0,-9.0,-9.0,0.4,8.6,905.0,-1,-1,-1
1,0,36.3598608,127.3347847,장대동,2019-12-24,2024,12,19,1430.0,1.2,1458.0,1.95,-9.0,1200.0,-9.0,-9.0,-9.0,2.0,6.1,1015.0,100,10,3.26
1,0,36.3609685,127.3489032,궁동,2030-12-24,2024,12,30,,,,,,,,,,,,,97,14,4.94
1,0,36.3809451,127.4065991,원촌동,2009-01-25,2025,1,9,1620.0,-2.5,1511.0,1.71,1.5,1300.0,0.0,7.25,-9.0,-0.4,3.9,933.0,-1,-1,-1
1,0,36.3810703,127.4065609,원촌동,2009-01-25,2025,1,9,1620.0,-2.5,1511.0,1.71,1.5,1300.0,0.0,7.25,-9.0,-0.4,3.9,933.0,-1,-1,-1
1,0,36.3605156,127.3507753,궁동,2013-01-25,2025,1,13,1424.0,-5.1,1502.0,2.3,-9.0,1200.0,0.0,-9.0,-9.0,-1.3,9.4,1042.0,97,14,4.94
1,0,36.3750905,127.3297712,죽동,2013-01-25,2025,1,13,1424.0,-5.1,1502.0,2.3,-9.0,1200.0,0.0,-9.0,-9.0,-1.3,9.4,1042.0,95,8,2.76
1,0,36.3767163,127.3308416,죽동,2013-01-25,2025,1,13,1424.0,-5.1,1502.0,2.3,-9.0,1200.0,0.0,-9.0,-9.0,-1.3,9.4,1042.0,95,8,2.76
1,0,36.3775279,127.3307317,죽동,2013-01-25,2025,1,13,1424.0,-5.1,1502.0,2.3,-9.0,1200.0,0.0,-9.0,-9.0,-1.3,9.4,1042.0,95,8,2.76
1,0,36.3784783,127.3292636,죽동,2013-01-25,2025,1,13,1424.0,-5.1,1502.0,2.3,-9.0,1200.0,0.0,-9.0,-9.0,-1.3,9.4,1042.0,89.5,11,4.82
1,0,36.3949089,127.3124904,반석동,2013-01-25,2025,1,13,1424.0,-5.1,1502.0,2.3,-9.0,1200.0,0.0,-9.0,-9.0,-1.3,9.4,1042.0,89.5,9,4.96
1,0,36.4436262,127.2874405,금남면,2017-01-25,2025,1,17,1213.0,-4.4,1453.0,2.35,-9.0,1200.0,-9.0,-9.0,-9.0,-2.3,9.2,954.0,78,6,4.94
1,0,36.4406968,127.3151904,금남면,2017-01-25,2025,1,17,1213.0,-4.4,1453.0,2.35,-9.0,1200.0,-9.0,-9.0,-9.0,-2.3,9.2,954.0,78,6,4.94
1,0,36.4403871,127.3166947,금남면,2017-01-25,2025,1,17,1213.0,-4.4,1453.0,2.35,-9.0,1200.0,-9.0,-9.0,-9.0,-2.3,9.2,954.0,78,6,4.94
1,0,36.4212318,127.3814122,관평동,2017-01-25,2025,1,17,1213.0,-4.4,1453.0,2.35,-9.0,1200.0,-9.0,-9.0,-9.0,-2.3,9.2,954.0,100,0,0
1,0,36.3866267,127.3186665,지족동,2017-01-25,2025,1,17,1213.0,-4.4,1453.0,2.35,-9.0,1200.0,-9.0,-9.0,-9.0,-2.3,9.2,954.0,89.5,11,4.82
1,0,36.3748903,127.3298318,죽동,2017-01-25,2025,1,17,1213.0,-4.4,1453.0,2.35,-9.0,1200.0,-9.0,-9.0,-9.0,-2.3,9.2,954.0,95,8,2.76
1,0,36.3637151,127.3401727,장대동,2020-01-25,2025,1,20,56.0,5.2,1503.0,1.15,-9.0,1300.0,-9.0,-9.0,-9.0,3.7,1.8,1.0,97,14,4.94
1,0,36.3974904,127.3128827,외삼동,2020-01-25,2025,1,20,56.0,5.2,1503.0,1.15,-9.0,1300.0,-9.0,-9.0,-9.0,3.7,1.8,1.0,89.5,9,4.96
1,0,36.3979554,127.3120737,외삼동,2020-01-25,2025,1,20,56.0,5.2,1503.0,1.15,-9.0,1300.0,-9.0,-9.0,-9.0,3.7,1.8,1.0,89.5,9,4.96
1,0,36.3622265,127.3455471,궁동,2020-01-25,2025,1,20,56.0,5.2,1503.0,1.15,-9.0,1300.0,-9.0,-9.0,-9.0,3.7,1.8,1.0,97,14,4.94
1,0,36.3872696,127.3434526,하기동,2020-01-25,2025,1,20,56.0,5.2,1503.0,1.15,-9.0,1300.0,-9.0,-9.0,-9.0,3.7,1.8,1.0,89.5,11,4.82
1,0,36.3612899,127.3559658,어은동,2022-01-25,2025,1,22,59.0,3.4,1.0,0.21,0.2,1200.0,0.2,11.25,-9.0,2.0,0.0,2357.0,97,14,4.94
1,0,36.4472911,127.3841781,봉산동,2022-01-25,2025,1,22,59.0,3.4,1.0,0.21,0.2,1200.0,0.2,11.25,-9.0,2.0,0.0,2357.0,100,0,0
1,0,36.4087135,127.3755944,화암동,2022-01-25,2025,1,22,59.0,3.4,1.0,0.21,0.2,1200.0,0.2,11.25,-9.0,2.0,0.0,2357.0,89.5,11,4.82
1,0,36.3484258,127.3352962,상대동,2023-01-25,2025,1,23,35.0,-11.4,1619.0,2.29,0.0,1200.0,0.0,0.83,-9.0,-5.3,9.3,224.0,100,10,3.26
1,0,36.3461284,127.3401774,상대동,2023-01-25,2025,1,23,35.0,-11.4,1619.0,2.29,0.0,1200.0,0.0,0.83,-9.0,-5.3,9.3,224.0,100,10,3.26
1,0,36.3407582,127.3376271,상대동,2023-01-25,2025,1,23,35.0,-11.4,1619.0,2.29,0.0,1200.0,0.0,0.83,-9.0,-5.3,9.3,224.0,-1,-1,-1
1,0,36.3322053,127.3334737,용계동,2023-01-25,2025,1,23,35.0,-11.4,1619.0,2.29,0.0,1200.0,0.0,0.83,-9.0,-5.3,9.3,224.0,-1,-1,-1
1,0,36.3617629,127.3565156,어은동,2024-01-25,2025,1,24,1706.0,-4.3,1512.0,2.19,-9.0,1200.0,-9.0,-9.0,-9.0,-1.9,9.3,1945.0,97,14,4.94
1,0,36.3609282,127.3545996,어은동,2024-01-25,2025,1,24,1706.0,-4.3,1512.0,2.19,-9.0,1200.0,-9.0,-9.0,-9.0,-1.9,9.3,1945.0,97,14,4.94
1,0,36.39681,127.3098958,반석동,2024-01-25,2025,1,24,1706.0,-4.3,1512.0,2.19,-9.0,1200.0,-9.0,-9.0,-9.0,-1.9,9.3,1945.0,89.5,9,4.96
1,0,36.391666,127.3321587,하기동,2031-01-25,2025,1,31,,,,,,,,,,,,,89.5,11,4.82
1,0,36.3911042,127.3355129,하기동,2031-01-25,2025,1,31,,,,,,,,,,,,,89.5,11,4.82
1,0,36.3935838,127.3498387,자운동,2031-01-25,2025,1,31,,,,,,,,,,,,,89.5,11,4.82
1,0,36.3823481,127.3435827,신성동,2031-01-25,2025,1,31,,,,,,,,,,,,,95,8,2.76
1,0,36.3610177,127.3550136,어은동,2031-01-25,2025,1,31,,,,,,,,,,,,,97,14,4.94
1,0,36.3509417,127.3377304,구암동,2005-02-25,2025,2,5,1327.0,-2.6,1406.0,2.6,0.0,1300.0,0.0,0.23,-9.0,-0.1,9.9,2343.0,100,10,3.26
1,0,36.3593899,127.3092959,구암동,2011-02-25,2025,2,11,846.0,4.3,1534.0,2.33,-9.0,1300.0,-9.0,-9.0,-9.0,6.6,7.4,2308.0,100,10,3.26
1,0,36.3606775,127.3539206,어은동,2014-02-25,2025,2,14,1314.0,6.0,1536.0,2.39,-9.0,1200.0,-9.0,-9.0,-9.0,5.4,7.4,918.0,97,14,4.94
1,0,36.3103308,127.2906615,성북동,2017-02-25,2025,2,17,1501.0,3.5,1424.0,2.94,-9.0,1200.0,-9.0,-9.0,-9.0,4.3,10.4,900.0,112.5,2,0.85
1,0,36.3674379,127.3672516,구성동,2018-02-25,2025,2,18,1515.0,4.0,1514.0,1.48,-9.0,1400.0,-9.0,-9.0,-9.0,4.5,5.9,1.0,92.5,6,4.35
1,0,36.3660647,127.3650315,구성동,2018-02-25,2025,2,18,1515.0,4.0,1514.0,1.48,-9.0,1400.0,-9.0,-9.0,-9.0,4.5,5.9,1.0,-1,-1,-1
1,0,36.2798812,127.256012,송정동,2019-02-25,2025,2,19,1521.0,5.7,1420.0,2.68,-9.0,1200.0,-9.0,-9.0,-9.0,5.8,9.7,2227.0,100.5,4,1.29
1,0,36.2858963,127.2607678,송정동,2019-02-25,2025,2,19,1521.0,5.7,1420.0,2.68,-9.0,1200.0,-9.0,-9.0,-9.0,5.8,9.7,2227.0,122.5,4,1.32
1,0,36.2877553,127.2650484,송정동,2019-02-25,2025,2,19,1521.0,5.7,1420.0,2.68,-9.0,1200.0,-9.0,-9.0,-9.0,5.8,9.7,2227.0,122.5,4,1.32
1,0,36.3108119,127.264629,세동,2019-02-25,2025,2,19,1521.0,5.7,1420.0,2.68,-9.0,1200.0,-9.0,-9.0,-9.0,5.8,9.7,2227.0,122.5,4,1.32
1,0,36.3688226,127.3073111,노은동,2021-02-25,2025,2,21,1610.0,4.7,1532.0,0.71,0.0,1000.0,0.0,4.75,-9.0,3.6,0.1,1016.0,89.5,11,4.82
1,0,36.4116995,127.3776491,화암동,2021-02-25,2025,2,21,1610.0,4.7,1532.0,0.71,0.0,1000.0,0.0,4.75,-9.0,3.6,0.1,1016.0,89.5,11,4.82
1,0,36.4057152,127.3680603,방현동,2024-02-25,2025,2,24,1507.0,2.3,1414.0,0.73,1.7,1200.0,0.0,14.75,-9.0,4.6,0.0,2353.0,89.5,11,4.82
1,0,36.4013992,127.3624886,장동,2024-02-25,2025,2,24,1507.0,2.3,1414.0,0.73,1.7,1200.0,0.0,14.75,-9.0,4.6,0.0,2353.0,89.5,11,4.82
1,0,36.3722099,127.32074,지족동,2024-02-25,2025,2,24,1507.0,2.3,1414.0,0.73,1.7,1200.0,0.0,14.75,-9.0,4.6,0.0,2353.0,95,8,2.76
1,0,36.3722701,127.3192955,지족동,2024-02-25,2025,2,24,1507.0,2.3,1414.0,0.73,1.7,1200.0,0.0,14.75,-9.0,4.6,0.0,2353.0,95,8,2.76
1,0,36.3466608,127.3538384,월평동,2014-07-25,2025,7,14,2132.0,29.9,1441.0,3.43,0.7,1400.0,0.7,1.17,0.7,33.1,10.4,1.0,-1,-1,-1
1,0,36.348692,127.3357675,상대동,2012-07-25,2025,7,12,1704.0,28.7,1524.0,2.81,-9.0,1100.0,-9.0,-9.0,-9.0,29.4,8.7,829.0,100,10,3.26
1,0,36.3373946,127.412706,중촌동,2025-10-25,2025,10,25,1704.0,14.3,1408.0,1.57,-9.0,1200.0,0.0,-9.0,-9.0,15.4,2.4,1.0,-1,-1,-1
1,0,36.3435552,127.4072009,중촌동,2025-10-25,2025,10,25,1704.0,14.3,1408.0,1.57,-9.0,1200.0,0.0,-9.0,-9.0,15.4,2.4,1.0,-1,-1,-1
1,0,36.3306109,127.3707739,변동,2025-10-25,2025,10,25,1704.0,14.3,1408.0,1.57,-9.0,1200.0,0.0,-9.0,-9.0,15.4,2.4,1.0,-1,-1,-1
1,0,36.3272046,127.3720301,도마동,2025-10-25,2025,10,25,1704.0,14.3,1408.0,1.57,-9.0,1200.0,0.0,-9.0,-9.0,15.4,2.4,1.0,-1,-1,-1
1,0,36.322233,127.4120654,오류동,2025-10-25,2025,10,25,1704.0,14.3,1408.0,1.57,-9.0,1200.0,0.0,-9.0,-9.0,15.4,2.4,1.0,-1,-1,-1
1,0,36.3208279,127.4144762,문화동,2025-10-25,2025,10,25,1704.0,14.3,1408.0,1.57,-9.0,1200.0,0.0,-9.0,-9.0,15.4,2.4,1.0,-1,-1,-1
1,0,36.3179165,127.4230444,대사동,2025-10-25,2025,10,25,1704.0,14.3,1408.0,1.57,-9.0,1200.0,0.0,-9.0,-9.0,15.4,2.4,1.0,-1,-1,-1
1,0,36.3518013,127.3485119,봉명동,2026-10-25,2025,10,26,,,,,,,,,,,,,100,10,3.26
1,0,36.348054,127.3309326,상대동,2026-10-25,2025,10,26,,,,,,,,,,,,,100,10,3.26
1,0,36.3407266,127.3324674,상대동,2026-10-25,2025,10,26,,,,,,,,,,,,,-1,-1,-1
1,0,36.3341402,127.4191144,선화동,2026-10-25,2025,10,26,,,,,,,,,,,,,-1,-1,-1
1,0,36.3356861,127.4245063,삼성동,2026-10-25,2025,10,26,,,,,,,,,,,,,-1,-1,-1
1,0,36.3397152,127.4208375,삼성동,2027-10-25,2025,10,27,,,,,,,,,,,,,-1,-1,-1
1,0,36.3539246,127.4175106,오정동,2027-10-25,2025,10,27,,,,,,,,,,,,,-1,-1,-1
1,0,36.3552877,127.4167865,오정동,2027-10-25,2025,10,27,,,,,,,,,,,,,-1,-1,-1
1,0,36.3779836,127.4105801,읍내동,2027-10-25,2025,10,27,,,,,,,,,,,,,-1,-1,-1
1,0,36.3522103,127.418508,오정동,2027-10-25,2025,10,27,,,,,,,,,,,,,-1,-1,-1
1,0,36.3504958,127.4194766,오정동,2027-10-25,2025,10,27,,,,,,,,,,,,,-1,-1,-1
1,0,36.3449683,127.4244314,홍도동,2027-10-25,2025,10,27,,,,,,,,,,,,,-1,-1,-1
1,0,36.3427847,127.427138,성남동,2027-10-25,2025,10,27,,,,,,,,,,,,,-1,-1,-1
1,0,36.3351048,127.4223875,선화동,2027-10-25,2025,10,27,,,,,,,,,,,,,-1,-1,-1
1,0,36.336046,127.4206062,선화동,2027-10-25,2025,10,27,,,,,,,,,,,,,-1,-1,-1
1,0,36.335027,127.4502945,자양동,2028-10-25,2025,10,28,,,,,,,,,,,,,-1,-1,-1
1,0,36.330872,127.4607762,용운동,2028-10-25,2025,10,28,,,,,,,,,,,,,88.5,4,2.71
1,0,36.3292816,127.4431608,대동,2028-10-25,2025,10,28,,,,,,,,,,,,,-1,-1,-1
1,0,36.3541996,127.4173074,오정동,2029-10-25,2025,10,29,,,,,,,,,,,,,-1,-1,-1
1,0,36.3749149,127.4153833,읍내동,2029-10-25,2025,10,29,,,,,,,,,,,,,-1,-1,-1
1,0,36.3900312,127.4059176,문지동,2029-10-25,2025,10,29,,,,,,,,,,,,,-1,-1,-1
1,0,36.3915497,127.4077584,문지동,2029-10-25,2025,10,29,,,,,,,,,,,,,-1,-1,-1
1,0,36.3363644,127.4204777,선화동,2029-10-25,2025,10,29,,,,,,,,,,,,,-1,-1,-1
1,0,36.3363323,127.4207102,선화동,2029-10-25,2025,10,29,,,,,,,,,,,,,-1,-1,-1
1,0,36.3356762,127.4208805,선화동,2029-10-25,2025,10,29,,,,,,,,,,,,,-1,-1,-1
1,0,36.3554831,127.4167441,오정동,2030-10-25,2025,10,30,,,,,,,,,,,,,-1,-1,-1
1,0,36.3753531,127.4149498,읍내동,2030-10-25,2025,10,30,,,,,,,,,,,,,-1,-1,-1
1,0,36.3756518,127.4147962,읍내동,2030-10-25,2025,10,30,,,,,,,,,,,,,-1,-1,-1
1,0,36.3790994,127.4089072,원촌동,2030-10-25,2025,10,30,,,,,,,,,,,,,-1,-1,-1
1,0,36.3774491,127.4110319,읍내동,2030-10-25,2025,10,30,,,,,,,,,,,,,-1,-1,-1
1,0,36.3759142,127.4142828,대화동,2030-10-25,2025,10,30,,,,,,,,,,,,,-1,-1,-1
1,0,36.3732084,127.4160932,읍내동,2030-10-25,2025,10,30,,,,,,,,,,,,,-1,-1,-1
1,0,36.3709049,127.4181151,대화동,2030-10-25,2025,10,30,,,,,,,,,,,,,-1,-1,-1
1,0,36.3356942,127.421067,선화동,2030-10-25,2025,10,30,,,,,,,,,,,,,-1,-1,-1
1,0,36.3364002,127.4199303,선화동,2031-10-25,2025,10,31,,,,,,,,,,,,,-1,-1,-1
1,0,36.3507797,127.4193395,오정동,2031-10-25,2025,10,31,,,,,,,,,,,,,-1,-1,-1
1,0,36.3559585,127.4164607,오정동,2031-10-25,2025,10,31,,,,,,,,,,,,,-1,-1,-1
1,0,36.391109,127.4073666,문지동,2031-10-25,2025,10,31,,,,,,,,,,,,,-1,-1,-1
1,0,36.3591114,127.4170711,오정동,2031-10-25,2025,10,31,,,,,,,,,,,,,-1,-1,-1
1,0,36.3485754,127.4211426,오정동,2031-10-25,2025,10,31,,,,,,,,,,,,,-1,-1,-1
1,0,36.3432865,127.4121352,중촌동,2002-11-25,2025,11,2,1313.0,3.5,1524.0,2.16,-9.0,1200.0,-9.0,-9.0,-9.0,4.1,8.2,2251.0,-1,-1,-1
1,0,36.345209,127.4114883,중촌동,2002-11-25,2025,11,2,1313.0,3.5,1524.0,2.16,-9.0,1200.0,-9.0,-9.0,-9.0,4.1,8.2,2251.0,-1,-1,-1
1,0,36.3460354,127.4108023,중촌동,2002-11-25,2025,11,2,1313.0,3.5,1524.0,2.16,-9.0,1200.0,-9.0,-9.0,-9.0,4.1,8.2,2251.0,-1,-1,-1
1,0,36.3616012,127.3631847,월평동,2002-11-25,2025,11,2,1313.0,3.5,1524.0,2.16,-9.0,1200.0,-9.0,-9.0,-9.0,4.1,8.2,2251.0,-1,-1,-1
1,0,36.3488224,127.3359519,구암동,2002-11-25,2025,11,2,1313.0,3.5,1524.0,2.16,-9.0,1200.0,-9.0,-9.0,-9.0,4.1,8.2,2251.0,100,10,3.26
1,0,36.3486934,127.3369186,상대동,2002-11-25,2025,11,2,1313.0,3.5,1524.0,2.16,-9.0,1200.0,-9.0,-9.0,-9.0,4.1,8.2,2251.0,100,10,3.26
1,0,36.3564951,127.3106959,구암동,2002-11-25,2025,11,2,1313.0,3.5,1524.0,2.16,-9.0,1200.0,-9.0,-9.0,-9.0,4.1,8.2,2251.0,100,10,3.26
1,0,36.3608903,127.3075027,구암동,2002-11-25,2025,11,2,1313.0,3.5,1524.0,2.16,-9.0,1200.0,-9.0,-9.0,-9.0,4.1,8.2,2251.0,100,10,3.26
1,0,36.3602316,127.3076301,구암동,2002-11-25,2025,11,2,1313.0,3.5,1524.0,2.16,-9.0,1200.0,-9.0,-9.0,-9.0,4.1,8.2,2251.0,100,10,3.26
1,0,36.3605615,127.3069709,구암동,2002-11-25,2025,11,2,1313.0,3.5,1524.0,2.16,-9.0,1200.0,-9.0,-9.0,-9.0,4.1,8.2,2251.0,100,10,3.26
1,0,36.3667681,127.3300976,장대동,2002-11-25,2025,11,2,1313.0,3.5,1524.0,2.16,-9.0,1200.0,-9.0,-9.0,-9.0,4.1,8.2,2251.0,97,14,4.94
1,0,36.3644767,127.3376013,장대동,2002-11-25,2025,11,2,1313.0,3.5,1524.0,2.16,-9.0,1200.0,-9.0,-9.0,-9.0,4.1,8.2,2251.0,97,14,4.94
1,0,36.3647732,127.370039,월평동,2002-11-25,2025,11,2,1313.0,3.5,1524.0,2.16,-9.0,1200.0,-9.0,-9.0,-9.0,4.1,8.2,2251.0,92.5,6,4.35
1,0,36.362788,127.3945704,둔산동,2002-11-25,2025,11,2,1313.0,3.5,1524.0,2.16,-9.0,1200.0,-9.0,-9.0,-9.0,4.1,8.2,2251.0,-1,-1,-1
1,0,36.3256987,127.4276414,대흥동,2002-11-25,2025,11,2,1313.0,3.5,1524.0,2.16,-9.0,1200.0,-9.0,-9.0,-9.0,4.1,8.2,2251.0,-1,-1,-1
1,0,36.3245678,127.4282075,대흥동,2002-11-25,2025,11,2,1313.0,3.5,1524.0,2.16,-9.0,1200.0,-9.0,-9.0,-9.0,4.1,8.2,2251.0,-1,-1,-1
1,0,36.3151919,127.4247272,대사동,2002-11-25,2025,11,2,1313.0,3.5,1524.0,2.16,-9.0,1200.0,-9.0,-9.0,-9.0,4.1,8.2,2251.0,-1,-1,-1
1,0,36.3409507,127.4217521,삼성동,2003-11-25,2025,11,3,738.0,8.5,1445.0,1.75,2.0,1200.0,-9.0,1.42,-9.0,7.6,5.3,2121.0,-1,-1,-1
1,0,36.3493163,127.4207218,오정동,2003-11-25,2025,11,3,738.0,8.5,1445.0,1.75,2.0,1200.0,-9.0,1.42,-9.0,7.6,5.3,2121.0,-1,-1,-1
1,0,36.3499012,127.4201528,오정동,2003-11-25,2025,11,3,738.0,8.5,1445.0,1.75,2.0,1200.0,-9.0,1.42,-9.0,7.6,5.3,2121.0,-1,-1,-1
1,0,36.3777406,127.4109035,읍내동,2003-11-25,2025,11,3,738.0,8.5,1445.0,1.75,2.0,1200.0,-9.0,1.42,-9.0,7.6,5.3,2121.0,-1,-1,-1
1,0,36.3899677,127.4051266,문지동,2003-11-25,2025,11,3,738.0,8.5,1445.0,1.75,2.0,1200.0,-9.0,1.42,-9.0,7.6,5.3,2121.0,-1,-1,-1
1,0,36.3808954,127.4065132,원촌동,2003-11-25,2025,11,3,738.0,8.5,1445.0,1.75,2.0,1200.0,-9.0,1.42,-9.0,7.6,5.3,2121.0,-1,-1,-1
1,0,36.358903,127.4155229,오정동,2003-11-25,2025,11,3,738.0,8.5,1445.0,1.75,2.0,1200.0,-9.0,1.42,-9.0,7.6,5.3,2121.0,-1,-1,-1
1,0,36.3688186,127.4202103,읍내동,2003-11-25,2025,11,3,738.0,8.5,1445.0,1.75,2.0,1200.0,-9.0,1.42,-9.0,7.6,5.3,2121.0,-1,-1,-1
1,0,36.3906276,127.4069502,문지동,2003-11-25,2025,11,3,738.0,8.5,1445.0,1.75,2.0,1200.0,-9.0,1.42,-9.0,7.6,5.3,2121.0,-1,-1,-1
1,0,36.3793692,127.4084746,원촌동,2003-11-25,2025,11,3,738.0,8.5,1445.0,1.75,2.0,1200.0,-9.0,1.42,-9.0,7.6,5.3,2121.0,-1,-1,-1
1,0,36.3759021,127.414396,대화동,2003-11-25,2025,11,3,738.0,8.5,1445.0,1.75,2.0,1200.0,-9.0,1.42,-9.0,7.6,5.3,2121.0,-1,-1,-1
1,0,36.37355,127.4158963,대화동,2003-11-25,2025,11,3,738.0,8.5,1445.0,1.75,2.0,1200.0,-9.0,1.42,-9.0,7.6,5.3,2121.0,-1,-1,-1
1,0,36.3724587,127.4165696,대화동,2003-11-25,2025,11,3,738.0,8.5,1445.0,1.75,2.0,1200.0,-9.0,1.42,-9.0,7.6,5.3,2121.0,-1,-1,-1
1,0,36.3704213,127.4186986,대화동,2003-11-25,2025,11,3,738.0,8.5,1445.0,1.75,2.0,1200.0,-9.0,1.42,-9.0,7.6,5.3,2121.0,-1,-1,-1
1,0,36.3582915,127.4167405,오정동,2003-11-25,2025,11,3,738.0,8.5,1445.0,1.75,2.0,1200.0,-9.0,1.42,-9.0,7.6,5.3,2121.0,-1,-1,-1
1,0,36.3356631,127.4211188,선화동,2003-11-25,2025,11,3,738.0,8.5,1445.0,1.75,2.0,1200.0,-9.0,1.42,-9.0,7.6,5.3,2121.0,-1,-1,-1
1,0,36.3361112,127.4200096,선화동,2004-11-25,2025,11,4,2231.0,8.7,1607.0,1.49,-9.0,1200.0,15.0,-9.0,-9.0,6.1,5.1,747.0,-1,-1,-1
1,0,36.3452078,127.4199482,오정동,2004-11-25,2025,11,4,2231.0,8.7,1607.0,1.49,-9.0,1200.0,15.0,-9.0,-9.0,6.1,5.1,747.0,-1,-1,-1
1,0,36.3487274,127.4196831,오정동,2004-11-25,2025,11,4,2231.0,8.7,1607.0,1.49,-9.0,1200.0,15.0,-9.0,-9.0,6.1,5.1,747.0,-1,-1,-1
1,0,36.3497625,127.4197337,오정동,2004-11-25,2025,11,4,2231.0,8.7,1607.0,1.49,-9.0,1200.0,15.0,-9.0,-9.0,6.1,5.1,747.0,-1,-1,-1
1,0,36.3503587,127.4195061,오정동,2004-11-25,2025,11,4,2231.0,8.7,1607.0,1.49,-9.0,1200.0,15.0,-9.0,-9.0,6.1,5.1,747.0,-1,-1,-1
1,0,36.3555067,127.4165931,오정동,2004-11-25,2025,11,4,2231.0,8.7,1607.0,1.49,-9.0,1200.0,15.0,-9.0,-9.0,6.1,5.1,747.0,-1,-1,-1
1,0,36.3583592,127.4168059,오정동,2004-11-25,2025,11,4,2231.0,8.7,1607.0,1.49,-9.0,1200.0,15.0,-9.0,-9.0,6.1,5.1,747.0,-1,-1,-1
1,0,36.3461296,127.4104474,중촌동,2004-11-25,2025,11,4,2231.0,8.7,1607.0,1.49,-9.0,1200.0,15.0,-9.0,-9.0,6.1,5.1,747.0,-1,-1,-1
1,0,36.3351279,127.4178133,선화동,2004-11-25,2025,11,4,2231.0,8.7,1607.0,1.49,-9.0,1200.0,15.0,-9.0,-9.0,6.1,5.1,747.0,-1,-1,-1
1,0,36.3407658,127.4214702,삼성동,2005-11-25,2025,11,5,1514.0,7.6,1338.0,1.61,-9.0,1200.0,-9.0,-9.0,-9.0,4.7,6.9,13.0,-1,-1,-1
1,0,36.3692116,127.4199592,읍내동,2005-11-25,2025,11,5,1514.0,7.6,1338.0,1.61,-9.0,1200.0,-9.0,-9.0,-9.0,4.7,6.9,13.0,-1,-1,-1
1,0,36.3750144,127.4152757,읍내동,2005-11-25,2025,11,5,1514.0,7.6,1338.0,1.61,-9.0,1200.0,-9.0,-9.0,-9.0,4.7,6.9,13.0,-1,-1,-1
1,0,36.3362592,127.4206504,선화동,2005-11-25,2025,11,5,1514.0,7.6,1338.0,1.61,-9.0,1200.0,-9.0,-9.0,-9.0,4.7,6.9,13.0,-1,-1,-1
1,0,36.3370087,127.4206364,선화동,2005-11-25,2025,11,5,1514.0,7.6,1338.0,1.61,-9.0,1200.0,-9.0,-9.0,-9.0,4.7,6.9,13.0,-1,-1,-1
1,0,36.3461958,127.4186087,오정동,2005-11-25,2025,11,5,1514.0,7.6,1338.0,1.61,-9.0,1200.0,-9.0,-9.0,-9.0,4.7,6.9,13.0,-1,-1,-1
1,0,36.3466278,127.418671,오정동,2005-11-25,2025,11,5,1514.0,7.6,1338.0,1.61,-9.0,1200.0,-9.0,-9.0,-9.0,4.7,6.9,13.0,-1,-1,-1
1,0,36.3514335,127.4017051,둔산동,2005-11-25,2025,11,5,1514.0,7.6,1338.0,1.61,-9.0,1200.0,-9.0,-9.0,-9.0,4.7,6.9,13.0,-1,-1,-1
1,0,36.3356756,127.4208808,선화동,2006-11-25,2025,11,6,1048.0,9.0,1502.0,2.0,-9.0,1200.0,-9.0,-9.0,-9.0,7.7,8.9,0.0,-1,-1,-1
1,0,36.3416442,127.4226485,삼성동,2006-11-25,2025,11,6,1048.0,9.0,1502.0,2.0,-9.0,1200.0,-9.0,-9.0,-9.0,7.7,8.9,0.0,-1,-1,-1
1,0,36.3429115,127.4229774,삼성동,2006-11-25,2025,11,6,1048.0,9.0,1502.0,2.0,-9.0,1200.0,-9.0,-9.0,-9.0,7.7,8.9,0.0,-1,-1,-1
1,0,36.3686463,127.4201827,대화동,2006-11-25,2025,11,6,1048.0,9.0,1502.0,2.0,-9.0,1200.0,-9.0,-9.0,-9.0,7.7,8.9,0.0,-1,-1,-1
1,0,36.3696215,127.4195437,대화동,2006-11-25,2025,11,6,1048.0,9.0,1502.0,2.0,-9.0,1200.0,-9.0,-9.0,-9.0,7.7,8.9,0.0,-1,-1,-1
1,0,36.3712935,127.4177931,대화동,2006-11-25,2025,11,6,1048.0,9.0,1502.0,2.0,-9.0,1200.0,-9.0,-9.0,-9.0,7.7,8.9,0.0,-1,-1,-1
1,0,36.3507156,127.3681034,갈마동,2006-11-25,2025,11,6,1048.0,9.0,1502.0,2.0,-9.0,1200.0,-9.0,-9.0,-9.0,7.7,8.9,0.0,-1,-1,-1
1,0,36.3450895,127.4213258,홍도동,2007-11-25,2025,11,7,1720.0,3.6,1511.0,1.85,-9.0,1300.0,-9.0,-9.0,-9.0,4.6,3.9,926.0,-1,-1,-1
1,0,36.3466743,127.4213711,홍도동,2007-11-25,2025,11,7,1720.0,3.6,1511.0,1.85,-9.0,1300.0,-9.0,-9.0,-9.0,4.6,3.9,926.0,-1,-1,-1
1,0,36.3503058,127.4197359,오정동,2007-11-25,2025,11,7,1720.0,3.6,1511.0,1.85,-9.0,1300.0,-9.0,-9.0,-9.0,4.6,3.9,926.0,-1,-1,-1
1,0,36.3745744,127.415464,대화동,2007-11-25,2025,11,7,1720.0,3.6,1511.0,1.85,-9.0,1300.0,-9.0,-9.0,-9.0,4.6,3.9,926.0,-1,-1,-1
1,0,36.3750882,127.415191,읍내동,2007-11-25,2025,11,7,1720.0,3.6,1511.0,1.85,-9.0,1300.0,-9.0,-9.0,-9.0,4.6,3.9,926.0,-1,-1,-1
1,0,36.3311843,127.3888612,가장동,2008-11-25,2025,11,8,1345.0,6.2,1348.0,1.65,3.0,1200.0,-9.0,2.83,-9.0,5.8,4.1,2259.0,92.5,6,4.35
1,0,36.3226214,127.4136711,문화동,2008-11-25,2025,11,8,1345.0,6.2,1348.0,1.65,3.0,1200.0,-9.0,2.83,-9.0,5.8,4.1,2259.0,-1,-1,-1
1,0,36.3224081,127.415559,문화동,2008-11-25,2025,11,8,1345.0,6.2,1348.0,1.65,3.0,1200.0,-9.0,2.83,-9.0,5.8,4.1,2259.0,-1,-1,-1
1,0,36.3222974,127.4155885,문화동,2008-11-25,2025,11,8,1345.0,6.2,1348.0,1.65,3.0,1200.0,-9.0,2.83,-9.0,5.8,4.1,2259.0,-1,-1,-1
1,0,36.322801,127.4155273,문화동,2008-11-25,2025,11,8,1345.0,6.2,1348.0,1.65,3.0,1200.0,-9.0,2.83,-9.0,5.8,4.1,2259.0,-1,-1,-1
1,0,36.3332696,127.4194692,선화동,2008-11-25,2025,11,8,1345.0,6.2,1348.0,1.65,3.0,1200.0,-9.0,2.83,-9.0,5.8,4.1,2259.0,-1,-1,-1
1,0,36.3527458,127.4104689,오정동,2008-11-25,2025,11,8,1345.0,6.2,1348.0,1.65,3.0,1200.0,-9.0,2.83,-9.0,5.8,4.1,2259.0,-1,-1,-1
1,0,36.357706,127.4017326,둔산동,2008-11-25,2025,11,8,1345.0,6.2,1348.0,1.65,3.0,1200.0,-9.0,2.83,-9.0,5.8,4.1,2259.0,-1,-1,-1
1,0,36.3384979,127.4203774,성남동,2008-11-25,2025,11,8,1345.0,6.2,1348.0,1.65,3.0,1200.0,-9.0,2.83,-9.0,5.8,4.1,2259.0,-1,-1,-1
1,0,36.3211434,127.4149509,문화동,2008-11-25,2025,11,8,1345.0,6.2,1348.0,1.65,3.0,1200.0,-9.0,2.83,-9.0,5.8,4.1,2259.0,-1,-1,-1
1,0,36.3227626,127.4146683,문화동,2008-11-25,2025,11,8,1345.0,6.2,1348.0,1.65,3.0,1200.0,-9.0,2.83,-9.0,5.8,4.1,2259.0,-1,-1,-1
1,0,36.3357601,127.4210928,선화동,2008-11-25,2025,11,8,1345.0,6.2,1348.0,1.65,3.0,1200.0,-9.0,2.83,-9.0,5.8,4.1,2259.0,-1,-1,-1
1,0,36.3274715,127.432361,원동,2009-11-25,2025,11,9,1030.0,3.8,1608.0,0.85,1.0,900.0,1.0,2.0,-9.0,4.5,1.4,2243.0,-1,-1,-1
1,0,36.3278166,127.4325978,원동,2009-11-25,2025,11,9,1030.0,3.8,1608.0,0.85,1.0,900.0,1.0,2.0,-9.0,4.5,1.4,2243.0,-1,-1,-1
1,0,36.3149843,127.4404402,효동,2009-11-25,2025,11,9,1030.0,3.8,1608.0,0.85,1.0,900.0,1.0,2.0,-9.0,4.5,1.4,2243.0,-1,-1,-1
1,0,36.2963949,127.4586255,대성동,2009-11-25,2025,11,9,1030.0,3.8,1608.0,0.85,1.0,900.0,1.0,2.0,-9.0,4.5,1.4,2243.0,-1,-1,-1
1,0,36.3142277,127.4407682,효동,2009-11-25,2025,11,9,1030.0,3.8,1608.0,0.85,1.0,900.0,1.0,2.0,-9.0,4.5,1.4,2243.0,-1,-1,-1
1,0,36.3363796,127.4203562,선화동,2009-11-25,2025,11,9,1030.0,3.8,1608.0,0.85,1.0,900.0,1.0,2.0,-9.0,4.5,1.4,2243.0,-1,-1,-1
1,0,36.3389582,127.4122357,중촌동,2009-11-25,2025,11,9,1030.0,3.8,1608.0,0.85,1.0,900.0,1.0,2.0,-9.0,4.5,1.4,2243.0,-1,-1,-1
1,0,36.3366077,127.4203308,선화동,2009-11-25,2025,11,9,1030.0,3.8,1608.0,0.85,1.0,900.0,1.0,2.0,-9.0,4.5,1.4,2243.0,-1,-1,-1
1,0,36.336305,127.4204598,선화동,2009-11-25,2025,11,9,1030.0,3.8,1608.0,0.85,1.0,900.0,1.0,2.0,-9.0,4.5,1.4,2243.0,-1,-1,-1
1,0,36.3443209,127.4210778,삼성동,2010-11-25,2025,11,10,1543.0,4.8,1351.0,1.9,0.0,1300.0,-9.0,0.47,-9.0,7.7,5.6,2342.0,-1,-1,-1
1,0,36.3453984,127.4217315,홍도동,2010-11-25,2025,11,10,1543.0,4.8,1351.0,1.9,0.0,1300.0,-9.0,0.47,-9.0,7.7,5.6,2342.0,-1,-1,-1
1,0,36.3495989,127.420431,오정동,2010-11-25,2025,11,10,1543.0,4.8,1351.0,1.9,0.0,1300.0,-9.0,0.47,-9.0,7.7,5.6,2342.0,-1,-1,-1
1,0,36.3508296,127.4192625,오정동,2010-11-25,2025,11,10,1543.0,4.8,1351.0,1.9,0.0,1300.0,-9.0,0.47,-9.0,7.7,5.6,2342.0,-1,-1,-1
1,0,36.3549396,127.416977,오정동,2010-11-25,2025,11,10,1543.0,4.8,1351.0,1.9,0.0,1300.0,-9.0,0.47,-9.0,7.7,5.6,2342.0,-1,-1,-1
1,0,36.3745633,127.415359,대화동,2010-11-25,2025,11,10,1543.0,4.8,1351.0,1.9,0.0,1300.0,-9.0,0.47,-9.0,7.7,5.6,2342.0,-1,-1,-1
1,0,36.3805107,127.4066234,원촌동,2010-11-25,2025,11,10,1543.0,4.8,1351.0,1.9,0.0,1300.0,-9.0,0.47,-9.0,7.7,5.6,2342.0,-1,-1,-1
1,0,36.3792879,127.4086323,원촌동,2010-11-25,2025,11,10,1543.0,4.8,1351.0,1.9,0.0,1300.0,-9.0,0.47,-9.0,7.7,5.6,2342.0,-1,-1,-1
1,0,36.3789239,127.4091388,원촌동,2010-11-25,2025,11,10,1543.0,4.8,1351.0,1.9,0.0,1300.0,-9.0,0.47,-9.0,7.7,5.6,2342.0,-1,-1,-1
1,0,36.3754327,127.4148294,대화동,2010-11-25,2025,11,10,1543.0,4.8,1351.0,1.9,0.0,1300.0,-9.0,0.47,-9.0,7.7,5.6,2342.0,-1,-1,-1
1,0,36.3743077,127.4154939,대화동,2010-11-25,2025,11,10,1543.0,4.8,1351.0,1.9,0.0,1300.0,-9.0,0.47,-9.0,7.7,5.6,2342.0,-1,-1,-1
1,0,36.3732325,127.4160299,읍내동,2010-11-25,2025,11,10,1543.0,4.8,1351.0,1.9,0.0,1300.0,-9.0,0.47,-9.0,7.7,5.6,2342.0,-1,-1,-1
1,0,36.3722483,127.4167235,대화동,2010-11-25,2025,11,10,1543.0,4.8,1351.0,1.9,0.0,1300.0,-9.0,0.47,-9.0,7.7,5.6,2342.0,-1,-1,-1
1,0,36.3716016,127.4173741,대화동,2010-11-25,2025,11,10,1543.0,4.8,1351.0,1.9,0.0,1300.0,-9.0,0.47,-9.0,7.7,5.6,2342.0,-1,-1,-1
1,0,36.3475714,127.4219522,홍도동,2010-11-25,2025,11,10,1543.0,4.8,1351.0,1.9,0.0,1300.0,-9.0,0.47,-9.0,7.7,5.6,2342.0,-1,-1,-1
1,0,36.3554388,127.4166569,오정동,2011-11-25,2025,11,11,1516.0,3.4,1432.0,1.85,0.0,1200.0,-9.0,0.13,-9.0,4.3,5.3,948.0,-1,-1,-1
1,0,36.3597618,127.4173442,오정동,2011-11-25,2025,11,11,1516.0,3.4,1432.0,1.85,0.0,1200.0,-9.0,0.13,-9.0,4.3,5.3,948.0,-1,-1,-1
1,0,36.3778443,127.4108057,읍내동,2011-11-25,2025,11,11,1516.0,3.4,1432.0,1.85,0.0,1200.0,-9.0,0.13,-9.0,4.3,5.3,948.0,-1,-1,-1
1,0,36.3344235,127.4191025,선화동,2011-11-25,2025,11,11,1516.0,3.4,1432.0,1.85,0.0,1200.0,-9.0,0.13,-9.0,4.3,5.3,948.0,-1,-1,-1
1,0,36.3257443,127.4206598,선화동,2011-11-25,2025,11,11,1516.0,3.4,1432.0,1.85,0.0,1200.0,-9.0,0.13,-9.0,4.3,5.3,948.0,-1,-1,-1
1,0,36.3267719,127.4217732,대흥동,2011-11-25,2025,11,11,1516.0,3.4,1432.0,1.85,0.0,1200.0,-9.0,0.13,-9.0,4.3,5.3,948.0,-1,-1,-1
1,0,36.3535104,127.4177633,오정동,2011-11-25,2025,11,11,1516.0,3.4,1432.0,1.85,0.0,1200.0,-9.0,0.13,-9.0,4.3,5.3,948.0,-1,-1,-1
1,0,36.3696726,127.4194491,대화동,2011-11-25,2025,11,11,1516.0,3.4,1432.0,1.85,0.0,1200.0,-9.0,0.13,-9.0,4.3,5.3,948.0,-1,-1,-1
1,0,36.3718958,127.4171234,대화동,2011-11-25,2025,11,11,1516.0,3.4,1432.0,1.85,0.0,1200.0,-9.0,0.13,-9.0,4.3,5.3,948.0,-1,-1,-1
1,0,36.3742993,127.4156472,대화동,2011-11-25,2025,11,11,1516.0,3.4,1432.0,1.85,0.0,1200.0,-9.0,0.13,-9.0,4.3,5.3,948.0,-1,-1,-1
1,0,36.3767398,127.4120662,읍내동,2011-11-25,2025,11,11,1516.0,3.4,1432.0,1.85,0.0,1200.0,-9.0,0.13,-9.0,4.3,5.3,948.0,-1,-1,-1
1,0,36.375176,127.4150417,대화동,2011-11-25,2025,11,11,1516.0,3.4,1432.0,1.85,0.0,1200.0,-9.0,0.13,-9.0,4.3,5.3,948.0,-1,-1,-1
1,0,36.3739012,127.4157354,대화동,2011-11-25,2025,11,11,1516.0,3.4,1432.0,1.85,0.0,1200.0,-9.0,0.13,-9.0,4.3,5.3,948.0,-1,-1,-1
1,0,36.3717126,127.4172629,대화동,2011-11-25,2025,11,11,1516.0,3.4,1432.0,1.85,0.0,1200.0,-9.0,0.13,-9.0,4.3,5.3,948.0,-1,-1,-1
1,0,36.3588118,127.416941,오정동,2011-11-25,2025,11,11,1516.0,3.4,1432.0,1.85,0.0,1200.0,-9.0,0.13,-9.0,4.3,5.3,948.0,-1,-1,-1
1,0,36.3490657,127.4208791,오정동,2011-11-25,2025,11,11,1516.0,3.4,1432.0,1.85,0.0,1200.0,-9.0,0.13,-9.0,4.3,5.3,948.0,-1,-1,-1
1,0,36.3357137,127.4211417,선화동,2011-11-25,2025,11,11,1516.0,3.4,1432.0,1.85,0.0,1200.0,-9.0,0.13,-9.0,4.3,5.3,948.0,-1,-1,-1
1,0,36.3823331,127.4061803,원촌동,2012-11-25,2025,11,12,2050.0,3.0,1226.0,2.0,1.3,1100.0,3.8,3.62,-9.0,2.3,5.6,334.0,-1,-1,-1
1,0,36.3784714,127.4076679,원촌동,2012-11-25,2025,11,12,2050.0,3.0,1226.0,2.0,1.3,1100.0,3.8,3.62,-9.0,2.3,5.6,334.0,-1,-1,-1
1,0,36.3367081,127.4203777,선화동,2012-11-25,2025,11,12,2050.0,3.0,1226.0,2.0,1.3,1100.0,3.8,3.62,-9.0,2.3,5.6,334.0,-1,-1,-1
1,0,36.3364021,127.4203939,선화동,2012-11-25,2025,11,12,2050.0,3.0,1226.0,2.0,1.3,1100.0,3.8,3.62,-9.0,2.3,5.6,334.0,-1,-1,-1
1,0,36.3397783,127.4202892,삼성동,2013-11-25,2025,11,13,1525.0,6.7,57.0,1.41,10.1,1200.0,0.8,9.9,-9.0,5.8,2.9,2344.0,-1,-1,-1
1,0,36.1107586,128.3125707,남통동,2011-11-25,2025,11,11,1516.0,3.4,1432.0,1.85,0.0,1200.0,-9.0,0.13,-9.0,4.3,5.3,948.0,96.5,5,2.13
1,0,36.1112957,128.3129689,남통동,2011-11-25,2025,11,11,1516.0,3.4,1432.0,1.85,0.0,1200.0,-9.0,0.13,-9.0,4.3,5.3,948.0,96.5,5,2.13
1,0,36.1118791,128.3140924,남통동,2011-11-25,2025,11,11,1516.0,3.4,1432.0,1.85,0.0,1200.0,-9.0,0.13,-9.0,4.3,5.3,948.0,96.5,5,2.13
1,0,36.3889788,127.38145,도룡동,2020-11-25,2025,11,20,1315.0,5.3,1457.0,1.89,-9.0,1200.0,-9.0,-9.0,-9.0,4.4,8.9,813.0,92.5,6,4.35
1,0,36.3886229,127.3803557,도룡동,2020-11-25,2025,11,20,1315.0,5.3,1457.0,1.89,-9.0,1200.0,-9.0,-9.0,-9.0,4.4,8.9,813.0,92.5,6,4.35
1,0,36.3824997,127.3785088,도룡동,2020-11-25,2025,11,20,1315.0,5.3,1457.0,1.89,-9.0,1200.0,-9.0,-9.0,-9.0,4.4,8.9,813.0,92.5,6,4.35
1,0,36.3281203,127.3479004,도안동,2020-11-25,2025,11,20,1315.0,5.3,1457.0,1.89,-9.0,1200.0,-9.0,-9.0,-9.0,4.4,8.9,813.0,80,5,3.4
1,0,36.3254111,127.3478598,도안동,2020-11-25,2025,11,20,1315.0,5.3,1457.0,1.89,-9.0,1200.0,-9.0,-9.0,-9.0,4.4,8.9,813.0,80,5,3.4
1,0,36.3091353,127.3515601,도안동,2020-11-25,2025,11,20,1315.0,5.3,1457.0,1.89,-9.0,1200.0,-9.0,-9.0,-9.0,4.4,8.9,813.0,80,5,3.4
1,0,36.3091184,127.3522281,도안동,2020-11-25,2025,11,20,1315.0,5.3,1457.0,1.89,-9.0,1200.0,-9.0,-9.0,-9.0,4.4,8.9,813.0,80,5,3.4
1,0,36.308252,127.3545172,도안동,2020-11-25,2025,11,20,1315.0,5.3,1457.0,1.89,-9.0,1200.0,-9.0,-9.0,-9.0,4.4,8.9,813.0,80,5,3.4
1,0,36.3090997,127.3520258,도안동,2021-11-25,2025,11,21,1443.0,8.7,1345.0,1.93,-9.0,1200.0,-9.0,-9.0,-9.0,6.8,8.3,2400.0,80,5,3.4
1,0,36.3082655,127.3487454,도안동,2021-11-25,2025,11,21,1443.0,8.7,1345.0,1.93,-9.0,1200.0,-9.0,-9.0,-9.0,6.8,8.3,2400.0,-1,-1,-1
1,0,36.3343449,127.419295,선화동,2021-11-25,2025,11,21,1443.0,8.7,1345.0,1.93,-9.0,1200.0,-9.0,-9.0,-9.0,6.8,8.3,2400.0,-1,-1,-1
1,0,36.3179741,127.3481179,도안동,2021-11-25,2025,11,21,1443.0,8.7,1345.0,1.93,-9.0,1200.0,-9.0,-9.0,-9.0,6.8,8.3,2400.0,-1,-1,-1
1,0,36.3346138,127.3492069,원신흥동,2021-11-25,2025,11,21,1443.0,8.7,1345.0,1.93,-9.0,1200.0,-9.0,-9.0,-9.0,6.8,8.3,2400.0,80,5,3.4
1,0,36.3539972,127.402013,둔산동,2021-11-25,2025,11,21,1443.0,8.7,1345.0,1.93,-9.0,1200.0,-9.0,-9.0,-9.0,6.8,8.3,2400.0,-1,-1,-1
1,0,36.3513191,127.4008093,둔산동,2021-11-25,2025,11,21,1443.0,8.7,1345.0,1.93,-9.0,1200.0,-9.0,-9.0,-9.0,6.8,8.3,2400.0,-1,-1,-1
1,0,36.3527573,127.3965035,둔산동,2021-11-25,2025,11,21,1443.0,8.7,1345.0,1.93,-9.0,1200.0,-9.0,-9.0,-9.0,6.8,8.3,2400.0,-1,-1,-1
1,0,36.3522529,127.3959069,둔산동,2021-11-25,2025,11,21,1443.0,8.7,1345.0,1.93,-9.0,1200.0,-9.0,-9.0,-9.0,6.8,8.3,2400.0,92.5,6,4.35
1,0,36.37087,127.3936214,대화동,2021-11-25,2025,11,21,1443.0,8.7,1345.0,1.93,-9.0,1200.0,-9.0,-9.0,-9.0,6.8,8.3,2400.0,-1,-1,-1
1,0,36.3735022,127.3935688,도룡동,2021-11-25,2025,11,21,1443.0,8.7,1345.0,1.93,-9.0,1200.0,-9.0,-9.0,-9.0,6.8,8.3,2400.0,-1,-1,-1
1,0,36.3904619,127.4079814,문지동,2021-11-25,2025,11,21,1443.0,8.7,1345.0,1.93,-9.0,1200.0,-9.0,-9.0,-9.0,6.8,8.3,2400.0,-1,-1,-1
1,0,36.390708,127.4077781,문지동,2021-11-25,2025,11,21,1443.0,8.7,1345.0,1.93,-9.0,1200.0,-9.0,-9.0,-9.0,6.8,8.3,2400.0,-1,-1,-1
1,0,36.3848177,127.3785502,도룡동,2021-11-25,2025,11,21,1443.0,8.7,1345.0,1.93,-9.0,1200.0,-9.0,-9.0,-9.0,6.8,8.3,2400.0,92.5,6,4.35
1,0,36.3833636,127.3785364,도룡동,2021-11-25,2025,11,21,1443.0,8.7,1345.0,1.93,-9.0,1200.0,-9.0,-9.0,-9.0,6.8,8.3,2400.0,92.5,6,4.35
1,0,36.3790816,127.378509,가정동,2021-11-25,2025,11,21,1443.0,8.7,1345.0,1.93,-9.0,1200.0,-9.0,-9.0,-9.0,6.8,8.3,2400.0,92.5,6,4.35
1,0,36.3678821,127.3680782,구성동,2021-11-25,2025,11,21,1443.0,8.7,1345.0,1.93,-9.0,1200.0,-9.0,-9.0,-9.0,6.8,8.3,2400.0,92.5,6,4.35
1,0,36.3252809,127.3478383,도안동,2021-11-25,2025,11,21,1443.0,8.7,1345.0,1.93,-9.0,1200.0,-9.0,-9.0,-9.0,6.8,8.3,2400.0,80,5,3.4
1,0,36.3170789,127.3481252,도안동,2021-11-25,2025,11,21,1443.0,8.7,1345.0,1.93,-9.0,1200.0,-9.0,-9.0,-9.0,6.8,8.3,2400.0,-1,-1,-1
1,0,36.3094979,127.3532638,도안동,2021-11-25,2025,11,21,1443.0,8.7,1345.0,1.93,-9.0,1200.0,-9.0,-9.0,-9.0,6.8,8.3,2400.0,80,5,3.4
1,0,36.3048792,127.3496423,도안동,2021-11-25,2025,11,21,1443.0,8.7,1345.0,1.93,-9.0,1200.0,-9.0,-9.0,-9.0,6.8,8.3,2400.0,-1,-1,-1
1,0,36.3067973,127.3544466,도안동,2021-11-25,2025,11,21,1443.0,8.7,1345.0,1.93,-9.0,1200.0,-9.0,-9.0,-9.0,6.8,8.3,2400.0,80,5,3.4
1,0,36.3077103,127.3521076,도안동,2022-11-25,2025,11,22,1400.0,9.5,1358.0,1.74,-9.0,1100.0,0.0,-9.0,-9.0,8.2,8.6,2.0,80,5,3.4
1,0,36.4056492,127.4070249,전민동,2022-11-25,2025,11,22,1400.0,9.5,1358.0,1.74,-9.0,1100.0,0.0,-9.0,-9.0,8.2,8.6,2.0,96,7,3
1,0,36.4515826,127.4178565,석봉동,2022-11-25,2025,11,22,1400.0,9.5,1358.0,1.74,-9.0,1100.0,0.0,-9.0,-9.0,8.2,8.6,2.0,96,7,3
1,0,36.5324053,127.4302411,남이면,2022-11-25,2025,11,22,1400.0,9.5,1358.0,1.74,-9.0,1100.0,0.0,-9.0,-9.0,8.2,8.6,2.0,115,7,2.33
1,0,36.5824232,127.4273421,남이면,2022-11-25,2025,11,22,1400.0,9.5,1358.0,1.74,-9.0,1100.0,0.0,-9.0,-9.0,8.2,8.6,2.0,115,7,2.33
1,0,36.6637494,127.375693,옥산면,2022-11-25,2025,11,22,1400.0,9.5,1358.0,1.74,-9.0,1100.0,0.0,-9.0,-9.0,8.2,8.6,2.0,115,7,2.33
1,0,36.6661788,127.372343,옥산면,2022-11-25,2025,11,22,1400.0,9.5,1358.0,1.74,-9.0,1100.0,0.0,-9.0,-9.0,8.2,8.6,2.0,115,7,2.33
1,0,36.6710598,127.3676312,옥산면,2022-11-25,2025,11,22,1400.0,9.5,1358.0,1.74,-9.0,1100.0,0.0,-9.0,-9.0,8.2,8.6,2.0,115,7,2.33
1,0,36.6804626,127.3464984,옥산면,2022-11-25,2025,11,22,1400.0,9.5,1358.0,1.74,-9.0,1100.0,0.0,-9.0,-9.0,8.2,8.6,2.0,115,7,2.33
1,0,36.6785303,127.3314453,옥산면,2022-11-25,2025,11,22,1400.0,9.5,1358.0,1.74,-9.0,1100.0,0.0,-9.0,-9.0,8.2,8.6,2.0,115,7,2.33
1,0,36.6700862,127.3250818,옥산면,2022-11-25,2025,11,22,1400.0,9.5,1358.0,1.74,-9.0,1100.0,0.0,-9.0,-9.0,8.2,8.6,2.0,115,7,2.33
1,0,36.6656286,127.3187559,오송읍,2022-11-25,2025,11,22,1400.0,9.5,1358.0,1.74,-9.0,1100.0,0.0,-9.0,-9.0,8.2,8.6,2.0,115,7,2.33
1,0,36.6709614,127.3260776,옥산면,2022-11-25,2025,11,22,1400.0,9.5,1358.0,1.74,-9.0,1100.0,0.0,-9.0,-9.0,8.2,8.6,2.0,115,7,2.33
1,0,36.6715309,127.3695405,옥산면,2022-11-25,2025,11,22,1400.0,9.5,1358.0,1.74,-9.0,1100.0,0.0,-9.0,-9.0,8.2,8.6,2.0,115,7,2.33
1,0,36.4715387,127.4275266,현도면,2022-11-25,2025,11,22,1400.0,9.5,1358.0,1.74,-9.0,1100.0,0.0,-9.0,-9.0,8.2,8.6,2.0,115,7,2.33
1,0,36.4052214,127.4122111,전민동,2022-11-25,2025,11,22,1400.0,9.5,1358.0,1.74,-9.0,1100.0,0.0,-9.0,-9.0,8.2,8.6,2.0,96,7,3
1,0,36.4129585,127.3782789,화암동,2022-11-25,2025,11,22,1400.0,9.5,1358.0,1.74,-9.0,1100.0,0.0,-9.0,-9.0,8.2,8.6,2.0,89.5,11,4.82
1,0,36.3929758,127.4068789,문지동,2022-11-25,2025,11,22,1400.0,9.5,1358.0,1.74,-9.0,1100.0,0.0,-9.0,-9.0,8.2,8.6,2.0,-1,-1,-1
1,0,36.3938332,127.4053849,문지동,2023-11-25,2025,11,23,16.0,-1.2,1503.0,2.1,-9.0,1200.0,-9.0,-9.0,-9.0,1.4,9.0,813.0,-1,-1,-1
1,0,36.3946252,127.4055063,문지동,2023-11-25,2025,11,23,16.0,-1.2,1503.0,2.1,-9.0,1200.0,-9.0,-9.0,-9.0,1.4,9.0,813.0,-1,-1,-1
1,0,36.3763033,127.4016398,원촌동,2023-11-25,2025,11,23,16.0,-1.2,1503.0,2.1,-9.0,1200.0,-9.0,-9.0,-9.0,1.4,9.0,813.0,-1,-1,-1
1,0,36.3747331,127.3945288,도룡동,2023-11-25,2025,11,23,16.0,-1.2,1503.0,2.1,-9.0,1200.0,-9.0,-9.0,-9.0,1.4,9.0,813.0,-1,-1,-1
1,0,36.3355638,127.3978173,용문동,2023-11-25,2025,11,23,16.0,-1.2,1503.0,2.1,-9.0,1200.0,-9.0,-9.0,-9.0,1.4,9.0,813.0,92.5,6,4.35
1,0,36.3319558,127.3934045,용문동,2023-11-25,2025,11,23,16.0,-1.2,1503.0,2.1,-9.0,1200.0,-9.0,-9.0,-9.0,1.4,9.0,813.0,92.5,6,4.35
1,0,36.3306131,127.3917303,가장동,2023-11-25,2025,11,23,16.0,-1.2,1503.0,2.1,-9.0,1200.0,-9.0,-9.0,-9.0,1.4,9.0,813.0,92.5,6,4.35
1,0,36.316738,127.384136,도마동,2023-11-25,2025,11,23,16.0,-1.2,1503.0,2.1,-9.0,1200.0,-9.0,-9.0,-9.0,1.4,9.0,813.0,92.5,6,4.35
1,0,36.3136843,127.3811641,도마동,2023-11-25,2025,11,23,16.0,-1.2,1503.0,2.1,-9.0,1200.0,-9.0,-9.0,-9.0,1.4,9.0,813.0,92.5,6,4.35
1,0,36.3119292,127.377308,도마동,2023-11-25,2025,11,23,16.0,-1.2,1503.0,2.1,-9.0,1200.0,-9.0,-9.0,-9.0,1.4,9.0,813.0,-1,-1,-1
1,0,36.3567291,127.3156265,구암동,2023-11-25,2025,11,23,16.0,-1.2,1503.0,2.1,-9.0,1200.0,-9.0,-9.0,-9.0,1.4,9.0,813.0,100,10,3.26
1,0,36.3588403,127.315517,구암동,2023-11-25,2025,11,23,16.0,-1.2,1503.0,2.1,-9.0,1200.0,-9.0,-9.0,-9.0,1.4,9.0,813.0,100,10,3.26
1,0,36.3582978,127.2914633,갑동,2023-11-25,2025,11,23,16.0,-1.2,1503.0,2.1,-9.0,1200.0,-9.0,-9.0,-9.0,1.4,9.0,813.0,-1,-1,-1
1,0,36.3565384,127.2910808,갑동,2023-11-25,2025,11,23,16.0,-1.2,1503.0,2.1,-9.0,1200.0,-9.0,-9.0,-9.0,1.4,9.0,813.0,-1,-1,-1
1,0,36.3537258,127.2907555,덕명동,2023-11-25,2025,11,23,16.0,-1.2,1503.0,2.1,-9.0,1200.0,-9.0,-9.0,-9.0,1.4,9.0,813.0,-1,-1,-1
1,0,36.3552699,127.2904784,덕명동,2023-11-25,2025,11,23,16.0,-1.2,1503.0,2.1,-9.0,1200.0,-9.0,-9.0,-9.0,1.4,9.0,813.0,-1,-1,-1
1,0,36.3563862,127.2910752,갑동,2023-11-25,2025,11,23,16.0,-1.2,1503.0,2.1,-9.0,1200.0,-9.0,-9.0,-9.0,1.4,9.0,813.0,-1,-1,-1
1,0,36.3457659,127.3016284,덕명동,2023-11-25,2025,11,23,16.0,-1.2,1503.0,2.1,-9.0,1200.0,-9.0,-9.0,-9.0,1.4,9.0,813.0,-1,-1,-1
1,0,36.3401908,127.3192614,복용동,2023-11-25,2025,11,23,16.0,-1.2,1503.0,2.1,-9.0,1200.0,-9.0,-9.0,-9.0,1.4,9.0,813.0,-1,-1,-1
1,0,36.3401908,127.3192614,복용동,2023-11-25,2025,11,23,16.0,-1.2,1503.0,2.1,-9.0,1200.0,-9.0,-9.0,-9.0,1.4,9.0,813.0,-1,-1,-1
1,0,36.3325295,127.3251187,학하동,2023-11-25,2025,11,23,16.0,-1.2,1503.0,2.1,-9.0,1200.0,-9.0,-9.0,-9.0,1.4,9.0,813.0,-1,-1,-1
1,0,36.3095656,127.3533839,도안동,2023-11-25,2025,11,23,16.0,-1.2,1503.0,2.1,-9.0,1200.0,-9.0,-9.0,-9.0,1.4,9.0,813.0,80,5,3.4
1,0,36.3245767,127.4193563,대흥동,2024-11-25,2025,11,24,1946.0,9.7,1353.0,1.96,0.3,1200.0,17.7,0.92,-9.0,8.2,7.5,132.0,-1,-1,-1
1,0,36.3262474,127.4215206,대흥동,2024-11-25,2025,11,24,1946.0,9.7,1353.0,1.96,0.3,1200.0,17.7,0.92,-9.0,8.2,7.5,132.0,-1,-1,-1
1,0,36.3324542,127.4323665,정동,2024-11-25,2025,11,24,1946.0,9.7,1353.0,1.96,0.3,1200.0,17.7,0.92,-9.0,8.2,7.5,132.0,-1,-1,-1
1,0,36.4792787,127.3089668,금남면,2024-11-25,2025,11,24,1946.0,9.7,1353.0,1.96,0.3,1200.0,17.7,0.92,-9.0,8.2,7.5,132.0,113,4,1.24
1,0,36.4753628,127.2845948,보람동,2024-11-25,2025,11,24,1946.0,9.7,1353.0,1.96,0.3,1200.0,17.7,0.92,-9.0,8.2,7.5,132.0,113,4,1.24
1,0,36.4731707,127.283784,보람동,2024-11-25,2025,11,24,1946.0,9.7,1353.0,1.96,0.3,1200.0,17.7,0.92,-9.0,8.2,7.5,132.0,78,6,4.94
1,0,36.4677153,127.2754708,대평동,2024-11-25,2025,11,24,1946.0,9.7,1353.0,1.96,0.3,1200.0,17.7,0.92,-9.0,8.2,7.5,132.0,78,6,4.94
1,0,36.3629857,127.3269891,장대동,2024-11-25,2025,11,24,1946.0,9.7,1353.0,1.96,0.3,1200.0,17.7,0.92,-9.0,8.2,7.5,132.0,100,10,3.26
1,0,36.3483698,127.3336553,상대동,2024-11-25,2025,11,24,1946.0,9.7,1353.0,1.96,0.3,1200.0,17.7,0.92,-9.0,8.2,7.5,132.0,100,10,3.26
1,0,36.3457113,127.340115,상대동,2025-11-25,2025,11,25,1458.0,8.0,1435.0,1.12,7.0,1200.0,2.7,6.18,-9.0,7.9,2.1,2359.0,100,10,3.26
1,0,36.3091754,127.35243,도안동,2025-11-25,2025,11,25,1458.0,8.0,1435.0,1.12,7.0,1200.0,2.7,6.18,-9.0,7.9,2.1,2359.0,80,5,3.4
1,0,36.3096165,127.3537728,도안동,2025-11-25,2025,11,25,1458.0,8.0,1435.0,1.12,7.0,1200.0,2.7,6.18,-9.0,7.9,2.1,2359.0,80,5,3.4
1,0,36.3598601,127.3715379,월평동,2025-11-25,2025,11,25,1458.0,8.0,1435.0,1.12,7.0,1200.0,2.7,6.18,-9.0,7.9,2.1,2359.0,92.5,6,4.35
1,0,36.3597821,127.3783948,월평동,2025-11-25,2025,11,25,1458.0,8.0,1435.0,1.12,7.0,1200.0,2.7,6.18,-9.0,7.9,2.1,2359.0,92.5,6,4.35
1,0,36.390399,127.4080446,문지동,2025-11-25,2025,11,25,1458.0,8.0,1435.0,1.12,7.0,1200.0,2.7,6.18,-9.0,7.9,2.1,2359.0,-1,-1,-1
1,0,36.3872537,127.3785937,도룡동,2025-11-25,2025,11,25,1458.0,8.0,1435.0,1.12,7.0,1200.0,2.7,6.18,-9.0,7.9,2.1,2359.0,92.5,6,4.35
1,0,36.3721377,127.3746024,구성동,2025-11-25,2025,11,25,1458.0,8.0,1435.0,1.12,7.0,1200.0,2.7,6.18,-9.0,7.9,2.1,2359.0,92.5,6,4.35
1,0,36.3714297,127.3734041,구성동,2025-11-25,2025,11,25,1458.0,8.0,1435.0,1.12,7.0,1200.0,2.7,6.18,-9.0,7.9,2.1,2359.0,92.5,6,4.35
1,0,36.3676859,127.3678384,구성동,2025-11-25,2025,11,25,1458.0,8.0,1435.0,1.12,7.0,1200.0,2.7,6.18,-9.0,7.9,2.1,2359.0,92.5,6,4.35
1,0,36.3660095,127.3687654,만년동,2025-11-25,2025,11,25,1458.0,8.0,1435.0,1.12,7.0,1200.0,2.7,6.18,-9.0,7.9,2.1,2359.0,92.5,6,4.35
1,0,36.3570282,127.3579915,월평동,2025-11-25,2025,11,25,1458.0,8.0,1435.0,1.12,7.0,1200.0,2.7,6.18,-9.0,7.9,2.1,2359.0,-1,-1,-1
1,0,36.3153272,127.3489187,도안동,2025-11-25,2025,11,25,1458.0,8.0,1435.0,1.12,7.0,1200.0,2.7,6.18,-9.0,7.9,2.1,2359.0,-1,-1,-1
1,0,36.309179,127.3518684,도안동,2026-11-25,2025,11,26,,,,,,,,,,,,,80,5,3.4
1,0,36.3082659,127.3489553,도안동,2026-11-25,2025,11,26,,,,,,,,,,,,,-1,-1,-1
1,0,36.3171344,127.3483125,도안동,2026-11-25,2025,11,26,,,,,,,,,,,,,-1,-1,-1
1,0,36.3901733,127.405742,문지동,2026-11-25,2025,11,26,,,,,,,,,,,,,-1,-1,-1
1,0,36.3516922,127.3787829,둔산동,2026-11-25,2025,11,26,,,,,,,,,,,,,92.5,6,4.35
1,0,36.3516461,127.3683052,갈마동,2026-11-25,2025,11,26,,,,,,,,,,,,,-1,-1,-1
1,0,36.3615369,127.3795069,둔산동,2026-11-25,2025,11,26,,,,,,,,,,,,,92.5,6,4.35
1,0,36.3632986,127.3795836,둔산동,2026-11-25,2025,11,26,,,,,,,,,,,,,92.5,6,4.35
1,0,36.3675514,127.3795802,만년동,2026-11-25,2025,11,26,,,,,,,,,,,,,92.5,6,4.35
1,0,36.3725578,127.3797272,도룡동,2026-11-25,2025,11,26,,,,,,,,,,,,,92.5,6,4.35
1,0,36.359398,127.3803333,둔산동,2026-11-25,2025,11,26,,,,,,,,,,,,,92.5,6,4.35
1,0,36.3596483,127.3804783,둔산동,2026-11-25,2025,11,26,,,,,,,,,,,,,92.5,6,4.35
1,0,36.3882031,127.3786387,도룡동,2027-11-25,2025,11,27,,,,,,,,,,,,,92.5,6,4.35
1,0,36.3667472,127.3823699,만년동,2027-11-25,2025,11,27,,,,,,,,,,,,,92.5,6,4.35
1,0,36.3707686,127.3827397,만년동,2027-11-25,2025,11,27,,,,,,,,,,,,,92.5,6,4.35
1,0,36.3898154,127.4050478,문지동,2027-11-25,2025,11,27,,,,,,,,,,,,,-1,-1,-1
1,0,36.3275104,127.3478911,도안동,2027-11-25,2025,11,27,,,,,,,,,,,,,80,5,3.4
1,0,36.3093611,127.3532395,도안동,2027-11-25,2025,11,27,,,,,,,,,,,,,80,5,3.4
1,0,36.3088355,127.3542574,도안동,2027-11-25,2025,11,27,,,,,,,,,,,,,80,5,3.4
1,0,36.3084523,127.3544108,도안동,2027-11-25,2025,11,27,,,,,,,,,,,,,80,5,3.4
1,0,36.3371464,127.3497436,원신흥동,2028-11-25,2025,11,28,,,,,,,,,,,,,80,5,3.4
1,0,36.3387932,127.3491343,원신흥동,2028-11-25,2025,11,28,,,,,,,,,,,,,80,5,3.4
1,0,36.374273,127.3913868,도룡동,2028-11-25,2025,11,28,,,,,,,,,,,,,92.5,6,4.35
1,0,36.3731299,127.3797897,도룡동,2028-11-25,2025,11,28,,,,,,,,,,,,,92.5,6,4.35
1,0,36.3870773,127.3177534,지족동,2028-11-25,2025,11,28,,,,,,,,,,,,,89.5,11,4.82
1,0,36.3872362,127.3147875,지족동,2028-11-25,2025,11,28,,,,,,,,,,,,,89.5,11,4.82
1,0,36.3569334,127.3314593,구암동,2029-11-25,2025,11,29,,,,,,,,,,,,,100,10,3.26
1,0,36.3513847,127.3480457,봉명동,2029-11-25,2025,11,29,,,,,,,,,,,,,100,10,3.26
1,0,36.3091501,127.3525052,도안동,2029-11-25,2025,11,29,,,,,,,,,,,,,80,5,3.4
1,0,36.307181,127.3502902,도안동,2029-11-25,2025,11,29,,,,,,,,,,,,,-1,-1,-1
1,0,36.3066197,127.35001,도안동,2029-11-25,2025,11,29,,,,,,,,,,,,,-1,-1,-1
1,0,36.308931,127.3515106,도안동,2029-11-25,2025,11,29,,,,,,,,,,,,,80,5,3.4
1,0,36.3091489,127.352182,도안동,2029-11-25,2025,11,29,,,,,,,,,,,,,80,5,3.4
1,0,36.319186,127.3481438,도안동,2030-11-25,2025,11,30,,,,,,,,,,,,,-1,-1,-1
1,0,36.3343488,127.3674794,변동,2030-11-25,2025,11,30,,,,,,,,,,,,,-1,-1,-1
1,0,36.3341924,127.3710645,내동,2030-11-25,2025,11,30,,,,,,,,,,,,,-1,-1,-1
1,0,36.336046,127.4206062,선화동,2023-11-25,2025,11,23,16.0,-1.2,1503.0,2.1,-9.0,1200.0,-9.0,-9.0,-9.0,1.4,9.0,813.0,-1,-1,-1
1,0,36.3384839,127.3489157,원신흥동,2030-11-25,2025,11,30,,,,,,,,,,,,,80,5,3.4
1,0,36.3322474,127.3479586,원신흥동,2030-11-25,2025,11,30,,,,,,,,,,,,,80,5,3.4
1,0,36.3187635,127.3480778,도안동,2001-12-25,2025,12,1,441.0,-1.2,1536.0,1.62,0.5,1200.0,0.5,2.83,-9.0,-0.9,4.6,2333.0,-1,-1,-1
1,0,36.3365581,127.3497637,원신흥동,2001-12-25,2025,12,1,441.0,-1.2,1536.0,1.62,0.5,1200.0,0.5,2.83,-9.0,-0.9,4.6,2333.0,80,5,3.4
1,0,36.3374757,127.3496426,원신흥동,2001-12-25,2025,12,1,441.0,-1.2,1536.0,1.62,0.5,1200.0,0.5,2.83,-9.0,-0.9,4.6,2333.0,80,5,3.4
1,0,36.3890759,127.4050423,문지동,2001-12-25,2025,12,1,441.0,-1.2,1536.0,1.62,0.5,1200.0,0.5,2.83,-9.0,-0.9,4.6,2333.0,-1,-1,-1
1,0,36.3561989,127.3567943,월평동,2001-12-25,2025,12,1,441.0,-1.2,1536.0,1.62,0.5,1200.0,0.5,2.83,-9.0,-0.9,4.6,2333.0,-1,-1,-1
1,0,36.3484687,127.3511709,월평동,2001-12-25,2025,12,1,441.0,-1.2,1536.0,1.62,0.5,1200.0,0.5,2.83,-9.0,-0.9,4.6,2333.0,-1,-1,-1
1,0,36.3766465,127.4029277,원촌동,2001-12-25,2025,12,1,441.0,-1.2,1536.0,1.62,0.5,1200.0,0.5,2.83,-9.0,-0.9,4.6,2333.0,-1,-1,-1
1,0,36.3594257,127.3542966,봉명동,2001-12-25,2025,12,1,441.0,-1.2,1536.0,1.62,0.5,1200.0,0.5,2.83,-9.0,-0.9,4.6,2333.0,97,14,4.94
1,0,36.3544608,127.3499475,봉명동,2001-12-25,2025,12,1,441.0,-1.2,1536.0,1.62,0.5,1200.0,0.5,2.83,-9.0,-0.9,4.6,2333.0,100,10,3.26
1,0,36.3464949,127.3475783,봉명동,2001-12-25,2025,12,1,441.0,-1.2,1536.0,1.62,0.5,1200.0,0.5,2.83,-9.0,-0.9,4.6,2333.0,-1,-1,-1
1,0,36.3640045,127.3546428,어은동,2002-12-25,2025,12,2,1400.0,-0.6,0.0,1.08,3.5,1100.0,0.1,15.67,-9.0,1.4,1.7,2154.0,97,14,4.94
1,0,36.3642118,127.3553881,어은동,2002-12-25,2025,12,2,1400.0,-0.6,0.0,1.08,3.5,1100.0,0.1,15.67,-9.0,1.4,1.7,2154.0,97,14,4.94
1,0,36.3620891,127.3575127,어은동,2002-12-25,2025,12,2,1400.0,-0.6,0.0,1.08,3.5,1100.0,0.1,15.67,-9.0,1.4,1.7,2154.0,97,14,4.94
1,0,36.4742965,127.3365826,금남면,2002-12-25,2025,12,2,1400.0,-0.6,0.0,1.08,3.5,1100.0,0.1,15.67,-9.0,1.4,1.7,2154.0,113,4,1.24
1,0,36.4711146,127.2698119,대평동,2003-12-25,2025,12,3,1459.0,3.6,1024.0,1.16,-9.0,1400.0,0.0,-9.0,-9.0,1.2,3.5,2247.0,78,6,4.94
1,0,36.4126595,127.2956326,안산동,2003-12-25,2025,12,3,1459.0,3.6,1024.0,1.16,-9.0,1400.0,0.0,-9.0,-9.0,1.2,3.5,2247.0,87.5,4,2.81
1,0,36.3096723,127.347304,도안동,2003-12-25,2025,12,3,1459.0,3.6,1024.0,1.16,-9.0,1400.0,0.0,-9.0,-9.0,1.2,3.5,2247.0,-1,-1,-1
1,0,36.3908773,127.4079252,문지동,2003-12-25,2025,12,3,1459.0,3.6,1024.0,1.16,-9.0,1400.0,0.0,-9.0,-9.0,1.2,3.5,2247.0,-1,-1,-1
1,0,36.3907148,127.4079498,문지동,2003-12-25,2025,12,3,1459.0,3.6,1024.0,1.16,-9.0,1400.0,0.0,-9.0,-9.0,1.2,3.5,2247.0,-1,-1,-1
1,0,36.3912685,127.4078361,문지동,2003-12-25,2025,12,3,1459.0,3.6,1024.0,1.16,-9.0,1400.0,0.0,-9.0,-9.0,1.2,3.5,2247.0,-1,-1,-1
1,0,36.3911786,127.4076714,문지동,2003-12-25,2025,12,3,1459.0,3.6,1024.0,1.16,-9.0,1400.0,0.0,-9.0,-9.0,1.2,3.5,2247.0,-1,-1,-1
1,0,36.3910598,127.4069056,문지동,2003-12-25,2025,12,3,1459.0,3.6,1024.0,1.16,-9.0,1400.0,0.0,-9.0,-9.0,1.2,3.5,2247.0,-1,-1,-1
1,0,36.3900776,127.4053032,문지동,2003-12-25,2025,12,3,1459.0,3.6,1024.0,1.16,-9.0,1400.0,0.0,-9.0,-9.0,1.2,3.5,2247.0,-1,-1,-1
1,0,36.3900719,127.4052924,문지동,2003-12-25,2025,12,3,1459.0,3.6,1024.0,1.16,-9.0,1400.0,0.0,-9.0,-9.0,1.2,3.5,2247.0,-1,-1,-1
1,0,36.3883799,127.404957,문지동,2003-12-25,2025,12,3,1459.0,3.6,1024.0,1.16,-9.0,1400.0,0.0,-9.0,-9.0,1.2,3.5,2247.0,-1,-1,-1
1,0,36.3868057,127.4049565,문지동,2003-12-25,2025,12,3,1459.0,3.6,1024.0,1.16,-9.0,1400.0,0.0,-9.0,-9.0,1.2,3.5,2247.0,-1,-1,-1
1,0,36.3859706,127.4049652,원촌동,2003-12-25,2025,12,3,1459.0,3.6,1024.0,1.16,-9.0,1400.0,0.0,-9.0,-9.0,1.2,3.5,2247.0,-1,-1,-1
1,0,36.383577,127.4056149,원촌동,2003-12-25,2025,12,3,1459.0,3.6,1024.0,1.16,-9.0,1400.0,0.0,-9.0,-9.0,1.2,3.5,2247.0,-1,-1,-1
1,0,36.3828106,127.4058586,원촌동,2003-12-25,2025,12,3,1459.0,3.6,1024.0,1.16,-9.0,1400.0,0.0,-9.0,-9.0,1.2,3.5,2247.0,-1,-1,-1
1,0,36.3824916,127.4057495,원촌동,2003-12-25,2025,12,3,1459.0,3.6,1024.0,1.16,-9.0,1400.0,0.0,-9.0,-9.0,1.2,3.5,2247.0,-1,-1,-1
1,0,36.3816577,127.4062647,원촌동,2003-12-25,2025,12,3,1459.0,3.6,1024.0,1.16,-9.0,1400.0,0.0,-9.0,-9.0,1.2,3.5,2247.0,-1,-1,-1
1,0,36.3812417,127.4063963,원촌동,2003-12-25,2025,12,3,1459.0,3.6,1024.0,1.16,-9.0,1400.0,0.0,-9.0,-9.0,1.2,3.5,2247.0,-1,-1,-1
1,0,36.3798466,127.4073589,원촌동,2003-12-25,2025,12,3,1459.0,3.6,1024.0,1.16,-9.0,1400.0,0.0,-9.0,-9.0,1.2,3.5,2247.0,-1,-1,-1
1,0,36.3794509,127.4079129,원촌동,2003-12-25,2025,12,3,1459.0,3.6,1024.0,1.16,-9.0,1400.0,0.0,-9.0,-9.0,1.2,3.5,2247.0,-1,-1,-1
1,0,36.3795047,127.4080372,원촌동,2003-12-25,2025,12,3,1459.0,3.6,1024.0,1.16,-9.0,1400.0,0.0,-9.0,-9.0,1.2,3.5,2247.0,-1,-1,-1
1,0,36.3794856,127.408224,원촌동,2003-12-25,2025,12,3,1459.0,3.6,1024.0,1.16,-9.0,1400.0,0.0,-9.0,-9.0,1.2,3.5,2247.0,-1,-1,-1
1,0,36.3779416,127.4104375,대화동,2003-12-25,2025,12,3,1459.0,3.6,1024.0,1.16,-9.0,1400.0,0.0,-9.0,-9.0,1.2,3.5,2247.0,-1,-1,-1
1,0,36.3776598,127.4108158,읍내동,2003-12-25,2025,12,3,1459.0,3.6,1024.0,1.16,-9.0,1400.0,0.0,-9.0,-9.0,1.2,3.5,2247.0,-1,-1,-1
1,0,36.3768037,127.4119577,읍내동,2003-12-25,2025,12,3,1459.0,3.6,1024.0,1.16,-9.0,1400.0,0.0,-9.0,-9.0,1.2,3.5,2247.0,-1,-1,-1
1,0,36.3762541,127.4134458,읍내동,2003-12-25,2025,12,3,1459.0,3.6,1024.0,1.16,-9.0,1400.0,0.0,-9.0,-9.0,1.2,3.5,2247.0,-1,-1,-1
1,0,36.3758657,127.414517,대화동,2003-12-25,2025,12,3,1459.0,3.6,1024.0,1.16,-9.0,1400.0,0.0,-9.0,-9.0,1.2,3.5,2247.0,-1,-1,-1
1,0,36.3756703,127.4150379,읍내동,2003-12-25,2025,12,3,1459.0,3.6,1024.0,1.16,-9.0,1400.0,0.0,-9.0,-9.0,1.2,3.5,2247.0,-1,-1,-1
1,0,36.3751566,127.4165479,읍내동,2003-12-25,2025,12,3,1459.0,3.6,1024.0,1.16,-9.0,1400.0,0.0,-9.0,-9.0,1.2,3.5,2247.0,-1,-1,-1
1,0,36.373303,127.4199411,읍내동,2003-12-25,2025,12,3,1459.0,3.6,1024.0,1.16,-9.0,1400.0,0.0,-9.0,-9.0,1.2,3.5,2247.0,-1,-1,-1
1,0,36.3730751,127.4208716,읍내동,2003-12-25,2025,12,3,1459.0,3.6,1024.0,1.16,-9.0,1400.0,0.0,-9.0,-9.0,1.2,3.5,2247.0,-1,-1,-1
1,0,36.3729483,127.4219996,읍내동,2003-12-25,2025,12,3,1459.0,3.6,1024.0,1.16,-9.0,1400.0,0.0,-9.0,-9.0,1.2,3.5,2247.0,-1,-1,-1
1,0,36.3731735,127.4244061,법동,2003-12-25,2025,12,3,1459.0,3.6,1024.0,1.16,-9.0,1400.0,0.0,-9.0,-9.0,1.2,3.5,2247.0,88.5,4,2.71
1,0,36.3739367,127.4264962,법동,2003-12-25,2025,12,3,1459.0,3.6,1024.0,1.16,-9.0,1400.0,0.0,-9.0,-9.0,1.2,3.5,2247.0,88.5,4,2.71
1,0,36.3743518,127.4276707,법동,2003-12-25,2025,12,3,1459.0,3.6,1024.0,1.16,-9.0,1400.0,0.0,-9.0,-9.0,1.2,3.5,2247.0,88.5,4,2.71
1,0,36.3729203,127.4282587,법동,2003-12-25,2025,12,3,1459.0,3.6,1024.0,1.16,-9.0,1400.0,0.0,-9.0,-9.0,1.2,3.5,2247.0,88.5,4,2.71
1,0,36.3708697,127.4288658,법동,2003-12-25,2025,12,3,1459.0,3.6,1024.0,1.16,-9.0,1400.0,0.0,-9.0,-9.0,1.2,3.5,2247.0,88.5,4,2.71
1,0,36.3689832,127.4294422,법동,2003-12-25,2025,12,3,1459.0,3.6,1024.0,1.16,-9.0,1400.0,0.0,-9.0,-9.0,1.2,3.5,2247.0,88.5,4,2.71
1,0,36.3667458,127.4300606,중리동,2003-12-25,2025,12,3,1459.0,3.6,1024.0,1.16,-9.0,1400.0,0.0,-9.0,-9.0,1.2,3.5,2247.0,88.5,4,2.71
1,0,36.3652452,127.4304546,중리동,2003-12-25,2025,12,3,1459.0,3.6,1024.0,1.16,-9.0,1400.0,0.0,-9.0,-9.0,1.2,3.5,2247.0,88.5,4,2.71
1,0,36.3652038,127.430505,중리동,2003-12-25,2025,12,3,1459.0,3.6,1024.0,1.16,-9.0,1400.0,0.0,-9.0,-9.0,1.2,3.5,2247.0,88.5,4,2.71
1,0,36.3649513,127.4305767,중리동,2003-12-25,2025,12,3,1459.0,3.6,1024.0,1.16,-9.0,1400.0,0.0,-9.0,-9.0,1.2,3.5,2247.0,88.5,4,2.71
1,0,36.3645239,127.4306774,중리동,2003-12-25,2025,12,3,1459.0,3.6,1024.0,1.16,-9.0,1400.0,0.0,-9.0,-9.0,1.2,3.5,2247.0,88.5,4,2.71
1,0,36.3631555,127.4310684,중리동,2003-12-25,2025,12,3,1459.0,3.6,1024.0,1.16,-9.0,1400.0,0.0,-9.0,-9.0,1.2,3.5,2247.0,-1,-1,-1
1,0,36.3615674,127.431437,중리동,2003-12-25,2025,12,3,1459.0,3.6,1024.0,1.16,-9.0,1400.0,0.0,-9.0,-9.0,1.2,3.5,2247.0,-1,-1,-1
1,0,36.3592757,127.4321717,중리동,2003-12-25,2025,12,3,1459.0,3.6,1024.0,1.16,-9.0,1400.0,0.0,-9.0,-9.0,1.2,3.5,2247.0,-1,-1,-1
1,0,36.3579166,127.4326167,용전동,2003-12-25,2025,12,3,1459.0,3.6,1024.0,1.16,-9.0,1400.0,0.0,-9.0,-9.0,1.2,3.5,2247.0,-1,-1,-1
1,0,36.3575679,127.432513,용전동,2003-12-25,2025,12,3,1459.0,3.6,1024.0,1.16,-9.0,1400.0,0.0,-9.0,-9.0,1.2,3.5,2247.0,-1,-1,-1
1,0,36.3565499,127.4327703,용전동,2003-12-25,2025,12,3,1459.0,3.6,1024.0,1.16,-9.0,1400.0,0.0,-9.0,-9.0,1.2,3.5,2247.0,-1,-1,-1
1,0,36.354843,127.4326228,용전동,2003-12-25,2025,12,3,1459.0,3.6,1024.0,1.16,-9.0,1400.0,0.0,-9.0,-9.0,1.2,3.5,2247.0,-1,-1,-1
1,0,36.3535216,127.4325188,용전동,2003-12-25,2025,12,3,1459.0,3.6,1024.0,1.16,-9.0,1400.0,0.0,-9.0,-9.0,1.2,3.5,2247.0,-1,-1,-1
1,0,36.3521006,127.4323049,용전동,2003-12-25,2025,12,3,1459.0,3.6,1024.0,1.16,-9.0,1400.0,0.0,-9.0,-9.0,1.2,3.5,2247.0,-1,-1,-1
1,0,36.3498789,127.4321408,용전동,2003-12-25,2025,12,3,1459.0,3.6,1024.0,1.16,-9.0,1400.0,0.0,-9.0,-9.0,1.2,3.5,2247.0,-1,-1,-1
1,0,36.3477821,127.4319046,홍도동,2003-12-25,2025,12,3,1459.0,3.6,1024.0,1.16,-9.0,1400.0,0.0,-9.0,-9.0,1.2,3.5,2247.0,-1,-1,-1
1,0,36.3471868,127.4321213,성남동,2003-12-25,2025,12,3,1459.0,3.6,1024.0,1.16,-9.0,1400.0,0.0,-9.0,-9.0,1.2,3.5,2247.0,-1,-1,-1
1,0,36.3451767,127.4332744,성남동,2003-12-25,2025,12,3,1459.0,3.6,1024.0,1.16,-9.0,1400.0,0.0,-9.0,-9.0,1.2,3.5,2247.0,-1,-1,-1
1,0,36.3442543,127.4337959,성남동,2003-12-25,2025,12,3,1459.0,3.6,1024.0,1.16,-9.0,1400.0,0.0,-9.0,-9.0,1.2,3.5,2247.0,-1,-1,-1
1,0,36.3417133,127.4352534,성남동,2003-12-25,2025,12,3,1459.0,3.6,1024.0,1.16,-9.0,1400.0,0.0,-9.0,-9.0,1.2,3.5,2247.0,-1,-1,-1
1,0,36.3411653,127.4355904,성남동,2003-12-25,2025,12,3,1459.0,3.6,1024.0,1.16,-9.0,1400.0,0.0,-9.0,-9.0,1.2,3.5,2247.0,-1,-1,-1
1,0,36.3412048,127.4355718,성남동,2003-12-25,2025,12,3,1459.0,3.6,1024.0,1.16,-9.0,1400.0,0.0,-9.0,-9.0,1.2,3.5,2247.0,-1,-1,-1
1,0,36.3405085,127.4360002,성남동,2003-12-25,2025,12,3,1459.0,3.6,1024.0,1.16,-9.0,1400.0,0.0,-9.0,-9.0,1.2,3.5,2247.0,-1,-1,-1
1,0,36.3391307,127.4369976,성남동,2003-12-25,2025,12,3,1459.0,3.6,1024.0,1.16,-9.0,1400.0,0.0,-9.0,-9.0,1.2,3.5,2247.0,-1,-1,-1
1,0,36.3382262,127.4376046,삼성동,2003-12-25,2025,12,3,1459.0,3.6,1024.0,1.16,-9.0,1400.0,0.0,-9.0,-9.0,1.2,3.5,2247.0,-1,-1,-1
1,0,36.3369945,127.4384626,소제동,2003-12-25,2025,12,3,1459.0,3.6,1024.0,1.16,-9.0,1400.0,0.0,-9.0,-9.0,1.2,3.5,2247.0,-1,-1,-1
1,0,36.336057,127.4389191,소제동,2003-12-25,2025,12,3,1459.0,3.6,1024.0,1.16,-9.0,1400.0,0.0,-9.0,-9.0,1.2,3.5,2247.0,-1,-1,-1
1,0,36.3350513,127.4391777,소제동,2003-12-25,2025,12,3,1459.0,3.6,1024.0,1.16,-9.0,1400.0,0.0,-9.0,-9.0,1.2,3.5,2247.0,-1,-1,-1
1,0,36.334962,127.4392423,소제동,2003-12-25,2025,12,3,1459.0,3.6,1024.0,1.16,-9.0,1400.0,0.0,-9.0,-9.0,1.2,3.5,2247.0,-1,-1,-1
1,0,36.3339028,127.439473,소제동,2003-12-25,2025,12,3,1459.0,3.6,1024.0,1.16,-9.0,1400.0,0.0,-9.0,-9.0,1.2,3.5,2247.0,-1,-1,-1
1,0,36.3334494,127.4396298,소제동,2003-12-25,2025,12,3,1459.0,3.6,1024.0,1.16,-9.0,1400.0,0.0,-9.0,-9.0,1.2,3.5,2247.0,-1,-1,-1
1,0,36.3284596,127.4435829,대동,2003-12-25,2025,12,3,1459.0,3.6,1024.0,1.16,-9.0,1400.0,0.0,-9.0,-9.0,1.2,3.5,2247.0,-1,-1,-1
1,0,36.3274428,127.4441091,대동,2003-12-25,2025,12,3,1459.0,3.6,1024.0,1.16,-9.0,1400.0,0.0,-9.0,-9.0,1.2,3.5,2247.0,-1,-1,-1
1,0,36.3273622,127.443715,대동,2003-12-25,2025,12,3,1459.0,3.6,1024.0,1.16,-9.0,1400.0,0.0,-9.0,-9.0,1.2,3.5,2247.0,-1,-1,-1
1,0,36.3276338,127.4435162,대동,2003-12-25,2025,12,3,1459.0,3.6,1024.0,1.16,-9.0,1400.0,0.0,-9.0,-9.0,1.2,3.5,2247.0,-1,-1,-1
1,0,36.3264672,127.4445048,대동,2003-12-25,2025,12,3,1459.0,3.6,1024.0,1.16,-9.0,1400.0,0.0,-9.0,-9.0,1.2,3.5,2247.0,-1,-1,-1
1,0,36.3251083,127.4453969,대동,2003-12-25,2025,12,3,1459.0,3.6,1024.0,1.16,-9.0,1400.0,0.0,-9.0,-9.0,1.2,3.5,2247.0,-1,-1,-1
1,0,36.3232837,127.4454723,신흥동,2003-12-25,2025,12,3,1459.0,3.6,1024.0,1.16,-9.0,1400.0,0.0,-9.0,-9.0,1.2,3.5,2247.0,-1,-1,-1
1,0,36.3222248,127.4448286,신흥동,2003-12-25,2025,12,3,1459.0,3.6,1024.0,1.16,-9.0,1400.0,0.0,-9.0,-9.0,1.2,3.5,2247.0,-1,-1,-1
1,0,36.3217942,127.4445763,신흥동,2003-12-25,2025,12,3,1459.0,3.6,1024.0,1.16,-9.0,1400.0,0.0,-9.0,-9.0,1.2,3.5,2247.0,-1,-1,-1
1,0,36.3209266,127.445861,신흥동,2003-12-25,2025,12,3,1459.0,3.6,1024.0,1.16,-9.0,1400.0,0.0,-9.0,-9.0,1.2,3.5,2247.0,-1,-1,-1
1,0,36.3208686,127.4459141,신흥동,2003-12-25,2025,12,3,1459.0,3.6,1024.0,1.16,-9.0,1400.0,0.0,-9.0,-9.0,1.2,3.5,2247.0,-1,-1,-1
1,0,36.3208257,127.4460485,신흥동,2003-12-25,2025,12,3,1459.0,3.6,1024.0,1.16,-9.0,1400.0,0.0,-9.0,-9.0,1.2,3.5,2247.0,-1,-1,-1
1,0,36.3201067,127.4477219,판암동,2003-12-25,2025,12,3,1459.0,3.6,1024.0,1.16,-9.0,1400.0,0.0,-9.0,-9.0,1.2,3.5,2247.0,-1,-1,-1
1,0,36.3186605,127.4509026,판암동,2003-12-25,2025,12,3,1459.0,3.6,1024.0,1.16,-9.0,1400.0,0.0,-9.0,-9.0,1.2,3.5,2247.0,-1,-1,-1
1,0,36.3184058,127.4514667,판암동,2003-12-25,2025,12,3,1459.0,3.6,1024.0,1.16,-9.0,1400.0,0.0,-9.0,-9.0,1.2,3.5,2247.0,-1,-1,-1
1,0,36.3187,127.4512453,판암동,2003-12-25,2025,12,3,1459.0,3.6,1024.0,1.16,-9.0,1400.0,0.0,-9.0,-9.0,1.2,3.5,2247.0,-1,-1,-1
1,0,36.3195469,127.4498048,판암동,2003-12-25,2025,12,3,1459.0,3.6,1024.0,1.16,-9.0,1400.0,0.0,-9.0,-9.0,1.2,3.5,2247.0,-1,-1,-1
1,0,36.3194226,127.4501062,판암동,2003-12-25,2025,12,3,1459.0,3.6,1024.0,1.16,-9.0,1400.0,0.0,-9.0,-9.0,1.2,3.5,2247.0,-1,-1,-1
1,0,36.319452,127.4502121,판암동,2003-12-25,2025,12,3,1459.0,3.6,1024.0,1.16,-9.0,1400.0,0.0,-9.0,-9.0,1.2,3.5,2247.0,-1,-1,-1
1,0,36.3194164,127.4497389,판암동,2003-12-25,2025,12,3,1459.0,3.6,1024.0,1.16,-9.0,1400.0,0.0,-9.0,-9.0,1.2,3.5,2247.0,-1,-1,-1
1,0,36.3203722,127.4476403,판암동,2003-12-25,2025,12,3,1459.0,3.6,1024.0,1.16,-9.0,1400.0,0.0,-9.0,-9.0,1.2,3.5,2247.0,-1,-1,-1
1,0,36.3209711,127.4463107,신흥동,2003-12-25,2025,12,3,1459.0,3.6,1024.0,1.16,-9.0,1400.0,0.0,-9.0,-9.0,1.2,3.5,2247.0,-1,-1,-1
1,0,36.3210591,127.4461234,신흥동,2003-12-25,2025,12,3,1459.0,3.6,1024.0,1.16,-9.0,1400.0,0.0,-9.0,-9.0,1.2,3.5,2247.0,-1,-1,-1
1,0,36.3216678,127.4447999,신흥동,2003-12-25,2025,12,3,1459.0,3.6,1024.0,1.16,-9.0,1400.0,0.0,-9.0,-9.0,1.2,3.5,2247.0,-1,-1,-1
1,0,36.3216891,127.444694,신흥동,2003-12-25,2025,12,3,1459.0,3.6,1024.0,1.16,-9.0,1400.0,0.0,-9.0,-9.0,1.2,3.5,2247.0,-1,-1,-1
1,0,36.3230285,127.4453406,신흥동,2003-12-25,2025,12,3,1459.0,3.6,1024.0,1.16,-9.0,1400.0,0.0,-9.0,-9.0,1.2,3.5,2247.0,-1,-1,-1
1,0,36.32349,127.4456272,신흥동,2003-12-25,2025,12,3,1459.0,3.6,1024.0,1.16,-9.0,1400.0,0.0,-9.0,-9.0,1.2,3.5,2247.0,-1,-1,-1
1,0,36.3245301,127.4458458,대동,2003-12-25,2025,12,3,1459.0,3.6,1024.0,1.16,-9.0,1400.0,0.0,-9.0,-9.0,1.2,3.5,2247.0,-1,-1,-1
1,0,36.3257629,127.4451049,대동,2003-12-25,2025,12,3,1459.0,3.6,1024.0,1.16,-9.0,1400.0,0.0,-9.0,-9.0,1.2,3.5,2247.0,-1,-1,-1
1,0,36.3263435,127.4447495,대동,2003-12-25,2025,12,3,1459.0,3.6,1024.0,1.16,-9.0,1400.0,0.0,-9.0,-9.0,1.2,3.5,2247.0,-1,-1,-1
1,0,36.3264682,127.444665,대동,2003-12-25,2025,12,3,1459.0,3.6,1024.0,1.16,-9.0,1400.0,0.0,-9.0,-9.0,1.2,3.5,2247.0,-1,-1,-1
1,0,36.327298,127.4437139,대동,2003-12-25,2025,12,3,1459.0,3.6,1024.0,1.16,-9.0,1400.0,0.0,-9.0,-9.0,1.2,3.5,2247.0,-1,-1,-1
1,0,36.3279016,127.4434679,대동,2003-12-25,2025,12,3,1459.0,3.6,1024.0,1.16,-9.0,1400.0,0.0,-9.0,-9.0,1.2,3.5,2247.0,-1,-1,-1
1,0,36.3284675,127.4433559,대동,2003-12-25,2025,12,3,1459.0,3.6,1024.0,1.16,-9.0,1400.0,0.0,-9.0,-9.0,1.2,3.5,2247.0,-1,-1,-1
1,0,36.3277201,127.44372,대동,2003-12-25,2025,12,3,1459.0,3.6,1024.0,1.16,-9.0,1400.0,0.0,-9.0,-9.0,1.2,3.5,2247.0,-1,-1,-1
1,0,36.3282821,127.4432438,대동,2003-12-25,2025,12,3,1459.0,3.6,1024.0,1.16,-9.0,1400.0,0.0,-9.0,-9.0,1.2,3.5,2247.0,-1,-1,-1
1,0,36.3284257,127.4432023,대동,2003-12-25,2025,12,3,1459.0,3.6,1024.0,1.16,-9.0,1400.0,0.0,-9.0,-9.0,1.2,3.5,2247.0,-1,-1,-1
1,0,36.3280458,127.4435791,대동,2003-12-25,2025,12,3,1459.0,3.6,1024.0,1.16,-9.0,1400.0,0.0,-9.0,-9.0,1.2,3.5,2247.0,-1,-1,-1
1,0,36.3278057,127.4433694,대동,2003-12-25,2025,12,3,1459.0,3.6,1024.0,1.16,-9.0,1400.0,0.0,-9.0,-9.0,1.2,3.5,2247.0,-1,-1,-1
1,0,36.3266403,127.4442811,대동,2003-12-25,2025,12,3,1459.0,3.6,1024.0,1.16,-9.0,1400.0,0.0,-9.0,-9.0,1.2,3.5,2247.0,-1,-1,-1
1,0,36.327907,127.4438393,대동,2003-12-25,2025,12,3,1459.0,3.6,1024.0,1.16,-9.0,1400.0,0.0,-9.0,-9.0,1.2,3.5,2247.0,-1,-1,-1
1,0,36.3313774,127.4407604,대동,2003-12-25,2025,12,3,1459.0,3.6,1024.0,1.16,-9.0,1400.0,0.0,-9.0,-9.0,1.2,3.5,2247.0,-1,-1,-1
1,0,36.3324852,127.4400725,소제동,2003-12-25,2025,12,3,1459.0,3.6,1024.0,1.16,-9.0,1400.0,0.0,-9.0,-9.0,1.2,3.5,2247.0,-1,-1,-1
1,0,36.3333556,127.4397134,소제동,2003-12-25,2025,12,3,1459.0,3.6,1024.0,1.16,-9.0,1400.0,0.0,-9.0,-9.0,1.2,3.5,2247.0,-1,-1,-1
1,0,36.3360914,127.4390158,소제동,2003-12-25,2025,12,3,1459.0,3.6,1024.0,1.16,-9.0,1400.0,0.0,-9.0,-9.0,1.2,3.5,2247.0,-1,-1,-1
1,0,36.3366727,127.4388006,소제동,2003-12-25,2025,12,3,1459.0,3.6,1024.0,1.16,-9.0,1400.0,0.0,-9.0,-9.0,1.2,3.5,2247.0,-1,-1,-1
1,0,36.3376446,127.4381348,소제동,2003-12-25,2025,12,3,1459.0,3.6,1024.0,1.16,-9.0,1400.0,0.0,-9.0,-9.0,1.2,3.5,2247.0,-1,-1,-1
1,0,36.3377336,127.4380945,소제동,2003-12-25,2025,12,3,1459.0,3.6,1024.0,1.16,-9.0,1400.0,0.0,-9.0,-9.0,1.2,3.5,2247.0,-1,-1,-1
1,0,36.3405462,127.4361122,성남동,2003-12-25,2025,12,3,1459.0,3.6,1024.0,1.16,-9.0,1400.0,0.0,-9.0,-9.0,1.2,3.5,2247.0,-1,-1,-1
1,0,36.3410943,127.4357738,성남동,2003-12-25,2025,12,3,1459.0,3.6,1024.0,1.16,-9.0,1400.0,0.0,-9.0,-9.0,1.2,3.5,2247.0,-1,-1,-1
1,0,36.3438048,127.434229,성남동,2003-12-25,2025,12,3,1459.0,3.6,1024.0,1.16,-9.0,1400.0,0.0,-9.0,-9.0,1.2,3.5,2247.0,-1,-1,-1
1,0,36.3470441,127.4323652,성남동,2003-12-25,2025,12,3,1459.0,3.6,1024.0,1.16,-9.0,1400.0,0.0,-9.0,-9.0,1.2,3.5,2247.0,-1,-1,-1
1,0,36.3475442,127.4320999,용전동,2003-12-25,2025,12,3,1459.0,3.6,1024.0,1.16,-9.0,1400.0,0.0,-9.0,-9.0,1.2,3.5,2247.0,-1,-1,-1
1,0,36.3486053,127.4320859,용전동,2003-12-25,2025,12,3,1459.0,3.6,1024.0,1.16,-9.0,1400.0,0.0,-9.0,-9.0,1.2,3.5,2247.0,-1,-1,-1
1,0,36.3507633,127.4323511,용전동,2003-12-25,2025,12,3,1459.0,3.6,1024.0,1.16,-9.0,1400.0,0.0,-9.0,-9.0,1.2,3.5,2247.0,-1,-1,-1
1,0,36.3522307,127.4325328,용전동,2003-12-25,2025,12,3,1459.0,3.6,1024.0,1.16,-9.0,1400.0,0.0,-9.0,-9.0,1.2,3.5,2247.0,-1,-1,-1
1,0,36.353181,127.4325644,용전동,2003-12-25,2025,12,3,1459.0,3.6,1024.0,1.16,-9.0,1400.0,0.0,-9.0,-9.0,1.2,3.5,2247.0,-1,-1,-1
1,0,36.3532041,127.4325998,용전동,2003-12-25,2025,12,3,1459.0,3.6,1024.0,1.16,-9.0,1400.0,0.0,-9.0,-9.0,1.2,3.5,2247.0,-1,-1,-1
1,0,36.3542347,127.4327075,용전동,2003-12-25,2025,12,3,1459.0,3.6,1024.0,1.16,-9.0,1400.0,0.0,-9.0,-9.0,1.2,3.5,2247.0,-1,-1,-1
1,0,36.3574602,127.4328237,용전동,2003-12-25,2025,12,3,1459.0,3.6,1024.0,1.16,-9.0,1400.0,0.0,-9.0,-9.0,1.2,3.5,2247.0,-1,-1,-1
1,0,36.3581333,127.4326883,용전동,2003-12-25,2025,12,3,1459.0,3.6,1024.0,1.16,-9.0,1400.0,0.0,-9.0,-9.0,1.2,3.5,2247.0,-1,-1,-1
1,0,36.3583041,127.4326689,용전동,2003-12-25,2025,12,3,1459.0,3.6,1024.0,1.16,-9.0,1400.0,0.0,-9.0,-9.0,1.2,3.5,2247.0,-1,-1,-1
1,0,36.3595405,127.432118,중리동,2003-12-25,2025,12,3,1459.0,3.6,1024.0,1.16,-9.0,1400.0,0.0,-9.0,-9.0,1.2,3.5,2247.0,-1,-1,-1
1,0,36.361373,127.4316248,중리동,2003-12-25,2025,12,3,1459.0,3.6,1024.0,1.16,-9.0,1400.0,0.0,-9.0,-9.0,1.2,3.5,2247.0,-1,-1,-1
1,0,36.3624133,127.4312798,중리동,2003-12-25,2025,12,3,1459.0,3.6,1024.0,1.16,-9.0,1400.0,0.0,-9.0,-9.0,1.2,3.5,2247.0,-1,-1,-1
1,0,36.3637688,127.4309113,중리동,2003-12-25,2025,12,3,1459.0,3.6,1024.0,1.16,-9.0,1400.0,0.0,-9.0,-9.0,1.2,3.5,2247.0,88.5,4,2.71
1,0,36.3654994,127.430436,중리동,2003-12-25,2025,12,3,1459.0,3.6,1024.0,1.16,-9.0,1400.0,0.0,-9.0,-9.0,1.2,3.5,2247.0,88.5,4,2.71
1,0,36.3677154,127.4297758,법동,2003-12-25,2025,12,3,1459.0,3.6,1024.0,1.16,-9.0,1400.0,0.0,-9.0,-9.0,1.2,3.5,2247.0,88.5,4,2.71
1,0,36.3683926,127.4295985,법동,2003-12-25,2025,12,3,1459.0,3.6,1024.0,1.16,-9.0,1400.0,0.0,-9.0,-9.0,1.2,3.5,2247.0,88.5,4,2.71
1,0,36.3707587,127.4289964,법동,2003-12-25,2025,12,3,1459.0,3.6,1024.0,1.16,-9.0,1400.0,0.0,-9.0,-9.0,1.2,3.5,2247.0,88.5,4,2.71
1,0,36.3730355,127.4283658,법동,2003-12-25,2025,12,3,1459.0,3.6,1024.0,1.16,-9.0,1400.0,0.0,-9.0,-9.0,1.2,3.5,2247.0,88.5,4,2.71
1,0,36.3740278,127.4265658,법동,2003-12-25,2025,12,3,1459.0,3.6,1024.0,1.16,-9.0,1400.0,0.0,-9.0,-9.0,1.2,3.5,2247.0,88.5,4,2.71
1,0,36.3732136,127.4245237,법동,2003-12-25,2025,12,3,1459.0,3.6,1024.0,1.16,-9.0,1400.0,0.0,-9.0,-9.0,1.2,3.5,2247.0,88.5,4,2.71
1,0,36.3730993,127.4238925,읍내동,2003-12-25,2025,12,3,1459.0,3.6,1024.0,1.16,-9.0,1400.0,0.0,-9.0,-9.0,1.2,3.5,2247.0,88.5,4,2.71
1,0,36.3731834,127.4207267,읍내동,2003-12-25,2025,12,3,1459.0,3.6,1024.0,1.16,-9.0,1400.0,0.0,-9.0,-9.0,1.2,3.5,2247.0,-1,-1,-1
1,0,36.3739718,127.4193668,읍내동,2003-12-25,2025,12,3,1459.0,3.6,1024.0,1.16,-9.0,1400.0,0.0,-9.0,-9.0,1.2,3.5,2247.0,-1,-1,-1
1,0,36.3751175,127.416983,읍내동,2003-12-25,2025,12,3,1459.0,3.6,1024.0,1.16,-9.0,1400.0,0.0,-9.0,-9.0,1.2,3.5,2247.0,-1,-1,-1
1,0,36.3756466,127.4153957,읍내동,2003-12-25,2025,12,3,1459.0,3.6,1024.0,1.16,-9.0,1400.0,0.0,-9.0,-9.0,1.2,3.5,2247.0,-1,-1,-1
1,0,36.3762871,127.4136643,읍내동,2003-12-25,2025,12,3,1459.0,3.6,1024.0,1.16,-9.0,1400.0,0.0,-9.0,-9.0,1.2,3.5,2247.0,-1,-1,-1
1,0,36.3772592,127.4115023,읍내동,2003-12-25,2025,12,3,1459.0,3.6,1024.0,1.16,-9.0,1400.0,0.0,-9.0,-9.0,1.2,3.5,2247.0,-1,-1,-1
1,0,36.3784308,127.4099687,대화동,2003-12-25,2025,12,3,1459.0,3.6,1024.0,1.16,-9.0,1400.0,0.0,-9.0,-9.0,1.2,3.5,2247.0,-1,-1,-1
1,0,36.3800205,127.4072776,원촌동,2003-12-25,2025,12,3,1459.0,3.6,1024.0,1.16,-9.0,1400.0,0.0,-9.0,-9.0,1.2,3.5,2247.0,-1,-1,-1
1,0,36.385128,127.405278,원촌동,2003-12-25,2025,12,3,1459.0,3.6,1024.0,1.16,-9.0,1400.0,0.0,-9.0,-9.0,1.2,3.5,2247.0,-1,-1,-1
1,0,36.3883681,127.4050174,문지동,2003-12-25,2025,12,3,1459.0,3.6,1024.0,1.16,-9.0,1400.0,0.0,-9.0,-9.0,1.2,3.5,2247.0,-1,-1,-1
1,0,36.3902405,127.4068819,문지동,2003-12-25,2025,12,3,1459.0,3.6,1024.0,1.16,-9.0,1400.0,0.0,-9.0,-9.0,1.2,3.5,2247.0,-1,-1,-1
1,0,36.3911159,127.4070362,문지동,2003-12-25,2025,12,3,1459.0,3.6,1024.0,1.16,-9.0,1400.0,0.0,-9.0,-9.0,1.2,3.5,2247.0,-1,-1,-1
1,0,36.3911027,127.4078229,문지동,2003-12-25,2025,12,3,1459.0,3.6,1024.0,1.16,-9.0,1400.0,0.0,-9.0,-9.0,1.2,3.5,2247.0,-1,-1,-1
1,0,36.3904085,127.4080429,문지동,2003-12-25,2025,12,3,1459.0,3.6,1024.0,1.16,-9.0,1400.0,0.0,-9.0,-9.0,1.2,3.5,2247.0,-1,-1,-1
1,0,36.3913627,127.4078255,문지동,2003-12-25,2025,12,3,1459.0,3.6,1024.0,1.16,-9.0,1400.0,0.0,-9.0,-9.0,1.2,3.5,2247.0,-1,-1,-1
1,0,36.3903737,127.4068328,문지동,2003-12-25,2025,12,3,1459.0,3.6,1024.0,1.16,-9.0,1400.0,0.0,-9.0,-9.0,1.2,3.5,2247.0,-1,-1,-1
1,0,36.3900866,127.4051873,문지동,2003-12-25,2025,12,3,1459.0,3.6,1024.0,1.16,-9.0,1400.0,0.0,-9.0,-9.0,1.2,3.5,2247.0,-1,-1,-1
1,0,36.3897012,127.4049867,문지동,2003-12-25,2025,12,3,1459.0,3.6,1024.0,1.16,-9.0,1400.0,0.0,-9.0,-9.0,1.2,3.5,2247.0,-1,-1,-1
1,0,36.387976,127.4049667,문지동,2003-12-25,2025,12,3,1459.0,3.6,1024.0,1.16,-9.0,1400.0,0.0,-9.0,-9.0,1.2,3.5,2247.0,-1,-1,-1
1,0,36.3855671,127.4050873,원촌동,2003-12-25,2025,12,3,1459.0,3.6,1024.0,1.16,-9.0,1400.0,0.0,-9.0,-9.0,1.2,3.5,2247.0,-1,-1,-1
1,0,36.3806757,127.4065049,원촌동,2003-12-25,2025,12,3,1459.0,3.6,1024.0,1.16,-9.0,1400.0,0.0,-9.0,-9.0,1.2,3.5,2247.0,-1,-1,-1
1,0,36.3789704,127.4058744,원촌동,2003-12-25,2025,12,3,1459.0,3.6,1024.0,1.16,-9.0,1400.0,0.0,-9.0,-9.0,1.2,3.5,2247.0,-1,-1,-1
1,0,36.3762704,127.4014668,원촌동,2003-12-25,2025,12,3,1459.0,3.6,1024.0,1.16,-9.0,1400.0,0.0,-9.0,-9.0,1.2,3.5,2247.0,-1,-1,-1
1,0,36.3759623,127.399198,도룡동,2003-12-25,2025,12,3,1459.0,3.6,1024.0,1.16,-9.0,1400.0,0.0,-9.0,-9.0,1.2,3.5,2247.0,-1,-1,-1
1,0,36.3751891,127.3963445,도룡동,2003-12-25,2025,12,3,1459.0,3.6,1024.0,1.16,-9.0,1400.0,0.0,-9.0,-9.0,1.2,3.5,2247.0,-1,-1,-1
1,0,36.3743336,127.3908128,도룡동,2003-12-25,2025,12,3,1459.0,3.6,1024.0,1.16,-9.0,1400.0,0.0,-9.0,-9.0,1.2,3.5,2247.0,92.5,6,4.35
1,0,36.3743568,127.3896474,도룡동,2003-12-25,2025,12,3,1459.0,3.6,1024.0,1.16,-9.0,1400.0,0.0,-9.0,-9.0,1.2,3.5,2247.0,92.5,6,4.35
1,0,36.3743327,127.3862177,도룡동,2003-12-25,2025,12,3,1459.0,3.6,1024.0,1.16,-9.0,1400.0,0.0,-9.0,-9.0,1.2,3.5,2247.0,92.5,6,4.35
1,0,36.3743524,127.3832807,도룡동,2003-12-25,2025,12,3,1459.0,3.6,1024.0,1.16,-9.0,1400.0,0.0,-9.0,-9.0,1.2,3.5,2247.0,92.5,6,4.35
1,0,36.3745918,127.3807902,도룡동,2003-12-25,2025,12,3,1459.0,3.6,1024.0,1.16,-9.0,1400.0,0.0,-9.0,-9.0,1.2,3.5,2247.0,92.5,6,4.35
1,0,36.3746587,127.3801972,도룡동,2003-12-25,2025,12,3,1459.0,3.6,1024.0,1.16,-9.0,1400.0,0.0,-9.0,-9.0,1.2,3.5,2247.0,92.5,6,4.35
1,0,36.3719617,127.3794172,만년동,2003-12-25,2025,12,3,1459.0,3.6,1024.0,1.16,-9.0,1400.0,0.0,-9.0,-9.0,1.2,3.5,2247.0,92.5,6,4.35
1,0,36.371323,127.3794125,만년동,2003-12-25,2025,12,3,1459.0,3.6,1024.0,1.16,-9.0,1400.0,0.0,-9.0,-9.0,1.2,3.5,2247.0,92.5,6,4.35
1,0,36.3710989,127.3791027,만년동,2003-12-25,2025,12,3,1459.0,3.6,1024.0,1.16,-9.0,1400.0,0.0,-9.0,-9.0,1.2,3.5,2247.0,92.5,6,4.35
1,0,36.3704281,127.3767037,만년동,2003-12-25,2025,12,3,1459.0,3.6,1024.0,1.16,-9.0,1400.0,0.0,-9.0,-9.0,1.2,3.5,2247.0,92.5,6,4.35
1,0,36.3697824,127.3752986,만년동,2003-12-25,2025,12,3,1459.0,3.6,1024.0,1.16,-9.0,1400.0,0.0,-9.0,-9.0,1.2,3.5,2247.0,92.5,6,4.35
1,0,36.3687661,127.3735958,만년동,2003-12-25,2025,12,3,1459.0,3.6,1024.0,1.16,-9.0,1400.0,0.0,-9.0,-9.0,1.2,3.5,2247.0,92.5,6,4.35
1,0,36.3684858,127.373294,만년동,2003-12-25,2025,12,3,1459.0,3.6,1024.0,1.16,-9.0,1400.0,0.0,-9.0,-9.0,1.2,3.5,2247.0,92.5,6,4.35
1,0,36.3676219,127.3722764,만년동,2003-12-25,2025,12,3,1459.0,3.6,1024.0,1.16,-9.0,1400.0,0.0,-9.0,-9.0,1.2,3.5,2247.0,92.5,6,4.35
1,0,36.3659276,127.370273,만년동,2003-12-25,2025,12,3,1459.0,3.6,1024.0,1.16,-9.0,1400.0,0.0,-9.0,-9.0,1.2,3.5,2247.0,92.5,6,4.35
1,0,36.3649859,127.3690335,만년동,2003-12-25,2025,12,3,1459.0,3.6,1024.0,1.16,-9.0,1400.0,0.0,-9.0,-9.0,1.2,3.5,2247.0,92.5,6,4.35
1,0,36.3646391,127.3685647,월평동,2003-12-25,2025,12,3,1459.0,3.6,1024.0,1.16,-9.0,1400.0,0.0,-9.0,-9.0,1.2,3.5,2247.0,92.5,6,4.35
1,0,36.3631666,127.3661339,월평동,2003-12-25,2025,12,3,1459.0,3.6,1024.0,1.16,-9.0,1400.0,0.0,-9.0,-9.0,1.2,3.5,2247.0,-1,-1,-1
1,0,36.3624231,127.3645766,월평동,2003-12-25,2025,12,3,1459.0,3.6,1024.0,1.16,-9.0,1400.0,0.0,-9.0,-9.0,1.2,3.5,2247.0,-1,-1,-1
1,0,36.3603378,127.3615887,월평동,2003-12-25,2025,12,3,1459.0,3.6,1024.0,1.16,-9.0,1400.0,0.0,-9.0,-9.0,1.2,3.5,2247.0,-1,-1,-1
1,0,36.3582064,127.3595517,월평동,2003-12-25,2025,12,3,1459.0,3.6,1024.0,1.16,-9.0,1400.0,0.0,-9.0,-9.0,1.2,3.5,2247.0,-1,-1,-1
1,0,36.3568186,127.3576582,월평동,2003-12-25,2025,12,3,1459.0,3.6,1024.0,1.16,-9.0,1400.0,0.0,-9.0,-9.0,1.2,3.5,2247.0,-1,-1,-1
1,0,36.3548179,127.3546906,월평동,2003-12-25,2025,12,3,1459.0,3.6,1024.0,1.16,-9.0,1400.0,0.0,-9.0,-9.0,1.2,3.5,2247.0,-1,-1,-1
1,0,36.3497794,127.3509514,월평동,2003-12-25,2025,12,3,1459.0,3.6,1024.0,1.16,-9.0,1400.0,0.0,-9.0,-9.0,1.2,3.5,2247.0,-1,-1,-1
1,0,36.3487579,127.3511372,월평동,2003-12-25,2025,12,3,1459.0,3.6,1024.0,1.16,-9.0,1400.0,0.0,-9.0,-9.0,1.2,3.5,2247.0,-1,-1,-1
1,0,36.3449976,127.3524073,월평동,2003-12-25,2025,12,3,1459.0,3.6,1024.0,1.16,-9.0,1400.0,0.0,-9.0,-9.0,1.2,3.5,2247.0,-1,-1,-1
1,0,36.3443113,127.3526638,월평동,2003-12-25,2025,12,3,1459.0,3.6,1024.0,1.16,-9.0,1400.0,0.0,-9.0,-9.0,1.2,3.5,2247.0,-1,-1,-1
1,0,36.3417161,127.3525798,월평동,2003-12-25,2025,12,3,1459.0,3.6,1024.0,1.16,-9.0,1400.0,0.0,-9.0,-9.0,1.2,3.5,2247.0,-1,-1,-1
1,0,36.3405185,127.350547,원신흥동,2003-12-25,2025,12,3,1459.0,3.6,1024.0,1.16,-9.0,1400.0,0.0,-9.0,-9.0,1.2,3.5,2247.0,80,5,3.4
1,0,36.3403408,127.3502522,원신흥동,2003-12-25,2025,12,3,1459.0,3.6,1024.0,1.16,-9.0,1400.0,0.0,-9.0,-9.0,1.2,3.5,2247.0,80,5,3.4
1,0,36.339978,127.3494279,원신흥동,2003-12-25,2025,12,3,1459.0,3.6,1024.0,1.16,-9.0,1400.0,0.0,-9.0,-9.0,1.2,3.5,2247.0,80,5,3.4
1,0,36.3389463,127.3487327,원신흥동,2003-12-25,2025,12,3,1459.0,3.6,1024.0,1.16,-9.0,1400.0,0.0,-9.0,-9.0,1.2,3.5,2247.0,80,5,3.4
1,0,36.3350085,127.349031,원신흥동,2003-12-25,2025,12,3,1459.0,3.6,1024.0,1.16,-9.0,1400.0,0.0,-9.0,-9.0,1.2,3.5,2247.0,80,5,3.4
1,0,36.3342633,127.3487511,원신흥동,2003-12-25,2025,12,3,1459.0,3.6,1024.0,1.16,-9.0,1400.0,0.0,-9.0,-9.0,1.2,3.5,2247.0,80,5,3.4
1,0,36.3315139,127.3479088,도안동,2003-12-25,2025,12,3,1459.0,3.6,1024.0,1.16,-9.0,1400.0,0.0,-9.0,-9.0,1.2,3.5,2247.0,80,5,3.4
1,0,36.3311404,127.3479294,도안동,2003-12-25,2025,12,3,1459.0,3.6,1024.0,1.16,-9.0,1400.0,0.0,-9.0,-9.0,1.2,3.5,2247.0,80,5,3.4
1,0,36.3297313,127.3478991,도안동,2003-12-25,2025,12,3,1459.0,3.6,1024.0,1.16,-9.0,1400.0,0.0,-9.0,-9.0,1.2,3.5,2247.0,80,5,3.4
1,0,36.3272366,127.3478638,도안동,2003-12-25,2025,12,3,1459.0,3.6,1024.0,1.16,-9.0,1400.0,0.0,-9.0,-9.0,1.2,3.5,2247.0,80,5,3.4
1,0,36.3262723,127.3478695,도안동,2003-12-25,2025,12,3,1459.0,3.6,1024.0,1.16,-9.0,1400.0,0.0,-9.0,-9.0,1.2,3.5,2247.0,80,5,3.4
1,0,36.3250045,127.3478777,도안동,2003-12-25,2025,12,3,1459.0,3.6,1024.0,1.16,-9.0,1400.0,0.0,-9.0,-9.0,1.2,3.5,2247.0,80,5,3.4
1,0,36.3236735,127.3478543,도안동,2003-12-25,2025,12,3,1459.0,3.6,1024.0,1.16,-9.0,1400.0,0.0,-9.0,-9.0,1.2,3.5,2247.0,80,5,3.4
1,0,36.3217781,127.3478597,도안동,2003-12-25,2025,12,3,1459.0,3.6,1024.0,1.16,-9.0,1400.0,0.0,-9.0,-9.0,1.2,3.5,2247.0,80,5,3.4
1,0,36.3176948,127.3479219,도안동,2003-12-25,2025,12,3,1459.0,3.6,1024.0,1.16,-9.0,1400.0,0.0,-9.0,-9.0,1.2,3.5,2247.0,-1,-1,-1
1,0,36.3169158,127.3482117,도안동,2003-12-25,2025,12,3,1459.0,3.6,1024.0,1.16,-9.0,1400.0,0.0,-9.0,-9.0,1.2,3.5,2247.0,-1,-1,-1
1,0,36.3146536,127.3491732,도안동,2003-12-25,2025,12,3,1459.0,3.6,1024.0,1.16,-9.0,1400.0,0.0,-9.0,-9.0,1.2,3.5,2247.0,-1,-1,-1
1,0,36.3140785,127.3494185,도안동,2003-12-25,2025,12,3,1459.0,3.6,1024.0,1.16,-9.0,1400.0,0.0,-9.0,-9.0,1.2,3.5,2247.0,-1,-1,-1
1,0,36.3137924,127.3495254,도안동,2003-12-25,2025,12,3,1459.0,3.6,1024.0,1.16,-9.0,1400.0,0.0,-9.0,-9.0,1.2,3.5,2247.0,80,5,3.4
1,0,36.3126046,127.3500807,도안동,2003-12-25,2025,12,3,1459.0,3.6,1024.0,1.16,-9.0,1400.0,0.0,-9.0,-9.0,1.2,3.5,2247.0,80,5,3.4
1,0,36.30973,127.3513142,도안동,2003-12-25,2025,12,3,1459.0,3.6,1024.0,1.16,-9.0,1400.0,0.0,-9.0,-9.0,1.2,3.5,2247.0,80,5,3.4
1,0,36.3092024,127.3523556,도안동,2003-12-25,2025,12,3,1459.0,3.6,1024.0,1.16,-9.0,1400.0,0.0,-9.0,-9.0,1.2,3.5,2247.0,80,5,3.4
1,0,36.3094497,127.3531207,도안동,2003-12-25,2025,12,3,1459.0,3.6,1024.0,1.16,-9.0,1400.0,0.0,-9.0,-9.0,1.2,3.5,2247.0,80,5,3.4
1,0,36.3095488,127.3534948,도안동,2003-12-25,2025,12,3,1459.0,3.6,1024.0,1.16,-9.0,1400.0,0.0,-9.0,-9.0,1.2,3.5,2247.0,80,5,3.4
1,0,36.3096004,127.35394,도안동,2003-12-25,2025,12,3,1459.0,3.6,1024.0,1.16,-9.0,1400.0,0.0,-9.0,-9.0,1.2,3.5,2247.0,80,5,3.4
1,0,36.3093402,127.3540428,도안동,2003-12-25,2025,12,3,1459.0,3.6,1024.0,1.16,-9.0,1400.0,0.0,-9.0,-9.0,1.2,3.5,2247.0,80,5,3.4
1,0,36.308241,127.3545488,도안동,2004-12-25,2025,12,4,1302.0,2.0,1214.0,1.91,-9.0,1200.0,-9.0,-9.0,-9.0,-0.9,5.7,1030.0,80,5,3.4
1,0,36.3082647,127.3544954,도안동,2004-12-25,2025,12,4,1302.0,2.0,1214.0,1.91,-9.0,1200.0,-9.0,-9.0,-9.0,-0.9,5.7,1030.0,80,5,3.4
1,0,36.3085937,127.3543522,도안동,2004-12-25,2025,12,4,1302.0,2.0,1214.0,1.91,-9.0,1200.0,-9.0,-9.0,-9.0,-0.9,5.7,1030.0,80,5,3.4
1,0,36.3093363,127.3528943,도안동,2004-12-25,2025,12,4,1302.0,2.0,1214.0,1.91,-9.0,1200.0,-9.0,-9.0,-9.0,-0.9,5.7,1030.0,80,5,3.4
1,0,36.3092573,127.352836,도안동,2004-12-25,2025,12,4,1302.0,2.0,1214.0,1.91,-9.0,1200.0,-9.0,-9.0,-9.0,-0.9,5.7,1030.0,80,5,3.4
1,0,36.3090835,127.3519653,도안동,2004-12-25,2025,12,4,1302.0,2.0,1214.0,1.91,-9.0,1200.0,-9.0,-9.0,-9.0,-0.9,5.7,1030.0,80,5,3.4
1,0,36.3084377,127.3497095,도안동,2004-12-25,2025,12,4,1302.0,2.0,1214.0,1.91,-9.0,1200.0,-9.0,-9.0,-9.0,-0.9,5.7,1030.0,-1,-1,-1
1,0,36.3082217,127.3486427,도안동,2004-12-25,2025,12,4,1302.0,2.0,1214.0,1.91,-9.0,1200.0,-9.0,-9.0,-9.0,-0.9,5.7,1030.0,-1,-1,-1
1,0,36.3080747,127.3482569,도안동,2004-12-25,2025,12,4,1302.0,2.0,1214.0,1.91,-9.0,1200.0,-9.0,-9.0,-9.0,-0.9,5.7,1030.0,-1,-1,-1
1,0,36.3090272,127.3476288,도안동,2004-12-25,2025,12,4,1302.0,2.0,1214.0,1.91,-9.0,1200.0,-9.0,-9.0,-9.0,-0.9,5.7,1030.0,-1,-1,-1
1,0,36.3097159,127.347414,도안동,2004-12-25,2025,12,4,1302.0,2.0,1214.0,1.91,-9.0,1200.0,-9.0,-9.0,-9.0,-0.9,5.7,1030.0,-1,-1,-1
1,0,36.3099512,127.3473078,도안동,2004-12-25,2025,12,4,1302.0,2.0,1214.0,1.91,-9.0,1200.0,-9.0,-9.0,-9.0,-0.9,5.7,1030.0,-1,-1,-1
1,0,36.3104276,127.3471257,도안동,2004-12-25,2025,12,4,1302.0,2.0,1214.0,1.91,-9.0,1200.0,-9.0,-9.0,-9.0,-0.9,5.7,1030.0,-1,-1,-1
1,0,36.3110269,127.3469473,도안동,2004-12-25,2025,12,4,1302.0,2.0,1214.0,1.91,-9.0,1200.0,-9.0,-9.0,-9.0,-0.9,5.7,1030.0,-1,-1,-1
1,0,36.3121475,127.3487236,도안동,2004-12-25,2025,12,4,1302.0,2.0,1214.0,1.91,-9.0,1200.0,-9.0,-9.0,-9.0,-0.9,5.7,1030.0,-1,-1,-1
1,0,36.3139595,127.3496951,도안동,2004-12-25,2025,12,4,1302.0,2.0,1214.0,1.91,-9.0,1200.0,-9.0,-9.0,-9.0,-0.9,5.7,1030.0,80,5,3.4
1,0,36.314942,127.3492607,도안동,2004-12-25,2025,12,4,1302.0,2.0,1214.0,1.91,-9.0,1200.0,-9.0,-9.0,-9.0,-0.9,5.7,1030.0,80,5,3.4
1,0,36.3161426,127.3487304,도안동,2004-12-25,2025,12,4,1302.0,2.0,1214.0,1.91,-9.0,1200.0,-9.0,-9.0,-9.0,-0.9,5.7,1030.0,-1,-1,-1
1,0,36.3171064,127.3483714,도안동,2004-12-25,2025,12,4,1302.0,2.0,1214.0,1.91,-9.0,1200.0,-9.0,-9.0,-9.0,-0.9,5.7,1030.0,-1,-1,-1
1,0,36.3181663,127.3480935,도안동,2004-12-25,2025,12,4,1302.0,2.0,1214.0,1.91,-9.0,1200.0,-9.0,-9.0,-9.0,-0.9,5.7,1030.0,-1,-1,-1
1,0,36.3190158,127.3480883,도안동,2004-12-25,2025,12,4,1302.0,2.0,1214.0,1.91,-9.0,1200.0,-9.0,-9.0,-9.0,-0.9,5.7,1030.0,-1,-1,-1
1,0,36.3198117,127.3481268,도안동,2004-12-25,2025,12,4,1302.0,2.0,1214.0,1.91,-9.0,1200.0,-9.0,-9.0,-9.0,-0.9,5.7,1030.0,80,5,3.4
1,0,36.3206216,127.3481219,도안동,2004-12-25,2025,12,4,1302.0,2.0,1214.0,1.91,-9.0,1200.0,-9.0,-9.0,-9.0,-0.9,5.7,1030.0,80,5,3.4
1,0,36.3218724,127.348152,도안동,2004-12-25,2025,12,4,1302.0,2.0,1214.0,1.91,-9.0,1200.0,-9.0,-9.0,-9.0,-0.9,5.7,1030.0,80,5,3.4
1,0,36.3251724,127.3481348,도안동,2004-12-25,2025,12,4,1302.0,2.0,1214.0,1.91,-9.0,1200.0,-9.0,-9.0,-9.0,-0.9,5.7,1030.0,80,5,3.4
1,0,36.3271807,127.3482026,도안동,2004-12-25,2025,12,4,1302.0,2.0,1214.0,1.91,-9.0,1200.0,-9.0,-9.0,-9.0,-0.9,5.7,1030.0,80,5,3.4
1,0,36.3286595,127.348196,도안동,2004-12-25,2025,12,4,1302.0,2.0,1214.0,1.91,-9.0,1200.0,-9.0,-9.0,-9.0,-0.9,5.7,1030.0,80,5,3.4
1,0,36.3306332,127.3482694,도안동,2004-12-25,2025,12,4,1302.0,2.0,1214.0,1.91,-9.0,1200.0,-9.0,-9.0,-9.0,-0.9,5.7,1030.0,80,5,3.4
1,0,36.3325615,127.3484129,원신흥동,2004-12-25,2025,12,4,1302.0,2.0,1214.0,1.91,-9.0,1200.0,-9.0,-9.0,-9.0,-0.9,5.7,1030.0,80,5,3.4
1,0,36.3350615,127.3493397,원신흥동,2004-12-25,2025,12,4,1302.0,2.0,1214.0,1.91,-9.0,1200.0,-9.0,-9.0,-9.0,-0.9,5.7,1030.0,80,5,3.4
1,0,36.3352292,127.3494511,원신흥동,2004-12-25,2025,12,4,1302.0,2.0,1214.0,1.91,-9.0,1200.0,-9.0,-9.0,-9.0,-0.9,5.7,1030.0,80,5,3.4
1,0,36.3364195,127.3497689,원신흥동,2004-12-25,2025,12,4,1302.0,2.0,1214.0,1.91,-9.0,1200.0,-9.0,-9.0,-9.0,-0.9,5.7,1030.0,80,5,3.4
1,0,36.3367139,127.3497534,원신흥동,2004-12-25,2025,12,4,1302.0,2.0,1214.0,1.91,-9.0,1200.0,-9.0,-9.0,-9.0,-0.9,5.7,1030.0,80,5,3.4
1,0,36.3380264,127.3494771,원신흥동,2004-12-25,2025,12,4,1302.0,2.0,1214.0,1.91,-9.0,1200.0,-9.0,-9.0,-9.0,-0.9,5.7,1030.0,80,5,3.4
1,0,36.3386919,127.3491916,원신흥동,2004-12-25,2025,12,4,1302.0,2.0,1214.0,1.91,-9.0,1200.0,-9.0,-9.0,-9.0,-0.9,5.7,1030.0,80,5,3.4
1,0,36.3390858,127.3490162,원신흥동,2004-12-25,2025,12,4,1302.0,2.0,1214.0,1.91,-9.0,1200.0,-9.0,-9.0,-9.0,-0.9,5.7,1030.0,80,5,3.4
1,0,36.3394815,127.3488316,원신흥동,2004-12-25,2025,12,4,1302.0,2.0,1214.0,1.91,-9.0,1200.0,-9.0,-9.0,-9.0,-0.9,5.7,1030.0,80,5,3.4
1,0,36.3397179,127.3489537,원신흥동,2004-12-25,2025,12,4,1302.0,2.0,1214.0,1.91,-9.0,1200.0,-9.0,-9.0,-9.0,-0.9,5.7,1030.0,80,5,3.4
1,0,36.3402064,127.3500457,원신흥동,2004-12-25,2025,12,4,1302.0,2.0,1214.0,1.91,-9.0,1200.0,-9.0,-9.0,-9.0,-0.9,5.7,1030.0,80,5,3.4
1,0,36.3419989,127.3531118,월평동,2004-12-25,2025,12,4,1302.0,2.0,1214.0,1.91,-9.0,1200.0,-9.0,-9.0,-9.0,-0.9,5.7,1030.0,-1,-1,-1
1,0,36.3424004,127.3533953,월평동,2004-12-25,2025,12,4,1302.0,2.0,1214.0,1.91,-9.0,1200.0,-9.0,-9.0,-9.0,-0.9,5.7,1030.0,-1,-1,-1
1,0,36.3450782,127.352457,월평동,2004-12-25,2025,12,4,1302.0,2.0,1214.0,1.91,-9.0,1200.0,-9.0,-9.0,-9.0,-0.9,5.7,1030.0,-1,-1,-1
1,0,36.3465669,127.3519039,월평동,2004-12-25,2025,12,4,1302.0,2.0,1214.0,1.91,-9.0,1200.0,-9.0,-9.0,-9.0,-0.9,5.7,1030.0,-1,-1,-1
1,0,36.348542,127.3512434,월평동,2004-12-25,2025,12,4,1302.0,2.0,1214.0,1.91,-9.0,1200.0,-9.0,-9.0,-9.0,-0.9,5.7,1030.0,-1,-1,-1
1,0,36.3502561,127.3510971,월평동,2004-12-25,2025,12,4,1302.0,2.0,1214.0,1.91,-9.0,1200.0,-9.0,-9.0,-9.0,-0.9,5.7,1030.0,-1,-1,-1
1,0,36.3505383,127.3510678,월평동,2004-12-25,2025,12,4,1302.0,2.0,1214.0,1.91,-9.0,1200.0,-9.0,-9.0,-9.0,-0.9,5.7,1030.0,-1,-1,-1
1,0,36.3518941,127.3516283,월평동,2004-12-25,2025,12,4,1302.0,2.0,1214.0,1.91,-9.0,1200.0,-9.0,-9.0,-9.0,-0.9,5.7,1030.0,-1,-1,-1
1,0,36.3520987,127.3517187,월평동,2004-12-25,2025,12,4,1302.0,2.0,1214.0,1.91,-9.0,1200.0,-9.0,-9.0,-9.0,-0.9,5.7,1030.0,-1,-1,-1
1,0,36.3527864,127.3521833,월평동,2004-12-25,2025,12,4,1302.0,2.0,1214.0,1.91,-9.0,1200.0,-9.0,-9.0,-9.0,-0.9,5.7,1030.0,-1,-1,-1
1,0,36.3534062,127.3528586,월평동,2004-12-25,2025,12,4,1302.0,2.0,1214.0,1.91,-9.0,1200.0,-9.0,-9.0,-9.0,-0.9,5.7,1030.0,-1,-1,-1
1,0,36.3538333,127.3534275,월평동,2004-12-25,2025,12,4,1302.0,2.0,1214.0,1.91,-9.0,1200.0,-9.0,-9.0,-9.0,-0.9,5.7,1030.0,-1,-1,-1
1,0,36.3539368,127.3535985,월평동,2004-12-25,2025,12,4,1302.0,2.0,1214.0,1.91,-9.0,1200.0,-9.0,-9.0,-9.0,-0.9,5.7,1030.0,-1,-1,-1
1,0,36.3544781,127.3543926,월평동,2004-12-25,2025,12,4,1302.0,2.0,1214.0,1.91,-9.0,1200.0,-9.0,-9.0,-9.0,-0.9,5.7,1030.0,-1,-1,-1
1,0,36.3555741,127.3559988,월평동,2004-12-25,2025,12,4,1302.0,2.0,1214.0,1.91,-9.0,1200.0,-9.0,-9.0,-9.0,-0.9,5.7,1030.0,-1,-1,-1
1,0,36.356256,127.3569993,월평동,2004-12-25,2025,12,4,1302.0,2.0,1214.0,1.91,-9.0,1200.0,-9.0,-9.0,-9.0,-0.9,5.7,1030.0,-1,-1,-1
1,0,36.3567033,127.3576623,월평동,2004-12-25,2025,12,4,1302.0,2.0,1214.0,1.91,-9.0,1200.0,-9.0,-9.0,-9.0,-0.9,5.7,1030.0,-1,-1,-1
1,0,36.3569219,127.3580034,월평동,2004-12-25,2025,12,4,1302.0,2.0,1214.0,1.91,-9.0,1200.0,-9.0,-9.0,-9.0,-0.9,5.7,1030.0,-1,-1,-1
1,0,36.3582485,127.3597061,월평동,2004-12-25,2025,12,4,1302.0,2.0,1214.0,1.91,-9.0,1200.0,-9.0,-9.0,-9.0,-0.9,5.7,1030.0,-1,-1,-1
1,0,36.3585701,127.3599889,월평동,2004-12-25,2025,12,4,1302.0,2.0,1214.0,1.91,-9.0,1200.0,-9.0,-9.0,-9.0,-0.9,5.7,1030.0,-1,-1,-1
1,0,36.3600025,127.3613435,월평동,2004-12-25,2025,12,4,1302.0,2.0,1214.0,1.91,-9.0,1200.0,-9.0,-9.0,-9.0,-0.9,5.7,1030.0,-1,-1,-1
1,0,36.361079,127.362486,월평동,2004-12-25,2025,12,4,1302.0,2.0,1214.0,1.91,-9.0,1200.0,-9.0,-9.0,-9.0,-0.9,5.7,1030.0,-1,-1,-1
1,0,36.36178,127.3635486,월평동,2004-12-25,2025,12,4,1302.0,2.0,1214.0,1.91,-9.0,1200.0,-9.0,-9.0,-9.0,-0.9,5.7,1030.0,-1,-1,-1
1,0,36.3626834,127.3653407,월평동,2004-12-25,2025,12,4,1302.0,2.0,1214.0,1.91,-9.0,1200.0,-9.0,-9.0,-9.0,-0.9,5.7,1030.0,-1,-1,-1
1,0,36.363243,127.3664844,월평동,2004-12-25,2025,12,4,1302.0,2.0,1214.0,1.91,-9.0,1200.0,-9.0,-9.0,-9.0,-0.9,5.7,1030.0,-1,-1,-1
1,0,36.3645995,127.3687074,월평동,2004-12-25,2025,12,4,1302.0,2.0,1214.0,1.91,-9.0,1200.0,-9.0,-9.0,-9.0,-0.9,5.7,1030.0,92.5,6,4.35
1,0,36.3660987,127.368846,만년동,2004-12-25,2025,12,4,1302.0,2.0,1214.0,1.91,-9.0,1200.0,-9.0,-9.0,-9.0,-0.9,5.7,1030.0,92.5,6,4.35
1,0,36.367093,127.3678079,구성동,2004-12-25,2025,12,4,1302.0,2.0,1214.0,1.91,-9.0,1200.0,-9.0,-9.0,-9.0,-0.9,5.7,1030.0,92.5,6,4.35
1,0,36.3729509,127.3761398,구성동,2004-12-25,2025,12,4,1302.0,2.0,1214.0,1.91,-9.0,1200.0,-9.0,-9.0,-9.0,-0.9,5.7,1030.0,92.5,6,4.35
1,0,36.3745393,127.379168,가정동,2004-12-25,2025,12,4,1302.0,2.0,1214.0,1.91,-9.0,1200.0,-9.0,-9.0,-9.0,-0.9,5.7,1030.0,92.5,6,4.35
1,0,36.3744039,127.3813442,도룡동,2004-12-25,2025,12,4,1302.0,2.0,1214.0,1.91,-9.0,1200.0,-9.0,-9.0,-9.0,-0.9,5.7,1030.0,92.5,6,4.35
1,0,36.3742423,127.3837382,도룡동,2004-12-25,2025,12,4,1302.0,2.0,1214.0,1.91,-9.0,1200.0,-9.0,-9.0,-9.0,-0.9,5.7,1030.0,92.5,6,4.35
1,0,36.3742248,127.3844355,도룡동,2004-12-25,2025,12,4,1302.0,2.0,1214.0,1.91,-9.0,1200.0,-9.0,-9.0,-9.0,-0.9,5.7,1030.0,92.5,6,4.35
1,0,36.374224,127.3891807,도룡동,2004-12-25,2025,12,4,1302.0,2.0,1214.0,1.91,-9.0,1200.0,-9.0,-9.0,-9.0,-0.9,5.7,1030.0,92.5,6,4.35
1,0,36.3742765,127.3901369,도룡동,2004-12-25,2025,12,4,1302.0,2.0,1214.0,1.91,-9.0,1200.0,-9.0,-9.0,-9.0,-0.9,5.7,1030.0,92.5,6,4.35
1,0,36.3743378,127.3927983,도룡동,2004-12-25,2025,12,4,1302.0,2.0,1214.0,1.91,-9.0,1200.0,-9.0,-9.0,-9.0,-0.9,5.7,1030.0,-1,-1,-1
1,0,36.3759818,127.399837,원촌동,2004-12-25,2025,12,4,1302.0,2.0,1214.0,1.91,-9.0,1200.0,-9.0,-9.0,-9.0,-0.9,5.7,1030.0,-1,-1,-1
1,0,36.3763969,127.4021725,원촌동,2004-12-25,2025,12,4,1302.0,2.0,1214.0,1.91,-9.0,1200.0,-9.0,-9.0,-9.0,-0.9,5.7,1030.0,-1,-1,-1
1,0,36.3772539,127.404555,원촌동,2004-12-25,2025,12,4,1302.0,2.0,1214.0,1.91,-9.0,1200.0,-9.0,-9.0,-9.0,-0.9,5.7,1030.0,-1,-1,-1
1,0,36.3779366,127.4053561,원촌동,2004-12-25,2025,12,4,1302.0,2.0,1214.0,1.91,-9.0,1200.0,-9.0,-9.0,-9.0,-0.9,5.7,1030.0,-1,-1,-1
1,0,36.3780001,127.4054189,원촌동,2004-12-25,2025,12,4,1302.0,2.0,1214.0,1.91,-9.0,1200.0,-9.0,-9.0,-9.0,-0.9,5.7,1030.0,-1,-1,-1
1,0,36.3792788,127.4061431,원촌동,2004-12-25,2025,12,4,1302.0,2.0,1214.0,1.91,-9.0,1200.0,-9.0,-9.0,-9.0,-0.9,5.7,1030.0,-1,-1,-1
1,0,36.3793771,127.4062016,원촌동,2004-12-25,2025,12,4,1302.0,2.0,1214.0,1.91,-9.0,1200.0,-9.0,-9.0,-9.0,-0.9,5.7,1030.0,-1,-1,-1
1,0,36.3805839,127.4067076,원촌동,2004-12-25,2025,12,4,1302.0,2.0,1214.0,1.91,-9.0,1200.0,-9.0,-9.0,-9.0,-0.9,5.7,1030.0,-1,-1,-1
1,0,36.3819171,127.4062786,원촌동,2004-12-25,2025,12,4,1302.0,2.0,1214.0,1.91,-9.0,1200.0,-9.0,-9.0,-9.0,-0.9,5.7,1030.0,-1,-1,-1
1,0,36.3834752,127.4057962,원촌동,2004-12-25,2025,12,4,1302.0,2.0,1214.0,1.91,-9.0,1200.0,-9.0,-9.0,-9.0,-0.9,5.7,1030.0,-1,-1,-1
1,0,36.3847186,127.4054183,원촌동,2004-12-25,2025,12,4,1302.0,2.0,1214.0,1.91,-9.0,1200.0,-9.0,-9.0,-9.0,-0.9,5.7,1030.0,-1,-1,-1
1,0,36.3868512,127.4050478,문지동,2004-12-25,2025,12,4,1302.0,2.0,1214.0,1.91,-9.0,1200.0,-9.0,-9.0,-9.0,-0.9,5.7,1030.0,-1,-1,-1
1,0,36.389726,127.4050678,문지동,2004-12-25,2025,12,4,1302.0,2.0,1214.0,1.91,-9.0,1200.0,-9.0,-9.0,-9.0,-0.9,5.7,1030.0,-1,-1,-1
1,0,36.3900799,127.4062264,문지동,2004-12-25,2025,12,4,1302.0,2.0,1214.0,1.91,-9.0,1200.0,-9.0,-9.0,-9.0,-0.9,5.7,1030.0,-1,-1,-1
1,0,36.3904696,127.406918,문지동,2004-12-25,2025,12,4,1302.0,2.0,1214.0,1.91,-9.0,1200.0,-9.0,-9.0,-9.0,-0.9,5.7,1030.0,-1,-1,-1
1,0,36.3911495,127.4074767,문지동,2004-12-25,2025,12,4,1302.0,2.0,1214.0,1.91,-9.0,1200.0,-9.0,-9.0,-9.0,-0.9,5.7,1030.0,-1,-1,-1
1,0,36.3909895,127.4078676,문지동,2004-12-25,2025,12,4,1302.0,2.0,1214.0,1.91,-9.0,1200.0,-9.0,-9.0,-9.0,-0.9,5.7,1030.0,-1,-1,-1
1,0,36.3927018,127.406924,문지동,2004-12-25,2025,12,4,1302.0,2.0,1214.0,1.91,-9.0,1200.0,-9.0,-9.0,-9.0,-0.9,5.7,1030.0,-1,-1,-1
