MTDT_INDEX	DTCT_UID	ROAD_POTHOLE	ROAD_CRACK	PLC_LTTD	PLC_LGTD	ROAD_INFO	DSTA_LGLD_INFO	DSTA_ADSTRD_INFO	IMG_CONF
2603	RAD01_240119162357_441	1	0	36.384627	127.3434593	대전광역시 유성구 신성동 산 26-12	신성동	신성동	NULL
2613	RAD01_240119162610_0	1	0	36.398713	127.3578639	대전광역시 유성구 장동 202-11	장동	신성동	NULL
2614	RAD01_240119162611_0	1	0	36.3987826	127.3580054	대전광역시 유성구 장동 202-11	장동	신성동	NULL
2655	RAD01_240119163618_0	1	0	36.4278992	127.387323	대전광역시 유성구 관평동 1286	관평동	관평동	NULL
2659	RAD01_240119163629_608	1	0	36.4277407	127.3877235	대전광역시 유성구 관평동 1286	관평동	관평동	NULL
2755	RAD01_240119164934_756	1	0	36.3947088	127.4063607	대전광역시 유성구 문지동 668	문지동	전민동	NULL
2757	RAD01_240119164934_757	1	0	36.3947088	127.4063607	대전광역시 유성구 문지동 668	문지동	전민동	NULL
2847	RAD01_240123131440_0	1	0	36.3947369	127.4064668	대전광역시 유성구 문지동 636-5	문지동	전민동	NULL
2852	RAD01_240123131442_0	1	0	36.3947396	127.4063573	대전광역시 유성구 문지동 636-5	문지동	전민동	NULL
2855	RAD01_240123131531_778	1	0	36.3947283	127.4064311	대전광역시 유성구 문지동 668	문지동	전민동	NULL
3405	RAD01_240213153936_834	1	0	36.3585467	127.3395623	대전광역시 유성구 장대동 373	장대동	온천2동	NULL
3409	RAD01_240213154014_910	1	0	36.3578354	127.3393284	대전광역시 유성구 장대동 371	장대동	온천2동	NULL
3410	RAD01_240213154015_910	1	0	36.3578351	127.3393027	대전광역시 유성구 장대동 371	장대동	온천2동	NULL
3475	RAD02_240214135042_578	1	0	36.3953998	127.3486909	대전광역시 유성구 자운동 515-21	자운동	신성동	NULL
3477	RAD02_240214135043_595	1	0	36.3954492	127.3486499	대전광역시 유성구 자운동 515-21	자운동	신성동	NULL
3478	RAD02_240214135044_597	1	0	36.3955099	127.3485887	대전광역시 유성구 자운동 515-21	자운동	신성동	NULL
3479	RAD02_240214135045_620	1	0	36.3955778	127.3485208	대전광역시 유성구 자운동 515-21	자운동	신성동	NULL
3483	RAD02_240214135342_776	1	0	36.3941172	127.3446528	대전광역시 유성구 자운동 290-7	자운동	신성동	NULL
3489	RAD02_240214135530_841	1	0	36.3910328	127.3369848	대전광역시 유성구 하기동 산 51-9	하기동	신성동	NULL
3491	RAD02_240214135738_898	1	0	36.3927643	127.3259789	대전광역시 유성구 하기동 327-1	하기동	노은2동	NULL
3502	RAD02_240214140526_1723	1	0	36.3881894	127.3332669	대전광역시 유성구 하기동 615	하기동	노은2동	NULL
4388	RAD01_240219102657_862	1	0	36.358133	127.3308762	대전광역시 유성구 장대동 214-1	장대동	온천2동	NULL
4392	RAD01_240219102749_988	1	0	36.3570298	127.3314584	대전광역시 유성구 구암동 527-66	구암동	온천1동	NULL
4404	RAD01_240219103007_1358	1	0	36.3475661	127.3253124	대전광역시 유성구 구암동 225-4	구암동	온천1동	NULL
4426	RAD01_240219103208_0	1	0	36.3310185	127.31368	대전광역시 유성구 용계동 384-3	용계동	진잠동	NULL
4434	RAD01_240219103318_1679	1	0	36.3242027	127.312385	대전광역시 유성구 용계동 402-11	용계동	진잠동	NULL
4502	RAD01_240219104141_0	1	0	36.2853379	127.310041	대전광역시 유성구 방동 19-25	방동	진잠동	NULL
4503	RAD01_240219104141_2309	1	0	36.2853379	127.310041	대전광역시 유성구 방동 19-25	방동	진잠동	NULL
4544	RAD01_240219104725_2461	1	0	36.2892073	127.3042381	대전광역시 유성구 방동 산 5-6	방동	진잠동	NULL
4633	RAD01_240219105109_0	1	0	36.3064217	127.2916407	대전광역시 유성구 성북동 731	성북동	진잠동	NULL
4663	RAD01_240219105316_0	1	0	36.314643	127.2845264	대전광역시 유성구 성북동 663-3	성북동	진잠동	NULL
4771	RAD02_240222140946_634	1	0	36.3742856	127.3911391	대전광역시 유성구 도룡동 465-1	도룡동	신성동	NULL
4772	RAD02_240222140946_635	1	0	36.3742856	127.3911391	대전광역시 유성구 도룡동 465-1	도룡동	신성동	NULL
4791	RAD02_240223093359_2110	1	0	36.3606478	127.3539029	대전광역시 유성구 봉명동 496-1	어은동	온천2동	NULL
4792	RAD02_240223093359_2112	1	0	36.3606478	127.3539029	대전광역시 유성구 봉명동 496-1	어은동	온천2동	NULL
4800	RAD02_240223094957_3259	1	0	36.3667043	127.3319021	대전광역시 유성구 장대동 17-4	장대동	온천2동	NULL
4802	RAD02_240223095612_4167	1	0	36.387027	127.3163845	대전광역시 유성구 지족동 1001	지족동	노은3동	NULL
4810	RAD02_240223101328_5235	1	0	36.3696516	127.3269237	대전광역시 유성구 노은동 62-1	노은동	노은1동	NULL
4844	RAD02_240226094450_7615	1	0	36.356549	127.3488122	대전광역시 유성구 봉명동 693	봉명동	온천1동	NULL
4868	RAD02_240226094816_8325	1	0	36.3547853	127.3459129	대전광역시 유성구 봉명동 574	봉명동	온천1동	NULL
4897	RAD02_240226100846_10087	1	0	36.3518596	127.3311146	대전광역시 유성구 구암동 641	구암동	온천1동	NULL
4963	RAD02_240226102943_12355	1	0	36.3604848	127.3588611	대전광역시 유성구 봉명동 1012-1	봉명동	온천1동	NULL
4964	RAD02_240226102950_12359	1	0	36.361094	127.358478	대전광역시 유성구 봉명동 1012	봉명동	온천1동	NULL
4965	RAD02_240226102950_12360	1	0	36.361094	127.358478	대전광역시 유성구 봉명동 1012	봉명동	온천1동	NULL
4966	RAD02_240226102953_12371	1	0	36.3613952	127.358222	대전광역시 유성구 어은동 262-1	어은동	온천1동	NULL
5012	RAD02_240227095542_0	1	0	36.3620423	127.3457862	대전광역시 유성구 궁동 220-9	궁동	온천2동	NULL
5013	RAD02_240227095921_14782	1	0	36.3524464	127.3408463	대전광역시 유성구 봉명동 1058	봉명동	온천1동	NULL
5028	RAD01_240228095318_25	1	0	36.3679095	127.3179348	대전광역시 유성구 노은동 583	노은동	노은1동	NULL
5029	RAD01_240228095320_0	1	0	36.3680735	127.317937	대전광역시 유성구 노은동 583	노은동	노은1동	NULL
5035	RAD01_240228095338_56	1	0	36.3698051	127.3179408	대전광역시 유성구 노은동 583	노은동	노은1동	NULL
5036	RAD01_240228095338_0	1	0	36.3698051	127.3179408	대전광역시 유성구 노은동 583	노은동	노은1동	NULL
5037	RAD01_240228095344_0	1	0	36.3704938	127.3179494	대전광역시 유성구 노은동 583	노은동	노은1동	NULL
5038	RAD01_240228095344_74	1	0	36.3704938	127.3179494	대전광역시 유성구 노은동 583	노은동	노은1동	NULL
5039	RAD01_240228095345_0	1	0	36.3706104	127.3179487	대전광역시 유성구 노은동 583	노은동	노은1동	NULL
5042	RAD01_240228095346_104	1	0	36.3707234	127.3179481	대전광역시 유성구 노은동 583	노은동	노은1동	NULL
5043	RAD01_240228095346_0	1	0	36.3707234	127.3179481	대전광역시 유성구 노은동 583	노은동	노은1동	NULL
5044	RAD01_240228095347_0	1	0	36.3708335	127.3179467	대전광역시 유성구 노은동 583	노은동	노은1동	NULL
5053	RAD03_240228095502_93	1	0	36.3633758	127.3563374	대전광역시 유성구 어은동 99	어은동	온천2동	NULL
5054	RAD03_240228095503_93	1	0	36.3633393	127.3563843	대전광역시 유성구 어은동 99	어은동	온천2동	NULL
5055	RAD03_240228095503_0	1	0	36.3633393	127.3563843	대전광역시 유성구 어은동 99	어은동	온천2동	NULL
5056	RAD03_240228095503_95	1	0	36.3633393	127.3563843	대전광역시 유성구 어은동 99	어은동	온천2동	NULL
5058	RAD03_240228095536_0	1	0	36.3634022	127.3564505	대전광역시 유성구 어은동 99	어은동	온천2동	NULL
5059	RAD03_240228095536_136	1	0	36.3634022	127.3564505	대전광역시 유성구 어은동 99	어은동	온천2동	NULL
5098	RAD01_240228095637_0	1	0	36.3772019	127.3179964	대전광역시 유성구 지족동 946	지족동	노은2동	NULL
5106	RAD03_240228095715_411	1	0	36.3633553	127.3563531	대전광역시 유성구 어은동 99	어은동	온천2동	NULL
5108	RAD03_240228095716_411	1	0	36.3633423	127.3563738	대전광역시 유성구 어은동 99	어은동	온천2동	NULL
5138	RAD01_240228100056_454	1	0	36.3891324	127.3230918	대전광역시 유성구 하기동 603	하기동	노은2동	NULL
5160	RAD01_240228100328_0	1	0	36.3863707	127.3388738	대전광역시 유성구 하기동 148-12	하기동	신성동	NULL
5165	RAD01_240228100553_0	1	0	36.3849861	127.3433102	대전광역시 유성구 신성동 산 26-8	신성동	신성동	NULL
5168	RAD01_240228100627_0	1	0	36.3891955	127.3447508	대전광역시 유성구 하기동 26-3	하기동	신성동	NULL
5169	RAD01_240228100628_0	1	0	36.3893236	127.3448486	대전광역시 유성구 하기동 20-7	하기동	신성동	NULL
5197	RAD02_240228101300_15892	1	0	36.3745471	127.3941237	대전광역시 유성구 도룡동 8-59	도룡동	신성동	NULL
5198	RAD02_240228101409_16049	1	0	36.3784085	127.4056056	대전광역시 유성구 원촌동 64-2	원촌동	전민동	NULL
5199	RAD02_240228101409_16054	1	0	36.3784085	127.4056056	대전광역시 유성구 원촌동 64-2	원촌동	전민동	NULL
5200	RAD02_240228101419_16115	1	0	36.379809	127.4064281	대전광역시 유성구 원촌동 69-1	원촌동	전민동	NULL
5201	RAD02_240228101422_16154	1	0	36.3798687	127.4064632	대전광역시 유성구 원촌동 69-1	원촌동	전민동	NULL
5203	RAD02_240228101634_16307	1	0	36.384061	127.4056165	대전광역시 유성구 원촌동 135-2	원촌동	전민동	NULL
5226	RAD01_240228123320_0	1	0	36.3868535	127.3630185	대전광역시 유성구 장동 산 17-45	장동	신성동	NULL
5232	RAD01_240228123449_0	1	0	36.3843426	127.3640941	대전광역시 유성구 가정동 산 16-5	가정동	신성동	NULL
5233	RAD01_240228123450_0	1	0	36.3842919	127.3641628	대전광역시 유성구 가정동 산 16-5	가정동	신성동	NULL
5281	RAD01_240228145248_0	1	0	36.4128809	127.3781164	대전광역시 유성구 화암동 120-3	화암동	신성동	NULL
5289	RAD01_240228145407_0	1	0	36.40712	127.3737935	대전광역시 유성구 방현동 349	방현동	신성동	NULL
5290	RAD01_240228145410_0	1	0	36.4070017	127.3733759	대전광역시 유성구 방현동 9-12	방현동	신성동	NULL
5292	RAD01_240228145411_0	1	0	36.4069627	127.3732369	대전광역시 유성구 방현동 9-12	방현동	신성동	NULL
5297	RAD01_240228145433_0	1	0	36.4061274	127.3699225	대전광역시 유성구 방현동 386	방현동	신성동	NULL
5300	RAD01_240228145452_0	1	0	36.405175	127.3669247	대전광역시 유성구 방현동 52-2	방현동	신성동	NULL
5301	RAD01_240228145453_0	1	0	36.4050936	127.3667867	대전광역시 유성구 방현동 46-3	방현동	신성동	NULL
5305	RAD01_240228145513_0	1	0	36.4031048	127.3644805	대전광역시 유성구 장동 산 1-17	장동	신성동	NULL
5322	RAD01_240228145526_6970	1	0	36.402108	127.3633649	대전광역시 유성구 장동 12-16	장동	신성동	NULL
5323	RAD01_240228145525_0	1	0	36.402108	127.3633649	대전광역시 유성구 장동 12-16	장동	신성동	NULL
5324	RAD01_240228145525_6865	1	0	36.402108	127.3633649	대전광역시 유성구 장동 12-16	장동	신성동	NULL
5328	RAD01_240228145528_6994	1	0	36.4018474	127.3630709	대전광역시 유성구 장동 242-7	장동	신성동	NULL
5331	RAD01_240228145542_7141	1	0	36.4005483	127.3614934	대전광역시 유성구 장동 393-10	장동	신성동	NULL
5363	RAD01_240228153123_0	1	0	36.3854381	127.3582719	대전광역시 유성구 신성동 420-26	신성동	신성동	NULL
5365	RAD01_240228153125_0	1	0	36.3854789	127.3580382	대전광역시 유성구 신성동 421	신성동	신성동	NULL
5366	RAD01_240228153126_0	1	0	36.3854999	127.3579175	대전광역시 유성구 신성동 421	신성동	신성동	NULL
5387	RAD01_240228153839_0	1	0	36.3915143	127.327846	대전광역시 유성구 하기동 603	하기동	노은2동	NULL
5398	RAD01_240228154447_0	1	0	36.3871202	127.3254328	대전광역시 유성구 하기동 598	하기동	노은2동	NULL
5399	RAD01_240228154447_8371	1	0	36.3871202	127.3254328	대전광역시 유성구 하기동 598	하기동	노은2동	NULL
5400	RAD01_240228154449_8373	1	0	36.3871151	127.3253464	대전광역시 유성구 하기동 598	하기동	노은2동	NULL
5417	RAD01_240228154954_0	1	0	36.3856895	127.3210416	대전광역시 유성구 하기동 576	하기동	노은2동	NULL
5418	RAD01_240228154955_0	1	0	36.3855952	127.3210021	대전광역시 유성구 하기동 576	하기동	노은2동	NULL
5429	RAD01_240228155047_8590	1	0	36.3848241	127.3216116	대전광역시 유성구 하기동 585	하기동	노은2동	NULL
5430	RAD01_240228155047_0	1	0	36.3848241	127.3216116	대전광역시 유성구 하기동 585	하기동	노은2동	NULL
5431	RAD01_240228155048_8601	1	0	36.3847894	127.3216508	대전광역시 유성구 하기동 585	하기동	노은2동	NULL
5432	RAD01_240228155051_0	1	0	36.3846796	127.3217723	대전광역시 유성구 하기동 585	하기동	노은2동	NULL
5443	RAD01_240228155107_0	1	0	36.3840117	127.3223719	대전광역시 유성구 하기동 585	하기동	노은2동	NULL
5450	RAD01_240228155126_8735	1	0	36.3832674	127.3228578	대전광역시 유성구 죽동 630	죽동	노은2동	NULL
5451	RAD01_240228155126_0	1	0	36.3832674	127.3228578	대전광역시 유성구 죽동 630	죽동	노은2동	NULL
5452	RAD01_240228155127_8734	1	0	36.3832251	127.3228831	대전광역시 유성구 죽동 630	죽동	노은2동	NULL
5453	RAD01_240228155127_8755	1	0	36.3832251	127.3228831	대전광역시 유성구 죽동 630	죽동	노은2동	NULL
5469	RAD01_240229103554_0	1	0	36.3946284	127.3494326	대전광역시 유성구 자운동 515-21	자운동	신성동	NULL
5489	RAD01_240229122518_0	1	0	36.3980075	127.3565902	대전광역시 유성구 장동 419-1	장동	신성동	NULL
5495	RAD01_240229122524_0	1	0	36.3984571	127.3574104	대전광역시 유성구 장동 364-4	장동	신성동	NULL
5497	RAD01_240229122530_0	1	0	36.3989113	127.3583179	대전광역시 유성구 장동 202-10	장동	신성동	NULL
5513	RAD01_240229123038_0	1	0	36.417917	127.3785369	대전광역시 유성구 관평동 657-1	관평동	관평동	NULL
5522	RAD01_240229123100_0	1	0	36.4196966	127.3802026	대전광역시 유성구 덕진동 산 14-3	덕진동	관평동	NULL
5535	RAD01_240229123208_628	1	0	36.4266841	127.3852828	대전광역시 유성구 송강동 513	송강동	관평동	NULL
5560	RAD04_240229124816_188	1	0	36.3509413	127.3349733	대전광역시 유성구 구암동 638	구암동	온천1동	NULL
5564	RAD04_240229125119_299	1	0	36.3521803	127.3339143	대전광역시 유성구 구암동 635	구암동	온천1동	NULL
5613	RAD04_240229131015_1268	1	0	36.366928	127.3109622	대전광역시 유성구 노은동 413-3	노은동	노은1동	NULL
5634	RAD01_240229131318_1119	1	0	36.4299492	127.3829869	대전광역시 유성구 송강동 556	송강동	구즉동	NULL
5635	RAD01_240229131318_1121	1	0	36.4299492	127.3829869	대전광역시 유성구 송강동 556	송강동	구즉동	NULL
5636	RAD01_240229131318_0	1	0	36.4299492	127.3829869	대전광역시 유성구 송강동 556	송강동	구즉동	NULL
5646	RAD04_240229131443_1357	1	0	36.3644295	127.3084739	대전광역시 유성구 구암동 514	구암동	온천1동	NULL
5647	RAD04_240229131443_1361	1	0	36.3644295	127.3084739	대전광역시 유성구 구암동 514	구암동	온천1동	NULL
5654	RAD01_240229131800_0	1	0	36.4262357	127.3915245	대전광역시 유성구 관평동 1286	관평동	관평동	NULL
5673	RAD01_240229131845_0	1	0	36.4238262	127.3940134	대전광역시 유성구 관평동 1288	관평동	관평동	NULL
5703	RAD01_240229132133_0	1	0	36.4206394	127.4046069	대전광역시 유성구 용산동 604	용산동	관평동	NULL
5704	RAD04_240229132202_1738	1	0	36.3775002	127.3059954	대전광역시 유성구 지족동 1062-1	지족동	노은3동	NULL
5750	RAD01_240229132859_0	1	0	36.399235	127.4048517	대전광역시 유성구 전민동 394-16	전민동	전민동	NULL
5751	RAD01_240229132900_0	1	0	36.399125	127.4048522	대전광역시 유성구 전민동 394-16	전민동	전민동	NULL
5764	RAD01_240229132931_0	1	0	36.3964995	127.4048804	대전광역시 유성구 전민동 271-5	전민동	전민동	NULL
5765	RAD01_240229132932_1866	1	0	36.3964208	127.4048812	대전광역시 유성구 전민동 271-5	전민동	전민동	NULL
5766	RAD01_240229132932_0	1	0	36.3964208	127.4048812	대전광역시 유성구 전민동 271-5	전민동	전민동	NULL
5769	RAD01_240229132935_0	1	0	36.3961831	127.4048776	대전광역시 유성구 전민동 271-5	전민동	전민동	NULL
5772	RAD01_240229132942_0	1	0	36.3956141	127.4048789	대전광역시 유성구 문지동 258-3	문지동	전민동	NULL
5801	RAD01_240229134342_0	1	0	36.3839528	127.405507	대전광역시 유성구 원촌동 135-2	원촌동	전민동	NULL
5802	RAD01_240229134343_0	1	0	36.383857	127.4055374	대전광역시 유성구 원촌동 135-2	원촌동	전민동	NULL
5806	RAD01_240229134358_2381	1	0	36.3824092	127.4060002	대전광역시 유성구 원촌동 90	원촌동	전민동	NULL
5807	RAD01_240229134359_2381	1	0	36.3823178	127.4060305	대전광역시 유성구 원촌동 90	원촌동	전민동	NULL
5808	RAD01_240229134400_2381	1	0	36.382227	127.4060594	대전광역시 유성구 원촌동 90	원촌동	전민동	NULL
5809	RAD01_240229134400_2382	1	0	36.382227	127.4060594	대전광역시 유성구 원촌동 90	원촌동	전민동	NULL
5839	RAD01_240229144122_0	1	0	36.3939076	127.350262	대전광역시 유성구 자운동 515-22	자운동	신성동	NULL
5840	RAD01_240229144122_4522	1	0	36.3939076	127.350262	대전광역시 유성구 자운동 515-22	자운동	신성동	NULL
5841	RAD01_240229144122_4525	1	0	36.3939076	127.350262	대전광역시 유성구 자운동 515-22	자운동	신성동	NULL
5842	RAD01_240229144123_0	1	0	36.3938585	127.3501996	대전광역시 유성구 자운동 515-22	자운동	신성동	NULL
5843	RAD01_240229144123_4532	1	0	36.3938585	127.3501996	대전광역시 유성구 자운동 515-22	자운동	신성동	NULL
5891	RAD01_240301055231_0	1	0	36.3879552	127.3224777	대전광역시 유성구 하기동 603	하기동	노은2동	NULL
5932	RAD01_240301055827_5418	1	0	36.3896765	127.3486262	대전광역시 유성구 신성동 468	신성동	신성동	NULL
5947	RAD04_240301061037_4588	1	0	36.3747976	127.3193131	대전광역시 유성구 지족동 965	지족동	노은1동	NULL
6026	RAD01_240301073023_0	1	0	36.4046051	127.4029076	대전광역시 유성구 전민동 462-8	전민동	전민동	NULL
6027	RAD01_240301073023_5869	1	0	36.4046051	127.4029076	대전광역시 유성구 전민동 462-8	전민동	전민동	NULL
6036	RAD05_240302082932_95	1	0	36.3415461	127.3050923	대전광역시 유성구 계산동 803-11	계산동	학하동	NULL
6058	RAD05_240304113743_44	1	0	36.3570842	127.3400607	대전광역시 유성구 봉명동 528	봉명동	온천1동	NULL
6082	RAD05_240304114808_1117	1	0	36.3535651	127.3308599	대전광역시 유성구 구암동 633	구암동	온천1동	NULL
6284	RAD01_240304132948_0	1	0	36.4057614	127.4028411	대전광역시 유성구 전민동 841-6	전민동	전민동	NULL
6286	RAD01_240304132951_0	1	0	36.4059062	127.4025676	대전광역시 유성구 전민동 산 5-15	전민동	전민동	NULL
6396	RAD05_240304135911_2761	1	0	36.3521	127.3302716	대전광역시 유성구 구암동 641	구암동	온천1동	NULL
6422	RAD04_240304141215_1160	1	0	36.3609309	127.3530891	대전광역시 유성구 궁동 445	궁동	온천2동	NULL
6516	RAD01_240304144329_3383	1	0	36.4060767	127.4021958	대전광역시 유성구 전민동 산 5-15	전민동	전민동	NULL
6553	RAD04_240304152738_4040	1	0	36.3849263	127.3215201	대전광역시 유성구 하기동 585	하기동	노은2동	NULL
6601	RAD04_240305062608_5000	1	0	36.3736319	127.3193243	대전광역시 유성구 지족동 965	지족동	노은1동	NULL
6623	RAD04_240305063043_5158	1	0	36.3666778	127.3312545	대전광역시 유성구 장대동 116-5	장대동	온천2동	NULL
6676	RAD04_240305065112_5462	1	0	36.3626943	127.3474261	대전광역시 유성구 궁동 438	궁동	온천2동	NULL
6677	RAD04_240305065113_5463	1	0	36.3626943	127.3474261	대전광역시 유성구 궁동 438	궁동	온천2동	NULL
6810	RAD04_240305074247_7718	1	0	36.3611856	127.3534735	대전광역시 유성구 궁동 434	궁동	온천2동	NULL
6880	RAD04_240305160929_3115	1	0	36.3615682	127.3351341	대전광역시 유성구 장대동 63-2	장대동	온천2동	NULL
6887	RAD05_240305161204_2593	1	0	36.3552856	127.3428943	대전광역시 유성구 봉명동 574-2	봉명동	온천1동	NULL
6900	RAD04_240305163312_3668	1	0	36.3621484	127.3354577	대전광역시 유성구 장대동 333	장대동	온천2동	NULL
6920	RAD01_240306060211_856	1	0	36.3906541	127.3241497	대전광역시 유성구 하기동 603	하기동	노은2동	NULL
7060	RAD04_240306093837_8210	1	0	36.3874912	127.3186007	대전광역시 유성구 하기동 576	하기동	노은2동	NULL
7061	RAD04_240306093845_8223	1	0	36.387443	127.3184973	대전광역시 유성구 하기동 575	하기동	노은2동	NULL
7079	RAD04_240306094915_8472	1	0	36.3989653	127.3142435	대전광역시 유성구 외삼동 574-5	외삼동	노은2동	NULL
7080	RAD04_240306094918_8474	1	0	36.3991151	127.3140179	대전광역시 유성구 외삼동 577	외삼동	노은2동	NULL
7081	RAD04_240306094943_8485	1	0	36.3999396	127.3122468	대전광역시 유성구 외삼동 574-5	외삼동	노은2동	NULL
7082	RAD04_240306094944_8490	1	0	36.3999679	127.3122242	대전광역시 유성구 외삼동 574-5	외삼동	노은2동	NULL
7090	RAD04_240306095311_8659	1	0	36.4034867	127.3115641	대전광역시 유성구 외삼동 582	외삼동	노은2동	NULL
7100	RAD04_240306100211_8833	1	0	36.4137939	127.2981846	대전광역시 유성구 안산동 273-2	안산동	노은2동	NULL
7129	RAD02_240306115506_0	1	0	36.361	127.3585	대전광역시 유성구 봉명동 1012-1	봉명동	온천1동	NULL
7136	RAD01_240306125012_416	1	0	36.4022745	127.3636913	대전광역시 유성구 장동 12-16	장동	신성동	NULL
7137	RAD01_240306125014_478	1	0	36.4024763	127.3639047	대전광역시 유성구 장동 12-16	장동	신성동	NULL
7161	RAD04_240306145541_1968	1	0	36.3594103	127.3393021	대전광역시 유성구 장대동 373	장대동	온천2동	NULL
7162	RAD04_240306145547_1977	1	0	36.3598201	127.3392838	대전광역시 유성구 장대동 373	장대동	온천2동	NULL
7171	RAD05_240306150421_3468	1	0	36.313541	127.3199752	대전광역시 유성구 대정동 318	대정동	진잠동	NULL
7193	RAD04_240306155019_3258	1	0	36.387226	127.3257301	대전광역시 유성구 하기동 597-3	하기동	노은2동	NULL
7194	RAD04_240306155407_3262	1	0	36.3872732	127.3257704	대전광역시 유성구 하기동 599	하기동	노은2동	NULL
7195	RAD04_240306155444_3273	1	0	36.3876842	127.3254523	대전광역시 유성구 하기동 597-1	하기동	노은2동	NULL
7247	RAD01_240307061152_2290	1	0	36.4292721	127.3837399	대전광역시 유성구 송강동 556	송강동	구즉동	NULL
7374	RAD04_240307092848_8050	1	0	36.3571893	127.3385575	대전광역시 유성구 장대동 286-10	장대동	온천2동	NULL
7375	RAD04_240307092907_8089	1	0	36.3570904	127.3380879	대전광역시 유성구 장대동 293	장대동	온천2동	NULL
7388	RAD05_240307094306_0	1	0	36.3552479	127.3451532	대전광역시 유성구 봉명동 574	봉명동	온천1동	NULL
7389	RAD05_240307094307_15311	1	0	36.3551934	127.3451278	대전광역시 유성구 봉명동 574	봉명동	온천1동	NULL
7391	RAD04_240307094356_8590	1	0	36.3684586	127.3192012	대전광역시 유성구 노은동 591	노은동	노은1동	NULL
7396	RAD05_240307095031_15621	1	0	36.3559003	127.3402426	대전광역시 유성구 봉명동 442-11	봉명동	온천1동	NULL
7409	RAD05_240307100844_16076	1	0	36.3554147	127.3414465	대전광역시 유성구 봉명동 574	봉명동	온천1동	NULL
7418	RAD05_240307104858_0	1	0	36.3542852	127.3416156	대전광역시 유성구 봉명동 576	봉명동	온천1동	NULL
7447	RAD04_240307142555_10512	1	0	36.3903367	127.2967964	대전광역시 유성구 반석동 499-2	반석동	노은3동	NULL
7450	RAD04_240307144809_10688	1	0	36.3866109	127.3032463	대전광역시 유성구 지족동 1057	지족동	노은3동	NULL
7456	RAD04_240307145355_10975	1	0	36.374596	127.3049595	대전광역시 유성구 지족동 1060-1	지족동	노은3동	NULL
7457	RAD04_240307145453_10989	1	0	36.3745453	127.3050501	대전광역시 유성구 지족동 1060-1	지족동	노은3동	NULL
7458	RAD04_240307145503_10991	1	0	36.3744059	127.3052699	대전광역시 유성구 지족동 1060-1	지족동	노은3동	NULL
7470	RAD05_240307151551_0	1	0	36.3553716	127.341559	대전광역시 유성구 봉명동 574	봉명동	온천1동	NULL
7478	RAD05_240307153659_18214	1	0	36.3558762	127.3406803	대전광역시 유성구 봉명동 442-15	봉명동	온천1동	NULL
7480	RAD01_240307154007_2940	1	0	36.3933696	127.3496206	대전광역시 유성구 자운동 24-7	자운동	신성동	NULL
7483	RAD05_240307154256_18262	1	0	36.3559006	127.3404032	대전광역시 유성구 봉명동 442-10	봉명동	온천1동	NULL
7521	RAD05_240308065107_19396	1	0	36.3012434	127.3202818	대전광역시 유성구 원내동 781	원내동	진잠동	NULL
7547	RAD04_240308071630_13021	1	0	36.3617674	127.3475369	대전광역시 유성구 궁동 438	궁동	온천2동	NULL
7548	RAD04_240308072015_13088	1	0	36.3602462	127.3485352	대전광역시 유성구 궁동 496	궁동	온천2동	NULL
7643	RAD04_240308101223_15663	1	0	36.3986968	127.3147334	대전광역시 유성구 외삼동 577	외삼동	노은2동	NULL
7654	RAD04_240308102400_15805	1	0	36.4142147	127.2981386	대전광역시 유성구 안산동 275-1	안산동	노은2동	NULL
7656	RAD05_240308102833_24380	1	0	36.3440671	127.2982349	대전광역시 유성구 계산동 775	계산동	학하동	NULL
7665	RAD02_240308111537_930	1	0	36.358436	127.3348513	대전광역시 유성구 장대동 277-6	장대동	온천2동	NULL
7691	RAD05_240308144758_1158	1	0	36.3137196	127.3305908	대전광역시 유성구 대정동 679-1	대정동	진잠동	NULL
7692	RAD05_240308144759_1160	1	0	36.3136688	127.3304695	대전광역시 유성구 대정동 679-1	대정동	진잠동	NULL
7700	RAD05_240308151005_0	1	0	36.2669382	127.284043	대전광역시 유성구 방동 623-4	방동	진잠동	NULL
7724	RAD04_240308154615_1371	1	0	36.3664857	127.3232562	대전광역시 유성구 노은동 613	노은동	노은1동	NULL
7735	RAD04_240308160118_1619	1	0	36.383192	127.3207279	대전광역시 유성구 지족동 862-10	지족동	노은2동	NULL
7910	RAD04_240315073206_1269	1	0	36.3607926	127.3406595	대전광역시 유성구 궁동 455	궁동	온천2동	NULL
8113	RAD05_240315095808_4039	1	0	36.3441886	127.3075019	대전광역시 유성구 복용동 629	복용동	학하동	NULL
8114	RAD04_240315095835_4527	1	0	36.3894705	127.3015819	대전광역시 유성구 지족동 1104	지족동	노은3동	NULL
8247	RAD04_240315102559_5764	1	0	36.359924	127.3328281	대전광역시 유성구 장대동 288	장대동	온천2동	NULL
8388	RAD04_240315140528_8172	1	0	36.3867309	127.3316777	대전광역시 유성구 하기동 618	하기동	노은2동	NULL
8461	RAD03_240315141933_5557	1	0	36.3439915	127.3062637	대전광역시 유성구 복용동 557-2	복용동	학하동	NULL
8507	RAD04_240315143837_9612	1	0	36.4045878	127.305871	대전광역시 유성구 외삼동 441-4	외삼동	노은2동	NULL
8508	RAD04_240315143838_9613	1	0	36.4046401	127.3058309	대전광역시 유성구 외삼동 441-1	외삼동	노은2동	NULL
8516	RAD04_240315144435_9786	1	0	36.42513	127.2930793	세종특별자치시 금남면 두만리 581-10	금남면	금남면	NULL
8517	RAD04_240315144451_9813	1	0	36.424851	127.2935734	세종특별자치시 금남면 두만리 581-10	금남면	금남면	NULL
8518	RAD04_240315144459_9840	1	0	36.4244401	127.2941234	세종특별자치시 금남면 두만리 52-8	금남면	금남면	NULL
8519	RAD04_240315144501_9858	1	0	36.424371	127.2942183	세종특별자치시 금남면 두만리 52-8	금남면	금남면	NULL
8520	RAD04_240315144500_9856	1	0	36.424298	127.2943179	세종특별자치시 금남면 두만리 52-8	금남면	금남면	NULL
8521	RAD04_240315144504_9877	1	0	36.4240066	127.2947117	세종특별자치시 금남면 두만리 39-1	금남면	금남면	NULL
8522	RAD04_240315144508_9892	1	0	36.4237778	127.2950156	세종특별자치시 금남면 두만리 42-3	금남면	금남면	NULL
8523	RAD04_240315144515_9919	1	0	36.4232494	127.2957205	세종특별자치시 금남면 두만리 42-11	금남면	금남면	NULL
8524	RAD04_240315144517_9930	1	0	36.4230935	127.2959228	세종특별자치시 금남면 두만리 42-11	금남면	금남면	NULL
8538	RAD04_240315145012_10158	1	0	36.4118586	127.2980415	대전광역시 유성구 안산동 257-2	안산동	노은2동	NULL
8549	RAD04_240315150117_10298	1	0	36.4180909	127.2958353	대전광역시 유성구 안산동 351-2	안산동	노은2동	NULL
8558	RAD04_240315150221_10350	1	0	36.4154359	127.2979932	대전광역시 유성구 안산동 284-1	안산동	노은2동	NULL
8597	RAD04_240315151052_10715	1	0	36.3953794	127.3104892	대전광역시 유성구 반석동 676	반석동	노은3동	NULL
8603	RAD04_240315151241_10842	1	0	36.3934307	127.3127439	대전광역시 유성구 반석동 689	반석동	노은3동	NULL
8677	RAD04_240315160025_12304	1	0	36.3823345	127.3233784	대전광역시 유성구 죽동 630	죽동	노은2동	NULL
8682	RAD04_240315160348_12364	1	0	36.3821455	127.3242538	대전광역시 유성구 죽동 641	죽동	노은2동	NULL
8912	RAD05_240316070521_11649	1	0	36.3544591	127.3388065	대전광역시 유성구 봉명동 448-10	봉명동	온천1동	NULL
8916	RAD04_240316072002_14805	1	0	36.3586141	127.3372929	대전광역시 유성구 장대동 290	장대동	온천2동	NULL
8917	RAD04_240316072005_14809	1	0	36.3586145	127.3371732	대전광역시 유성구 장대동 290	장대동	온천2동	NULL
8918	RAD04_240316072046_14835	1	0	36.3587096	127.3362763	대전광역시 유성구 장대동 290	장대동	온천2동	NULL
8919	RAD04_240316072046_14836	1	0	36.3587096	127.3362763	대전광역시 유성구 장대동 290	장대동	온천2동	NULL
8920	RAD04_240316072111_14866	1	0	36.3596018	127.3361984	대전광역시 유성구 장대동 290	장대동	온천2동	NULL
8927	RAD04_240316072451_15094	1	0	36.3593666	127.3392583	대전광역시 유성구 장대동 373	장대동	온천2동	NULL
8928	RAD04_240316072524_15220	1	0	36.3582065	127.3396608	대전광역시 유성구 장대동 373	장대동	온천2동	NULL
8933	RAD04_240316072631_15330	1	0	36.3575365	127.3399083	대전광역시 유성구 장대동 373	장대동	온천2동	NULL
8940	RAD05_240316073452_11769	1	0	36.3542035	127.3362397	대전광역시 유성구 봉명동 567-16	봉명동	온천1동	NULL
8941	RAD05_240316073514_11828	1	0	36.3545529	127.3348949	대전광역시 유성구 봉명동 571	봉명동	온천1동	NULL
8943	RAD04_240316073524_15455	1	0	36.350304	127.3386231	대전광역시 유성구 봉명동 576-1	봉명동	온천1동	NULL
8959	RAD05_240316074350_12328	1	0	36.3548995	127.3449595	대전광역시 유성구 봉명동 574	봉명동	온천1동	NULL
8960	RAD05_240316074350_12333	1	0	36.3548934	127.3450196	대전광역시 유성구 봉명동 574	봉명동	온천1동	NULL
8961	RAD05_240316074406_12368	1	0	36.354661	127.3467751	대전광역시 유성구 봉명동 574	봉명동	온천1동	NULL
8989	RAD04_240316080041_16303	1	0	36.3618632	127.3575563	대전광역시 유성구 어은동 59-12	어은동	온천2동	NULL
9050	RAD04_240316085136_18543	1	0	36.3678407	127.3271244	대전광역시 유성구 노은동 63-29	노은동	노은1동	NULL
9053	RAD04_240316085148_18640	1	0	36.3694598	127.3271185	대전광역시 유성구 노은동 112-17	노은동	노은1동	NULL
9057	RAD04_240316085157_18729	1	0	36.3708263	127.3271085	대전광역시 유성구 노은동 107-18	노은동	노은1동	NULL
9058	RAD04_240316085159_18758	1	0	36.3709835	127.3271067	대전광역시 유성구 노은동 107-18	노은동	노은1동	NULL
9129	RAD05_240317065600_14326	1	0	36.3117916	127.3198028	대전광역시 유성구 대정동 274	대정동	진잠동	NULL
9130	RAD05_240317065601_14338	1	0	36.3118023	127.3198672	대전광역시 유성구 대정동 274	대정동	진잠동	NULL
9131	RAD05_240317065602_14350	1	0	36.311828	127.3199157	대전광역시 유성구 대정동 274	대정동	진잠동	NULL
9132	RAD05_240317065604_14375	1	0	36.3119104	127.319966	대전광역시 유성구 대정동 274	대정동	진잠동	NULL
9135	RAD05_240317065722_14444	1	0	36.3152067	127.3163994	대전광역시 유성구 대정동 507-13	대정동	진잠동	NULL
9157	RAD05_240317072157_15726	1	0	36.3597735	127.3048581	대전광역시 유성구 덕명동 570	덕명동	학하동	NULL
9170	RAD05_240317074237_16346	1	0	36.3443497	127.3229261	대전광역시 유성구 복용동 152-8	복용동	상대동	NULL
9183	RAD05_240317074548_16619	1	0	36.3560019	127.3327262	대전광역시 유성구 구암동 631	구암동	온천1동	NULL
9239	RAD04_240318135228_1247	1	0	36.3578995	127.3361589	대전광역시 유성구 장대동 293	장대동	온천2동	NULL
9369	RAD04_240318152349_4375	1	0	36.3868764	127.3248244	대전광역시 유성구 하기동 596	하기동	노은2동	NULL
9380	RAD05_240318153458_2381	1	0	36.3549347	127.3449815	대전광역시 유성구 봉명동 574	봉명동	온천1동	NULL
9428	RAD05_240318155052_4249	1	0	36.3814008	127.3244028	대전광역시 유성구 죽동 636	죽동	노은2동	NULL
9444	RAD04_240319063615_5685	1	0	36.3697593	127.3234051	대전광역시 유성구 노은동 599	노은동	노은1동	NULL
9499	RAD05_240319070634_4947	1	0	36.3418344	127.3026135	대전광역시 유성구 계산동 781	계산동	학하동	NULL
9584	RAD04_240319074807_7391	1	0	36.3610381	127.3419231	대전광역시 유성구 궁동 472	궁동	온천2동	NULL
9600	RAD05_240319083427_7217	1	0	36.3552217	127.3431073	대전광역시 유성구 봉명동 574	봉명동	온천1동	NULL
9602	RAD05_240319083636_7256	1	0	36.3554982	127.3411926	대전광역시 유성구 봉명동 574-1	봉명동	온천1동	NULL
9606	RAD01_240319084029_2059	1	0	36.3910241	127.393457	대전광역시 유성구 문지동 103-15	문지동	전민동	NULL
9695	RAD04_240319102350_11159	1	0	36.3611757	127.3284398	대전광역시 유성구 장대동 228-8	장대동	온천2동	NULL
9700	RAD04_240319102704_11308	1	0	36.3655623	127.3176768	대전광역시 유성구 노은동 611	노은동	노은1동	NULL
9736	RAD04_240319104348_12290	1	0	36.3684685	127.3176704	대전광역시 유성구 노은동 583	노은동	노은1동	NULL
9740	RAD04_240319104811_12418	1	0	36.3657853	127.3326057	대전광역시 유성구 장대동 121-2	장대동	온천2동	NULL
9741	RAD04_240319104813_12419	1	0	36.3656542	127.3326867	대전광역시 유성구 장대동 121-2	장대동	온천2동	NULL
9786	RAD01_240319143917_4061	1	0	36.4315894	127.3804762	대전광역시 유성구 송강동 557	송강동	구즉동	NULL
9787	RAD01_240319143920_4089	1	0	36.4314311	127.3804994	대전광역시 유성구 송강동 557	송강동	구즉동	NULL
9788	RAD01_240319143921_4102	1	0	36.4313738	127.3805199	대전광역시 유성구 송강동 산 4-43	송강동	구즉동	NULL
9789	RAD01_240319143923_4138	1	0	36.4312574	127.3805746	대전광역시 유성구 송강동 산 4-43	송강동	구즉동	NULL
9790	RAD01_240319143924_4143	1	0	36.4311989	127.3806103	대전광역시 유성구 송강동 산 4-43	송강동	구즉동	NULL
9791	RAD01_240319143927_4148	1	0	36.4310294	127.3807634	대전광역시 유성구 송강동 168-2	송강동	구즉동	NULL
9792	RAD01_240319143928_4152	1	0	36.4309749	127.3808247	대전광역시 유성구 송강동 168-2	송강동	구즉동	NULL
9794	RAD01_240319143937_4217	1	0	36.4304734	127.3813687	대전광역시 유성구 송강동 168-2	송강동	구즉동	NULL
9795	RAD01_240319143936_4203	1	0	36.4305222	127.3813201	대전광역시 유성구 송강동 168-2	송강동	구즉동	NULL
9826	RAD05_240319145332_9430	1	0	36.3569953	127.3533698	대전광역시 유성구 봉명동 697	봉명동	온천1동	NULL
9835	RAD01_240319145713_5054	1	0	36.4060332	127.4022221	대전광역시 유성구 전민동 산 5-15	전민동	전민동	NULL
9836	RAD01_240319145744_5095	1	0	36.4047305	127.4032464	대전광역시 유성구 전민동 791-19	전민동	전민동	NULL
9858	RAD01_240319151018_5962	1	0	36.4026827	127.3889824	대전광역시 유성구 전민동 652	전민동	전민동	NULL
9859	RAD01_240319151023_6022	1	0	36.4022654	127.3893074	대전광역시 유성구 전민동 891-2	전민동	전민동	NULL
9861	RAD01_240319151134_6179	1	0	36.3996712	127.3952989	대전광역시 유성구 전민동 816-1	전민동	전민동	NULL
9862	RAD01_240319151147_6232	1	0	36.399652	127.3966426	대전광역시 유성구 전민동 592-2	전민동	전민동	NULL
9863	RAD01_240319151148_6244	1	0	36.3996514	127.3967203	대전광역시 유성구 전민동 592-2	전민동	전민동	NULL
9869	RAD01_240319151437_6507	1	0	36.3964315	127.4001718	대전광역시 유성구 전민동 899	전민동	전민동	NULL
9872	RAD01_240319151450_6521	1	0	36.3964326	127.3994382	대전광역시 유성구 전민동 460-3	전민동	전민동	NULL
9873	RAD01_240319151450_6526	1	0	36.3964324	127.3993717	대전광역시 유성구 전민동 460-3	전민동	전민동	NULL
9889	RAD01_240319153832_7192	1	0	36.3911023	127.3949389	대전광역시 유성구 문지동 103-15	문지동	전민동	NULL
9890	RAD01_240319153833_7197	1	0	36.3911186	127.3948176	대전광역시 유성구 문지동 103-15	문지동	전민동	NULL
9901	RAD01_240319154432_7427	1	0	36.3858314	127.3784389	대전광역시 유성구 도룡동 404	도룡동	신성동	NULL
9905	RAD01_240319154539_7457	1	0	36.3856633	127.3736714	대전광역시 유성구 도룡동 404-2	도룡동	신성동	NULL
9906	RAD01_240319154552_7497	1	0	36.3855304	127.3726614	대전광역시 유성구 도룡동 451-3	도룡동	신성동	NULL
9908	RAD04_240319154627_14114	1	0	36.3855478	127.3561245	대전광역시 유성구 신성동 산 5-7	신성동	신성동	NULL
9917	RAD01_240319154911_7784	1	0	36.3921808	127.3594782	대전광역시 유성구 장동 132-4	장동	신성동	NULL
9920	RAD04_240319155034_14329	1	0	36.3855657	127.3784788	대전광역시 유성구 도룡동 409	도룡동	신성동	NULL
9921	RAD04_240319155035_14330	1	0	36.3855468	127.3785166	대전광역시 유성구 도룡동 409	도룡동	신성동	NULL
9926	RAD04_240319155251_14589	1	0	36.3781416	127.3766398	대전광역시 유성구 가정동 37	가정동	신성동	NULL
9931	RAD01_240319155427_8014	1	0	36.3936771	127.3526641	대전광역시 유성구 신성동 549	신성동	신성동	NULL
10018	RAD01_240320055355_9318	1	0	36.3909886	127.3306357	대전광역시 유성구 하기동 603	하기동	노은2동	NULL
10019	RAD01_240320055354_9317	1	0	36.3910012	127.3305439	대전광역시 유성구 하기동 603	하기동	노은2동	NULL
10028	RAD01_240320055802_9418	1	0	36.3848228	127.3509067	대전광역시 유성구 신성동 281-5	신성동	신성동	NULL
10029	RAD01_240320055803_9419	1	0	36.3848429	127.3510374	대전광역시 유성구 신성동 281-5	신성동	신성동	NULL
10216	RAD04_240320080005_19385	1	0	36.361201	127.338621	대전광역시 유성구 장대동 351	장대동	온천2동	NULL
10328	RAD01_240320092722_12174	1	0	36.3910881	127.3948549	대전광역시 유성구 문지동 103-15	문지동	전민동	NULL
10375	RAD01_240320093820_12868	1	0	36.3922475	127.3587365	대전광역시 유성구 장동 130-3	장동	신성동	NULL
10376	RAD01_240320093819_12853	1	0	36.3922296	127.3588506	대전광역시 유성구 장동 130-3	장동	신성동	NULL
10378	RAD04_240320093823_22574	1	0	36.3985853	127.3149502	대전광역시 유성구 외삼동 220	외삼동	노은2동	NULL
10379	RAD04_240320093830_22576	1	0	36.3987361	127.314639	대전광역시 유성구 외삼동 577	외삼동	노은2동	NULL
10380	RAD04_240320093831_22577	1	0	36.3987553	127.3145941	대전광역시 유성구 외삼동 577	외삼동	노은2동	NULL
10404	RAD04_240320100025_23085	1	0	36.4180813	127.2957847	대전광역시 유성구 안산동 산 22-6	안산동	노은2동	NULL
10406	RAD04_240320100130_23137	1	0	36.4155237	127.2979896	대전광역시 유성구 안산동 284-1	안산동	노은2동	NULL
10439	RAD04_240320101340_23564	1	0	36.3988011	127.3145384	대전광역시 유성구 외삼동 574-5	외삼동	노은2동	NULL
10440	RAD04_240320101346_23579	1	0	36.3986666	127.3148267	대전광역시 유성구 외삼동 577	외삼동	노은2동	NULL
10442	RAD04_240320101403_23599	1	0	36.3984152	127.3153139	대전광역시 유성구 외삼동 574-5	외삼동	노은2동	NULL
10445	RAD04_240320101647_23608	1	0	36.3983185	127.3155252	대전광역시 유성구 외삼동 574-5	외삼동	노은2동	NULL
10501	RAD05_240320103326_14812	1	0	36.3418338	127.3046393	대전광역시 유성구 계산동 807	계산동	학하동	NULL
10502	RAD04_240320103407_25124	1	0	36.3664283	127.3127698	대전광역시 유성구 노은동 603	노은동	노은1동	NULL
10505	RAD04_240320103445_25201	1	0	36.364075	127.3138529	대전광역시 유성구 노은동 603	노은동	노은1동	NULL
10506	RAD04_240320103445_25199	1	0	36.364075	127.3138529	대전광역시 유성구 노은동 603	노은동	노은1동	NULL
10510	RAD04_240320103533_25288	1	0	36.3632938	127.3172028	대전광역시 유성구 노은동 603	노은동	노은1동	NULL
10513	RAD04_240320104047_25420	1	0	36.3666807	127.33117	대전광역시 유성구 장대동 116-5	장대동	온천2동	NULL
10517	RAD04_240320104110_25464	1	0	36.365939	127.3325248	대전광역시 유성구 장대동 121-2	장대동	온천2동	NULL
10518	RAD04_240320104112_25483	1	0	36.3658437	127.3325814	대전광역시 유성구 장대동 121-2	장대동	온천2동	NULL
10530	RAD04_240320104441_25805	1	0	36.3586328	127.3352517	대전광역시 유성구 장대동 290	장대동	온천2동	NULL
10620	RAD04_240320144149_28280	1	0	36.3672892	127.3294121	대전광역시 유성구 노은동 97	노은동	노은1동	NULL
10621	RAD04_240320144151_28281	1	0	36.3673105	127.3294025	대전광역시 유성구 노은동 97	노은동	노은1동	NULL
10626	RAD04_240320144309_28313	1	0	36.3690079	127.3286739	대전광역시 유성구 노은동 97	노은동	노은1동	NULL
10627	RAD04_240320144326_28323	1	0	36.3691698	127.3286026	대전광역시 유성구 노은동 97	노은동	노은1동	NULL
10742	RAD05_240321065046_16053	1	0	36.3226052	127.3187533	대전광역시 유성구 용계동 332-8	용계동	진잠동	NULL
10918	RAD04_240321095738_37677	1	0	36.3747057	127.3210463	대전광역시 유성구 지족동 973	지족동	노은1동	NULL
10919	RAD04_240321095743_37682	1	0	36.374705	127.3211138	대전광역시 유성구 지족동 973	지족동	노은1동	NULL
10989	RAD04_240321103634_39698	1	0	36.3863873	127.3380045	대전광역시 유성구 하기동 145-1	하기동	신성동	NULL
11058	RAD04_240321141510_41496	1	0	36.3917836	127.3118112	대전광역시 유성구 반석동 676	반석동	노은3동	NULL
11065	RAD05_240321141629_20305	1	0	36.3520733	127.3301716	대전광역시 유성구 구암동 641	구암동	온천1동	NULL
11071	RAD04_240321142012_41740	1	0	36.3923987	127.3088371	대전광역시 유성구 반석동 616	반석동	노은3동	NULL
11089	RAD04_240321145419_42236	1	0	36.410186	127.30046	대전광역시 유성구 안산동 227-9	안산동	노은2동	NULL
11090	RAD04_240321145420_42243	1	0	36.4101675	127.300512	대전광역시 유성구 안산동 227-9	안산동	노은2동	NULL
11205	RAD04_240322063158_496	1	0	36.3700646	127.3234103	대전광역시 유성구 노은동 599	노은동	노은1동	NULL
11247	RAD04_240322082154_3793	1	0	36.3588135	127.3395885	대전광역시 유성구 장대동 374	장대동	온천2동	NULL
11278	RAD01_240322092911_191	1	0	36.4249112	127.3926129	대전광역시 유성구 관평동 1290	관평동	관평동	NULL
11286	RAD01_240322093142_403	1	0	36.4214704	127.4026629	대전광역시 유성구 용산동 604	용산동	관평동	NULL
11287	RAD01_240322093157_439	1	0	36.4208759	127.4039766	대전광역시 유성구 용산동 604	용산동	관평동	NULL
11301	RAD04_240322094110_92	1	0	36.3721896	127.3174811	대전광역시 유성구 노은동 569	노은동	노은1동	NULL
11322	RAD03_240322100540_1857	1	0	36.3484218	127.3353832	대전광역시 유성구 상대동 489	상대동	상대동	NULL
11333	RAD04_240322103149_1434	1	0	36.3878495	127.3099575	대전광역시 유성구 지족동 1060-1	지족동	노은3동	NULL
11367	RAD03_240322124905_4822	1	0	36.37332	127.3308548	대전광역시 유성구 죽동 564	죽동	노은1동	NULL
11379	RAD04_240322135834_2477	1	0	36.3647811	127.3170002	대전광역시 유성구 노은동 609	노은동	노은1동	NULL
11382	RAD05_240322140317_2294	1	0	36.3486765	127.3455379	대전광역시 유성구 봉명동 1062	봉명동	원신흥동	NULL
11386	RAD05_240322140859_2482	1	0	36.3507567	127.335642	대전광역시 유성구 구암동 641	구암동	온천1동	NULL
11405	RAD04_240322144217_3578	1	0	36.3619318	127.3371929	대전광역시 유성구 장대동 344	장대동	온천2동	NULL
11424	RAD01_240322152746_2043	1	0	36.3857303	127.3558174	대전광역시 유성구 신성동 산 5-7	신성동	신성동	NULL
11428	RAD01_240322152939_2213	1	0	36.387108	127.3505024	대전광역시 유성구 신성동 475	신성동	신성동	NULL
11431	RAD05_240322153940_3003	1	0	36.355049	127.3450638	대전광역시 유성구 봉명동 574	봉명동	온천1동	NULL
11434	RAD05_240322154235_3204	1	0	36.3554654	127.3417732	대전광역시 유성구 봉명동 574	봉명동	온천1동	NULL
11439	RAD04_240322160038_4290	1	0	36.3698752	127.3234894	대전광역시 유성구 노은동 599	노은동	노은1동	NULL
11440	RAD04_240322160054_4348	1	0	36.3712802	127.323494	대전광역시 유성구 노은동 599	노은동	노은1동	NULL
11448	RAD04_240322161937_5205	1	0	36.3925814	127.3115061	대전광역시 유성구 반석동 676	반석동	노은3동	NULL
11451	RAD04_240322162743_5316	1	0	36.3935438	127.3127071	대전광역시 유성구 반석동 689	반석동	노은3동	NULL
11464	RAD05_240322164843_4022	1	0	36.3815173	127.3247269	대전광역시 유성구 죽동 648	죽동	노은2동	NULL
11465	RAD05_240322164848_4038	1	0	36.3814009	127.3243568	대전광역시 유성구 죽동 636	죽동	노은2동	NULL
11512	RAD05_240323061633_4755	1	0	36.350817	127.3350351	대전광역시 유성구 구암동 641	구암동	온천1동	NULL
11533	RAD05_240323064504_5338	1	0	36.3414286	127.3054769	대전광역시 유성구 학하동 793	학하동	학하동	NULL
11547	RAD04_240323065350_6736	1	0	36.3721127	127.3217454	대전광역시 유성구 노은동 569	노은동	노은1동	NULL
11550	RAD04_240323065437_6786	1	0	36.3704256	127.3234617	대전광역시 유성구 노은동 599	노은동	노은1동	NULL
11552	RAD04_240323065442_6842	1	0	36.369989	127.3234588	대전광역시 유성구 노은동 599	노은동	노은1동	NULL
11568	RAD05_240323073155_6899	1	0	36.3523203	127.3337203	대전광역시 유성구 구암동 636	구암동	온천1동	NULL
11575	RAD01_240323073727_0	1	0	36.3997696	127.3979761	대전광역시 유성구 전민동 898	전민동	전민동	NULL
11576	RAD01_240323073739_2906	1	0	36.3996525	127.3987856	대전광역시 유성구 전민동 491-3	전민동	전민동	NULL
11577	RAD01_240323073826_2962	1	0	36.399643	127.4015971	대전광역시 유성구 전민동 533-11	전민동	전민동	NULL
11580	RAD01_240323073857_3061	1	0	36.3995845	127.4045237	대전광역시 유성구 전민동 394-16	전민동	전민동	NULL
11583	RAD01_240323074413_3331	1	0	36.3900728	127.3987461	대전광역시 유성구 문지동 103-15	문지동	전민동	NULL
11586	RAD01_240323074445_3381	1	0	36.391057	127.3950194	대전광역시 유성구 문지동 103-15	문지동	전민동	NULL
11587	RAD01_240323074447_3403	1	0	36.3910911	127.3947548	대전광역시 유성구 문지동 103-15	문지동	전민동	NULL
11592	RAD01_240323075624_3573	1	0	36.3858781	127.3635219	대전광역시 유성구 장동 62-2	장동	신성동	NULL
11599	RAD01_240323075822_3818	1	0	36.3930189	127.3573133	대전광역시 유성구 장동 산 29-3	장동	신성동	NULL
11604	RAD04_240323081001_7614	1	0	36.3778468	127.3787293	대전광역시 유성구 가정동 20-13	가정동	신성동	NULL
11609	RAD05_240323081316_7232	1	0	36.3560259	127.3424678	대전광역시 유성구 봉명동 574	봉명동	온천1동	NULL
11628	RAD04_240323085149_9412	1	0	36.3692296	127.3271627	대전광역시 유성구 노은동 62-1	노은동	노은1동	NULL
11629	RAD04_240323085151_9421	1	0	36.3695583	127.3271559	대전광역시 유성구 노은동 112-16	노은동	노은1동	NULL
11630	RAD04_240323085156_9483	1	0	36.370444	127.3271596	대전광역시 유성구 노은동 107-39	노은동	노은1동	NULL
11631	RAD04_240323085157_9490	1	0	36.3706302	127.3271548	대전광역시 유성구 노은동 107-34	노은동	노은1동	NULL
11633	RAD04_240323085221_9658	1	0	36.3751087	127.3260844	대전광역시 유성구 노은동 138-45	노은동	노은1동	NULL
11662	RAD04_240324065241_11321	1	0	36.3744368	127.3561441	대전광역시 유성구 어은동 52-7	어은동	온천2동	NULL
11664	RAD04_240324065434_11366	1	0	36.3746277	127.356279	대전광역시 유성구 어은동 52-10	어은동	온천2동	NULL
11668	RAD04_240324070740_11847	1	0	36.3598142	127.3436026	대전광역시 유성구 궁동 473	궁동	온천1동	NULL
11669	RAD04_240324070742_11853	1	0	36.3597827	127.3435896	대전광역시 유성구 궁동 473	궁동	온천1동	NULL
11699	RAD04_240324082753_13894	1	0	36.3638725	127.3169661	대전광역시 유성구 노은동 609	노은동	노은1동	NULL
11709	RAD04_240324083743_14339	1	0	36.3668323	127.3150418	대전광역시 유성구 노은동 602	노은동	노은1동	NULL
11719	RAD04_240325063908_15555	1	0	36.3721043	127.3216957	대전광역시 유성구 노은동 569	노은동	노은1동	NULL
11722	RAD04_240325064104_15733	1	0	36.3665114	127.3316635	대전광역시 유성구 장대동 17-4	장대동	온천2동	NULL
11723	RAD04_240325064134_15751	1	0	36.3663175	127.332103	대전광역시 유성구 장대동 17-4	장대동	온천2동	NULL
11730	RAD04_240325070404_16852	1	0	36.3660409	127.3519414	대전광역시 유성구 궁동 220	어은동	온천2동	NULL
11733	RAD04_240325073017_17264	1	0	36.3645854	127.3378221	대전광역시 유성구 장대동 321	장대동	온천2동	NULL
11738	RAD01_240325075411_0	1	0	36.3901065	127.3990975	대전광역시 유성구 문지동 103-15	문지동	전민동	NULL
11742	RAD04_240325075934_17628	1	0	36.3594135	127.3353638	대전광역시 유성구 장대동 291	장대동	온천2동	NULL
11748	RAD04_240325080047_17699	1	0	36.3587926	127.3336676	대전광역시 유성구 장대동 291	장대동	온천2동	NULL
11756	RAD04_240325080427_17800	1	0	36.358644	127.3351284	대전광역시 유성구 장대동 291	장대동	온천2동	NULL
11757	RAD04_240325080523_17876	1	0	36.3579331	127.3363765	대전광역시 유성구 장대동 290	장대동	온천2동	NULL
11763	RAD04_240325080652_18015	1	0	36.3576372	127.3335392	대전광역시 유성구 장대동 251-3	장대동	온천2동	NULL
11764	RAD04_240325080655_18019	1	0	36.357705	127.3335513	대전광역시 유성구 장대동 251-3	장대동	온천2동	NULL
11765	RAD04_240325080701_18024	1	0	36.3578187	127.3335684	대전광역시 유성구 장대동 191-7	장대동	온천2동	NULL
11768	RAD04_240325080859_18153	1	0	36.3578843	127.3360467	대전광역시 유성구 장대동 293	장대동	온천2동	NULL
11772	RAD01_240325081131_5021	1	0	36.3893356	127.3470274	대전광역시 유성구 하기동 18-15	하기동	신성동	NULL
11783	RAD04_240325082834_18594	1	0	36.3631213	127.3402254	대전광역시 유성구 장대동 350	장대동	온천2동	NULL
11821	RAD04_240325092501_21420	1	0	36.3808791	127.3259708	대전광역시 유성구 죽동 650	죽동	노은2동	NULL
11844	RAD03_240325095437_9928	1	0	36.3797111	127.3160106	대전광역시 유성구 지족동 948	지족동	노은2동	NULL
11858	RAD03_240325095912_10354	1	0	36.368572	127.3178383	대전광역시 유성구 노은동 583	노은동	노은1동	NULL
11866	RAD03_240325100310_10491	1	0	36.3662209	127.3325207	대전광역시 유성구 장대동 17-4	장대동	온천2동	NULL
11870	RAD04_240325100642_23219	1	0	36.396436	127.3142371	대전광역시 유성구 외삼동 274-17	외삼동	노은2동	NULL
11872	RAD04_240325100815_23269	1	0	36.3967094	127.312959	대전광역시 유성구 외삼동 587	외삼동	노은2동	NULL
11876	RAD04_240325101627_0	1	0	36.3986833	127.3149461	대전광역시 유성구 외삼동 574-5	외삼동	노은2동	NULL
11877	RAD04_240325101633_23422	1	0	36.3988263	127.3146315	대전광역시 유성구 외삼동 574-5	외삼동	노은2동	NULL
11879	RAD04_240325101801_23451	1	0	36.4034698	127.3102407	대전광역시 유성구 외삼동 408-1	외삼동	노은2동	NULL
11883	RAD04_240325102230_23489	1	0	36.4034926	127.3104053	대전광역시 유성구 외삼동 407-2	외삼동	노은2동	NULL
11890	RAD04_240325103315_23730	1	0	36.4102501	127.3002342	대전광역시 유성구 안산동 227-2	안산동	노은2동	NULL
11907	RAD04_240325135241_25026	1	0	36.3569944	127.3427585	대전광역시 유성구 봉명동 574	봉명동	온천1동	NULL
11910	RAD04_240325135532_25123	1	0	36.3610807	127.3456344	대전광역시 유성구 궁동 486-4	궁동	온천2동	NULL
11911	RAD04_240325135545_25139	1	0	36.3609922	127.3458582	대전광역시 유성구 궁동 485	궁동	온천2동	NULL
11912	RAD04_240325135747_25202	1	0	36.3602831	127.3475871	대전광역시 유성구 궁동 491	궁동	온천2동	NULL
11952	RAD04_240325141948_26250	1	0	36.3669699	127.3194037	대전광역시 유성구 노은동 612	노은동	노은1동	NULL
11956	RAD04_240325142308_26428	1	0	36.3663302	127.3155315	대전광역시 유성구 노은동 553-2	노은동	노은1동	NULL
11963	RAD04_240325143220_26735	1	0	36.3637051	127.3156038	대전광역시 유성구 노은동 557-6	노은동	노은1동	NULL
11964	RAD04_240325143258_26754	1	0	36.3633894	127.3158492	대전광역시 유성구 노은동 603	노은동	노은1동	NULL
12036	RAD01_240325145939_6537	1	0	36.3873068	127.3630088	대전광역시 유성구 장동 산 17-45	장동	신성동	NULL
12037	RAD01_240325150004_6592	1	0	36.3894721	127.3626184	대전광역시 유성구 장동 산 15-2	장동	신성동	NULL
12040	RAD01_240325150038_6667	1	0	36.3911762	127.3619431	대전광역시 유성구 장동 23-9	장동	신성동	NULL
12051	RAD01_240325150209_6906	1	0	36.395202	127.356339	대전광역시 유성구 장동 372-2	장동	신성동	NULL
12134	RAD04_240325153654_29548	1	0	36.3926193	127.3115274	대전광역시 유성구 반석동 676	반석동	노은3동	NULL
12136	RAD04_240325153704_29561	1	0	36.3928438	127.311452	대전광역시 유성구 반석동 676	반석동	노은3동	NULL
12137	RAD04_240325153706_29568	1	0	36.3929096	127.3114241	대전광역시 유성구 반석동 676	반석동	노은3동	NULL
12148	RAD01_240325154238_7763	1	0	36.3899565	127.3234034	대전광역시 유성구 하기동 603	하기동	노은2동	NULL
12224	RAD04_240326073349_31417	1	0	36.361462	127.3435213	대전광역시 유성구 궁동 479-5	궁동	온천2동	NULL
12301	RAD04_240326082512_34657	1	0	36.3649255	127.3377002	대전광역시 유성구 장대동 302	장대동	온천2동	NULL
12311	RAD04_240326082922_34898	1	0	36.3654503	127.3226331	대전광역시 유성구 노은동 613	노은동	노은1동	NULL
12328	RAD04_240326084643_35421	1	0	36.3702105	127.3150465	대전광역시 유성구 노은동 570	노은동	노은1동	NULL
12330	RAD04_240326084653_35486	1	0	36.3706973	127.3153428	대전광역시 유성구 노은동 570	노은동	노은1동	NULL
12331	RAD04_240326084654_35489	1	0	36.3707474	127.3153722	대전광역시 유성구 노은동 570	노은동	노은1동	NULL
12336	RAD04_240326084714_35605	1	0	36.3718373	127.3157645	대전광역시 유성구 노은동 570	노은동	노은1동	NULL
12341	RAD04_240326084811_35649	1	0	36.3716754	127.3178069	대전광역시 유성구 노은동 583	노은동	노은1동	NULL
12345	RAD04_240326084911_35709	1	0	36.3686205	127.3177944	대전광역시 유성구 노은동 583	노은동	노은1동	NULL
12353	RAD04_240326085820_36203	1	0	36.3638067	127.3142335	대전광역시 유성구 노은동 603	노은동	노은1동	NULL
12362	RAD04_240326091248_36527	1	0	36.3667207	127.3224166	대전광역시 유성구 노은동 612	노은동	노은1동	NULL
12420	RAD04_240326102411_37343	1	0	36.3615256	127.3367959	대전광역시 유성구 장대동 352-3	장대동	온천2동	NULL
12453	RAD03_240326104241_16041	1	0	36.4441973	127.4255582	대전광역시 대덕구 덕암동 336	덕암동	덕암동	NULL
12456	RAD03_240326104329_16253	1	0	36.4421481	127.4284869	대전광역시 대덕구 덕암동 31	덕암동	덕암동	NULL
12459	RAD03_240326104416_16362	1	0	36.4419786	127.4295673	대전광역시 대덕구 신탄진동 264-64	신탄진동	덕암동	NULL
12460	RAD03_240326104417_16368	1	0	36.4420519	127.4295768	대전광역시 대덕구 신탄진동 264-64	신탄진동	덕암동	NULL
12462	RAD03_240326104456_16464	1	0	36.4448868	127.4300601	대전광역시 대덕구 신탄진동 745	신탄진동	신탄진동	NULL
12463	RAD03_240326104458_16483	1	0	36.4448579	127.4301487	대전광역시 대덕구 신탄진동 745	신탄진동	신탄진동	NULL
12465	RAD03_240326104602_16638	1	0	36.4437076	127.4334665	대전광역시 대덕구 신탄진동 272-2	신탄진동	신탄진동	NULL
12466	RAD03_240326112736_16698	1	0	36.4434515	127.4335004	대전광역시 대덕구 신탄진동 272-2	신탄진동	신탄진동	NULL
12467	RAD03_240326113603_0	1	0	36.4430078	127.4337313	대전광역시 대덕구 신탄진동 272-2	신탄진동	신탄진동	NULL
12470	RAD03_240326113632_16816	1	0	36.443074	127.4333858	대전광역시 대덕구 신탄진동 272-2	신탄진동	신탄진동	NULL
12471	RAD03_240326113634_16821	1	0	36.4430664	127.4334039	대전광역시 대덕구 신탄진동 272-2	신탄진동	신탄진동	NULL
12472	RAD03_240326114938_0	1	0	36.4436518	127.4334659	대전광역시 대덕구 신탄진동 272-2	신탄진동	신탄진동	NULL
12473	RAD03_240326115107_17023	1	0	36.4459118	127.4296444	대전광역시 대덕구 신탄진동 733	신탄진동	신탄진동	NULL
12475	RAD03_240326115249_17223	1	0	36.4509668	127.427948	대전광역시 대덕구 석봉동 388-1	석봉동	신탄진동	NULL
12477	RAD03_240326115349_17353	1	0	36.4498803	127.4216046	대전광역시 대덕구 석봉동 766	석봉동	석봉동	NULL
12478	RAD03_240326115350_17354	1	0	36.4498535	127.4215358	대전광역시 대덕구 석봉동 766	석봉동	석봉동	NULL
12479	RAD03_240326115353_17366	1	0	36.4497782	127.4213387	대전광역시 대덕구 석봉동 766	석봉동	석봉동	NULL
12480	RAD03_240326115354_17371	1	0	36.4497515	127.4212713	대전광역시 대덕구 석봉동 766	석봉동	석봉동	NULL
12483	RAD03_240326115742_17593	1	0	36.4441744	127.4033977	대전광역시 대덕구 문평동 92	문평동	목상동	NULL
12491	RAD03_240326120525_18197	1	0	36.4073273	127.3744373	대전광역시 유성구 방현동 2-1	방현동	신성동	NULL
12519	RAD04_240326142651_39053	1	0	36.3630034	127.3350653	대전광역시 유성구 장대동 328-1	장대동	온천2동	NULL
12528	RAD02_240326143424_13517	1	0	36.3505692	127.3520311	대전광역시 서구 월평동 187-7	월평동	월평1동	NULL
12532	RAD03_240326143455_20976	1	0	36.3670986	127.319076	대전광역시 유성구 노은동 612	노은동	노은1동	NULL
12544	RAD02_240326143835_0	1	0	36.3506871	127.3512544	대전광역시 서구 월평동 163-31	월평동	월평1동	NULL
12573	RAD02_240326145134_15383	1	0	36.3544711	127.349895	대전광역시 유성구 봉명동 700	봉명동	온천1동	NULL
12605	RAD04_240326151707_41226	1	0	36.3936933	127.3127063	대전광역시 유성구 반석동 687	반석동	노은3동	NULL
12606	RAD04_240326151717_41252	1	0	36.393572	127.3126234	대전광역시 유성구 반석동 625-3	반석동	노은3동	NULL
12611	RAD04_240326151907_41340	1	0	36.3924971	127.311814	대전광역시 유성구 반석동 689	반석동	노은3동	NULL
12633	RAD02_240326163346_22155	1	0	36.3696129	127.3177991	대전광역시 유성구 노은동 583	노은동	노은1동	NULL
12661	RAD01_240327082340_9527	1	0	36.3925597	127.3577184	대전광역시 유성구 장동 157-4	장동	신성동	NULL
12691	RAD03_240327095446_24345	1	0	36.3485201	127.3258578	대전광역시 유성구 구암동 522-6	구암동	온천1동	NULL
12707	RAD01_240327101222_10545	1	0	36.3911208	127.3943992	대전광역시 유성구 문지동 103-15	문지동	전민동	NULL
12715	RAD01_240327101709_10845	1	0	36.3857	127.3740912	대전광역시 유성구 도룡동 404	도룡동	신성동	NULL
12729	RAD03_240327102510_24468	1	0	36.3483272	127.324071	대전광역시 유성구 구암동 222-1	구암동	온천1동	NULL
12732	RAD03_240327102536_24489	1	0	36.3486314	127.3232744	대전광역시 유성구 구암동 221-4	구암동	온천1동	NULL
12733	RAD03_240327102538_24492	1	0	36.3486033	127.3231306	대전광역시 유성구 구암동 289	구암동	온천1동	NULL
12744	RAD03_240327102724_24612	1	0	36.3505336	127.3222749	대전광역시 유성구 구암동 337-1	구암동	온천1동	NULL
12745	RAD02_240327102754_27601	1	0	36.3453794	127.3104462	대전광역시 유성구 복용동 629	복용동	학하동	NULL
12761	RAD03_240327103811_25158	1	0	36.3545161	127.3388108	대전광역시 유성구 봉명동 529	봉명동	온천1동	NULL
12787	RAD01_240327133505_12145	1	0	36.4151682	127.4069794	대전광역시 유성구 탑립동 945	탑립동	관평동	NULL
12788	RAD01_240327133506_12252	1	0	36.4152964	127.4069839	대전광역시 유성구 탑립동 945	탑립동	관평동	NULL
12789	RAD01_240327133507_12273	1	0	36.4154218	127.4069884	대전광역시 유성구 탑립동 945	탑립동	관평동	NULL
12792	RAD01_240327133535_12473	1	0	36.418896	127.4068522	대전광역시 유성구 탑립동 709	탑립동	관평동	NULL
12814	RAD03_240327134435_28131	1	0	36.2856584	127.3077602	대전광역시 유성구 방동 19-20	방동	진잠동	NULL
12820	RAD03_240327135001_28602	1	0	36.2944116	127.3210602	대전광역시 서구 관저동 978-7	관저동	관저2동	NULL
12821	RAD03_240327135011_28630	1	0	36.2955885	127.3215133	대전광역시 서구 관저동 978-5	관저동	관저2동	NULL
12845	RAD01_240327143251_13753	1	0	36.4197228	127.4061367	대전광역시 유성구 탑립동 709	탑립동	관평동	NULL
12846	RAD01_240327143252_13759	1	0	36.4196381	127.4062224	대전광역시 유성구 탑립동 709	탑립동	관평동	NULL
12864	RAD01_240327144328_14272	1	0	36.3793187	127.4060377	대전광역시 유성구 원촌동 69-1	원촌동	전민동	NULL
12865	RAD01_240327144329_14273	1	0	36.3792151	127.4059778	대전광역시 유성구 원촌동 69-1	원촌동	전민동	NULL
12866	RAD01_240327144552_14853	1	0	36.3792141	127.3915638	대전광역시 유성구 도룡동 3-6	도룡동	신성동	NULL
12867	RAD01_240327144553_14866	1	0	36.3792173	127.3914606	대전광역시 유성구 도룡동 3-6	도룡동	신성동	NULL
12878	RAD03_240327155858_35377	1	0	36.4586255	127.3902565	대전광역시 유성구 금고동 산 21	금고동	구즉동	NULL
12879	RAD03_240327155859_35379	1	0	36.4586442	127.3903297	대전광역시 유성구 금고동 산 21	금고동	구즉동	NULL
12888	RAD03_240327160352_35633	1	0	36.4652806	127.3965343	대전광역시 유성구 금고동 산 21	금고동	구즉동	NULL
12912	RAD03_240328094206_39137	1	0	36.360928	127.3547032	대전광역시 유성구 어은동 311	어은동	온천2동	NULL
12913	RAD03_240328094620_39398	1	0	36.3634859	127.3410776	대전광역시 유성구 궁동 352	궁동	온천2동	NULL
12935	RAD02_240328095857_28766	1	0	36.3782141	127.4117965	대전광역시 대덕구 읍내동 505-23	읍내동	회덕동	NULL
12980	RAD02_240328105438_29936	1	0	36.4242042	127.4195913	대전광역시 대덕구 상서동 349-92	상서동	덕암동	NULL
12988	RAD02_240328105838_30246	1	0	36.3875609	127.4126874	대전광역시 대덕구 신대동 535	신대동	회덕동	NULL
13005	RAD03_240329102642_44029	1	0	36.3568313	127.3466613	대전광역시 유성구 봉명동 637	봉명동	온천1동	NULL
13041	RAD02_240329151526_34728	1	0	36.4027533	127.4049766	대전광역시 유성구 전민동 464-3	전민동	전민동	NULL
13042	RAD02_240329151528_34736	1	0	36.4029268	127.4049911	대전광역시 유성구 전민동 464-3	전민동	전민동	NULL
13043	RAD02_240329152906_35910	1	0	36.4266291	127.3902812	대전광역시 유성구 관평동 1286	관평동	관평동	NULL
13119	RAD02_240401141846_48988	1	0	36.402017	127.4049643	대전광역시 유성구 전민동 464-3	전민동	전민동	NULL
13120	RAD02_240401141848_49002	1	0	36.4022822	127.4049634	대전광역시 유성구 전민동 464-3	전민동	전민동	NULL
13130	RAD05_240403162432_218	1	0	36.3578388	127.3398481	대전광역시 유성구 장대동 373	장대동	온천2동	NULL
13303	RAD05_240404061624_2382	1	0	36.2998383	127.3201286	대전광역시 유성구 원내동 735	원내동	진잠동	NULL
13304	RAD05_240404061634_2393	1	0	36.3002815	127.3201086	대전광역시 유성구 원내동 738	원내동	진잠동	NULL
13325	RAD04_240404064046_1814	1	0	36.3618602	127.357509	대전광역시 유성구 어은동 59-12	어은동	온천2동	NULL
13331	RAD05_240404065304_2542	1	0	36.2999016	127.3199788	대전광역시 유성구 원내동 735	원내동	진잠동	NULL
13348	RAD05_240404070707_3244	1	0	36.3292556	127.312099	대전광역시 유성구 용계동 412-6	용계동	진잠동	NULL
13368	RAD05_240404094447_3940	1	0	36.3523244	127.3382727	대전광역시 유성구 봉명동 528	봉명동	온천1동	NULL
13393	RAD05_240404100340_4912	1	0	36.3505537	127.3371626	대전광역시 유성구 구암동 641	구암동	온천1동	NULL
13398	RAD05_240404101331_5544	1	0	36.309786	127.3080341	대전광역시 유성구 교촌동 422-1	교촌동	진잠동	NULL
13415	RAD04_240404102936_509	1	0	36.3815311	127.3248495	대전광역시 유성구 죽동 648	죽동	노은2동	NULL
13416	RAD04_240404102950_520	1	0	36.3813703	127.3243784	대전광역시 유성구 죽동 636	죽동	노은2동	NULL
13433	RAD04_240404103803_1280	1	0	36.3908181	127.3317364	대전광역시 유성구 하기동 603	하기동	노은2동	NULL
13446	RAD04_240404135419_2090	1	0	36.3564434	127.3366242	대전광역시 유성구 봉명동 496-16	봉명동	온천1동	NULL
13449	RAD05_240404135726_6409	1	0	36.3431311	127.2993334	대전광역시 유성구 계산동 781	계산동	학하동	NULL
13450	RAD05_240404135731_6421	1	0	36.3432979	127.2990918	대전광역시 유성구 계산동 719	계산동	학하동	NULL
13491	RAD04_240404151559_4523	1	0	36.3850582	127.3207258	대전광역시 유성구 하기동 585	하기동	노은2동	NULL
13500	RAD04_240404151738_4676	1	0	36.3813227	127.3242128	대전광역시 유성구 죽동 636	죽동	노은2동	NULL
13502	RAD05_240404151929_8459	1	0	36.3815636	127.3249248	대전광역시 유성구 죽동 648	죽동	노은2동	NULL
13503	RAD05_240404151934_8498	1	0	36.3814433	127.3244746	대전광역시 유성구 죽동 648	죽동	노은2동	NULL
13509	RAD04_240404152119_4875	1	0	36.3815258	127.3247809	대전광역시 유성구 죽동 648	죽동	노은2동	NULL
13606	RAD05_240405073049_9638	1	0	36.3449841	127.2959546	대전광역시 유성구 계산동 242	계산동	학하동	NULL
13613	RAD05_240405074120_10100	1	0	36.3437096	127.3222882	대전광역시 유성구 복용동 산 14-18	복용동	상대동	NULL
13663	RAD05_240405075329_11428	1	0	36.3549855	127.3450262	대전광역시 유성구 봉명동 574	봉명동	온천1동	NULL
13697	RAD04_240405080733_8474	1	0	36.3578944	127.3361749	대전광역시 유성구 장대동 293	장대동	온천2동	NULL
13718	RAD04_240405082018_9280	1	0	36.381661	127.3434033	대전광역시 유성구 신성동 산 40-28	신성동	신성동	NULL
13722	RAD05_240405082710_12059	1	0	36.3543671	127.3499997	대전광역시 유성구 봉명동 700	봉명동	온천1동	NULL
13724	RAD05_240405082713_12088	1	0	36.3545695	127.3502054	대전광역시 유성구 봉명동 700	봉명동	온천1동	NULL
13729	RAD04_240405083026_9861	1	0	36.3626549	127.3345486	대전광역시 유성구 장대동 144-3	장대동	온천2동	NULL
13735	RAD05_240405083601_12768	1	0	36.3558867	127.3403145	대전광역시 유성구 봉명동 442-10	봉명동	온천1동	NULL
13760	RAD04_240405085921_11352	1	0	36.3729046	127.3193593	대전광역시 유성구 지족동 965	지족동	노은1동	NULL
13761	RAD04_240405085926_11378	1	0	36.3731749	127.3193698	대전광역시 유성구 지족동 965	지족동	노은1동	NULL
13793	RAD05_240405093040_13477	1	0	36.3561963	127.3328358	대전광역시 유성구 구암동 631	구암동	온천1동	NULL
13822	RAD05_240405094235_13905	1	0	36.3572883	127.3407322	대전광역시 유성구 봉명동 531	봉명동	온천1동	NULL
13839	RAD05_240405095632_14632	1	0	36.3549639	127.3449165	대전광역시 유성구 봉명동 574	봉명동	온천1동	NULL
13879	RAD04_240405102153_13375	1	0	36.3918426	127.3109502	대전광역시 유성구 반석동 674	반석동	노은3동	NULL
13923	RAD04_240405141002_15690	1	0	36.367097	127.3197021	대전광역시 유성구 노은동 612	노은동	노은1동	NULL
13925	RAD04_240405141111_15750	1	0	36.3675465	127.3179908	대전광역시 유성구 노은동 583	노은동	노은1동	NULL
13949	RAD04_240405152217_16629	1	0	36.392619	127.3114878	대전광역시 유성구 반석동 676	반석동	노은3동	NULL
13964	RAD04_240405152911_16890	1	0	36.3904063	127.3055335	대전광역시 유성구 반석동 716	반석동	노은3동	NULL
14066	RAD04_240406083154_23931	1	0	36.3655765	127.3176949	대전광역시 유성구 노은동 611	노은동	노은1동	NULL
14081	RAD04_240406084723_24677	1	0	36.3674616	127.3179857	대전광역시 유성구 노은동 583	노은동	노은1동	NULL
14082	RAD04_240406084731_24693	1	0	36.3683385	127.3179907	대전광역시 유성구 노은동 583	노은동	노은1동	NULL
14134	RAD02_240409142403_2473	1	0	36.3837508	127.4057375	대전광역시 유성구 원촌동 135-2	원촌동	전민동	NULL
14138	RAD02_240409142759_3058	1	0	36.4023514	127.4049624	대전광역시 유성구 전민동 464-3	전민동	전민동	NULL
14184	RAD03_240419100410_2277	1	0	36.3939595	127.3503828	대전광역시 유성구 자운동 17-15	자운동	신성동	NULL
14271	RAD03_240419140835_8643	1	0	36.4070087	127.3732129	대전광역시 유성구 방현동 9-12	방현동	신성동	NULL
14278	RAD03_240419164714_12393	1	0	36.3595886	127.32908	대전광역시 유성구 장대동 220-3	장대동	온천2동	NULL
14289	RAD03_240422133417_0	1	0	36.3584505	127.3562375	대전광역시 유성구 봉명동 698	봉명동	온천1동	NULL
14300	RAD03_240422142344_21548	1	0	36.3714329	127.3235289	대전광역시 유성구 노은동 599	노은동	노은1동	NULL
14304	RAD03_240422142840_21886	1	0	36.3755037	127.3227745	대전광역시 유성구 지족동 975	지족동	노은1동	NULL
14306	RAD03_240422143128_22164	1	0	36.3722565	127.3218832	대전광역시 유성구 지족동 976	지족동	노은1동	NULL
14309	RAD03_240422143719_22655	1	0	36.374867	127.3296204	대전광역시 유성구 죽동 552-39	죽동	노은1동	NULL
14333	RAD03_240423142120_3988	1	0	36.3581111	127.331416	대전광역시 유성구 장대동 211-9	장대동	온천2동	0.7919
14334	RAD03_240423142242_4234	1	0	36.360006	127.3280608	대전광역시 유성구 장대동 223-10	장대동	온천2동	0.7811
14359	RAD03_240424100053_8227	1	0	36.341757	127.3388074	대전광역시 유성구 상대동 498	상대동	상대동	0.7911
14381	RAD03_240430103755_4566	1	0	36.3562525	127.3422689	대전광역시 유성구 봉명동 574	봉명동	온천1동	0.8402
14394	RAD03_240430133746_0	1	0	36.3900401	127.4053208	대전광역시 유성구 문지동 667	문지동	전민동	0.8479
14468	RAD03_240503110249_0	1	0	36.3700012	127.3271469	대전광역시 유성구 노은동 107-37	노은동	노은1동	0.8514
14469	RAD03_240503110256_35728	1	0	36.3710325	127.3271376	대전광역시 유성구 노은동 107-18	노은동	노은1동	0.8474
14475	RAD03_240507103444_41905	1	0	36.3605806	127.3499523	대전광역시 유성구 궁동 29-4	궁동	온천2동	0.8526
14479	RAD03_240507133110_43032	1	0	36.3845918	127.377755	대전광역시 유성구 도룡동 394-4	도룡동	신성동	0.8659
14481	RAD03_240507135256_43573	1	0	36.38559	127.3784667	대전광역시 유성구 도룡동 409	도룡동	신성동	0.8426
14483	RAD03_240507140421_45077	1	0	36.3633327	127.3414983	대전광역시 유성구 궁동 351	궁동	온천2동	0.8559
14486	RAD03_240507143953_0	1	0	36.3797173	127.3429689	대전광역시 유성구 신성동 산 40-28	신성동	신성동	0.8431
14502	RAD03_240508095057_47663	1	0	36.3605154	127.3531771	대전광역시 유성구 궁동 434	궁동	온천2동	0.8422
14508	RAD03_240508140528_51171	1	0	36.3554468	127.3353278	대전광역시 유성구 봉명동 570	봉명동	온천1동	0.8407
14526	RAD03_240509103557_59364	1	0	36.3633949	127.3412869	대전광역시 유성구 궁동 352	궁동	온천2동	0.8771
14532	RAD03_240509111113_60629	1	0	36.3597807	127.3048398	대전광역시 유성구 덕명동 570	덕명동	학하동	0.8513
14539	RAD03_240509143001_65020	1	0	36.3394969	127.3045186	대전광역시 유성구 학하동 793	학하동	학하동	0.8514
14540	RAD03_240509143002_65021	1	0	36.3395661	127.304557	대전광역시 유성구 학하동 793	학하동	학하동	0.8612
14554	RAD03_240509155742_66417	1	0	36.3403448	127.3126916	대전광역시 유성구 학하동 827	학하동	학하동	0.8542
14602	RAD03_240513152751_85965	1	0	36.3503694	127.3479733	대전광역시 유성구 봉명동 1061	봉명동	원신흥동	0.8659
14604	RAD03_240513152753_85978	1	0	36.3502447	127.3479668	대전광역시 유성구 봉명동 1061	봉명동	원신흥동	0.872
14754	RAD02_240527154249_9749	1	0	36.3584593	127.3284702	대전광역시 유성구 장대동 245-2	장대동	온천1동	0.8529
14755	RAD02_240527154250_9765	1	0	36.3584422	127.3285623	대전광역시 유성구 장대동 245-2	장대동	온천1동	0.8708
14767	RAD03_240528152724_3800	1	0	36.3602916	127.3443451	대전광역시 유성구 궁동 501	궁동	온천2동	0.8501
14784	RAD03_240529154810_9864	1	0	36.4428103	127.3855016	대전광역시 유성구 봉산동 973	봉산동	구즉동	0.8444
14786	RAD03_240529154903_9881	1	0	36.4422107	127.3850539	대전광역시 유성구 봉산동 산 37-4	봉산동	구즉동	0.8494
14789	RAD03_240529155254_10219	1	0	36.4457878	127.3853832	대전광역시 유성구 봉산동 714	봉산동	구즉동	0.8455
14815	RAD03_240530154140_8495	1	0	36.4184857	127.3787951	대전광역시 유성구 덕진동 51-4	덕진동	신성동	0.8755
14920	RAD03_240617143040_4683	1	0	36.3753099	127.3408985	대전광역시 유성구 죽동 799	죽동	온천2동	0.8458
14921	RAD03_240617143332_5024	1	0	36.364679	127.3380516	대전광역시 유성구 장대동 311	장대동	온천2동	0.848
14922	RAD03_240617144734_5693	1	0	36.3667677	127.3176666	대전광역시 유성구 노은동 602	노은동	노은1동	0.8572
14923	RAD03_240619152831_7878	1	0	36.3738357	127.3412357	대전광역시 유성구 궁동 114-1	궁동	온천2동	0.8458
14924	RAD03_240619152844_0	1	0	36.3719043	127.3406138	대전광역시 유성구 궁동 331-2	궁동	온천2동	0.8546
14925	RAD03_240619152943_8039	1	0	36.3651443	127.3383789	대전광역시 유성구 장대동 311	장대동	온천2동	0.8428
14926	RAD03_240619153338_8244	1	0	36.361265	127.3477629	대전광역시 유성구 궁동 33-6	궁동	온천2동	0.848
14927	RAD03_240620091933_0	1	0	36.363188	127.341817	대전광역시 유성구 궁동 351	궁동	온천2동	0.867
14928	RAD03_240620092226_8914	1	0	36.3670016	127.3306055	대전광역시 유성구 장대동 116-10	장대동	노은1동	0.866
14929	RAD03_240620092549_9110	1	0	36.3751776	127.3260698	대전광역시 유성구 노은동 138-39	노은동	노은1동	0.8458
14930	RAD03_240620093033_9579	1	0	36.387186	127.3220784	대전광역시 유성구 하기동 603	하기동	노은2동	0.8587
14931	RAD03_240620093108_9733	1	0	36.3900826	127.3237051	대전광역시 유성구 하기동 603	하기동	노은2동	0.8455
14932	RAD03_240620094448_0	1	0	36.3907666	127.3318801	대전광역시 유성구 하기동 603	하기동	노은2동	0.8466
14933	RAD03_240620095110_10575	1	0	36.3982791	127.3571694	대전광역시 유성구 장동 364-4	장동	신성동	0.8824
14934	RAD03_240620100053_11887	1	0	36.4160065	127.3779992	대전광역시 유성구 화암동 203-7	화암동	신성동	0.8978
14935	RAD03_240620100633_12083	1	0	36.4127951	127.3880919	대전광역시 유성구 용산동 764	용산동	관평동	0.8487
14936	RAD03_240620101405_12724	1	0	36.40644	127.3848902	대전광역시 유성구 화암동 57-3	화암동	신성동	0.8448
14937	RAD03_240620101538_12934	1	0	36.4086694	127.3777816	대전광역시 유성구 화암동 109-11	화암동	신성동	0.8634
14938	RAD03_240620101552_12984	1	0	36.4079284	127.3762414	대전광역시 유성구 방현동 349-3	방현동	신성동	0.8467
14939	RAD03_240621101012_0	1	0	36.3607627	127.3542081	대전광역시 유성구 어은동 311	어은동	온천2동	0.8437
14940	RAD03_240621101414_302	1	0	36.3558611	127.342136	대전광역시 유성구 봉명동 574	봉명동	온천1동	0.8761
14946	RAD03_240624104603_1929	1	0	36.3972687	127.3550816	대전광역시 유성구 장동 363-7	장동	신성동	0.8422
14949	RAD03_240624160148_0	1	0	36.3636969	127.3603858	대전광역시 유성구 구성동 294-6	구성동	온천2동	0.8431
14959	RAD03_240626093426_0	1	0	36.3635934	127.3406701	대전광역시 유성구 궁동 335-27	궁동	온천2동	0.8442
14976	RAD03_240627113817_0	1	0	36.4248486	127.3936643	대전광역시 유성구 관평동 1288	관평동	관평동	0.8439
14995	RAD03_240627154812_12588	1	0	36.358084	127.3432458	대전광역시 유성구 봉명동 608	봉명동	온천1동	0.8455
14996	RAD03_240627155251_12717	1	0	36.3614293	127.3564059	대전광역시 유성구 어은동 59-1	어은동	온천2동	0.8505
14997	RAD03_240701151654_0	1	0	36.3802982	127.3164768	대전광역시 유성구 지족동 948	지족동	노은2동	0.8706
14998	RAD03_240701151810_118	1	0	36.3834115	127.3175792	대전광역시 유성구 지족동 926	지족동	노은3동	0.8491
14999	RAD03_240701152519_0	1	0	36.3804669	127.3165383	대전광역시 유성구 지족동 948	지족동	노은2동	0.8541
15000	RAD03_240701153247_658	1	0	36.3702158	127.3150586	대전광역시 유성구 노은동 570	노은동	노은1동	0.8552
15001	RAD03_240701153307_747	1	0	36.369035	127.3142954	대전광역시 유성구 노은동 570	노은동	노은1동	0.8419
15002	RAD03_240701153322_812	1	0	36.3685649	127.3137784	대전광역시 유성구 노은동 570	노은동	노은1동	0.8604
15003	RAD01_240703151031_0	1	0	36.3909688	127.4078729	대전광역시 유성구 문지동 661-3	문지동	전민동	0.7918
15004	RAD02_240704100609_390	1	0	36.3957444	127.3561093	대전광역시 유성구 장동 371-5	장동	신성동	0.8445
15005	RAD02_240704104442_0	1	0	36.3525198	127.3409494	대전광역시 유성구 봉명동 1058	봉명동	온천1동	0.8474
15006	RAD02_240704105909_0	1	0	36.3281217	127.3329672	대전광역시 유성구 용계동 688	용계동	진잠동	0.8652
15007	RAD02_240704110004_4099	1	0	36.3319019	127.3329873	대전광역시 유성구 용계동 688	용계동	진잠동	0.8457
15008	RAD02_240704110200_4286	1	0	36.333173	127.3330209	대전광역시 유성구 원신흥동 608	원신흥동	원신흥동	0.8565
15009	RAD02_240704110321_4492	1	0	36.3424997	127.3393408	대전광역시 유성구 상대동 498	상대동	상대동	0.8507
15010	RAD02_240704110326_4512	1	0	36.3430638	127.3396858	대전광역시 유성구 봉명동 1058-2	봉명동	원신흥동	0.8531
15011	RAD02_240704113832_4851	1	0	36.3609688	127.3443927	대전광역시 유성구 궁동 481	궁동	온천2동	0.8699
15012	RAD02_240705100634_8290	1	0	36.3742684	127.3054428	대전광역시 유성구 지족동 1060-1	지족동	노은3동	0.878
15013	RAD02_240705100730_0	1	0	36.3702015	127.3075914	대전광역시 유성구 노은동 산 24-139	노은동	노은1동	0.8489
15014	RAD02_240705101003_8615	1	0	36.3667682	127.3178224	대전광역시 유성구 노은동 566	노은동	노은1동	0.8567
15015	RAD02_240705101511_9110	1	0	36.3690262	127.3399345	대전광역시 유성구 궁동 358	궁동	온천2동	0.8511
15016	RAD02_240705101837_9518	1	0	36.3888104	127.3444614	대전광역시 유성구 하기동 산 2-6	하기동	신성동	0.8407
15017	RAD02_240705101840_9532	1	0	36.3893202	127.344826	대전광역시 유성구 하기동 14-3	하기동	신성동	0.861
15018	RAD02_240705102410_10520	1	0	36.4122634	127.3782527	대전광역시 유성구 화암동 25-13	화암동	신성동	0.8717
15019	RAD02_240705102627_10905	1	0	36.419045	127.3816008	대전광역시 유성구 관평동 681	관평동	관평동	0.8561
15020	RAD02_240705102745_11030	1	0	36.417348	127.3920276	대전광역시 유성구 용산동 672	용산동	관평동	0.8497
15021	RAD02_240705104128_11193	1	0	36.4173268	127.3925418	대전광역시 유성구 용산동 672	용산동	관평동	0.9029
15022	RAD02_240705104740_11866	1	0	36.4247696	127.3893087	대전광역시 유성구 관평동 1291	관평동	관평동	0.8587
15023	RAD02_240705105046_12072	1	0	36.4260338	127.3861304	대전광역시 유성구 관평동 1292	관평동	관평동	0.8425
15271	RAD02_240722070823_39853	1	0	36.3761708	127.338887	대전광역시 유성구 죽동 799	죽동	온천2동	0.853
15272	RAD02_240722070936_39903	1	0	36.3762196	127.3386853	대전광역시 유성구 죽동 799	죽동	온천2동	0.8496
15273	RAD02_240722071106_39997	1	0	36.3724771	127.3351261	대전광역시 유성구 죽동 799	죽동	온천2동	0.8725
15274	RAD02_240722071116_40048	1	0	36.3717194	127.3350072	대전광역시 유성구 죽동 799	죽동	온천2동	0.8684
15275	RAD02_240722071123_40064	1	0	36.3713166	127.3348578	대전광역시 유성구 죽동 799	죽동	온천2동	0.856
15276	RAD02_240722071131_40068	1	0	36.371338	127.3343033	대전광역시 유성구 죽동 747	죽동	온천2동	0.8566
15277	RAD02_240722071204_0	1	0	36.3717463	127.3320898	대전광역시 유성구 죽동 747	죽동	온천2동	0.8564
15278	RAD02_240722081055_40257	1	0	36.3717595	127.3322677	대전광역시 유성구 죽동 747	죽동	온천2동	0.844
15279	RAD02_240722081300_40539	1	0	36.3664505	127.3388563	대전광역시 유성구 죽동 119-2	죽동	온천2동	0.8503
15280	RAD02_240722081259_0	1	0	36.3666444	127.3389231	대전광역시 유성구 죽동 119-2	죽동	온천2동	0.8495
15281	RAD02_240722132959_41375	1	0	36.3607481	127.3541642	대전광역시 유성구 어은동 311	어은동	온천2동	0.8402
15282	RAD02_240722144805_41849	1	0	36.3623562	127.3558128	대전광역시 유성구 어은동 109	어은동	온천2동	0.8423
15283	RAD02_240722144831_41905	1	0	36.3624276	127.3561928	대전광역시 유성구 어은동 109	어은동	온천2동	0.8727
15284	RAD02_240722144850_41918	1	0	36.3625815	127.3565681	대전광역시 유성구 어은동 109	어은동	온천2동	0.8537
15285	RAD02_240722150541_42077	1	0	36.3624017	127.3566568	대전광역시 유성구 어은동 109	어은동	온천2동	0.8414
15286	RAD02_240723102054_42106	1	0	36.3617499	127.3567053	대전광역시 유성구 어은동 109	어은동	온천2동	0.8459
15288	RAD02_240723102554_42623	1	0	36.3575433	127.3427661	대전광역시 유성구 봉명동 608	봉명동	온천1동	0.8553
15289	RAD02_240723102720_42912	1	0	36.3493848	127.3400517	대전광역시 유성구 봉명동 1058	봉명동	온천1동	0.8401
15290	RAD02_240723102727_42955	1	0	36.3488061	127.34008	대전광역시 유성구 봉명동 1058	봉명동	온천1동	0.8638
15291	RAD02_240723102749_43043	1	0	36.3486954	127.3380289	대전광역시 유성구 상대동 556	상대동	온천1동	0.8537
15292	RAD02_240723102755_43056	1	0	36.3486802	127.3371163	대전광역시 유성구 상대동 556	상대동	온천1동	0.8402
15293	RAD02_240723102758_43081	1	0	36.3486706	127.3366655	대전광역시 유성구 상대동 556	상대동	온천1동	0.8812
15294	RAD02_240723102804_43093	1	0	36.3486585	127.3358612	대전광역시 유성구 상대동 556	상대동	온천1동	0.8417
15295	RAD02_240723102824_43126	1	0	36.3486556	127.3335618	대전광역시 유성구 상대동 556	상대동	온천1동	0.8509
15296	RAD02_240723102843_43145	1	0	36.3486235	127.3313473	대전광역시 유성구 상대동 556	상대동	온천1동	0.8472
15297	RAD02_240723102901_43184	1	0	36.3486235	127.3312673	대전광역시 유성구 상대동 556	상대동	온천1동	0.8683
15298	RAD02_240723103039_43337	1	0	36.3486282	127.3267053	대전광역시 유성구 상대동 556	상대동	온천1동	0.8554
15299	RAD02_240723103401_43736	1	0	36.3361049	127.3167407	대전광역시 유성구 학하동 687	학하동	학하동	0.8806
15300	RAD02_240723103444_43798	1	0	36.3299821	127.3131031	대전광역시 유성구 용계동 390-3	용계동	진잠동	0.8463
15301	RAD02_240723103446_43801	1	0	36.3297016	127.3129649	대전광역시 유성구 용계동 390-3	용계동	진잠동	0.8418
15302	RAD02_240723103501_43849	1	0	36.3273335	127.3122078	대전광역시 유성구 용계동 산 50-6	용계동	진잠동	0.8485
15303	RAD02_240723103541_43900	1	0	36.3244361	127.3123075	대전광역시 유성구 용계동 402-11	용계동	진잠동	0.8639
15304	RAD02_240723103616_43932	1	0	36.3201457	127.3136482	대전광역시 유성구 대정동 산 38-1	대정동	진잠동	0.8459
15305	RAD02_240723103652_43970	1	0	36.3149986	127.3155018	대전광역시 유성구 대정동 507	대정동	진잠동	0.8691
15306	RAD02_240723103657_43993	1	0	36.3144026	127.3157373	대전광역시 유성구 대정동 509-9	대정동	진잠동	0.8424
15307	RAD02_240723103726_44053	1	0	36.3110067	127.3174702	대전광역시 유성구 교촌동 123-4	교촌동	진잠동	0.9092
15308	RAD02_240723103816_44176	1	0	36.3051794	127.3200677	대전광역시 유성구 교촌동 652	교촌동	진잠동	0.8446
15309	RAD02_240723103823_44195	1	0	36.3047175	127.320255	대전광역시 유성구 교촌동 652	교촌동	진잠동	0.8591
15310	RAD02_240723104158_44681	1	0	36.2993358	127.3157872	대전광역시 유성구 원내동 772	원내동	진잠동	0.8515
15311	RAD02_240723104211_44694	1	0	36.2986134	127.316021	대전광역시 유성구 원내동 772	원내동	진잠동	0.8514
15312	RAD02_240723104228_44718	1	0	36.2983857	127.3157099	대전광역시 유성구 원내동 708	원내동	진잠동	0.8578
15313	RAD02_240723104312_44774	1	0	36.2979338	127.3150333	대전광역시 유성구 원내동 280	원내동	진잠동	0.8582
15314	RAD02_240723105637_44968	1	0	36.2986844	127.3161518	대전광역시 유성구 원내동 736	원내동	진잠동	0.8496
15315	RAD02_240723105754_45004	1	0	36.299355	127.3159116	대전광역시 유성구 원내동 735	원내동	진잠동	0.8407
15316	RAD02_240723105802_45020	1	0	36.2997707	127.3157655	대전광역시 유성구 원내동 735	원내동	진잠동	0.8428
15317	RAD02_240723105815_45031	1	0	36.3006165	127.3154704	대전광역시 유성구 원내동 735	원내동	진잠동	0.8475
15318	RAD02_240723105821_45044	1	0	36.3010087	127.3153214	대전광역시 유성구 원내동 773	원내동	진잠동	0.8455
15319	RAD02_240723105840_45080	1	0	36.3025569	127.3156015	대전광역시 유성구 원내동 773	원내동	진잠동	0.8656
15320	RAD02_240723110012_45161	1	0	36.3034721	127.3176269	대전광역시 유성구 원내동 773	원내동	진잠동	0.855
15321	RAD02_240723110053_0	1	0	36.3042144	127.3203217	대전광역시 유성구 원내동 773	원내동	진잠동	0.8664
15322	RAD02_240723110053_45257	1	0	36.3042144	127.3203217	대전광역시 유성구 원내동 773	원내동	진잠동	0.8464
15367	RAD02_240725102042_2170	1	0	36.3598648	127.2932792	대전광역시 유성구 갑동 392-11	갑동	노은1동	0.8599
15398	RAD03_240726102429_0	1	0	36.4069446	127.3732953	대전광역시 유성구 방현동 9-12	방현동	신성동	0.8437
15402	RAD03_240726105711_3894	1	0	36.3666797	127.3272001	대전광역시 유성구 노은동 74	노은동	노은1동	0.8468
15430	RAD02_240729153853_0	1	0	36.4192753	127.37974	대전광역시 유성구 덕진동 산 14-3	덕진동	관평동	0.862
15442	RAD02_240729154719_6522	1	0	36.4458044	127.3853474	대전광역시 유성구 봉산동 714	봉산동	구즉동	0.8641
15466	RAD02_240730094242_7947	1	0	36.3585841	127.3371612	대전광역시 유성구 장대동 290	장대동	온천2동	0.8575
15470	RAD02_240731150038_8190	1	0	36.3623864	127.3561796	대전광역시 유성구 어은동 109	어은동	온천2동	0.8414
15471	RAD02_240731150044_0	1	0	36.3624294	127.3562708	대전광역시 유성구 어은동 109	어은동	온천2동	0.8467
15492	RAD02_240801092842_10003	1	0	36.3595454	127.3429622	대전광역시 유성구 봉명동 601	봉명동	온천1동	0.846
15499	RAD02_240801093134_10281	1	0	36.3585989	127.3374559	대전광역시 유성구 장대동 290	장대동	온천2동	0.8469
15510	RAD02_240801093943_10898	1	0	36.358922	127.3287995	대전광역시 유성구 장대동 258	장대동	온천2동	0.8502
15512	RAD02_240801094131_10973	1	0	36.3594928	127.3239981	대전광역시 유성구 장대동 295	장대동	온천2동	0.8498
15514	RAD02_240801094346_11195	1	0	36.3604705	127.3031363	대전광역시 유성구 덕명동 555	덕명동	학하동	0.8414
15543	RAD02_240801101044_11973	1	0	36.3603685	127.3267128	대전광역시 유성구 장대동 223-20	장대동	온천2동	0.857
15544	RAD02_240801101121_11989	1	0	36.3636454	127.3272178	대전광역시 유성구 장대동 231-2	장대동	온천2동	0.8491
15546	RAD02_240801162922_12332	1	0	36.3848419	127.3785481	대전광역시 유성구 도룡동 409	도룡동	신성동	0.8514
15587	RAD02_240805103952_15754	1	0	36.353136	127.3369673	대전광역시 유성구 봉명동 534	봉명동	온천1동	0.8539
15588	RAD02_240805104059_15947	1	0	36.3546954	127.3382101	대전광역시 유성구 봉명동 529	봉명동	온천1동	0.8438
15630	RAD02_240805165159_17289	1	0	36.4182704	127.3788462	대전광역시 유성구 관평동 657-3	관평동	관평동	0.8534
15637	RAD02_240805170944_17986	1	0	36.4119107	127.3779061	대전광역시 유성구 화암동 120-3	화암동	신성동	0.856
15644	RAD02_240805171328_18270	1	0	36.3971543	127.3548409	대전광역시 유성구 장동 362-2	장동	신성동	0.8498
15648	RAD02_240805171556_18387	1	0	36.3940462	127.3504939	대전광역시 유성구 자운동 17-15	자운동	신성동	0.8871
15655	RAD02_240805173844_18913	1	0	36.369134	127.3504628	대전광역시 유성구 궁동 220	어은동	온천2동	0.8632
15661	RAD02_240805174140_19238	1	0	36.364056	127.3558003	대전광역시 유성구 어은동 99	어은동	온천2동	0.8404
15669	RAD02_240806092522_19653	1	0	36.3624144	127.3561372	대전광역시 유성구 어은동 109	어은동	온천2동	0.8798
15696	RAD02_240906142652_433	1	0	36.4087304	127.3755045	대전광역시 유성구 화암동 99-6	화암동	신성동	0.8416
15708	RAD03_240908151513_771	1	0	36.3454733	127.3389475	대전광역시 유성구 상대동 495	상대동	상대동	0.8512
15713	RAD03_240908152627_1348	1	0	36.3378753	127.325972	대전광역시 유성구 복용동 458	복용동	상대동	0.8522
15721	RAD03_240908152930_1523	1	0	36.3385493	127.316879	대전광역시 유성구 학하동 685-139	학하동	학하동	0.8741
15725	RAD03_240908153142_1621	1	0	36.3403616	127.3087813	대전광역시 유성구 학하동 792	학하동	학하동	0.8457
15739	RAD03_240908164016_2769	1	0	36.3623567	127.3568282	대전광역시 유성구 어은동 109	어은동	온천2동	0.8536
15748	RAD02_240910095605_3052	1	0	36.3371305	127.3345333	대전광역시 유성구 상대동 498	상대동	상대동	0.8404
15750	RAD02_240920150052_30	1	0	36.3050871	127.2942619	대전광역시 유성구 성북동 761	성북동	진잠동	0.8517
15761	RAD02_240920152128_1951	1	0	36.3408826	127.3198701	대전광역시 유성구 복용동 175-3	복용동	상대동	0.8675
15778	RAD03_241028102114_4539	1	0	36.3454301	127.3019064	대전광역시 유성구 덕명동 621	덕명동	학하동	0.8587
15780	RAD03_241028102435_4763	1	0	36.3507579	127.2975022	대전광역시 유성구 덕명동 154-15	덕명동	학하동	0.8432
15781	RAD03_241028102606_4894	1	0	36.3598444	127.3051123	대전광역시 유성구 덕명동 570	덕명동	학하동	0.865
15796	RAD02_241028103649_2831	1	0	36.3246945	127.3190443	대전광역시 유성구 용계동 623	용계동	진잠동	0.8404
15797	RAD02_241028103726_2858	1	0	36.3234643	127.317443	대전광역시 유성구 용계동 400-4	용계동	진잠동	0.8538
15829	RAD02_241028123535_6449	1	0	36.2999096	127.315775	대전광역시 유성구 원내동 197-23	원내동	진잠동	0.8426
15835	RAD02_241029093429_6909	1	0	36.3636689	127.3404366	대전광역시 유성구 장대동 377	장대동	온천2동	0.8416
15837	RAD02_241029093442_6921	1	0	36.3638746	127.33984	대전광역시 유성구 장대동 321	장대동	온천2동	0.8601
15853	RAD03_241029110851_0	1	0	36.3595458	127.3231565	대전광역시 유성구 장대동 258-5	장대동	온천2동	0.852
15865	RAD02_241030091933_10101	1	0	36.348614	127.3325623	대전광역시 유성구 상대동 556	상대동	온천1동	0.8625
15873	RAD02_241030100214_12212	1	0	36.3133259	127.3163753	대전광역시 유성구 교촌동 519-3	교촌동	진잠동	0.8444
15885	RAD02_241030135957_13665	1	0	36.3608378	127.3542696	대전광역시 유성구 어은동 106-2	어은동	온천2동	0.8571
15891	RAD02_241030140537_14004	1	0	36.353581	127.3414063	대전광역시 유성구 봉명동 553-2	봉명동	온천1동	0.8492
15898	RAD03_241030141126_11714	1	0	36.3933142	127.4069405	대전광역시 유성구 문지동 668	문지동	전민동	0.8862
15902	RAD02_241030141755_14580	1	0	36.3243918	127.3123664	대전광역시 유성구 용계동 402-11	용계동	진잠동	0.8467
15912	RAD02_241030150352_18004	1	0	36.3761827	127.338944	대전광역시 유성구 죽동 799	죽동	온천2동	0.8515
15919	RAD02_241031100843_19145	1	0	36.3616374	127.3579044	대전광역시 유성구 어은동 262-1	어은동	온천2동	0.8429
15930	RAD03_241031140449_15376	1	0	36.3496234	127.326575	대전광역시 유성구 구암동 242-10	구암동	온천1동	0.8423
15973	RAD03_241101141301_23683	1	0	36.374778	127.394908	대전광역시 유성구 도룡동 8-59	도룡동	신성동	0.8449
15990	RAD03_241105094205_32321	1	0	36.3650676	127.3631632	대전광역시 유성구 구성동 445-1	구성동	온천2동	0.8446
16014	RAD03_241106154319_38750	1	0	36.3624363	127.3431994	대전광역시 유성구 궁동 254-3	궁동	온천2동	0.8402
16215	RAD02_241127131151_6528	1	0	36.3575589	127.3410558	대전광역시 유성구 봉명동 603	봉명동	온천1동	0.6911
16227	RAD02_241127134821_9297	1	0	36.3747697	127.341719	대전광역시 유성구 궁동 115	궁동	온천2동	0.6275
16251	RAD02_241127143625_12030	1	0	36.3580947	127.3396878	대전광역시 유성구 장대동 373	장대동	온천2동	0.6316
16253	RAD02_241127143634_12142	1	0	36.3575604	127.3398734	대전광역시 유성구 장대동 373	장대동	온천2동	0.6075
16329	RAD03_241128140709_16480	1	0	36.3611846	127.3442745	대전광역시 유성구 궁동 481	궁동	온천2동	0.6439
16383	RAD03_241202142941_57521	1	0	36.4027555	127.4049664	대전광역시 유성구 전민동 464-3	전민동	전민동	0.7711
16385	RAD03_241202143632_61090	1	0	36.4202204	127.3861794	대전광역시 유성구 관평동 673	관평동	관평동	0.6018
16386	RAD03_241202143637_61164	1	0	36.4205666	127.3864053	대전광역시 유성구 관평동 673	관평동	관평동	0.6759
16387	RAD03_241202143638_61166	1	0	36.4206472	127.3864573	대전광역시 유성구 관평동 673	관평동	관평동	0.7196
16390	RAD03_241202185615_0	1	0	36.3624738	127.3571108	대전광역시 유성구 어은동 316	어은동	온천2동	0.6221
16396	RAD03_241203102918_105765	1	0	36.3486059	127.3265601	대전광역시 유성구 상대동 556	상대동	온천1동	0.7611
16427	RAD03_241204142101_0	1	0	36.3496309	127.32608	대전광역시 유성구 구암동 240	구암동	온천1동	0.8065
16428	RAD03_241204142301_170503	1	0	36.3496406	127.3263028	대전광역시 유성구 구암동 240-4	구암동	온천1동	0.7315
16432	RAD02_241205093742_5793	1	0	36.3609414	127.3548325	대전광역시 유성구 어은동 311	어은동	온천2동	0.6319
16434	RAD02_241205094739_7988	1	0	36.3361872	127.3334001	대전광역시 유성구 상대동 589	상대동	상대동	0.6575
16435	RAD02_241205094754_8032	1	0	36.3361934	127.3327366	대전광역시 유성구 상대동 589	상대동	상대동	0.651
16439	RAD02_241205101830_11436	1	0	36.360742	127.3442034	대전광역시 유성구 궁동 481	궁동	온천2동	0.6928
16440	RAD02_241205140432_0	1	0	36.3620263	127.3577154	대전광역시 유성구 어은동 59-1	어은동	온천2동	0.6576
16456	RAD02_241206094738_14667	1	0	36.3604127	127.3515997	대전광역시 유성구 궁동 434	궁동	온천2동	0.7502
16459	RAD02_241206135640_16243	1	0	36.3607916	127.3541535	대전광역시 유성구 어은동 311	어은동	온천2동	0.7067
16462	RAD02_241206155111_17443	1	0	36.3622186	127.344801	대전광역시 유성구 궁동 279-11	궁동	온천2동	0.6244
16503	RAD03_241208175511_330104	1	0	36.354413	127.3501158	대전광역시 유성구 봉명동 700	봉명동	온천1동	0.7971
16508	RAD03_241208180001_332321	1	0	36.3620165	127.3563687	대전광역시 유성구 어은동 109	어은동	온천2동	0.6371
16527	RAD02_241210122352_21465	1	0	36.3605842	127.3498916	대전광역시 유성구 궁동 29-4	궁동	온천2동	0.6554
16538	RAD03_241211100217_0	1	0	36.314489	127.3214646	대전광역시 유성구 대정동 319	대정동	진잠동	0.6707
16547	RAD03_241211103758_370992	1	0	36.3401016	127.3433003	대전광역시 유성구 원신흥동 586	원신흥동	원신흥동	0.6561
16554	RAD02_241211132551_24201	1	0	36.3608519	127.3544088	대전광역시 유성구 어은동 311	어은동	온천2동	0.6768
16555	RAD02_241211132620_24236	1	0	36.360397	127.3518479	대전광역시 유성구 궁동 434	궁동	온천2동	0.7068
16570	RAD02_241211133531_26161	1	0	36.3917997	127.3503174	대전광역시 유성구 신성동 466	신성동	신성동	0.6081
16571	RAD02_241211133532_26177	1	0	36.3918194	127.3502968	대전광역시 유성구 신성동 466	신성동	신성동	0.7315
16597	RAD02_241212133809_0	1	0	36.3622149	127.3452893	대전광역시 유성구 궁동 220-9	궁동	온천2동	0.6031
16608	RAD02_241212153828_0	1	0	36.3632035	127.3409248	대전광역시 유성구 궁동 352	궁동	온천2동	0.6791
16612	RAD03_241213103525_547102	1	0	36.422838	127.4062961	대전광역시 유성구 용산동 605	용산동	관평동	0.6211
16617	RAD02_241213141115_0	1	0	36.3114022	127.2896119	대전광역시 유성구 성북동 731-11	성북동	진잠동	0.7814
16621	RAD02_241213141448_35390	1	0	36.2935971	127.2998492	대전광역시 유성구 성북동 731-6	성북동	진잠동	0.6989
16623	RAD02_241213141600_35849	1	0	36.2895888	127.3035583	대전광역시 유성구 방동 923	방동	진잠동	0.6079
16625	RAD01_241213154807_10	1	0	36.3910014	127.4078363	대전광역시 유성구 문지동 661-3	문지동	전민동	0.7362
16641	RAD03_241216105842_37511	1	0	36.3938882	127.3504008	대전광역시 유성구 자운동 515-22	자운동	신성동	0.6489
16673	RAD03_241217101244_108602	1	0	36.3913696	127.3249799	대전광역시 유성구 하기동 603	하기동	노은2동	0.6457
16690	RAD02_241217140036_5592	1	0	36.3607183	127.353945	대전광역시 유성구 어은동 311	어은동	온천2동	0.6371
16699	RAD02_241217141511_8760	1	0	36.3840651	127.3068322	대전광역시 유성구 지족동 1062-1	지족동	노은3동	0.6243
16702	RAD02_241218091628_0	1	0	36.3613606	127.3562032	대전광역시 유성구 어은동 62-2	어은동	온천2동	0.6387
16708	RAD02_241218095123_0	1	0	36.376836	127.3972063	대전광역시 유성구 도룡동 3-6	도룡동	신성동	0.6711
16725	RAD02_241219105408_20586	1	0	36.3598608	127.3347847	대전광역시 유성구 장대동 289	장대동	온천2동	0.6302
16770	RAD02_241230104201_37068	1	0	36.3609685	127.3489032	대전광역시 유성구 궁동 367-2	궁동	온천2동	0.7337
16802	RAD03_250109145844_46325	1	0	36.3809451	127.4065991	대전광역시 유성구 원촌동 90	원촌동	전민동	0.6374
16803	RAD03_250109145845_46337	1	0	36.3810703	127.4065609	대전광역시 유성구 원촌동 90	원촌동	전민동	0.6233
16807	RAD02_250113140339_1153	1	0	36.3605156	127.3507753	대전광역시 유성구 궁동 27-2	궁동	온천2동	0.6264
16819	RAD02_250113162244_9330	1	0	36.3750905	127.3297712	대전광역시 유성구 죽동 561-1	죽동	노은1동	0.6386
16821	RAD02_250113162317_9452	1	0	36.3767163	127.3308416	대전광역시 유성구 죽동 562-2	죽동	노은1동	0.68
16822	RAD02_250113162329_9563	1	0	36.3775279	127.3307317	대전광역시 유성구 죽동 381	죽동	노은1동	0.6376
16823	RAD02_250113162357_9665	1	0	36.3784783	127.3292636	대전광역시 유성구 죽동 369	죽동	노은1동	0.6724
16827	RAD02_250113164537_0	1	0	36.3949089	127.3124904	대전광역시 유성구 반석동 685	반석동	노은3동	0.61
16844	RAD03_250117100018_10653	1	0	36.4436262	127.2874405	세종특별자치시 금남면 감성리 66-3	금남면	금남면	0.6154
16847	RAD03_250117100511_11444	1	0	36.4406968	127.3151904	세종특별자치시 금남면 금천리 371-1	금남면	금남면	0.7356
16848	RAD03_250117100524_11498	1	0	36.4403871	127.3166947	세종특별자치시 금남면 금천리 205-2	금남면	금남면	0.6064
16859	RAD02_250117140639_1097	1	0	36.4212318	127.3814122	대전광역시 유성구 관평동 산 8-5	관평동	구즉동	0.63
16868	RAD02_250117154732_0	1	0	36.3866267	127.3186665	대전광역시 유성구 지족동 1005	지족동	노은2동	0.6036
16874	RAD02_250117155141_6015	1	0	36.3748903	127.3298318	대전광역시 유성구 죽동 222-2	죽동	노은1동	0.6807
16889	RAD02_250120095012_0	1	0	36.3637151	127.3401727	대전광역시 유성구 장대동 321	장대동	온천2동	0.629
16893	RAD02_250120100012_11246	1	0	36.3974904	127.3128827	대전광역시 유성구 외삼동 281-12	외삼동	노은2동	0.6757
16894	RAD02_250120100044_11313	1	0	36.3979554	127.3120737	대전광역시 유성구 외삼동 282-3	외삼동	노은2동	0.7743
16899	RAD02_250120135014_13514	1	0	36.3622265	127.3455471	대전광역시 유성구 궁동 220	궁동	온천2동	0.7355
16900	RAD02_250120135716_14971	1	0	36.3872696	127.3434526	대전광역시 유성구 하기동 산 2-7	하기동	신성동	0.6836
16929	yuseong1_250122135615_6613	1	0	36.3612899	127.3559658	대전광역시 유성구 어은동 311	어은동	온천2동	0.8727
16942	yuseong1_250122151903_0	1	0	36.4472911	127.3841781	대전광역시 유성구 봉산동 693-2	봉산동	구즉동	0.8892
16944	yuseong1_250122152648_17301	1	0	36.4087135	127.3755944	대전광역시 유성구 화암동 99-6	화암동	신성동	0.8802
16950	yuseong1_250123105338_3316	1	0	36.3484258	127.3352962	대전광역시 유성구 상대동 489	상대동	상대동	0.8229
16956	yuseong1_250123144730_7033	1	0	36.3461284	127.3401774	대전광역시 유성구 상대동 498	상대동	상대동	0.8159
16957	yuseong1_250123144843_0	1	0	36.3407582	127.3376271	대전광역시 유성구 상대동 498	상대동	상대동	0.8151
16958	yuseong1_250123145232_7434	1	0	36.3322053	127.3334737	대전광역시 유성구 용계동 681	용계동	진잠동	0.8934
16967	yuseong1_250124111718_524	1	0	36.3617629	127.3565156	대전광역시 유성구 어은동 109	어은동	온천2동	0.857
16968	yuseong1_250124111800_0	1	0	36.3609282	127.3545996	대전광역시 유성구 어은동 311	어은동	온천2동	0.8835
16975	yuseong1_250124152021_0	1	0	36.39681	127.3098958	대전광역시 유성구 반석동 612	반석동	노은3동	0.836
16982	yuseong1_250131135700_756	1	0	36.391666	127.3321587	대전광역시 유성구 하기동 470-1	하기동	신성동	0.8685
16986	yuseong1_250131135806_834	1	0	36.3911042	127.3355129	대전광역시 유성구 하기동 산 51-19	하기동	신성동	0.8122
16993	yuseong1_250131140223_0	1	0	36.3935838	127.3498387	대전광역시 유성구 자운동 25-3	자운동	신성동	0.8073
16995	yuseong1_250131140408_1705	1	0	36.3823481	127.3435827	대전광역시 유성구 신성동 367-4	신성동	신성동	0.809
16996	yuseong1_250131141422_0	1	0	36.3610177	127.3550136	대전광역시 유성구 어은동 311	어은동	온천2동	0.8471
17023	yuseong1_250205143159_11253	1	0	36.3509417	127.3377304	대전광역시 유성구 구암동 638	구암동	온천1동	0.8968
17037	yuseong1_250211141844_0	1	0	36.3593899	127.3092959	대전광역시 유성구 구암동 692	구암동	온천1동	0.8074
17044	yuseong1_250214103949_0	1	0	36.3606775	127.3539206	대전광역시 유성구 어은동 311	어은동	온천2동	0.8135
17048	yuseong1_250217110951_0	1	0	36.3103308	127.2906615	대전광역시 유성구 성북동 731-11	성북동	진잠동	0.858
17091	yuseong1_250218141732_1122	1	0	36.3674379	127.3672516	대전광역시 유성구 구성동 464	구성동	온천2동	0.8386
17092	yuseong1_250218141759_1274	1	0	36.3660647	127.3650315	대전광역시 유성구 구성동 464	구성동	온천2동	0.8584
17096	yuseong1_250219155334_0	1	0	36.2798812	127.256012	대전광역시 유성구 송정동 334-1	송정동	진잠동	0.8103
17100	yuseong1_250219155555_0	1	0	36.2858963	127.2607678	대전광역시 유성구 송정동 195-2	송정동	진잠동	0.8999
17101	yuseong1_250219155746_0	1	0	36.2877553	127.2650484	대전광역시 유성구 송정동 150-1	송정동	진잠동	0.8051
17106	yuseong1_250219160402_0	1	0	36.3108119	127.264629	대전광역시 유성구 세동 산 75-1	세동	진잠동	0.8662
17142	yuseong1_250221095502_0	1	0	36.3688226	127.3073111	대전광역시 유성구 노은동 산 24-139	노은동	노은1동	0.844
17151	yuseong1_250221140321_0	1	0	36.4116995	127.3776491	대전광역시 유성구 화암동 156-8	화암동	신성동	0.8236
17161	yuseong1_250224143428_15517	1	0	36.4057152	127.3680603	대전광역시 유성구 방현동 350	방현동	신성동	0.8358
17162	yuseong1_250224143512_0	1	0	36.4013992	127.3624886	대전광역시 유성구 장동 241-5	장동	신성동	0.8307
17175	yuseong1_250224144720_1513	1	0	36.3722099	127.32074	대전광역시 유성구 지족동 976	지족동	노은1동	0.813
17191	yuseong1_250224145504_0	1	0	36.3722701	127.3192955	대전광역시 유성구 지족동 976	지족동	노은1동	0.8187
17249	gnsoft1_250714084125_11277	1	0	36.3466608	127.3538384	대전광역시 서구 월평동 114-4	월평동	월평1동	0.8023
17265	gnsoft2_250712155250_39377	1	0	36.348692	127.3357675	대전광역시 유성구 상대동 556	상대동	온천1동	0.8374
17624	gnsoft2_251025113907_2278	1	0	36.3373946	127.412706	대전광역시 중구 중촌동 18-6	중촌동	중촌동	0.824
17634	gnsoft2_251025120737_5711	1	0	36.3435552	127.4072009	대전광역시 중구 중촌동 266-11	중촌동	중촌동	0.7645
17683	gnsoft2_251025152634_29407	1	0	36.3306109	127.3707739	대전광역시 서구 변동 254-478	변동	변동	0.7733
17688	gnsoft2_251025152854_31405	1	0	36.3272046	127.3720301	대전광역시 서구 도마동 487	도마동	도마1동	0.7025
17701	gnsoft2_251025154231_41760	1	0	36.322233	127.4120654	대전광역시 중구 오류동 195	오류동	문화1동	0.7346
17703	gnsoft2_251025154307_42498	1	0	36.3208279	127.4144762	대전광역시 중구 문화동 1-18	문화동	문화1동	0.7177
17710	gnsoft2_251025154714_44822	1	0	36.3179165	127.4230444	대전광역시 중구 대사동 227	대사동	대사동	0.8424
17749	gnsoft2_251026092802_60084	1	0	36.3518013	127.3485119	대전광역시 유성구 봉명동 1058	봉명동	온천1동	0.7831
17759	gnsoft2_251026110443_66797	1	0	36.348054	127.3309326	대전광역시 유성구 상대동 556	상대동	상대동	0.8045
17764	gnsoft2_251026110557_67708	1	0	36.3407266	127.3324674	대전광역시 유성구 상대동 490	상대동	상대동	0.7182
17833	gnsoft2_251026114020_94435	1	0	36.3341402	127.4191144	대전광역시 중구 선화동 260-1	선화동	은행선화동	0.8174
17840	gnsoft2_251026114614_96386	1	0	36.3356861	127.4245063	대전광역시 동구 삼성동 280-1	삼성동	삼성동	0.7525
17876	gnsoft2_251027081628_113225	1	0	36.3397152	127.4208375	대전광역시 동구 삼성동 470	삼성동	삼성동	0.7153
17884	gnsoft2_251027082643_118420	1	0	36.3539246	127.4175106	대전광역시 대덕구 오정동 728	오정동	오정동	0.7164
17885	gnsoft2_251027082710_118674	1	0	36.3552877	127.4167865	대전광역시 대덕구 오정동 728	오정동	오정동	0.861
17896	gnsoft2_251027083850_4087	1	0	36.3779836	127.4105801	대전광역시 대덕구 읍내동 505-3	읍내동	회덕동	0.8169
17906	gnsoft2_251027192735_9208	1	0	36.3522103	127.418508	대전광역시 대덕구 오정동 728	오정동	오정동	0.8069
17908	gnsoft2_251027192816_9432	1	0	36.3504958	127.4194766	대전광역시 대덕구 오정동 735	오정동	오정동	0.8097
17909	gnsoft2_251027192923_9820	1	0	36.3449683	127.4244314	대전광역시 동구 홍도동 18-9	홍도동	홍도동	0.8249
17911	gnsoft2_251027192952_9990	1	0	36.3427847	127.427138	대전광역시 동구 성남동 226-3	성남동	성남동	0.84
17916	gnsoft2_251027193439_11348	1	0	36.3351048	127.4223875	대전광역시 중구 선화동 260-1	선화동	은행선화동	0.8089
17920	gnsoft2_251027193632_11961	1	0	36.336046	127.4206062	대전광역시 중구 선화동 920	선화동	은행선화동	0.8052
17929	gnsoft2_251028090443_18020	1	0	36.335027	127.4502945	대전광역시 동구 자양동 333	자양동	자양동	0.8174
17932	gnsoft2_251028164501_1132	1	0	36.330872	127.4607762	대전광역시 동구 용운동 180-13	용운동	용운동	0.8302
17938	gnsoft2_251028164957_4161	1	0	36.3292816	127.4431608	대전광역시 동구 대동 138-56	대동	대동	0.8035
17950	gnsoft2_251029083559_14514	1	0	36.3541996	127.4173074	대전광역시 대덕구 오정동 729	오정동	오정동	0.8084
17956	gnsoft2_251029084604_19962	1	0	36.3749149	127.4153833	대전광역시 대덕구 읍내동 543-1	읍내동	회덕동	0.828
17958	gnsoft2_251029085242_24023	1	0	36.3900312	127.4059176	대전광역시 유성구 문지동 667	문지동	전민동	0.834
17962	gnsoft2_251029233317_344	1	0	36.3915497	127.4077584	대전광역시 유성구 문지동 659-2	문지동	전민동	0.8222
17980	gnsoft2_251029234638_3065	1	0	36.3363644	127.4204777	대전광역시 중구 선화동 920	선화동	은행선화동	0.8032
17981	gnsoft2_251029234639_3061	1	0	36.3363323	127.4207102	대전광역시 중구 선화동 920	선화동	은행선화동	0.8326
17982	gnsoft2_251029234748_3665	1	0	36.3356762	127.4208805	대전광역시 중구 선화동 920	선화동	은행선화동	0.812
17987	gnsoft2_251030084638_11975	1	0	36.3554831	127.4167441	대전광역시 대덕구 오정동 108-26	오정동	오정동	0.8648
17991	gnsoft2_251030085336_15628	1	0	36.3753531	127.4149498	대전광역시 	읍내동	회덕동	0.8358
17992	gnsoft2_251030085615_17160	1	0	36.3756518	127.4147962	대전광역시 대덕구 읍내동 543-1	읍내동	회덕동	0.8016
18004	gnsoft2_251030195105_23320	1	0	36.3790994	127.4089072	대전광역시 유성구 원촌동 269-10	원촌동	전민동	0.8181
18005	gnsoft2_251030195227_23479	1	0	36.3774491	127.4110319	대전광역시 대덕구 읍내동 543-37	읍내동	대화동	0.8352
18006	gnsoft2_251030195405_23661	1	0	36.3759142	127.4142828	대전광역시 대덕구 대화동 568-39	대화동	대화동	0.8328
18008	gnsoft2_251030195432_23769	1	0	36.3732084	127.4160932	대전광역시 대덕구 읍내동 450-6	읍내동	회덕동	0.8859
18009	gnsoft2_251030195515_23905	1	0	36.3709049	127.4181151	대전광역시 대덕구 대화동 1-29	대화동	대화동	0.8539
18026	gnsoft2_251030200617_27453	1	0	36.3356942	127.421067	대전광역시 중구 선화동 920	선화동	은행선화동	0.8158
18028	gnsoft2_251031082432_30831	1	0	36.3364002	127.4199303	대전광역시 중구 선화동 903	선화동	은행선화동	0.8651
18038	gnsoft2_251031083223_35872	1	0	36.3507797	127.4193395	대전광역시 대덕구 오정동 735	오정동	오정동	0.8186
18039	gnsoft2_251031083345_36955	1	0	36.3559585	127.4164607	대전광역시 대덕구 오정동 728	오정동	오정동	0.8282
18064	gnsoft2_251031182858_0	1	0	36.391109	127.4073666	대전광역시 유성구 문지동 676	문지동	전민동	0.8554
18079	gnsoft2_251031190953_0	1	0	36.3591114	127.4170711	대전광역시 대덕구 오정동 39-2	오정동	오정동	0.8224
18084	gnsoft2_251031191155_0	1	0	36.3485754	127.4211426	대전광역시 대덕구 오정동 748-1	오정동	오정동	0.8101
18095	gnsoft2_251102085849_59026	1	0	36.3432865	127.4121352	대전광역시 중구 중촌동 127	중촌동	중촌동	0.8241
18096	gnsoft2_251102085900_59140	1	0	36.345209	127.4114883	대전광역시 중구 중촌동 413-19	중촌동	중촌동	0.8123
18097	gnsoft2_251102085924_59398	1	0	36.3460354	127.4108023	대전광역시 중구 중촌동 413-99	중촌동	중촌동	0.8111
18104	gnsoft2_251102090550_0	1	0	36.3616012	127.3631847	대전광역시 서구 월평동 1517	월평동	월평3동	0.8274
18108	gnsoft2_251102091207_69250	1	0	36.3488224	127.3359519	대전광역시 유성구 구암동 639	구암동	온천1동	0.827
18116	gnsoft2_251102112229_73101	1	0	36.3486934	127.3369186	대전광역시 유성구 상대동 556	상대동	온천1동	0.8163
18125	gnsoft2_251102113127_79568	1	0	36.3564951	127.3106959	대전광역시 유성구 구암동 495-3	구암동	온천1동	0.8121
18130	gnsoft2_251102113507_83690	1	0	36.3608903	127.3075027	대전광역시 유성구 구암동 686	구암동	온천1동	0.8647
18131	gnsoft2_251102113624_84273	1	0	36.3602316	127.3076301	대전광역시 유성구 구암동 686	구암동	온천1동	0.8104
18132	gnsoft2_251102122635_84519	1	0	36.3605615	127.3069709	대전광역시 유성구 구암동 661-1	구암동	온천1동	0.8174
18137	gnsoft2_251102123306_88426	1	0	36.3667681	127.3300976	대전광역시 유성구 장대동 116-10	장대동	온천2동	0.8274
18139	gnsoft2_251102123621_89956	1	0	36.3644767	127.3376013	대전광역시 유성구 장대동 321	장대동	온천2동	0.8426
18142	gnsoft2_251102124115_92785	1	0	36.3647732	127.370039	대전광역시 서구 월평동 1501	월평동	월평2동	0.8105
18143	gnsoft2_251102124543_95176	1	0	36.362788	127.3945704	대전광역시 서구 둔산동 1514	둔산동	둔산2동	0.8353
18151	gnsoft2_251102163314_108167	1	0	36.3256987	127.4276414	대전광역시 중구 대흥동 630	대흥동	대흥동	0.8109
18152	gnsoft2_251102163422_108655	1	0	36.3245678	127.4282075	대전광역시 중구 대흥동 630	대흥동	대흥동	0.8655
18156	gnsoft2_251102164038_112517	1	0	36.3151919	127.4247272	대전광역시 중구 대사동 644-20	대사동	대사동	0.8216
18177	gnsoft2_251103081758_125788	1	0	36.3409507	127.4217521	대전광역시 동구 삼성동 363-13	삼성동	삼성동	0.8335
18181	gnsoft2_251103082427_129056	1	0	36.3493163	127.4207218	대전광역시 대덕구 오정동 249-1	오정동	오정동	0.8147
18182	gnsoft2_251103082438_129105	1	0	36.3499012	127.4201528	대전광역시 대덕구 오정동 748-1	오정동	오정동	0.8159
18192	gnsoft2_251103084145_136647	1	0	36.3777406	127.4109035	대전광역시 대덕구 읍내동 505-36	읍내동	회덕동	0.8075
18198	gnsoft2_251103105354_140598	1	0	36.3899677	127.4051266	대전광역시 유성구 문지동 667	문지동	전민동	0.8282
18199	gnsoft2_251103105545_141410	1	0	36.3808954	127.4065132	대전광역시 유성구 원촌동 90	원촌동	전민동	0.8118
18203	gnsoft2_251103110435_0	1	0	36.358903	127.4155229	대전광역시 대덕구 오정동 707	오정동	오정동	0.8362
18236	gnsoft2_251103132001_175664	1	0	36.3688186	127.4202103	대전광역시 대덕구 읍내동 463-2	읍내동	대화동	0.825
18248	gnsoft2_251103132802_180317	1	0	36.3906276	127.4069502	대전광역시 유성구 문지동 668	문지동	전민동	0.8258
18259	gnsoft2_251103183815_2519	1	0	36.3793692	127.4084746	대전광역시 유성구 원촌동 45-12	원촌동	전민동	0.8188
18260	gnsoft2_251103184447_3689	1	0	36.3759021	127.414396	대전광역시 대덕구 대화동 568-39	대화동	대화동	0.8189
18262	gnsoft2_251103184518_3880	1	0	36.37355	127.4158963	대전광역시 대덕구 대화동 63-36	대화동	대화동	0.8386
18263	gnsoft2_251103184547_3993	1	0	36.3724587	127.4165696	대전광역시 대덕구 대화동 568-6	대화동	회덕동	0.8373
18264	gnsoft2_251103184605_4031	1	0	36.3704213	127.4186986	대전광역시 대덕구 대화동 568-16	대화동	회덕동	0.8794
18267	gnsoft2_251103185203_5685	1	0	36.3582915	127.4167405	대전광역시 대덕구 오정동 728	오정동	오정동	0.8479
18286	gnsoft2_251103190415_9477	1	0	36.3356631	127.4211188	대전광역시 중구 선화동 920	선화동	은행선화동	0.8416
18290	gnsoft2_251104074151_11708	1	0	36.3361112	127.4200096	대전광역시 중구 선화동 920	선화동	은행선화동	0.8159
18298	gnsoft2_251104074806_16060	1	0	36.3452078	127.4199482	대전광역시 대덕구 오정동 753	오정동	오정동	0.8443
18300	gnsoft2_251104074936_17038	1	0	36.3487274	127.4196831	대전광역시 대덕구 오정동 735	오정동	오정동	0.829
18301	gnsoft2_251104074937_17058	1	0	36.3497625	127.4197337	대전광역시 대덕구 오정동 254-1	오정동	오정동	0.8094
18303	gnsoft2_251104075016_17516	1	0	36.3503587	127.4195061	대전광역시 대덕구 오정동 735	오정동	오정동	0.8456
18307	gnsoft2_251104075143_18707	1	0	36.3555067	127.4165931	대전광역시 대덕구 오정동 686-5	오정동	오정동	0.8219
18309	gnsoft2_251104075220_19414	1	0	36.3583592	127.4168059	대전광역시 대덕구 오정동 728	오정동	오정동	0.811
18334	gnsoft2_251104202248_32338	1	0	36.3461296	127.4104474	대전광역시 중구 중촌동 166-3	중촌동	중촌동	0.8161
18339	gnsoft2_251104202704_33875	1	0	36.3351279	127.4178133	대전광역시 중구 선화동 260-1	선화동	은행선화동	0.8072
18349	gnsoft2_251105082308_39610	1	0	36.3407658	127.4214702	대전광역시 동구 삼성동 363-6	삼성동	삼성동	0.8534
18363	gnsoft2_251105083454_47865	1	0	36.3692116	127.4199592	대전광역시 대덕구 읍내동 543-13	읍내동	회덕동	0.8536
18367	gnsoft2_251105083800_48878	1	0	36.3750144	127.4152757	대전광역시 대덕구 읍내동 543-1	읍내동	회덕동	0.8152
18387	gnsoft2_251105114503_65381	1	0	36.3362592	127.4206504	대전광역시 중구 선화동 920	선화동	은행선화동	0.8006
18392	gnsoft2_251105123927_66871	1	0	36.3370087	127.4206364	대전광역시 중구 선화동 260-1	선화동	은행선화동	0.8256
18398	gnsoft2_251105124326_70959	1	0	36.3461958	127.4186087	대전광역시 대덕구 오정동 753	오정동	오정동	0.836
18399	gnsoft2_251105124334_71091	1	0	36.3466278	127.418671	대전광역시 대덕구 오정동 735	오정동	오정동	0.8079
18428	gnsoft2_251105190902_87206	1	0	36.3514335	127.4017051	대전광역시 서구 둔산동 2168	둔산동	둔산3동	0.8603
18437	gnsoft2_251106081917_91672	1	0	36.3356756	127.4208808	대전광역시 중구 선화동 920	선화동	은행선화동	0.8484
18450	gnsoft2_251106082426_94560	1	0	36.3416442	127.4226485	대전광역시 동구 삼성동 480-1	삼성동	삼성동	0.804
18451	gnsoft2_251106082606_95279	1	0	36.3429115	127.4229774	대전광역시 동구 삼성동 458	삼성동	삼성동	0.8743
18468	gnsoft2_251106083413_101752	1	0	36.3686463	127.4201827	대전광역시 대덕구 대화동 561-4	대화동	대화동	0.8345
18469	gnsoft2_251106083443_102133	1	0	36.3696215	127.4195437	대전광역시 대덕구 대화동 1-29	대화동	회덕동	0.8538
18471	gnsoft2_251106083535_102460	1	0	36.3712935	127.4177931	대전광역시 대덕구 대화동 568-16	대화동	회덕동	0.8221
18509	gnsoft1_251106194824_90	1	0	36.3507156	127.3681034	대전광역시 서구 갈마동 690	갈마동	갈마1동	0.8014
18524	gnsoft2_251107083240_12103	1	0	36.3450895	127.4213258	대전광역시 동구 홍도동 138-8	홍도동	홍도동	0.8102
18526	gnsoft2_251107083311_12770	1	0	36.3466743	127.4213711	대전광역시 동구 홍도동 862	홍도동	홍도동	0.8065
18530	gnsoft2_251107083439_13740	1	0	36.3503058	127.4197359	대전광역시 대덕구 오정동 236-7	오정동	오정동	0.8459
18544	gnsoft2_251107084210_20031	1	0	36.3745744	127.415464	대전광역시 대덕구 대화동 90-1	대화동	회덕동	0.8885
18545	gnsoft2_251107084306_20209	1	0	36.3750882	127.415191	대전광역시 대덕구 읍내동 543-1	읍내동	회덕동	0.8003
18612	gnsoft2_251108100754_51075	1	0	36.3311843	127.3888612	대전광역시 서구 가장동 190	가장동	가장동	0.817
18622	gnsoft2_251108101545_0	1	0	36.3226214	127.4136711	대전광역시 중구 문화동 1-18	문화동	문화1동	0.8643
18623	gnsoft2_251108101554_57108	1	0	36.3224081	127.415559	대전광역시 중구 문화동 1-9	문화동	문화1동	0.8071
18624	gnsoft2_251108104805_57486	1	0	36.3222974	127.4155885	대전광역시 중구 문화동 1-9	문화동	문화1동	0.8002
18626	gnsoft2_251108104844_58023	1	0	36.322801	127.4155273	대전광역시 중구 문화동 1-18	문화동	문화1동	0.8382
18633	gnsoft2_251108105304_61741	1	0	36.3332696	127.4194692	대전광역시 중구 선화동 260-1	선화동	은행선화동	0.8156
18656	gnsoft2_251108122658_74793	1	0	36.3527458	127.4104689	대전광역시 대덕구 오정동 726	오정동	오정동	0.8215
18662	gnsoft2_251108122920_77814	1	0	36.357706	127.4017326	대전광역시 서구 둔산동 1556	둔산동	둔산2동	0.845
18684	gnsoft2_251108145432_92918	1	0	36.3384979	127.4203774	대전광역시 동구 성남동 491-2	성남동	삼성동	0.8108
18696	gnsoft2_251108150035_98641	1	0	36.3211434	127.4149509	대전광역시 중구 문화동 1-14	문화동	문화1동	0.8062
18698	gnsoft2_251108150225_101068	1	0	36.3227626	127.4146683	대전광역시 중구 문화동 1-18	문화동	문화1동	0.8201
18705	gnsoft2_251108150826_105799	1	0	36.3357601	127.4210928	대전광역시 중구 선화동 920	선화동	은행선화동	0.8222
18710	gnsoft2_251109113025_111923	1	0	36.3274715	127.432361	대전광역시 동구 원동 85-1	원동	중앙동	0.8786
18711	gnsoft2_251109120803_112525	1	0	36.3278166	127.4325978	대전광역시 동구 원동 60-5	원동	중앙동	0.8628
18719	gnsoft2_251109121501_117588	1	0	36.3149843	127.4404402	대전광역시 동구 효동 295-1	효동	효동	0.8498
18728	gnsoft2_251109122848_127227	1	0	36.2963949	127.4586255	대전광역시 동구 대성동 167-9	대성동	산내동	0.8024
18738	gnsoft2_251109150000_136316	1	0	36.3142277	127.4407682	대전광역시 동구 효동 127-3	효동	효동	0.807
18743	gnsoft2_251109151612_143216	1	0	36.3363796	127.4203562	대전광역시 중구 선화동 920	선화동	은행선화동	0.8604
18746	gnsoft2_251109213301_147736	1	0	36.3389582	127.4122357	대전광역시 중구 중촌동 466	중촌동	중촌동	0.8048
18749	gnsoft2_251109213514_148482	1	0	36.3366077	127.4203308	대전광역시 중구 선화동 260-1	선화동	은행선화동	0.8101
18750	gnsoft2_251109213528_148617	1	0	36.336305	127.4204598	대전광역시 중구 선화동 920	선화동	은행선화동	0.8481
18754	gnsoft2_251110082715_154234	1	0	36.3443209	127.4210778	대전광역시 동구 삼성동 458	삼성동	삼성동	0.8105
18755	gnsoft2_251110082717_154301	1	0	36.3453984	127.4217315	대전광역시 동구 홍도동 138-25	홍도동	홍도동	0.8497
18757	gnsoft2_251110082930_155298	1	0	36.3495989	127.420431	대전광역시 대덕구 오정동 677-9	오정동	오정동	0.8386
18758	gnsoft2_251110083014_155640	1	0	36.3508296	127.4192625	대전광역시 대덕구 오정동 735	오정동	오정동	0.8207
18759	gnsoft2_251110083201_156735	1	0	36.3549396	127.416977	대전광역시 대덕구 오정동 728	오정동	오정동	0.8273
18765	gnsoft2_251110083815_160638	1	0	36.3745633	127.415359	대전광역시 대덕구 대화동 63-36	대화동	대화동	0.8049
18776	gnsoft2_251110182257_169736	1	0	36.3805107	127.4066234	대전광역시 유성구 원촌동 90	원촌동	전민동	0.8359
18777	gnsoft2_251110182900_170538	1	0	36.3792879	127.4086323	대전광역시 유성구 원촌동 269-10	원촌동	전민동	0.8174
18778	gnsoft2_251110183206_170769	1	0	36.3789239	127.4091388	대전광역시 유성구 원촌동 266	원촌동	전민동	0.8035
18780	gnsoft2_251110183856_171583	1	0	36.3754327	127.4148294	대전광역시 대덕구 대화동 568-33	대화동	대화동	0.8954
18781	gnsoft2_251110183927_171692	1	0	36.3743077	127.4154939	대전광역시 대덕구 대화동 63-36	대화동	대화동	0.8925
18782	gnsoft2_251110183944_0	1	0	36.3732325	127.4160299	대전광역시 대덕구 읍내동 450-6	읍내동	대화동	0.8672
18783	gnsoft2_251110183958_171821	1	0	36.3722483	127.4167235	대전광역시 대덕구 대화동 568-6	대화동	대화동	0.8531
18784	gnsoft2_251110184013_0	1	0	36.3716016	127.4173741	대전광역시 대덕구 대화동 1-9	대화동	대화동	0.8445
18790	gnsoft2_251110184933_174265	1	0	36.3475714	127.4219522	대전광역시 동구 홍도동 826-3	홍도동	홍도동	0.8037
18807	gnsoft2_251111082210_185234	1	0	36.3554388	127.4166569	대전광역시 대덕구 오정동 728	오정동	오정동	0.834
18810	gnsoft2_251111082339_186325	1	0	36.3597618	127.4173442	대전광역시 대덕구 오정동 40-9	오정동	오정동	0.8041
18814	gnsoft2_251111083550_192308	1	0	36.3778443	127.4108057	대전광역시 대덕구 읍내동 505-3	읍내동	회덕동	0.8424
18823	gnsoft2_251111115117_208639	1	0	36.3344235	127.4191025	대전광역시 중구 선화동 260-1	선화동	은행선화동	0.8525
18833	gnsoft2_251111123834_214527	1	0	36.3257443	127.4206598	대전광역시 중구 선화동 383	선화동	은행선화동	0.8286
18837	gnsoft2_251111124535_219681	1	0	36.3267719	127.4217732	대전광역시 중구 대흥동 630	대흥동	대흥동	0.8588
18840	gnsoft2_251111125519_226578	1	0	36.3535104	127.4177633	대전광역시 대덕구 오정동 728	오정동	오정동	0.8819
18842	gnsoft2_251111125849_230035	1	0	36.3696726	127.4194491	대전광역시 대덕구 대화동 1-29	대화동	회덕동	0.8534
18843	gnsoft2_251111125926_230197	1	0	36.3718958	127.4171234	대전광역시 대덕구 대화동 1-29	대화동	대화동	0.8261
18845	gnsoft2_251111130014_230646	1	0	36.3742993	127.4156472	대전광역시 대덕구 대화동 63-25	대화동	대화동	0.8535
18863	gnsoft2_251111183639_238474	1	0	36.3767398	127.4120662	대전광역시 대덕구 읍내동 509-9	읍내동	회덕동	0.8155
18864	gnsoft2_251111183858_238801	1	0	36.375176	127.4150417	대전광역시 대덕구 대화동 568-33	대화동	대화동	0.8233
18865	gnsoft2_251111183925_238867	1	0	36.3739012	127.4157354	대전광역시 대덕구 대화동 63-36	대화동	대화동	0.8411
18866	gnsoft2_251111183957_238995	1	0	36.3717126	127.4172629	대전광역시 대덕구 대화동 1-29	대화동	대화동	0.8352
18867	gnsoft2_251111184626_240257	1	0	36.3588118	127.416941	대전광역시 대덕구 오정동 707	오정동	오정동	0.8036
18874	gnsoft2_251111184836_241043	1	0	36.3490657	127.4208791	대전광역시 대덕구 오정동 250-3	오정동	오정동	0.8074
18889	gnsoft2_251111185603_243704	1	0	36.3357137	127.4211417	대전광역시 중구 선화동 920	선화동	은행선화동	0.8197
18896	gnsoft2_251112205710_245864	1	0	36.3823331	127.4061803	대전광역시 유성구 원촌동 90	원촌동	전민동	0.8115
18899	gnsoft2_251112210322_246380	1	0	36.3784714	127.4076679	대전광역시 유성구 원촌동 269-10	원촌동	전민동	0.8485
18914	gnsoft2_251112223739_252241	1	0	36.3367081	127.4203777	대전광역시 중구 선화동 260-1	선화동	은행선화동	0.8121
18915	gnsoft2_251112223754_252346	1	0	36.3364021	127.4203939	대전광역시 중구 선화동 920	선화동	은행선화동	0.8548
18919	gnsoft2_251113083057_256918	1	0	36.3397783	127.4202892	대전광역시 동구 삼성동 330-16	삼성동	삼성동	0.8366
18961	gnsoft1_251111205449_194	1	0	36.1107586	128.3125707	경상북도 구미시 남통동 403-1	남통동	선주원남동	0.8038
18963	gnsoft1_251111205503_233	1	0	36.1112957	128.3129689	경상북도 구미시 남통동 276-3	남통동	선주원남동	0.81
18965	gnsoft1_251111205511_264	1	0	36.1118791	128.3140924	경상북도 구미시 남통동 274-6	남통동	선주원남동	0.8051
19774	gnsoft1_251120182729_165782	1	0	36.3889788	127.38145	대전광역시 유성구 도룡동 산 22-1	도룡동	신성동	0.8656
19777	gnsoft1_251120182910_166046	1	0	36.3886229	127.3803557	대전광역시 유성구 도룡동 401	도룡동	신성동	0.8174
19782	gnsoft1_251120183459_167678	1	0	36.3824997	127.3785088	대전광역시 유성구 도룡동 409	도룡동	신성동	0.8338
19825	gnsoft1_251120190245_173877	1	0	36.3281203	127.3479004	대전광역시 서구 도안동 2378	도안동	도안동	0.8409
19828	gnsoft1_251120190320_174151	1	0	36.3254111	127.3478598	대전광역시 서구 도안동 2378	도안동	도안동	0.8353
19838	gnsoft1_251120190948_176212	1	0	36.3091353	127.3515601	대전광역시 서구 도안동 2090	도안동	도안동	0.8347
19839	gnsoft1_251120191004_176355	1	0	36.3091184	127.3522281	대전광역시 서구 도안동 2088	도안동	도안동	0.8478
19843	gnsoft1_251120191105_176891	1	0	36.308252	127.3545172	대전광역시 서구 도안동 2088	도안동	도안동	0.8141
19850	gnsoft1_251121081401_178154	1	0	36.3090997	127.3520258	대전광역시 서구 도안동 2088	도안동	도안동	0.8231
19853	gnsoft1_251121081441_178659	1	0	36.3082655	127.3487454	대전광역시 서구 도안동 2074	도안동	도안동	0.8291
19864	gnsoft2_251121131222_235	1	0	36.3343449	127.419295	대전광역시 중구 선화동 74-25	선화동	은행선화동	0.8278
19878	gnsoft1_251121132158_185020	1	0	36.3179741	127.3481179	대전광역시 서구 도안동 2378	도안동	도안동	0.8164
19883	gnsoft1_251121132525_186820	1	0	36.3346138	127.3492069	대전광역시 유성구 원신흥동 667	원신흥동	원신흥동	0.8134
19913	gnsoft1_251121133749_192856	1	0	36.3539972	127.402013	대전광역시 서구 둔산동 2168	둔산동	둔산3동	0.8687
19916	gnsoft1_251121133918_193520	1	0	36.3513191	127.4008093	대전광역시 서구 둔산동 2161	둔산동	둔산3동	0.8605
19923	gnsoft1_251121134105_195079	1	0	36.3527573	127.3965035	대전광역시 서구 둔산동 1809	둔산동	둔산3동	0.8582
19927	gnsoft1_251121145143_196042	1	0	36.3522529	127.3959069	대전광역시 서구 둔산동 1809	둔산동	둔산3동	0.8571
19943	gnsoft1_251121150050_201297	1	0	36.37087	127.3936214	대전광역시 대덕구 대화동 568-1	대화동	대화동	0.8922
19946	gnsoft1_251121150127_201761	1	0	36.3735022	127.3935688	대전광역시 	도룡동	신성동	0.8294
19959	gnsoft1_251121172904_206590	1	0	36.3904619	127.4079814	대전광역시 유성구 문지동 661-3	문지동	전민동	0.8111
19960	gnsoft1_251121172921_206670	1	0	36.390708	127.4077781	대전광역시 유성구 문지동 661-3	문지동	전민동	0.8045
19984	gnsoft1_251121174043_209938	1	0	36.3848177	127.3785502	대전광역시 유성구 도룡동 409	도룡동	신성동	0.825
19985	gnsoft1_251121174154_210335	1	0	36.3833636	127.3785364	대전광역시 유성구 도룡동 409	도룡동	신성동	0.8247
19989	gnsoft1_251121174441_211546	1	0	36.3790816	127.378509	대전광역시 유성구 가정동 20-13	가정동	신성동	0.8774
20002	gnsoft1_251121175711_214100	1	0	36.3678821	127.3680782	대전광역시 유성구 구성동 464	구성동	온천2동	0.8023
20028	gnsoft1_251121180922_217629	1	0	36.3252809	127.3478383	대전광역시 서구 도안동 2378	도안동	도안동	0.8678
20034	gnsoft1_251121181217_218159	1	0	36.3170789	127.3481252	대전광역시 서구 도안동 2379	도안동	도안동	0.8134
20048	gnsoft1_251121182611_221771	1	0	36.3094979	127.3532638	대전광역시 서구 도안동 2087	도안동	도안동	0.8329
20058	gnsoft1_251121191500_223638	1	0	36.3048792	127.3496423	대전광역시 서구 도안동 1778	도안동	도안동	0.8855
20066	gnsoft1_251121191725_224830	1	0	36.3067973	127.3544466	대전광역시 서구 도안동 2091	도안동	도안동	0.8221
20071	gnsoft1_251122103509_226612	1	0	36.3077103	127.3521076	대전광역시 서구 도안동 2090	도안동	도안동	0.8848
20157	gnsoft1_251122110339_241950	1	0	36.4056492	127.4070249	대전광역시 유성구 전민동 382-1	전민동	전민동	0.852
20179	gnsoft1_251122111036_244780	1	0	36.4515826	127.4178565	대전광역시 대덕구 석봉동 673-4	석봉동	석봉동	0.8757
20205	gnsoft1_251122111810_248466	1	0	36.5324053	127.4302411	충청북도 청주시 서원구 남이면 부용외천리 555-2	남이면	남이면	0.8078
20221	gnsoft1_251122112306_250764	1	0	36.5824232	127.4273421	충청북도 청주시 서원구 남이면 석실리 457-1	남이면	남이면	0.8118
20250	gnsoft1_251122113208_256439	1	0	36.6637494	127.375693	충청북도 청주시 흥덕구 옥산면 오산리 551-2	옥산면	옥산면	0.803
20253	gnsoft1_251122113255_257846	1	0	36.6661788	127.372343	충청북도 청주시 흥덕구 옥산면 오산리 716-3	옥산면	옥산면	0.8946
20260	gnsoft1_251122113441_258907	1	0	36.6710598	127.3676312	충청북도 청주시 흥덕구 옥산면 오산리 81-3	옥산면	옥산면	0.8074
20267	gnsoft1_251122113653_259847	1	0	36.6804626	127.3464984	충청북도 청주시 흥덕구 옥산면 금계리 산 72-7	옥산면	옥산면	0.8855
20271	gnsoft1_251122113921_261074	1	0	36.6785303	127.3314453	충청북도 청주시 흥덕구 옥산면 동림리 340-3	옥산면	옥산면	0.8456
20274	gnsoft1_251122114050_261616	1	0	36.6700862	127.3250818	충청북도 청주시 흥덕구 옥산면 동림리 산 62-1	옥산면	옥산면	0.8191
20277	gnsoft1_251122114201_262285	1	0	36.6656286	127.3187559	충청북도 청주시 흥덕구 오송읍 공북리 산 13	오송읍	오송읍	0.8097
20283	gnsoft1_251122173617_0	1	0	36.6709614	127.3260776	충청북도 청주시 흥덕구 옥산면 동림리 산 63-1	옥산면	옥산면	0.8534
20301	gnsoft1_251122174355_266623	1	0	36.6715309	127.3695405	충청북도 청주시 흥덕구 옥산면 오산리 80-3	옥산면	옥산면	0.8511
20375	gnsoft1_251122181550_277004	1	0	36.4715387	127.4275266	충청북도 청주시 서원구 현도면 달계리 산 88-6	현도면	현도면	0.8371
20389	gnsoft1_251122182249_0	1	0	36.4052214	127.4122111	대전광역시 유성구 전민동 100-4	전민동	전민동	0.8337
20398	gnsoft1_251122182816_280682	1	0	36.4129585	127.3782789	대전광역시 유성구 화암동 25-13	화암동	신성동	0.8733
20421	gnsoft1_251122183718_283522	1	0	36.3929758	127.4068789	대전광역시 유성구 문지동 668	문지동	전민동	0.8419
20424	gnsoft1_251123000727_284064	1	0	36.3938332	127.4053849	대전광역시 유성구 문지동 669	문지동	전민동	0.8274
20429	gnsoft1_251123000843_284530	1	0	36.3946252	127.4055063	대전광역시 유성구 문지동 668	문지동	전민동	0.8344
20438	gnsoft1_251123001140_0	1	0	36.3763033	127.4016398	대전광역시 유성구 원촌동 산 44-5	원촌동	전민동	0.8737
20440	gnsoft1_251123001216_285687	1	0	36.3747331	127.3945288	대전광역시 유성구 도룡동 8-59	도룡동	신성동	0.8279
20458	gnsoft1_251123002013_0	1	0	36.3355638	127.3978173	대전광역시 서구 용문동 265-4	용문동	용문동	0.8551
20462	gnsoft1_251123002113_288679	1	0	36.3319558	127.3934045	대전광역시 서구 용문동 263	용문동	용문동	0.8232
20463	gnsoft1_251123002117_288742	1	0	36.3306131	127.3917303	대전광역시 서구 가장동 190	가장동	가장동	0.8375
20468	gnsoft1_251123002323_289432	1	0	36.316738	127.384136	대전광역시 서구 도마동 507	도마동	도마1동	0.8085
20472	gnsoft1_251123002418_289798	1	0	36.3136843	127.3811641	대전광역시 서구 도마동 503	도마동	도마1동	0.8424
20475	gnsoft1_251123002553_0	1	0	36.3119292	127.377308	대전광역시 서구 도마동 503	도마동	도마2동	0.853
20536	gnsoft1_251123131840_306411	1	0	36.3567291	127.3156265	대전광역시 유성구 구암동 575	구암동	온천1동	0.8511
20537	gnsoft1_251123132005_307032	1	0	36.3588403	127.315517	대전광역시 유성구 구암동 435-3	구암동	온천1동	0.8922
20545	gnsoft1_251123132307_309128	1	0	36.3582978	127.2914633	대전광역시 유성구 갑동 393-10	갑동	노은1동	0.836
20546	gnsoft1_251123132332_309373	1	0	36.3565384	127.2910808	대전광역시 유성구 갑동 산 45-12	갑동	노은1동	0.8061
20550	gnsoft1_251123132421_310093	1	0	36.3537258	127.2907555	대전광역시 유성구 덕명동 215-7	덕명동	학하동	0.8413
20554	gnsoft1_251123133313_310795	1	0	36.3552699	127.2904784	대전광역시 유성구 덕명동 104-17	덕명동	학하동	0.805
20555	gnsoft1_251123133322_310851	1	0	36.3563862	127.2910752	대전광역시 유성구 갑동 393-10	갑동	노은1동	0.8422
20574	gnsoft1_251123133931_315265	1	0	36.3457659	127.3016284	대전광역시 유성구 덕명동 621	덕명동	학하동	0.8145
20583	gnsoft1_251123134517_318437	1	0	36.3401908	127.3192614	대전광역시 유성구 복용동 175-3	복용동	학하동	0.8792
20584	gnsoft1_251123134517_318436	1	0	36.3401908	127.3192614	대전광역시 유성구 복용동 175-3	복용동	학하동	0.8379
20591	gnsoft1_251123134744_319585	1	0	36.3325295	127.3251187	대전광역시 유성구 학하동 32	학하동	학하동	0.8159
20618	gnsoft1_251123135845_326940	1	0	36.3095656	127.3533839	대전광역시 서구 도안동 1868	도안동	도안동	0.8105
20657	gnsoft1_251124071329_333454	1	0	36.3245767	127.4193563	대전광역시 중구 선화동 383	대흥동	대흥동	0.8404
20658	gnsoft1_251124071405_333662	1	0	36.3262474	127.4215206	대전광역시 중구 대흥동 630	대흥동	대흥동	0.8284
20670	gnsoft1_251124071954_335854	1	0	36.3324542	127.4323665	대전광역시 동구 정동 16-7	정동	중앙동	0.8522
20774	gnsoft1_251124174601_348328	1	0	36.4792787	127.3089668	세종특별자치시 금남면 장재리 187-2	금남면	금남면	0.8778
20793	gnsoft1_251124183158_350807	1	0	36.4753628	127.2845948	세종특별자치시 보람동 805	보람동	보람동	0.8445
20796	gnsoft1_251124183306_351275	1	0	36.4731707	127.283784	세종특별자치시 보람동 806	보람동	보람동	0.8594
20803	gnsoft1_251124184001_352933	1	0	36.4677153	127.2754708	세종특별자치시 대평동 269-68	대평동	대평동	0.8213
20856	gnsoft1_251124190027_359059	1	0	36.3629857	127.3269891	대전광역시 유성구 장대동 231-2	장대동	온천2동	0.8775
20872	gnsoft1_251124190927_362001	1	0	36.3483698	127.3336553	대전광역시 유성구 상대동 489	상대동	상대동	0.8063
20890	gnsoft1_251125004714_364407	1	0	36.3457113	127.340115	대전광역시 유성구 상대동 498	상대동	상대동	0.821
20913	gnsoft1_251125005525_366665	1	0	36.3091754	127.35243	대전광역시 서구 도안동 2088	도안동	도안동	0.8148
20920	gnsoft1_251125124217_367995	1	0	36.3096165	127.3537728	대전광역시 서구 도안동 2088	도안동	도안동	0.8915
20957	gnsoft1_251125125524_375054	1	0	36.3598601	127.3715379	대전광역시 서구 월평동 1514	월평동	월평3동	0.8496
20963	gnsoft1_251125125706_377341	1	0	36.3597821	127.3783948	대전광역시 서구 월평동 1505	월평동	월평2동	0.8621
21004	gnsoft1_251125180103_387344	1	0	36.390399	127.4080446	대전광역시 유성구 문지동 661-3	문지동	전민동	0.8209
21026	gnsoft1_251125181118_390946	1	0	36.3872537	127.3785937	대전광역시 유성구 도룡동 409	도룡동	신성동	0.8083
21034	gnsoft1_251125181541_392922	1	0	36.3721377	127.3746024	대전광역시 유성구 구성동 410-54	구성동	온천2동	0.8532
21037	gnsoft1_251125181640_393189	1	0	36.3714297	127.3734041	대전광역시 유성구 구성동 410-53	구성동	온천2동	0.8507
21050	gnsoft1_251125182745_395375	1	0	36.3676859	127.3678384	대전광역시 유성구 구성동 410-64	구성동	온천2동	0.8256
21052	gnsoft1_251125182846_395862	1	0	36.3660095	127.3687654	대전광역시 서구 만년동 649	만년동	만년동	0.8055
21060	gnsoft1_251125183131_397317	1	0	36.3570282	127.3579915	대전광역시 서구 월평동 1555	월평동	월평1동	0.832
21087	gnsoft1_251125184548_401122	1	0	36.3153272	127.3489187	대전광역시 서구 도안동 2379	도안동	도안동	0.8678
21101	gnsoft1_251126081651_404308	1	0	36.309179	127.3518684	대전광역시 서구 도안동 2097	도안동	도안동	0.8567
21103	gnsoft1_251126081725_404909	1	0	36.3082659	127.3489553	대전광역시 서구 도안동 2074	도안동	도안동	0.8127
21116	gnsoft1_251126082658_409048	1	0	36.3171344	127.3483125	대전광역시 서구 도안동 2379	도안동	도안동	0.8566
21185	gnsoft1_251126110320_426328	1	0	36.3901733	127.405742	대전광역시 유성구 문지동 667	문지동	전민동	0.8417
21218	gnsoft1_251126111745_434321	1	0	36.3516922	127.3787829	대전광역시 서구 둔산동 1531	둔산동	둔산2동	0.815
21250	gnsoft1_251126115641_443054	1	0	36.3516461	127.3683052	대전광역시 서구 갈마동 691	갈마동	갈마1동	0.8584
21265	gnsoft1_251126120219_447798	1	0	36.3615369	127.3795069	대전광역시 서구 둔산동 1516	둔산동	월평2동	0.876
21266	gnsoft1_251126120252_447944	1	0	36.3632986	127.3795836	대전광역시 서구 둔산동 1516	둔산동	둔산2동	0.8011
21271	gnsoft1_251126120431_449334	1	0	36.3675514	127.3795802	대전광역시 서구 만년동 401	만년동	만년동	0.8559
21273	gnsoft1_251126120511_450030	1	0	36.3725578	127.3797272	대전광역시 유성구 도룡동 465-27	도룡동	신성동	0.8903
21326	gnsoft1_251126155615_466570	1	0	36.359398	127.3803333	대전광역시 서구 둔산동 939	둔산동	둔산2동	0.8465
21327	gnsoft1_251126155634_466829	1	0	36.3596483	127.3804783	대전광역시 서구 둔산동 939	둔산동	둔산2동	0.8396
21540	gnsoft1_251127112955_513443	1	0	36.3882031	127.3786387	대전광역시 유성구 도룡동 409	도룡동	신성동	0.8597
21556	gnsoft1_251127113921_518838	1	0	36.3667472	127.3823699	대전광역시 서구 만년동 381	만년동	만년동	0.856
21563	gnsoft1_251127121159_0	1	0	36.3707686	127.3827397	대전광역시 서구 만년동 400	만년동	만년동	0.8173
21582	gnsoft1_251127122025_527298	1	0	36.3898154	127.4050478	대전광역시 유성구 문지동 105-6	문지동	전민동	0.8286
21648	gnsoft1_251127185955_542992	1	0	36.3275104	127.3478911	대전광역시 서구 도안동 2378	도안동	도안동	0.8018
21661	gnsoft1_251127190727_545462	1	0	36.3093611	127.3532395	대전광역시 서구 도안동 2089	도안동	도안동	0.8307
21663	gnsoft1_251127190757_545752	1	0	36.3088355	127.3542574	대전광역시 서구 도안동 2088	도안동	도안동	0.8071
21664	gnsoft1_251127190815_545864	1	0	36.3084523	127.3544108	대전광역시 서구 도안동 2088	도안동	도안동	0.9167
21686	gnsoft1_251128082840_553488	1	0	36.3371464	127.3497436	대전광역시 유성구 원신흥동 667	원신흥동	원신흥동	0.8529
21687	gnsoft1_251128082918_553785	1	0	36.3387932	127.3491343	대전광역시 유성구 원신흥동 667	원신흥동	원신흥동	0.8563
21711	gnsoft1_251128084517_562267	1	0	36.374273	127.3913868	대전광역시 유성구 도룡동 465-1	도룡동	신성동	0.9158
21789	gnsoft1_251128135429_593121	1	0	36.3731299	127.3797897	대전광역시 유성구 도룡동 171	도룡동	신성동	0.909
21865	gnsoft1_251128182836_610273	1	0	36.3870773	127.3177534	대전광역시 유성구 지족동 1003	지족동	노은3동	0.8585
21867	gnsoft1_251128183130_611036	1	0	36.3872362	127.3147875	대전광역시 유성구 지족동 997	지족동	노은3동	0.8099
21902	gnsoft1_251129004144_615006	1	0	36.3569334	127.3314593	대전광역시 유성구 구암동 108-6	구암동	온천1동	0.8444
21911	gnsoft1_251129004414_616391	1	0	36.3513847	127.3480457	대전광역시 유성구 봉명동 1061	봉명동	원신흥동	0.8152
21989	gnsoft1_251129181022_633668	1	0	36.3091501	127.3525052	대전광역시 서구 도안동 1909	도안동	도안동	0.8757
21995	gnsoft1_251129181155_634467	1	0	36.307181	127.3502902	대전광역시 서구 도안동 2083	도안동	도안동	0.8112
21999	gnsoft1_251129181439_635457	1	0	36.3066197	127.35001	대전광역시 서구 도안동 2083	도안동	도안동	0.8249
22012	gnsoft1_251129193440_637857	1	0	36.308931	127.3515106	대전광역시 서구 도안동 2090	도안동	도안동	0.8355
22013	gnsoft1_251129193441_637867	1	0	36.3091489	127.352182	대전광역시 서구 도안동 2088	도안동	도안동	0.8896
22031	gnsoft1_251130165934_642349	1	0	36.319186	127.3481438	대전광역시 서구 도안동 2378	도안동	도안동	0.8014
22047	gnsoft1_251130170418_645035	1	0	36.3343488	127.3674794	대전광역시 서구 변동 산 10-65	변동	변동	0.803
22052	gnsoft1_251130170702_646697	1	0	36.3341924	127.3710645	대전광역시 서구 내동 214	내동	내동	0.8259
22062	gnsoft2_251123134104_595	1	0	36.336046	127.4206062	대전광역시 중구 선화동 920	선화동	은행선화동	0.8425
22146	gnsoft1_251130202509_669064	1	0	36.3384839	127.3489157	대전광역시 유성구 원신흥동 667	원신흥동	원신흥동	0.896
22151	gnsoft1_251130202750_669711	1	0	36.3322474	127.3479586	대전광역시 유성구 원신흥동 609	원신흥동	원신흥동	0.8042
22179	gnsoft1_251201082441_678363	1	0	36.3187635	127.3480778	대전광역시 서구 도안동 2378	도안동	도안동	0.8965
22189	gnsoft1_251201083137_679904	1	0	36.3365581	127.3497637	대전광역시 유성구 원신흥동 667	원신흥동	원신흥동	0.8715
22191	gnsoft1_251201083209_680017	1	0	36.3374757	127.3496426	대전광역시 유성구 원신흥동 667	원신흥동	원신흥동	0.8577
22228	gnsoft1_251201085807_692748	1	0	36.3890759	127.4050423	대전광역시 유성구 문지동 105-6	문지동	전민동	0.8085
22276	gnsoft1_251201140133_706854	1	0	36.3561989	127.3567943	대전광역시 서구 월평동 1555	월평동	월평1동	0.8469
22278	gnsoft1_251201140235_0	1	0	36.3484687	127.3511709	대전광역시 서구 월평동 163-31	월평동	월평1동	0.8358
22361	gnsoft1_251201151401_733462	1	0	36.3766465	127.4029277	대전광역시 유성구 원촌동 267	원촌동	전민동	0.821
22468	gnsoft1_251201231020_0	1	0	36.3594257	127.3542966	대전광역시 유성구 봉명동 11-4	봉명동	온천1동	0.8113
22472	gnsoft1_251201231204_754158	1	0	36.3544608	127.3499475	대전광역시 유성구 봉명동 700	봉명동	온천1동	0.914
22476	gnsoft1_251201231334_0	1	0	36.3464949	127.3475783	대전광역시 유성구 봉명동 1063	봉명동	원신흥동	0.8318
22606	gnsoft1_251202122619_790635	1	0	36.3640045	127.3546428	대전광역시 유성구 어은동 99	어은동	온천2동	0.8488
22607	gnsoft1_251202122635_791025	1	0	36.3642118	127.3553881	대전광역시 유성구 어은동 99	어은동	온천2동	0.8337
22609	gnsoft1_251202122847_792417	1	0	36.3620891	127.3575127	대전광역시 유성구 어은동 316	어은동	온천2동	0.837
22713	gnsoft1_251202184830_812499	1	0	36.4742965	127.3365826	세종특별자치시 금남면 영대리 67-6	금남면	금남면	0.8567
22733	gnsoft1_251203012216_813888	1	0	36.4711146	127.2698119	세종특별자치시 대평동 643	대평동	대평동	0.8381
22756	gnsoft1_251203013037_0	1	0	36.4126595	127.2956326	대전광역시 유성구 안산동 산 20-6	안산동	노은2동	0.8044
22810	gnsoft1_251203082003_821197	1	0	36.3096723	127.347304	대전광역시 서구 도안동 2073	도안동	도안동	0.8061
22811	gnsoft1_251203150942_821227	1	0	36.3908773	127.4079252	대전광역시 유성구 문지동 661-3	문지동	전민동	0.8061
22812	gnsoft1_251203151040_821671	1	0	36.3907148	127.4079498	대전광역시 유성구 문지동 661-3	문지동	전민동	0.8202
22813	gnsoft1_251203151107_822069	1	0	36.3912685	127.4078361	대전광역시 유성구 문지동 659-3	문지동	전민동	0.8262
22814	gnsoft1_251203151108_822075	1	0	36.3911786	127.4076714	대전광역시 유성구 문지동 659-3	문지동	전민동	0.8031
22815	gnsoft1_251203151125_822250	1	0	36.3910598	127.4069056	대전광역시 유성구 문지동 668	문지동	전민동	0.8471
22816	gnsoft1_251203151230_822285	1	0	36.3900776	127.4053032	대전광역시 유성구 문지동 667	문지동	전민동	0.8004
22817	gnsoft1_251203151313_822696	1	0	36.3900719	127.4052924	대전광역시 유성구 문지동 667	문지동	전민동	0.9079
22818	gnsoft1_251203151340_823015	1	0	36.3883799	127.404957	대전광역시 유성구 문지동 105-6	문지동	전민동	0.8088
22819	gnsoft1_251203151352_823124	1	0	36.3868057	127.4049565	대전광역시 유성구 문지동 105-6	문지동	전민동	0.8106
22820	gnsoft1_251203151415_823370	1	0	36.3859706	127.4049652	대전광역시 유성구 원촌동 141-2	원촌동	전민동	0.8067
22821	gnsoft1_251203151439_823568	1	0	36.383577	127.4056149	대전광역시 유성구 원촌동 135-2	원촌동	전민동	0.8282
22822	gnsoft1_251203151506_823941	1	0	36.3828106	127.4058586	대전광역시 유성구 원촌동 286-6	원촌동	전민동	0.8234
22823	gnsoft1_251203151515_824092	1	0	36.3824916	127.4057495	대전광역시 유성구 원촌동 99-1	원촌동	전민동	0.806
22824	gnsoft1_251203151544_824329	1	0	36.3816577	127.4062647	대전광역시 유성구 원촌동 90	원촌동	전민동	0.8055
22825	gnsoft1_251203151553_824541	1	0	36.3812417	127.4063963	대전광역시 유성구 원촌동 90	원촌동	전민동	0.8037
22826	gnsoft1_251203151607_824771	1	0	36.3798466	127.4073589	대전광역시 유성구 원촌동 81-5	원촌동	전민동	0.8056
22827	gnsoft1_251203151701_824875	1	0	36.3794509	127.4079129	대전광역시 유성구 원촌동 45-18	원촌동	전민동	0.828
22828	gnsoft1_251203151717_825313	1	0	36.3795047	127.4080372	대전광역시 유성구 원촌동 45-12	원촌동	전민동	0.8519
22829	gnsoft1_251203151731_825551	1	0	36.3794856	127.408224	대전광역시 유성구 원촌동 45-12	원촌동	전민동	0.8357
22830	gnsoft1_251203151746_825915	1	0	36.3779416	127.4104375	대전광역시 대덕구 대화동 568-1	대화동	대화동	0.811
22831	gnsoft1_251203151901_825854	1	0	36.3776598	127.4108158	대전광역시 대덕구 읍내동 543-37	읍내동	회덕동	0.8041
22832	gnsoft1_251203152009_826765	1	0	36.3768037	127.4119577	대전광역시 대덕구 읍내동 509-9	읍내동	회덕동	0.8042
22833	gnsoft1_251203152138_827071	1	0	36.3762541	127.4134458	대전광역시 대덕구 읍내동 509-9	읍내동	회덕동	0.8344
22834	gnsoft1_251203152149_827283	1	0	36.3758657	127.414517	대전광역시 대덕구 대화동 568-39	대화동	대화동	0.8137
22835	gnsoft1_251203152203_827547	1	0	36.3756703	127.4150379	대전광역시 대덕구 읍내동 488-26	읍내동	회덕동	0.8084
22836	gnsoft1_251203152217_827787	1	0	36.3751566	127.4165479	대전광역시 대덕구 읍내동 488-26	읍내동	회덕동	0.8021
22837	gnsoft1_251203152429_829645	1	0	36.373303	127.4199411	대전광역시 대덕구 읍내동 355-1	읍내동	회덕동	0.8001
22838	gnsoft1_251203152444_829993	1	0	36.3730751	127.4208716	대전광역시 대덕구 읍내동 361-31	읍내동	회덕동	0.8035
22839	gnsoft1_251203152506_830246	1	0	36.3729483	127.4219996	대전광역시 대덕구 읍내동 543-23	읍내동	회덕동	0.8023
22840	gnsoft1_251203152511_830270	1	0	36.3731735	127.4244061	대전광역시 대덕구 법동 369	법동	법1동	0.8231
22841	gnsoft1_251203152527_830540	1	0	36.3739367	127.4264962	대전광역시 대덕구 법동 369	법동	법1동	0.8202
22842	gnsoft1_251203152603_830927	1	0	36.3743518	127.4276707	대전광역시 대덕구 법동 372	법동	법1동	0.8593
22843	gnsoft1_251203152658_831722	1	0	36.3729203	127.4282587	대전광역시 대덕구 법동 372	법동	법1동	0.8022
22844	gnsoft1_251203152715_831936	1	0	36.3708697	127.4288658	대전광역시 대덕구 법동 372	법동	법1동	0.8025
22845	gnsoft1_251203152726_832031	1	0	36.3689832	127.4294422	대전광역시 대덕구 법동 372	법동	법2동	0.8065
22846	gnsoft1_251203152756_832350	1	0	36.3667458	127.4300606	대전광역시 대덕구 중리동 450	중리동	중리동	0.8009
22847	gnsoft1_251203152816_832350	1	0	36.3652452	127.4304546	대전광역시 대덕구 중리동 450	중리동	중리동	0.8028
22848	gnsoft1_251203152917_832350	1	0	36.3652038	127.430505	대전광역시 대덕구 중리동 450	중리동	중리동	0.8063
22849	gnsoft1_251203153015_832805	1	0	36.3649513	127.4305767	대전광역시 대덕구 중리동 450	중리동	중리동	0.8084
22850	gnsoft1_251203153027_832907	1	0	36.3645239	127.4306774	대전광역시 대덕구 중리동 450	중리동	중리동	0.8412
22851	gnsoft1_251203153041_833217	1	0	36.3631555	127.4310684	대전광역시 대덕구 중리동 450	중리동	중리동	0.8185
22852	gnsoft1_251203153101_833385	1	0	36.3615674	127.431437	대전광역시 대덕구 중리동 450	중리동	중리동	0.8016
22853	gnsoft1_251203153118_833741	1	0	36.3592757	127.4321717	대전광역시 대덕구 중리동 469	중리동	중리동	0.8007
22854	gnsoft1_251203153135_833960	1	0	36.3579166	127.4326167	대전광역시 동구 용전동 227	용전동	용전동	0.8019
22855	gnsoft1_251203153141_834095	1	0	36.3575679	127.432513	대전광역시 동구 용전동 28-17	용전동	용전동	0.8148
22856	gnsoft1_251203153157_834478	1	0	36.3565499	127.4327703	대전광역시 동구 용전동 227	용전동	용전동	0.8091
22857	gnsoft1_251203153212_834803	1	0	36.354843	127.4326228	대전광역시 동구 용전동 220	용전동	용전동	0.8238
22858	gnsoft1_251203153228_834979	1	0	36.3535216	127.4325188	대전광역시 동구 용전동 220	용전동	용전동	0.8013
22859	gnsoft1_251203153241_835176	1	0	36.3521006	127.4323049	대전광역시 동구 용전동 220	용전동	용전동	0.803
22860	gnsoft1_251203153330_835444	1	0	36.3498789	127.4321408	대전광역시 동구 용전동 220	용전동	용전동	0.8401
22861	gnsoft1_251203153504_836475	1	0	36.3477821	127.4319046	대전광역시 동구 홍도동 838	홍도동	홍도동	0.8241
22862	gnsoft1_251203153527_836558	1	0	36.3471868	127.4321213	대전광역시 동구 성남동 509	성남동	성남동	0.8124
22863	gnsoft1_251203153540_836799	1	0	36.3451767	127.4332744	대전광역시 동구 성남동 205-347	성남동	성남동	0.8227
22864	gnsoft1_251203153556_836947	1	0	36.3442543	127.4337959	대전광역시 동구 성남동 200-107	성남동	성남동	0.8042
22865	gnsoft1_251203153615_837188	1	0	36.3417133	127.4352534	대전광역시 동구 성남동 47-32	성남동	성남동	0.804
22866	gnsoft1_251203153629_837188	1	0	36.3411653	127.4355904	대전광역시 동구 성남동 49-13	성남동	성남동	0.8082
22867	gnsoft1_251203153655_837378	1	0	36.3412048	127.4355718	대전광역시 동구 성남동 49-13	성남동	성남동	0.885
22868	gnsoft1_251203153713_837643	1	0	36.3405085	127.4360002	대전광역시 동구 성남동 55-3	성남동	성남동	0.8023
22869	gnsoft1_251203153730_837946	1	0	36.3391307	127.4369976	대전광역시 동구 성남동 70-2	성남동	성남동	0.8022
22870	gnsoft1_251203153739_838124	1	0	36.3382262	127.4376046	대전광역시 동구 삼성동 93-24	삼성동	삼성동	0.8097
22871	gnsoft1_251203153756_838369	1	0	36.3369945	127.4384626	대전광역시 동구 소제동 320	소제동	중앙동	0.8062
22872	gnsoft1_251203153809_838497	1	0	36.336057	127.4389191	대전광역시 동구 소제동 299-381	소제동	중앙동	0.8027
22873	gnsoft1_251203153833_838606	1	0	36.3350513	127.4391777	대전광역시 동구 소제동 299-53	소제동	중앙동	0.8018
22874	gnsoft1_251203153901_838672	1	0	36.334962	127.4392423	대전광역시 동구 소제동 299-53	소제동	중앙동	0.8144
22875	gnsoft1_251203153930_839089	1	0	36.3339028	127.439473	대전광역시 동구 소제동 289-5	소제동	중앙동	0.8444
22876	gnsoft1_251203153944_839360	1	0	36.3334494	127.4396298	대전광역시 동구 소제동 320-2	소제동	중앙동	0.8002
22877	gnsoft1_251203154029_839745	1	0	36.3284596	127.4435829	대전광역시 동구 대동 138-24	대동	대동	0.8029
22878	gnsoft1_251203154040_839923	1	0	36.3274428	127.4441091	대전광역시 동구 대동 115-8	대동	대동	0.8203
22879	gnsoft1_251203154254_840349	1	0	36.3273622	127.443715	대전광역시 동구 대동 116-14	대동	대동	0.828
22880	gnsoft1_251203154330_840946	1	0	36.3276338	127.4435162	대전광역시 동구 대동 115-13	대동	대동	0.8007
22881	gnsoft1_251203154340_840946	1	0	36.3264672	127.4445048	대전광역시 동구 대동 356	대동	대동	0.8013
22882	gnsoft1_251203154351_841349	1	0	36.3251083	127.4453969	대전광역시 동구 대동 356	대동	대동	0.8069
22883	gnsoft1_251203154436_841778	1	0	36.3232837	127.4454723	대전광역시 동구 신흥동 6	신흥동	신인동	0.8015
22884	gnsoft1_251203154616_842345	1	0	36.3222248	127.4448286	대전광역시 동구 신흥동 6	신흥동	신인동	0.8034
22885	gnsoft1_251203154628_842519	1	0	36.3217942	127.4445763	대전광역시 동구 신흥동 208	신흥동	신인동	0.8505
22886	gnsoft1_251203154647_842606	1	0	36.3209266	127.445861	대전광역시 동구 신흥동 208	신흥동	신인동	0.8014
22887	gnsoft1_251203154657_842707	1	0	36.3208686	127.4459141	대전광역시 동구 신흥동 208	신흥동	신인동	0.82
22888	gnsoft1_251203154709_842895	1	0	36.3208257	127.4460485	대전광역시 동구 신흥동 208	신흥동	신인동	0.8033
22889	gnsoft1_251203154725_843050	1	0	36.3201067	127.4477219	대전광역시 동구 판암동 615	판암동	판암2동	0.8164
22890	gnsoft1_251203154740_843152	1	0	36.3186605	127.4509026	대전광역시 동구 판암동 615	판암동	판암1동	0.8234
22891	gnsoft1_251203154809_843112	1	0	36.3184058	127.4514667	대전광역시 동구 판암동 615	판암동	판암2동	0.8184
22892	gnsoft1_251203154852_843919	1	0	36.3187	127.4512453	대전광역시 동구 판암동 596-15	판암동	판암2동	0.8228
22893	gnsoft1_251203155209_844016	1	0	36.3195469	127.4498048	대전광역시 동구 판암동 596-1	판암동	판암2동	0.8237
22894	gnsoft1_251203155238_844140	1	0	36.3194226	127.4501062	대전광역시 동구 판암동 596-1	판암동	판암2동	0.8119
22895	gnsoft1_251203155811_844196	1	0	36.319452	127.4502121	대전광역시 동구 판암동 596-1	판암동	판암2동	0.8002
22896	gnsoft1_251203160836_845426	1	0	36.3194164	127.4497389	대전광역시 동구 판암동 604-6	판암동	판암2동	0.8564
22897	gnsoft1_251203160850_845611	1	0	36.3203722	127.4476403	대전광역시 동구 판암동 615	판암동	판암2동	0.8075
22898	gnsoft1_251203160907_845907	1	0	36.3209711	127.4463107	대전광역시 동구 신흥동 208	신흥동	신인동	0.8242
22899	gnsoft1_251203160926_846140	1	0	36.3210591	127.4461234	대전광역시 동구 신흥동 208	신흥동	신인동	0.8114
22900	gnsoft1_251203160937_846303	1	0	36.3216678	127.4447999	대전광역시 동구 신흥동 208	신흥동	신인동	0.8123
22901	gnsoft1_251203160949_846620	1	0	36.3216891	127.444694	대전광역시 동구 신흥동 208	신흥동	신인동	0.825
22902	gnsoft1_251203161005_846901	1	0	36.3230285	127.4453406	대전광역시 동구 신흥동 6	신흥동	신인동	0.8307
22903	gnsoft1_251203161020_847147	1	0	36.32349	127.4456272	대전광역시 동구 신흥동 6	신흥동	신인동	0.8061
22904	gnsoft1_251203161036_847338	1	0	36.3245301	127.4458458	대전광역시 동구 대동 356	대동	대동	0.8364
22905	gnsoft1_251203161054_847504	1	0	36.3257629	127.4451049	대전광역시 동구 대동 356	대동	대동	0.8295
22906	gnsoft1_251203161108_847576	1	0	36.3263435	127.4447495	대전광역시 동구 대동 356	대동	대동	0.8161
22907	gnsoft1_251203161319_848661	1	0	36.3264682	127.444665	대전광역시 동구 대동 356	대동	대동	0.8331
22908	gnsoft1_251203161339_849014	1	0	36.327298	127.4437139	대전광역시 동구 대동 348-11	대동	대동	0.8019
22909	gnsoft1_251203161353_849234	1	0	36.3279016	127.4434679	대전광역시 동구 대동 549	대동	대동	0.807
22910	gnsoft1_251203161422_849415	1	0	36.3284675	127.4433559	대전광역시 동구 대동 145-25	대동	대동	0.8109
22911	gnsoft1_251203161455_849621	1	0	36.3277201	127.44372	대전광역시 동구 대동 549	대동	대동	0.8023
22912	gnsoft1_251203195642_849729	1	0	36.3282821	127.4432438	대전광역시 동구 대동 549	대동	대동	0.8017
22913	gnsoft1_251203195648_849757	1	0	36.3284257	127.4432023	대전광역시 동구 대동 549	대동	대동	0.8459
22914	gnsoft1_251203195659_849803	1	0	36.3280458	127.4435791	대전광역시 동구 대동 549	대동	대동	0.8228
22915	gnsoft1_251203195723_849944	1	0	36.3278057	127.4433694	대전광역시 동구 대동 114-1	대동	대동	0.8048
22916	gnsoft1_251203195750_850091	1	0	36.3266403	127.4442811	대전광역시 동구 대동 86-1	대동	대동	0.8018
22917	gnsoft1_251203195815_850276	1	0	36.327907	127.4438393	대전광역시 동구 대동 138-24	대동	대동	0.8001
22918	gnsoft1_251203195859_850451	1	0	36.3313774	127.4407604	대전광역시 동구 대동 207-31	대동	대동	0.806
22919	gnsoft1_251203195920_850601	1	0	36.3324852	127.4400725	대전광역시 동구 소제동 286-18	소제동	중앙동	0.8003
22920	gnsoft1_251203195949_850700	1	0	36.3333556	127.4397134	대전광역시 동구 소제동 305-121	소제동	중앙동	0.8466
22921	gnsoft1_251203200015_850945	1	0	36.3360914	127.4390158	대전광역시 동구 소제동 306-1	소제동	중앙동	0.8112
22922	gnsoft1_251203200032_851070	1	0	36.3366727	127.4388006	대전광역시 동구 소제동 305	소제동	중앙동	0.8033
22923	gnsoft1_251203200055_851149	1	0	36.3376446	127.4381348	대전광역시 동구 소제동 308-4	소제동	중앙동	0.8032
22924	gnsoft1_251203200114_851372	1	0	36.3377336	127.4380945	대전광역시 동구 소제동 308-4	소제동	중앙동	0.8029
22925	gnsoft1_251203200227_851809	1	0	36.3405462	127.4361122	대전광역시 동구 성남동 54-2	성남동	성남동	0.8141
22926	gnsoft1_251203200246_851934	1	0	36.3410943	127.4357738	대전광역시 동구 성남동 49-12	성남동	성남동	0.8069
22927	gnsoft1_251203200258_852011	1	0	36.3438048	127.434229	대전광역시 동구 성남동 166-61	성남동	성남동	0.8009
22928	gnsoft1_251203200336_852067	1	0	36.3470441	127.4323652	대전광역시 동구 성남동 509	성남동	성남동	0.8007
22929	gnsoft1_251203200401_852647	1	0	36.3475442	127.4320999	대전광역시 동구 용전동 220	용전동	홍도동	0.803
22930	gnsoft1_251203200422_852830	1	0	36.3486053	127.4320859	대전광역시 동구 용전동 220	용전동	용전동	0.8038
22931	gnsoft1_251203200430_852895	1	0	36.3507633	127.4323511	대전광역시 동구 용전동 220	용전동	용전동	0.801
22932	gnsoft1_251203200446_853000	1	0	36.3522307	127.4325328	대전광역시 동구 용전동 220	용전동	용전동	0.8071
22933	gnsoft1_251203200520_853152	1	0	36.353181	127.4325644	대전광역시 동구 용전동 220	용전동	용전동	0.8358
22934	gnsoft1_251203200535_853291	1	0	36.3532041	127.4325998	대전광역시 동구 용전동 220	용전동	용전동	0.8092
22935	gnsoft1_251203200543_853356	1	0	36.3542347	127.4327075	대전광역시 동구 용전동 220	용전동	용전동	0.8174
22936	gnsoft1_251203200600_853536	1	0	36.3574602	127.4328237	대전광역시 동구 용전동 227	용전동	용전동	0.8261
22937	gnsoft1_251203200711_853953	1	0	36.3581333	127.4326883	대전광역시 동구 용전동 227	용전동	용전동	0.8051
22938	gnsoft1_251203200725_854144	1	0	36.3583041	127.4326689	대전광역시 동구 용전동 227	용전동	용전동	0.8012
22939	gnsoft1_251203200743_854348	1	0	36.3595405	127.432118	대전광역시 대덕구 중리동 450	중리동	중리동	0.8101
22940	gnsoft1_251203200800_854511	1	0	36.361373	127.4316248	대전광역시 대덕구 중리동 450	중리동	중리동	0.8065
22941	gnsoft1_251203200818_854668	1	0	36.3624133	127.4312798	대전광역시 대덕구 중리동 450	중리동	중리동	0.8075
22942	gnsoft1_251203200836_854820	1	0	36.3637688	127.4309113	대전광역시 대덕구 중리동 450	중리동	중리동	0.8132
22943	gnsoft1_251203200847_854911	1	0	36.3654994	127.430436	대전광역시 대덕구 중리동 450	중리동	법2동	0.8259
22944	gnsoft1_251203200857_854946	1	0	36.3677154	127.4297758	대전광역시 대덕구 법동 372	법동	법1동	0.8036
22945	gnsoft1_251203200916_855043	1	0	36.3683926	127.4295985	대전광역시 대덕구 법동 372	법동	법1동	0.8014
22946	gnsoft1_251203200926_855095	1	0	36.3707587	127.4289964	대전광역시 대덕구 법동 372	법동	법2동	0.8252
22947	gnsoft1_251203200941_855195	1	0	36.3730355	127.4283658	대전광역시 대덕구 법동 372	법동	법2동	0.8091
22948	gnsoft1_251203200956_855279	1	0	36.3740278	127.4265658	대전광역시 대덕구 법동 369	법동	법1동	0.8017
22949	gnsoft1_251203201022_855551	1	0	36.3732136	127.4245237	대전광역시 대덕구 법동 369	법동	법1동	0.8213
22950	gnsoft1_251203201026_855601	1	0	36.3730993	127.4238925	대전광역시 대덕구 읍내동 543-23	읍내동	회덕동	0.8078
22951	gnsoft1_251203201158_855760	1	0	36.3731834	127.4207267	대전광역시 대덕구 읍내동 361-31	읍내동	회덕동	0.8048
22952	gnsoft1_251203201229_856052	1	0	36.3739718	127.4193668	대전광역시 대덕구 읍내동 355-1	읍내동	회덕동	0.8127
22953	gnsoft1_251203201240_856084	1	0	36.3751175	127.416983	대전광역시 대덕구 읍내동 488-26	읍내동	회덕동	0.8091
22954	gnsoft1_251203201304_856298	1	0	36.3756466	127.4153957	대전광역시 대덕구 읍내동 488-26	읍내동	회덕동	0.8029
22955	gnsoft1_251203201311_856354	1	0	36.3762871	127.4136643	대전광역시 대덕구 읍내동 509-9	읍내동	회덕동	0.8011
22956	gnsoft1_251203201354_856595	1	0	36.3772592	127.4115023	대전광역시 대덕구 읍내동 505-66	읍내동	회덕동	0.8001
22957	gnsoft1_251203201424_856799	1	0	36.3784308	127.4099687	대전광역시 대덕구 대화동 568-1	대화동	회덕동	0.8073
22958	gnsoft1_251203201446_857042	1	0	36.3800205	127.4072776	대전광역시 유성구 원촌동 81-5	원촌동	전민동	0.8027
22959	gnsoft1_251203201534_857429	1	0	36.385128	127.405278	대전광역시 유성구 원촌동 135-2	원촌동	전민동	0.803
22960	gnsoft1_251203201556_857535	1	0	36.3883681	127.4050174	대전광역시 유성구 문지동 105-6	문지동	전민동	0.8022
22961	gnsoft1_251203201626_857697	1	0	36.3902405	127.4068819	대전광역시 유성구 문지동 668	문지동	전민동	0.8001
22962	gnsoft1_251203201641_857802	1	0	36.3911159	127.4070362	대전광역시 유성구 문지동 676	문지동	전민동	0.8078
22963	gnsoft1_251203201657_857880	1	0	36.3911027	127.4078229	대전광역시 유성구 문지동 676	문지동	전민동	0.8007
22964	gnsoft1_251203205743_858183	1	0	36.3904085	127.4080429	대전광역시 유성구 문지동 661-3	문지동	전민동	0.8006
22965	gnsoft1_251203205823_858427	1	0	36.3913627	127.4078255	대전광역시 유성구 문지동 659-3	문지동	전민동	0.8055
22966	gnsoft1_251203205842_858507	1	0	36.3903737	127.4068328	대전광역시 유성구 문지동 668	문지동	전민동	0.8205
22967	gnsoft1_251203205911_858507	1	0	36.3900866	127.4051873	대전광역시 유성구 문지동 667	문지동	전민동	0.8018
22968	gnsoft1_251203210102_858951	1	0	36.3897012	127.4049867	대전광역시 유성구 문지동 105-6	문지동	전민동	0.8122
22969	gnsoft1_251203210117_859007	1	0	36.387976	127.4049667	대전광역시 유성구 문지동 105-6	문지동	전민동	0.8056
22970	gnsoft1_251203210150_859072	1	0	36.3855671	127.4050873	대전광역시 유성구 원촌동 141-2	원촌동	전민동	0.8013
22971	gnsoft1_251203210255_859438	1	0	36.3806757	127.4065049	대전광역시 유성구 원촌동 90	원촌동	전민동	0.8276
22972	gnsoft1_251203210323_859581	1	0	36.3789704	127.4058744	대전광역시 유성구 원촌동 267-20	원촌동	전민동	0.8015
22973	gnsoft1_251203210346_859817	1	0	36.3762704	127.4014668	대전광역시 유성구 원촌동 산 44-5	원촌동	전민동	0.8042
22974	gnsoft1_251203210414_859950	1	0	36.3759623	127.399198	대전광역시 유성구 도룡동 465-1	도룡동	신성동	0.8226
22975	gnsoft1_251203210419_859979	1	0	36.3751891	127.3963445	대전광역시 유성구 도룡동 8-53	도룡동	신성동	0.8256
22976	gnsoft1_251203210434_860057	1	0	36.3743336	127.3908128	대전광역시 유성구 도룡동 465-1	도룡동	신성동	0.8088
22977	gnsoft1_251203210457_860213	1	0	36.3743568	127.3896474	대전광역시 유성구 도룡동 3-5	도룡동	신성동	0.8162
22978	gnsoft1_251203210503_860278	1	0	36.3743327	127.3862177	대전광역시 유성구 도룡동 165-7	도룡동	신성동	0.8013
22979	gnsoft1_251203210518_860401	1	0	36.3743524	127.3832807	대전광역시 유성구 도룡동 204-2	도룡동	신성동	0.8175
22980	gnsoft1_251203210544_860486	1	0	36.3745918	127.3807902	대전광역시 유성구 도룡동 215-1	도룡동	신성동	0.8112
22981	gnsoft1_251203210548_860518	1	0	36.3746587	127.3801972	대전광역시 유성구 도룡동 220-2	도룡동	신성동	0.8245
22982	gnsoft1_251203210627_860806	1	0	36.3719617	127.3794172	대전광역시 서구 만년동 616	만년동	만년동	0.907
22983	gnsoft1_251203210631_860833	1	0	36.371323	127.3794125	대전광역시 서구 만년동 624	만년동	만년동	0.8234
22984	gnsoft1_251203210646_860933	1	0	36.3710989	127.3791027	대전광역시 서구 만년동 403	만년동	만년동	0.8052
22985	gnsoft1_251203210705_861025	1	0	36.3704281	127.3767037	대전광역시 서구 만년동 403	만년동	만년동	0.8344
22986	gnsoft1_251203210719_861086	1	0	36.3697824	127.3752986	대전광역시 서구 만년동 403	만년동	만년동	0.8045
22987	gnsoft1_251203210732_860971	1	0	36.3687661	127.3735958	대전광역시 서구 만년동 403	만년동	만년동	0.8055
22988	gnsoft1_251203210751_861190	1	0	36.3684858	127.373294	대전광역시 서구 만년동 403	만년동	만년동	0.8084
22989	gnsoft1_251203210825_861308	1	0	36.3676219	127.3722764	대전광역시 서구 만년동 403	만년동	만년동	0.8249
22990	gnsoft1_251203210834_861344	1	0	36.3659276	127.370273	대전광역시 서구 만년동 403	만년동	만년동	0.802
22991	gnsoft1_251203210849_861463	1	0	36.3649859	127.3690335	대전광역시 서구 만년동 399-1	만년동	만년동	0.8118
22992	gnsoft1_251203210901_861513	1	0	36.3646391	127.3685647	대전광역시 서구 월평동 1517	월평동	월평2동	0.8068
22993	gnsoft1_251203210919_861645	1	0	36.3631666	127.3661339	대전광역시 서구 월평동 1517	월평동	월평3동	0.8038
22994	gnsoft1_251203210945_861779	1	0	36.3624231	127.3645766	대전광역시 서구 월평동 1517	월평동	월평3동	0.8174
22995	gnsoft1_251203210959_861880	1	0	36.3603378	127.3615887	대전광역시 서구 월평동 1517	월평동	월평3동	0.8004
22996	gnsoft1_251203211014_861972	1	0	36.3582064	127.3595517	대전광역시 서구 월평동 1555	월평동	월평1동	0.809
22997	gnsoft1_251203211021_862010	1	0	36.3568186	127.3576582	대전광역시 서구 월평동 1555	월평동	월평1동	0.8073
22998	gnsoft1_251203211053_862105	1	0	36.3548179	127.3546906	대전광역시 유성구 봉명동 1010	월평동	월평1동	0.8151
22999	gnsoft1_251203211140_862375	1	0	36.3497794	127.3509514	대전광역시 서구 월평동 163-31	월평동	월평1동	0.8047
23000	gnsoft1_251203211146_862415	1	0	36.3487579	127.3511372	대전광역시 서구 월평동 163-31	월평동	월평1동	0.8011
23001	gnsoft1_251203211211_862492	1	0	36.3449976	127.3524073	대전광역시 서구 월평동 111-10	월평동	월평1동	0.8007
23002	gnsoft1_251203211217_862506	1	0	36.3443113	127.3526638	대전광역시 서구 월평동 111-64	월평동	월평1동	0.8071
23003	gnsoft1_251203211236_862605	1	0	36.3417161	127.3525798	대전광역시 서구 월평동 191-5	월평동	월평1동	0.8052
23004	gnsoft1_251203211455_862877	1	0	36.3405185	127.350547	대전광역시 유성구 원신흥동 641	원신흥동	원신흥동	0.8178
23005	gnsoft1_251203211502_862931	1	0	36.3403408	127.3502522	대전광역시 유성구 원신흥동 641	원신흥동	원신흥동	0.8091
23006	gnsoft1_251203211516_863133	1	0	36.339978	127.3494279	대전광역시 유성구 원신흥동 641	원신흥동	원신흥동	0.85
23007	gnsoft1_251203211531_0	1	0	36.3389463	127.3487327	대전광역시 유성구 원신흥동 667	원신흥동	원신흥동	0.8027
23008	gnsoft1_251203211545_863250	1	0	36.3350085	127.349031	대전광역시 유성구 원신흥동 667	원신흥동	원신흥동	0.8089
23009	gnsoft1_251203211601_863324	1	0	36.3342633	127.3487511	대전광역시 유성구 원신흥동 667	원신흥동	원신흥동	0.8094
23010	gnsoft1_251203211617_863465	1	0	36.3315139	127.3479088	대전광역시 서구 도안동 2378	도안동	도안동	0.8088
23011	gnsoft1_251203211634_863532	1	0	36.3311404	127.3479294	대전광역시 서구 도안동 2378	도안동	도안동	0.8008
23012	gnsoft1_251203211656_863659	1	0	36.3297313	127.3478991	대전광역시 서구 도안동 2378	도안동	도안동	0.8217
23013	gnsoft1_251203211719_863738	1	0	36.3272366	127.3478638	대전광역시 서구 도안동 2378	도안동	도안동	0.8095
23014	gnsoft1_251203211755_863914	1	0	36.3262723	127.3478695	대전광역시 서구 도안동 2378	도안동	도안동	0.8121
23015	gnsoft1_251203211803_863945	1	0	36.3250045	127.3478777	대전광역시 서구 도안동 2378	도안동	도안동	0.8036
23016	gnsoft1_251203211821_864002	1	0	36.3236735	127.3478543	대전광역시 서구 도안동 2378	도안동	도안동	0.8064
23017	gnsoft1_251203211832_864049	1	0	36.3217781	127.3478597	대전광역시 서구 도안동 2378	도안동	도안동	0.805
23018	gnsoft1_251203211943_864049	1	0	36.3176948	127.3479219	대전광역시 서구 도안동 2378	도안동	도안동	0.8015
23019	gnsoft1_251203212020_864246	1	0	36.3169158	127.3482117	대전광역시 서구 도안동 2379	도안동	도안동	0.8054
23020	gnsoft1_251203212036_864293	1	0	36.3146536	127.3491732	대전광역시 서구 도안동 2379	도안동	도안동	0.8015
23021	gnsoft1_251203212046_864293	1	0	36.3140785	127.3494185	대전광역시 서구 도안동 2379	도안동	도안동	0.8082
23022	gnsoft1_251203212109_864424	1	0	36.3137924	127.3495254	대전광역시 서구 도안동 2379	도안동	도안동	0.8027
23023	gnsoft1_251203212117_864479	1	0	36.3126046	127.3500807	대전광역시 서구 도안동 1493	도안동	도안동	0.8091
23024	gnsoft1_251203212154_864717	1	0	36.30973	127.3513142	대전광역시 서구 도안동 2079	도안동	도안동	0.8238
23025	gnsoft1_251203212219_864976	1	0	36.3092024	127.3523556	대전광역시 서구 도안동 2088	도안동	도안동	0.8264
23026	gnsoft1_251203212241_865069	1	0	36.3094497	127.3531207	대전광역시 서구 도안동 2088	도안동	도안동	0.8002
23027	gnsoft1_251203212248_865101	1	0	36.3095488	127.3534948	대전광역시 서구 도안동 2088	도안동	도안동	0.8192
23028	gnsoft1_251203212308_865232	1	0	36.3096004	127.35394	대전광역시 서구 도안동 2088	도안동	도안동	0.8295
23029	gnsoft1_251203212331_865437	1	0	36.3093402	127.3540428	대전광역시 서구 도안동 2088	도안동	도안동	0.871
23030	gnsoft1_251204081239_865497	1	0	36.308241	127.3545488	대전광역시 서구 도안동 2088	도안동	도안동	0.8253
23031	gnsoft1_251204081244_865570	1	0	36.3082647	127.3544954	대전광역시 서구 도안동 2088	도안동	도안동	0.8271
23032	gnsoft1_251204081303_865817	1	0	36.3085937	127.3543522	대전광역시 서구 도안동 2088	도안동	도안동	0.8138
23033	gnsoft1_251204081353_866258	1	0	36.3093363	127.3528943	대전광역시 서구 도안동 2088	도안동	도안동	0.8125
23034	gnsoft1_251204081403_866431	1	0	36.3092573	127.352836	대전광역시 서구 도안동 2089	도안동	도안동	0.8066
23035	gnsoft1_251204081418_866617	1	0	36.3090835	127.3519653	대전광역시 서구 도안동 2088	도안동	도안동	0.8008
23036	gnsoft1_251204081433_866760	1	0	36.3084377	127.3497095	대전광역시 서구 도안동 2074	도안동	도안동	0.82
23037	gnsoft1_251204081451_867033	1	0	36.3082217	127.3486427	대전광역시 서구 도안동 2074	도안동	도안동	0.8219
23038	gnsoft1_251204081505_867271	1	0	36.3080747	127.3482569	대전광역시 서구 도안동 2074	도안동	도안동	0.822
23039	gnsoft1_251204081517_867369	1	0	36.3090272	127.3476288	대전광역시 서구 도안동 2073	도안동	도안동	0.8353
23040	gnsoft1_251204081620_867551	1	0	36.3097159	127.347414	대전광역시 서구 도안동 2073	도안동	도안동	0.821
23041	gnsoft1_251204081657_867695	1	0	36.3099512	127.3473078	대전광역시 서구 도안동 2073	도안동	도안동	0.8033
23042	gnsoft1_251204081709_867869	1	0	36.3104276	127.3471257	대전광역시 서구 도안동 2073	도안동	도안동	0.8114
23043	gnsoft1_251204081825_868265	1	0	36.3110269	127.3469473	대전광역시 서구 도안동 2073	도안동	도안동	0.8058
23044	gnsoft1_251204081949_868606	1	0	36.3121475	127.3487236	대전광역시 서구 도안동 2072	도안동	도안동	0.8135
23045	gnsoft1_251204082036_869220	1	0	36.3139595	127.3496951	대전광역시 서구 도안동 2379	도안동	도안동	0.8086
23046	gnsoft1_251204082103_869404	1	0	36.314942	127.3492607	대전광역시 서구 도안동 2379	도안동	도안동	0.8472
23047	gnsoft1_251204082116_869474	1	0	36.3161426	127.3487304	대전광역시 서구 도안동 2379	도안동	도안동	0.8041
23048	gnsoft1_251204082122_869544	1	0	36.3171064	127.3483714	대전광역시 서구 도안동 2379	도안동	도안동	0.8519
23049	gnsoft1_251204082144_869737	1	0	36.3181663	127.3480935	대전광역시 서구 도안동 2378	도안동	도안동	0.8189
23050	gnsoft1_251204082152_869816	1	0	36.3190158	127.3480883	대전광역시 서구 도안동 2378	도안동	도안동	0.8494
23051	gnsoft1_251204082329_869998	1	0	36.3198117	127.3481268	대전광역시 서구 도안동 2378	도안동	도안동	0.8503
23052	gnsoft1_251204082352_870218	1	0	36.3206216	127.3481219	대전광역시 서구 도안동 2378	도안동	도안동	0.8075
23053	gnsoft1_251204082406_870316	1	0	36.3218724	127.348152	대전광역시 서구 도안동 2378	도안동	도안동	0.8146
23054	gnsoft1_251204082429_870447	1	0	36.3251724	127.3481348	대전광역시 서구 도안동 2378	도안동	도안동	0.8588
23055	gnsoft1_251204082436_870543	1	0	36.3271807	127.3482026	대전광역시 서구 도안동 2378	도안동	도안동	0.8303
23056	gnsoft1_251204082457_870608	1	0	36.3286595	127.348196	대전광역시 서구 도안동 2378	도안동	도안동	0.8052
23057	gnsoft1_251204082504_870813	1	0	36.3306332	127.3482694	대전광역시 서구 도안동 2378	도안동	도안동	0.8007
23058	gnsoft1_251204082519_870913	1	0	36.3325615	127.3484129	대전광역시 유성구 원신흥동 667	원신흥동	원신흥동	0.8386
23059	gnsoft1_251204082539_870989	1	0	36.3350615	127.3493397	대전광역시 유성구 원신흥동 667	원신흥동	원신흥동	0.8036
23060	gnsoft1_251204082550_870989	1	0	36.3352292	127.3494511	대전광역시 유성구 원신흥동 667	원신흥동	원신흥동	0.801
23061	gnsoft1_251204082617_871179	1	0	36.3364195	127.3497689	대전광역시 유성구 원신흥동 667	원신흥동	원신흥동	0.8573
23062	gnsoft1_251204082631_871308	1	0	36.3367139	127.3497534	대전광역시 유성구 원신흥동 667	원신흥동	원신흥동	0.8818
23063	gnsoft1_251204082634_871350	1	0	36.3380264	127.3494771	대전광역시 유성구 원신흥동 667	원신흥동	원신흥동	0.8727
23064	gnsoft1_251204082700_871541	1	0	36.3386919	127.3491916	대전광역시 유성구 원신흥동 667	원신흥동	원신흥동	0.8324
23065	gnsoft1_251204082706_871671	1	0	36.3390858	127.3490162	대전광역시 유성구 원신흥동 667	원신흥동	원신흥동	0.816
23066	gnsoft1_251204082726_871860	1	0	36.3394815	127.3488316	대전광역시 유성구 원신흥동 667	원신흥동	원신흥동	0.8163
23067	gnsoft1_251204082740_872077	1	0	36.3397179	127.3489537	대전광역시 유성구 원신흥동 641	원신흥동	원신흥동	0.8261
23068	gnsoft1_251204082751_872205	1	0	36.3402064	127.3500457	대전광역시 유성구 원신흥동 641	원신흥동	원신흥동	0.8006
23069	gnsoft1_251204082807_872414	1	0	36.3419989	127.3531118	대전광역시 서구 월평동 191-5	월평동	월평1동	0.8029
23070	gnsoft1_251204082823_872539	1	0	36.3424004	127.3533953	대전광역시 서구 월평동 77-1	월평동	월평1동	0.8016
23071	gnsoft1_251204082838_872655	1	0	36.3450782	127.352457	대전광역시 서구 월평동 111-44	월평동	월평1동	0.8063
23072	gnsoft1_251204082902_872879	1	0	36.3465669	127.3519039	대전광역시 서구 월평동 111-36	월평동	월평1동	0.8192
23073	gnsoft1_251204083030_873127	1	0	36.348542	127.3512434	대전광역시 서구 월평동 163-31	월평동	월평1동	0.8613
23074	gnsoft1_251204083126_873384	1	0	36.3502561	127.3510971	대전광역시 서구 월평동 163-31	월평동	월평1동	0.858
23075	gnsoft1_251204083218_873540	1	0	36.3505383	127.3510678	대전광역시 서구 월평동 163-31	월평동	월평1동	0.8053
23076	gnsoft1_251204083315_873777	1	0	36.3518941	127.3516283	대전광역시 서구 월평동 1555-1	월평동	월평1동	0.8122
23077	gnsoft1_251204083433_873908	1	0	36.3520987	127.3517187	대전광역시 서구 월평동 1555-1	월평동	월평1동	0.8103
23078	gnsoft1_251204083438_873999	1	0	36.3527864	127.3521833	대전광역시 서구 월평동 1555-1	월평동	월평1동	0.8314
23079	gnsoft1_251204083453_874102	1	0	36.3534062	127.3528586	대전광역시 서구 월평동 1555	월평동	월평1동	0.8441
23080	gnsoft1_251204083613_874352	1	0	36.3538333	127.3534275	대전광역시 서구 월평동 1555	월평동	월평1동	0.8251
23081	gnsoft1_251204083623_874466	1	0	36.3539368	127.3535985	대전광역시 서구 월평동 1555	월평동	월평1동	0.8002
23082	gnsoft1_251204083641_874686	1	0	36.3544781	127.3543926	대전광역시 서구 월평동 1555	월평동	월평1동	0.8318
23083	gnsoft1_251204083756_874956	1	0	36.3555741	127.3559988	대전광역시 서구 월평동 1555	월평동	월평1동	0.8094
23084	gnsoft1_251204083809_875050	1	0	36.356256	127.3569993	대전광역시 서구 월평동 1555	월평동	월평1동	0.8165
23085	gnsoft1_251204083825_875187	1	0	36.3567033	127.3576623	대전광역시 서구 월평동 1555	월평동	월평1동	0.8151
23086	gnsoft1_251204083840_875360	1	0	36.3569219	127.3580034	대전광역시 서구 월평동 1555	월평동	월평1동	0.8033
23087	gnsoft1_251204083856_875464	1	0	36.3582485	127.3597061	대전광역시 서구 월평동 1555	월평동	월평1동	0.8053
23088	gnsoft1_251204083917_875510	1	0	36.3585701	127.3599889	대전광역시 서구 월평동 1555	월평동	월평1동	0.8713
23089	gnsoft1_251204083948_875890	1	0	36.3600025	127.3613435	대전광역시 서구 월평동 1517	월평동	월평3동	0.8053
23090	gnsoft1_251204083955_875994	1	0	36.361079	127.362486	대전광역시 서구 월평동 1517	월평동	월평3동	0.8007
23091	gnsoft1_251204084039_876252	1	0	36.36178	127.3635486	대전광역시 서구 월평동 1517	월평동	월평3동	0.8737
23092	gnsoft1_251204084109_876682	1	0	36.3626834	127.3653407	대전광역시 서구 월평동 1517	월평동	월평3동	0.8005
23093	gnsoft1_251204084222_877005	1	0	36.363243	127.3664844	대전광역시 서구 월평동 1517	월평동	월평3동	0.8239
23094	gnsoft1_251204084418_877756	1	0	36.3645995	127.3687074	대전광역시 서구 월평동 1517	월평동	월평2동	0.8037
23095	gnsoft1_251204084504_878530	1	0	36.3660987	127.368846	대전광역시 서구 만년동 649	만년동	만년동	0.8295
23096	gnsoft1_251204084512_878752	1	0	36.367093	127.3678079	대전광역시 유성구 구성동 410-1	구성동	온천2동	0.8275
23097	gnsoft1_251204084722_880215	1	0	36.3729509	127.3761398	대전광역시 유성구 구성동 411-6	구성동	온천2동	0.8029
23098	gnsoft1_251204084910_881931	1	0	36.3745393	127.379168	대전광역시 유성구 가정동 52-12	가정동	신성동	0.8076
23099	gnsoft1_251204084948_882524	1	0	36.3744039	127.3813442	대전광역시 유성구 도룡동 216	도룡동	신성동	0.8185
23100	gnsoft1_251204084954_882626	1	0	36.3742423	127.3837382	대전광역시 유성구 도룡동 477-2	도룡동	신성동	0.8028
23101	gnsoft1_251204085013_882934	1	0	36.3742248	127.3844355	대전광역시 유성구 도룡동 477-2	도룡동	신성동	0.8008
23102	gnsoft1_251204085024_883036	1	0	36.374224	127.3891807	대전광역시 유성구 도룡동 582	도룡동	신성동	0.8086
23103	gnsoft1_251204085115_883328	1	0	36.3742765	127.3901369	대전광역시 유성구 도룡동 465-1	도룡동	신성동	0.9134
23104	gnsoft1_251204085226_883867	1	0	36.3743378	127.3927983	대전광역시 유성구 도룡동 8-59	도룡동	신성동	0.8024
23105	gnsoft1_251204085324_884400	1	0	36.3759818	127.399837	대전광역시 유성구 원촌동 산 44-5	원촌동	전민동	0.8189
23106	gnsoft1_251204085339_884662	1	0	36.3763969	127.4021725	대전광역시 	원촌동	전민동	0.8166
23107	gnsoft1_251204085404_885065	1	0	36.3772539	127.404555	대전광역시 유성구 원촌동 48-1	원촌동	전민동	0.8093
23108	gnsoft1_251204085409_885083	1	0	36.3779366	127.4053561	대전광역시 유성구 원촌동 64-2	원촌동	전민동	0.8232
23109	gnsoft1_251204085433_885122	1	0	36.3780001	127.4054189	대전광역시 유성구 원촌동 64-2	원촌동	전민동	0.8262
23110	gnsoft1_251204085534_885122	1	0	36.3792788	127.4061431	대전광역시 유성구 원촌동 69-1	원촌동	전민동	0.8046
23111	gnsoft1_251204085629_885482	1	0	36.3793771	127.4062016	대전광역시 유성구 원촌동 69-1	원촌동	전민동	0.8135
23112	gnsoft1_251204085639_885602	1	0	36.3805839	127.4067076	대전광역시 유성구 원촌동 90	원촌동	전민동	0.8173
23113	gnsoft1_251204085653_885766	1	0	36.3819171	127.4062786	대전광역시 유성구 원촌동 90	원촌동	전민동	0.8033
23114	gnsoft1_251204085715_886113	1	0	36.3834752	127.4057962	대전광역시 유성구 원촌동 135-2	원촌동	전민동	0.8039
23115	gnsoft1_251204085723_886224	1	0	36.3847186	127.4054183	대전광역시 유성구 원촌동 135-2	원촌동	전민동	0.8068
23116	gnsoft1_251204085739_886472	1	0	36.3868512	127.4050478	대전광역시 유성구 문지동 105-6	문지동	전민동	0.8132
23117	gnsoft1_251204085755_886783	1	0	36.389726	127.4050678	대전광역시 유성구 문지동 105-6	문지동	전민동	0.8253
23118	gnsoft1_251204085809_886916	1	0	36.3900799	127.4062264	대전광역시 유성구 문지동 667	문지동	전민동	0.8267
23119	gnsoft1_251204085823_887180	1	0	36.3904696	127.406918	대전광역시 유성구 문지동 668	문지동	전민동	0.8347
23120	gnsoft1_251204085855_887652	1	0	36.3911495	127.4074767	대전광역시 유성구 문지동 676	문지동	전민동	0.8169
23121	gnsoft1_251204085913_887841	1	0	36.3909895	127.4078676	대전광역시 유성구 문지동 661-3	문지동	전민동	0.8131
23122	gnsoft1_251204085925_887928	1	0	36.3927018	127.406924	대전광역시 유성구 문지동 668	문지동	전민동	0.8127
