DTCT_UID,PLC_LTTD,PLC_LGTD,ROAD_INFO,YEAR,MONTH,DAY,HOUR,WEEKDAY,SEASON,COMMUTE,COUNT_7D,COUNT_30D,COUNT_90D,crack_rate,DATE,type_pothole,type_crack,complex_damage,TA_AVG,TA_MAX,TA_MIN,RN_DAY,RN_DUR,RN_D99,SD_DAY,SD_NEW,SD_MAX,HM_AVG,SI_DAY,SS_DAY,traffic_volume,occupancy,is_weekend
gnsoft1_250714084125_11277,36.3466608,127.3538384,대전광역시 서구 월평동 114-4,2025,7,14,8,0,summer,1,1,1,1,0.0,2025-07-14,1,0,0,1544,23.4,1436,3.02,20.9,1200,22.9,2.33,18.3,29.4,4.0,3,365,19.45,0
gnsoft1_251106093349_24,36.3909767,127.4079064,대전광역시 유성구 문지동 661-3,2025,11,6,9,3,autumn,1,1,1,1,0.0,2025-11-06,1,0,0,1337,11.3,1438,2.13,-9.0,1200,-9.0,-9.0,-9.0,10.8,6.4,838,1032,24.48,0
gnsoft1_251106093431_32,36.3908773,127.4079252,대전광역시 유성구 문지동 661-3,2025,11,6,9,3,autumn,1,2,2,2,0.0,2025-11-06,1,0,0,1337,11.3,1438,2.13,-9.0,1200,-9.0,-9.0,-9.0,10.8,6.4,838,668,11.49,0
gnsoft1_251106194824_90,36.3507156,127.3681034,대전광역시 서구 갈마동 690,2025,11,6,19,3,autumn,1,1,1,1,0.0,2025-11-06,1,0,0,1337,11.3,1438,2.13,-9.0,1200,-9.0,-9.0,-9.0,10.8,6.4,838,964,34.88,0
gnsoft2_250712155250_39377,36.348692,127.3357675,대전광역시 유성구 상대동 556,2025,7,12,15,5,summer,0,1,1,1,0.0,2025-07-12,1,0,0,726,28.6,1550,3.54,-9.0,1200,-9.0,-9.0,-9.0,37.8,13.9,1,237,31.46,1
gnsoft2_251025113907_2278,36.3373946,127.412706,대전광역시 중구 중촌동 18-6,2025,10,25,11,5,autumn,0,1,1,1,0.0,2025-10-25,1,0,0,1704,14.3,1408,1.57,-9.0,1200,0.0,-9.0,-9.0,15.4,2.4,1,636,25.78,1
gnsoft2_251025120737_5711,36.3435552,127.4072009,대전광역시 중구 중촌동 266-11,2025,10,25,12,5,autumn,0,1,1,1,4.404957643,2025-10-25,1,1,1,1704,14.3,1408,1.57,-9.0,1200,0.0,-9.0,-9.0,15.4,2.4,1,672,32.22,1
gnsoft2_251025152634_29407,36.3306109,127.3707739,대전광역시 서구 변동 254-478,2025,10,25,15,5,autumn,0,1,1,1,0.0,2025-10-25,1,0,0,1704,14.3,1408,1.57,-9.0,1200,0.0,-9.0,-9.0,15.4,2.4,1,588,21.83,1
gnsoft2_251025152854_31405,36.3272046,127.3720301,대전광역시 서구 도마동 487,2025,10,25,15,5,autumn,0,1,1,1,0.0,2025-10-25,1,0,0,1704,14.3,1408,1.57,-9.0,1200,0.0,-9.0,-9.0,15.4,2.4,1,303,16.59,1
gnsoft2_251025154231_41760,36.322233,127.4120654,대전광역시 중구 오류동 195,2025,10,25,15,5,autumn,0,1,1,1,14.46720065,2025-10-25,1,1,1,1704,14.3,1408,1.57,-9.0,1200,0.0,-9.0,-9.0,15.4,2.4,1,363,18.01,1
gnsoft2_251025154307_42498,36.3208279,127.4144762,대전광역시 중구 문화동 1-18,2025,10,25,15,5,autumn,0,1,1,1,0.0,2025-10-25,1,0,0,1704,14.3,1408,1.57,-9.0,1200,0.0,-9.0,-9.0,15.4,2.4,1,275,8.45,1
gnsoft2_251025154714_44822,36.3179165,127.4230444,대전광역시 중구 대사동 227,2025,10,25,15,5,autumn,0,1,1,1,0.0,2025-10-25,1,0,0,1704,14.3,1408,1.57,-9.0,1200,0.0,-9.0,-9.0,15.4,2.4,1,210,15.84,1
gnsoft2_251026092802_60084,36.3518013,127.3485119,대전광역시 유성구 봉명동 1058,2025,10,26,9,6,autumn,1,1,1,1,0.0,2025-10-26,1,0,0,1342,13.2,1226,2.13,0.0,1200,0.0,1.15,0.0,14.1,1.3,151,364,15.99,1
gnsoft2_251026110443_66797,36.348054,127.3309326,대전광역시 유성구 상대동 556,2025,10,26,11,6,autumn,0,1,1,1,11.35499571,2025-10-26,1,1,1,1342,13.2,1226,2.13,0.0,1200,0.0,1.15,0.0,14.1,1.3,151,395,16.34,1
gnsoft2_251026110557_67708,36.3407266,127.3324674,대전광역시 유성구 상대동 490,2025,10,26,11,6,autumn,0,1,1,1,0.0,2025-10-26,1,0,0,1342,13.2,1226,2.13,0.0,1200,0.0,1.15,0.0,14.1,1.3,151,591,20.79,1
gnsoft2_251026114020_94435,36.3341402,127.4191144,대전광역시 중구 선화동 260-1,2025,10,26,11,6,autumn,0,1,1,1,0.0,2025-10-26,1,0,0,1342,13.2,1226,2.13,0.0,1200,0.0,1.15,0.0,14.1,1.3,151,507,5.08,1
gnsoft2_251026114614_96386,36.3356861,127.4245063,대전광역시 동구 삼성동 280-1,2025,10,26,11,6,autumn,0,1,1,1,0.0,2025-10-26,1,0,0,1342,13.2,1226,2.13,0.0,1200,0.0,1.15,0.0,14.1,1.3,151,277,16.54,1
gnsoft2_251027081628_113225,36.3397152,127.4208375,대전광역시 동구 삼성동 470,2025,10,27,8,0,autumn,1,1,1,1,0.0,2025-10-27,1,0,0,1514,9.5,1327,2.55,-9.0,1200,-9.0,-9.0,-9.0,10.5,9.9,2341,409,33.4,0
gnsoft2_251027082643_118420,36.3539246,127.4175106,대전광역시 대덕구 오정동 728,2025,10,27,8,0,autumn,1,1,1,1,3.273561883,2025-10-27,1,1,1,1514,9.5,1327,2.55,-9.0,1200,-9.0,-9.0,-9.0,10.5,9.9,2341,1203,29.76,0
gnsoft2_251027082710_118674,36.3552877,127.4167865,대전광역시 대덕구 오정동 728,2025,10,27,8,0,autumn,1,2,2,2,5.10698314,2025-10-27,1,1,1,1514,9.5,1327,2.55,-9.0,1200,-9.0,-9.0,-9.0,10.5,9.9,2341,977,10.67,0
gnsoft2_251027083635_3214,36.3764068,127.4130906,대전광역시 대덕구 읍내동 509-9,2025,10,27,8,0,autumn,1,1,1,1,0.0,2025-10-27,1,0,0,1514,9.5,1327,2.55,-9.0,1200,-9.0,-9.0,-9.0,10.5,9.9,2341,1059,36.36,0
gnsoft2_251027083850_4087,36.3779836,127.4105801,대전광역시 대덕구 읍내동 505-3,2025,10,27,8,0,autumn,1,1,1,1,0.0,2025-10-27,1,0,0,1514,9.5,1327,2.55,-9.0,1200,-9.0,-9.0,-9.0,10.5,9.9,2341,290,17.04,0
gnsoft2_251027192113_7673,36.3738537,127.4157698,대전광역시 대덕구 대화동 63-36,2025,10,27,19,0,autumn,1,1,1,1,2.896911892,2025-10-27,1,1,1,1514,9.5,1327,2.55,-9.0,1200,-9.0,-9.0,-9.0,10.5,9.9,2341,818,7.96,0
gnsoft2_251027192735_9208,36.3522103,127.418508,대전광역시 대덕구 오정동 728,2025,10,27,19,0,autumn,1,3,3,3,9.68851447,2025-10-27,1,1,1,1514,9.5,1327,2.55,-9.0,1200,-9.0,-9.0,-9.0,10.5,9.9,2341,718,28.04,0
gnsoft2_251027192816_9432,36.3504958,127.4194766,대전광역시 대덕구 오정동 735,2025,10,27,19,0,autumn,1,1,1,1,4.882792983,2025-10-27,1,1,1,1514,9.5,1327,2.55,-9.0,1200,-9.0,-9.0,-9.0,10.5,9.9,2341,855,9.54,0
gnsoft2_251027192923_9820,36.3449683,127.4244314,대전광역시 동구 홍도동 18-9,2025,10,27,19,0,autumn,1,1,1,1,0.0,2025-10-27,1,0,0,1514,9.5,1327,2.55,-9.0,1200,-9.0,-9.0,-9.0,10.5,9.9,2341,886,33.18,0
gnsoft2_251027192952_9990,36.3427847,127.427138,대전광역시 동구 성남동 226-3,2025,10,27,19,0,autumn,1,1,1,1,9.932436268,2025-10-27,1,1,1,1514,9.5,1327,2.55,-9.0,1200,-9.0,-9.0,-9.0,10.5,9.9,2341,1087,34.73,0
gnsoft2_251027193439_11348,36.3351048,127.4223875,대전광역시 중구 선화동 260-1,2025,10,27,19,0,autumn,1,2,2,2,0.0,2025-10-27,1,0,0,1514,9.5,1327,2.55,-9.0,1200,-9.0,-9.0,-9.0,10.5,9.9,2341,546,35.92,0
gnsoft2_251027193632_11961,36.336046,127.4206062,대전광역시 중구 선화동 920,2025,10,27,19,0,autumn,1,1,1,1,6.721393819,2025-10-27,1,1,1,1514,9.5,1327,2.55,-9.0,1200,-9.0,-9.0,-9.0,10.5,9.9,2341,885,26.29,0
gnsoft2_251028090443_18020,36.335027,127.4502945,대전광역시 동구 자양동 333,2025,10,28,9,1,autumn,1,1,1,1,9.459782718,2025-10-28,1,1,1,1513,8.5,1434,2.49,-9.0,1200,-9.0,-9.0,-9.0,9.6,10.0,2353,343,19.92,0
gnsoft2_251028164501_1132,36.330872,127.4607762,대전광역시 동구 용운동 180-13,2025,10,28,16,1,autumn,0,1,1,1,8.558166936,2025-10-28,1,1,1,1513,8.5,1434,2.49,-9.0,1200,-9.0,-9.0,-9.0,9.6,10.0,2353,485,17.64,0
gnsoft2_251028164957_4161,36.3292816,127.4431608,대전광역시 동구 대동 138-56,2025,10,28,16,1,autumn,0,1,1,1,0.0,2025-10-28,1,0,0,1513,8.5,1434,2.49,-9.0,1200,-9.0,-9.0,-9.0,9.6,10.0,2353,541,28.34,0
gnsoft2_251029083559_14514,36.3541996,127.4173074,대전광역시 대덕구 오정동 729,2025,10,29,8,2,autumn,1,1,1,1,0.0,2025-10-29,1,0,0,1533,9.6,1506,2.4,-9.0,1200,-9.0,-9.0,-9.0,9.7,9.7,849,512,21.86,0
gnsoft2_251029084604_19962,36.3749149,127.4153833,대전광역시 대덕구 읍내동 543-1,2025,10,29,8,2,autumn,1,1,1,1,0.0,2025-10-29,1,0,0,1533,9.6,1506,2.4,-9.0,1200,-9.0,-9.0,-9.0,9.7,9.7,849,1151,10.9,0
gnsoft2_251029085242_24023,36.3900312,127.4059176,대전광역시 유성구 문지동 667,2025,10,29,8,2,autumn,1,1,1,1,0.0,2025-10-29,1,0,0,1533,9.6,1506,2.4,-9.0,1200,-9.0,-9.0,-9.0,9.7,9.7,849,709,29.89,0
gnsoft2_251029233317_344,36.3915497,127.4077584,대전광역시 유성구 문지동 659-2,2025,10,29,23,2,autumn,0,1,1,1,8.750794792,2025-10-29,1,1,1,1533,9.6,1506,2.4,-9.0,1200,-9.0,-9.0,-9.0,9.7,9.7,849,728,37.16,0
gnsoft2_251029234638_3065,36.3363644,127.4204777,대전광역시 중구 선화동 920,2025,10,29,23,2,autumn,0,2,2,2,0.0,2025-10-29,1,0,0,1533,9.6,1506,2.4,-9.0,1200,-9.0,-9.0,-9.0,9.7,9.7,849,430,30.44,0
gnsoft2_251029234639_3061,36.3363323,127.4207102,대전광역시 중구 선화동 920,2025,10,29,23,2,autumn,0,3,3,3,0.0,2025-10-29,1,0,0,1533,9.6,1506,2.4,-9.0,1200,-9.0,-9.0,-9.0,9.7,9.7,849,1064,11.8,0
gnsoft2_251029234748_3665,36.3356762,127.4208805,대전광역시 중구 선화동 920,2025,10,29,23,2,autumn,0,4,4,4,10.84225654,2025-10-29,1,1,1,1533,9.6,1506,2.4,-9.0,1200,-9.0,-9.0,-9.0,9.7,9.7,849,802,40.25,0
gnsoft2_251030084638_11975,36.3554831,127.4167441,대전광역시 대덕구 오정동 108-26,2025,10,30,8,3,autumn,1,1,1,1,0.0,2025-10-30,1,0,0,438,10.2,1356,1.69,-9.0,1200,-9.0,-9.0,-9.0,10.6,6.6,852,680,11.17,0
gnsoft2_251030085336_15628,36.3753531,127.4149498,대전광역시 ,2025,10,30,8,3,autumn,1,1,1,1,4.489012139,2025-10-30,1,1,1,438,10.2,1356,1.69,-9.0,1200,-9.0,-9.0,-9.0,10.6,6.6,852,707,17.93,0
gnsoft2_251030085615_17160,36.3756518,127.4147962,대전광역시 대덕구 읍내동 543-1,2025,10,30,8,3,autumn,1,2,2,2,0.0,2025-10-30,1,0,0,438,10.2,1356,1.69,-9.0,1200,-9.0,-9.0,-9.0,10.6,6.6,852,1004,39.28,0
gnsoft2_251030195105_23320,36.3790994,127.4089072,대전광역시 유성구 원촌동 269-10,2025,10,30,19,3,autumn,1,1,1,1,0.0,2025-10-30,1,0,0,438,10.2,1356,1.69,-9.0,1200,-9.0,-9.0,-9.0,10.6,6.6,852,346,35.6,0
gnsoft2_251030195227_23479,36.3774491,127.4110319,대전광역시 대덕구 읍내동 543-37,2025,10,30,19,3,autumn,1,1,1,1,0.0,2025-10-30,1,0,0,438,10.2,1356,1.69,-9.0,1200,-9.0,-9.0,-9.0,10.6,6.6,852,598,19.25,0
gnsoft2_251030195405_23661,36.3759142,127.4142828,대전광역시 대덕구 대화동 568-39,2025,10,30,19,3,autumn,1,1,1,1,7.583990417,2025-10-30,1,1,1,438,10.2,1356,1.69,-9.0,1200,-9.0,-9.0,-9.0,10.6,6.6,852,570,23.37,0
gnsoft2_251030195432_23769,36.3732084,127.4160932,대전광역시 대덕구 읍내동 450-6,2025,10,30,19,3,autumn,1,1,1,1,0.0,2025-10-30,1,0,0,438,10.2,1356,1.69,-9.0,1200,-9.0,-9.0,-9.0,10.6,6.6,852,1124,20.54,0
gnsoft2_251030195515_23905,36.3709049,127.4181151,대전광역시 대덕구 대화동 1-29,2025,10,30,19,3,autumn,1,1,1,1,3.786898529,2025-10-30,1,1,1,438,10.2,1356,1.69,-9.0,1200,-9.0,-9.0,-9.0,10.6,6.6,852,630,28.5,0
gnsoft2_251030200617_27453,36.3356942,127.421067,대전광역시 중구 선화동 920,2025,10,30,20,3,autumn,0,5,5,5,13.8155073,2025-10-30,1,1,1,438,10.2,1356,1.69,-9.0,1200,-9.0,-9.0,-9.0,10.6,6.6,852,354,19.85,0
gnsoft2_251031082432_30831,36.3364002,127.4199303,대전광역시 중구 선화동 903,2025,10,31,8,4,autumn,1,1,1,1,0.0,2025-10-31,1,0,0,1240,12.6,1451,2.31,0.0,1200,0.2,0.17,0.0,12.7,7.5,1,851,42.26,0
gnsoft2_251031083223_35872,36.3507797,127.4193395,대전광역시 대덕구 오정동 735,2025,10,31,8,4,autumn,1,2,2,2,0.0,2025-10-31,1,0,0,1240,12.6,1451,2.31,0.0,1200,0.2,0.17,0.0,12.7,7.5,1,277,25.03,0
gnsoft2_251031083345_36955,36.3559585,127.4164607,대전광역시 대덕구 오정동 728,2025,10,31,8,4,autumn,1,4,4,4,0.0,2025-10-31,1,0,0,1240,12.6,1451,2.31,0.0,1200,0.2,0.17,0.0,12.7,7.5,1,935,9.6,0
gnsoft2_251031182858_0,36.391109,127.4073666,대전광역시 유성구 문지동 676,2025,10,31,18,4,autumn,1,1,1,1,13.05207907,2025-10-31,1,1,1,1240,12.6,1451,2.31,0.0,1200,0.2,0.17,0.0,12.7,7.5,1,629,25.61,0
gnsoft2_251031190953_0,36.3591114,127.4170711,대전광역시 대덕구 오정동 39-2,2025,10,31,19,4,autumn,1,1,1,1,0.0,2025-10-31,1,0,0,1240,12.6,1451,2.31,0.0,1200,0.2,0.17,0.0,12.7,7.5,1,281,33.84,0
gnsoft2_251031191155_0,36.3485754,127.4211426,대전광역시 대덕구 오정동 748-1,2025,10,31,19,4,autumn,1,1,1,1,0.0,2025-10-31,1,0,0,1240,12.6,1451,2.31,0.0,1200,0.2,0.17,0.0,12.7,7.5,1,669,24.24,0
gnsoft2_251102085849_59026,36.3432865,127.4121352,대전광역시 중구 중촌동 127,2025,11,2,8,6,autumn,1,1,1,1,0.0,2025-11-02,1,0,0,1336,9.4,1106,2.11,2.1,1100,-9.0,1.25,-9.0,9.9,6.7,2344,629,16.71,1
gnsoft2_251102085900_59140,36.345209,127.4114883,대전광역시 중구 중촌동 413-19,2025,11,2,8,6,autumn,1,1,1,1,12.66794477,2025-11-02,1,1,1,1336,9.4,1106,2.11,2.1,1100,-9.0,1.25,-9.0,9.9,6.7,2344,681,29.27,1
gnsoft2_251102085924_59398,36.3460354,127.4108023,대전광역시 중구 중촌동 413-99,2025,11,2,8,6,autumn,1,1,1,1,0.0,2025-11-02,1,0,0,1336,9.4,1106,2.11,2.1,1100,-9.0,1.25,-9.0,9.9,6.7,2344,406,20.31,1
gnsoft2_251102090550_0,36.3616012,127.3631847,대전광역시 서구 월평동 1517,2025,11,2,9,6,autumn,1,1,1,1,13.65080177,2025-11-02,1,1,1,1336,9.4,1106,2.11,2.1,1100,-9.0,1.25,-9.0,9.9,6.7,2344,614,26.51,1
gnsoft2_251102091207_69250,36.3488224,127.3359519,대전광역시 유성구 구암동 639,2025,11,2,9,6,autumn,1,1,1,1,0.0,2025-11-02,1,0,0,1336,9.4,1106,2.11,2.1,1100,-9.0,1.25,-9.0,9.9,6.7,2344,470,9.93,1
gnsoft2_251102112229_73101,36.3486934,127.3369186,대전광역시 유성구 상대동 556,2025,11,2,11,6,autumn,0,1,2,2,0.0,2025-11-02,1,0,0,1336,9.4,1106,2.11,2.1,1100,-9.0,1.25,-9.0,9.9,6.7,2344,585,20.8,1
gnsoft2_251102113127_79568,36.3564951,127.3106959,대전광역시 유성구 구암동 495-3,2025,11,2,11,6,autumn,0,1,1,1,0.0,2025-11-02,1,0,0,1336,9.4,1106,2.11,2.1,1100,-9.0,1.25,-9.0,9.9,6.7,2344,585,13.29,1
gnsoft2_251102113507_83690,36.3608903,127.3075027,대전광역시 유성구 구암동 686,2025,11,2,11,6,autumn,0,1,1,1,0.0,2025-11-02,1,0,0,1336,9.4,1106,2.11,2.1,1100,-9.0,1.25,-9.0,9.9,6.7,2344,516,13.76,1
gnsoft2_251102113624_84273,36.3602316,127.3076301,대전광역시 유성구 구암동 686,2025,11,2,11,6,autumn,0,2,2,2,0.0,2025-11-02,1,0,0,1336,9.4,1106,2.11,2.1,1100,-9.0,1.25,-9.0,9.9,6.7,2344,662,15.39,1
gnsoft2_251102122635_84519,36.3605615,127.3069709,대전광역시 유성구 구암동 661-1,2025,11,2,12,6,autumn,0,1,1,1,10.05648142,2025-11-02,1,1,1,1336,9.4,1106,2.11,2.1,1100,-9.0,1.25,-9.0,9.9,6.7,2344,221,18.86,1
gnsoft2_251102123306_88426,36.3667681,127.3300976,대전광역시 유성구 장대동 116-10,2025,11,2,12,6,autumn,0,1,1,1,0.0,2025-11-02,1,0,0,1336,9.4,1106,2.11,2.1,1100,-9.0,1.25,-9.0,9.9,6.7,2344,452,5.24,1
gnsoft2_251102123621_89956,36.3644767,127.3376013,대전광역시 유성구 장대동 321,2025,11,2,12,6,autumn,0,1,1,1,5.533786919,2025-11-02,1,1,1,1336,9.4,1106,2.11,2.1,1100,-9.0,1.25,-9.0,9.9,6.7,2344,302,7.8,1
gnsoft2_251102124115_92785,36.3647732,127.370039,대전광역시 서구 월평동 1501,2025,11,2,12,6,autumn,0,1,1,1,5.651191871,2025-11-02,1,1,1,1336,9.4,1106,2.11,2.1,1100,-9.0,1.25,-9.0,9.9,6.7,2344,684,29.87,1
gnsoft2_251102124543_95176,36.362788,127.3945704,대전광역시 서구 둔산동 1514,2025,11,2,12,6,autumn,0,1,1,1,0.0,2025-11-02,1,0,0,1336,9.4,1106,2.11,2.1,1100,-9.0,1.25,-9.0,9.9,6.7,2344,294,27.85,1
gnsoft2_251102124546_95219,36.3615,127.3958399,대전광역시 서구 둔산동 1514,2025,11,2,12,6,autumn,0,2,2,2,0.0,2025-11-02,1,0,0,1336,9.4,1106,2.11,2.1,1100,-9.0,1.25,-9.0,9.9,6.7,2344,358,16.03,1
gnsoft2_251102163121_107053,36.3273649,127.426615,대전광역시 중구 대흥동 630,2025,11,2,16,6,autumn,0,1,1,1,0.0,2025-11-02,1,0,0,1336,9.4,1106,2.11,2.1,1100,-9.0,1.25,-9.0,9.9,6.7,2344,663,19.23,1
gnsoft2_251102163314_108167,36.3256987,127.4276414,대전광역시 중구 대흥동 630,2025,11,2,16,6,autumn,0,2,2,2,0.0,2025-11-02,1,0,0,1336,9.4,1106,2.11,2.1,1100,-9.0,1.25,-9.0,9.9,6.7,2344,659,8.62,1
gnsoft2_251102163422_108655,36.3245678,127.4282075,대전광역시 중구 대흥동 630,2025,11,2,16,6,autumn,0,3,3,3,0.0,2025-11-02,1,0,0,1336,9.4,1106,2.11,2.1,1100,-9.0,1.25,-9.0,9.9,6.7,2344,769,19.13,1
gnsoft2_251102164038_112517,36.3151919,127.4247272,대전광역시 중구 대사동 644-20,2025,11,2,16,6,autumn,0,1,1,1,0.0,2025-11-02,1,0,0,1336,9.4,1106,2.11,2.1,1100,-9.0,1.25,-9.0,9.9,6.7,2344,475,8.28,1
gnsoft2_251103081758_125788,36.3409507,127.4217521,대전광역시 동구 삼성동 363-13,2025,11,3,8,0,autumn,1,1,1,1,12.96469479,2025-11-03,1,1,1,54,7.0,1519,2.35,-9.0,1200,-9.0,-9.0,-9.0,7.3,9.7,856,394,12.94,0
gnsoft2_251103082132_127573,36.3433953,127.422416,대전광역시 동구 삼성동 458,2025,11,3,8,0,autumn,1,1,1,1,0.0,2025-11-03,1,0,0,54,7.0,1519,2.35,-9.0,1200,-9.0,-9.0,-9.0,7.3,9.7,856,430,36.58,0
gnsoft2_251103082220_128038,36.3454451,127.4217945,대전광역시 동구 홍도동 138-24,2025,11,3,8,0,autumn,1,1,1,1,0.0,2025-11-03,1,0,0,54,7.0,1519,2.35,-9.0,1200,-9.0,-9.0,-9.0,7.3,9.7,856,301,35.55,0
gnsoft2_251103082427_129056,36.3493163,127.4207218,대전광역시 대덕구 오정동 249-1,2025,11,3,8,0,autumn,1,1,1,1,0.0,2025-11-03,1,0,0,54,7.0,1519,2.35,-9.0,1200,-9.0,-9.0,-9.0,7.3,9.7,856,547,31.79,0
gnsoft2_251103082438_129105,36.3499012,127.4201528,대전광역시 대덕구 오정동 748-1,2025,11,3,8,0,autumn,1,2,2,2,0.0,2025-11-03,1,0,0,54,7.0,1519,2.35,-9.0,1200,-9.0,-9.0,-9.0,7.3,9.7,856,609,18.89,0
gnsoft2_251103084145_136647,36.3777406,127.4109035,대전광역시 대덕구 읍내동 505-36,2025,11,3,8,0,autumn,1,1,1,1,0.0,2025-11-03,1,0,0,54,7.0,1519,2.35,-9.0,1200,-9.0,-9.0,-9.0,7.3,9.7,856,518,31.74,0
gnsoft2_251103105354_140598,36.3899677,127.4051266,대전광역시 유성구 문지동 667,2025,11,3,10,0,autumn,0,2,2,2,1.568281594,2025-11-03,1,1,1,54,7.0,1519,2.35,-9.0,1200,-9.0,-9.0,-9.0,7.3,9.7,856,576,19.78,0
gnsoft2_251103105545_141410,36.3808954,127.4065132,대전광역시 유성구 원촌동 90,2025,11,3,10,0,autumn,0,1,1,1,0.0,2025-11-03,1,0,0,54,7.0,1519,2.35,-9.0,1200,-9.0,-9.0,-9.0,7.3,9.7,856,959,17.36,0
gnsoft2_251103110435_0,36.358903,127.4155229,대전광역시 대덕구 오정동 707,2025,11,3,11,0,autumn,0,1,1,1,14.34941017,2025-11-03,1,1,1,54,7.0,1519,2.35,-9.0,1200,-9.0,-9.0,-9.0,7.3,9.7,856,1087,21.65,0
gnsoft2_251103132001_175664,36.3688186,127.4202103,대전광역시 대덕구 읍내동 463-2,2025,11,3,13,0,autumn,0,1,1,1,0.0,2025-11-03,1,0,0,54,7.0,1519,2.35,-9.0,1200,-9.0,-9.0,-9.0,7.3,9.7,856,474,31.64,0
gnsoft2_251103132802_180317,36.3906276,127.4069502,대전광역시 유성구 문지동 668,2025,11,3,13,0,autumn,0,1,1,1,0.0,2025-11-03,1,0,0,54,7.0,1519,2.35,-9.0,1200,-9.0,-9.0,-9.0,7.3,9.7,856,992,30.53,0
gnsoft2_251103182553_511,36.3910584,127.4069291,대전광역시 유성구 문지동 668,2025,11,3,18,0,autumn,1,2,2,2,8.313534172,2025-11-03,1,1,1,54,7.0,1519,2.35,-9.0,1200,-9.0,-9.0,-9.0,7.3,9.7,856,893,24.71,0
gnsoft2_251103183815_2519,36.3793692,127.4084746,대전광역시 유성구 원촌동 45-12,2025,11,3,18,0,autumn,1,1,1,1,0.0,2025-11-03,1,0,0,54,7.0,1519,2.35,-9.0,1200,-9.0,-9.0,-9.0,7.3,9.7,856,802,9.02,0
gnsoft2_251103184447_3689,36.3759021,127.414396,대전광역시 대덕구 대화동 568-39,2025,11,3,18,0,autumn,1,2,2,2,10.37719822,2025-11-03,1,1,1,54,7.0,1519,2.35,-9.0,1200,-9.0,-9.0,-9.0,7.3,9.7,856,887,11.99,0
gnsoft2_251103184518_3880,36.37355,127.4158963,대전광역시 대덕구 대화동 63-36,2025,11,3,18,0,autumn,1,2,2,2,0.0,2025-11-03,1,0,0,54,7.0,1519,2.35,-9.0,1200,-9.0,-9.0,-9.0,7.3,9.7,856,946,10.87,0
gnsoft2_251103184547_3993,36.3724587,127.4165696,대전광역시 대덕구 대화동 568-6,2025,11,3,18,0,autumn,1,1,1,1,0.0,2025-11-03,1,0,0,54,7.0,1519,2.35,-9.0,1200,-9.0,-9.0,-9.0,7.3,9.7,856,695,35.5,0
gnsoft2_251103184605_4031,36.3704213,127.4186986,대전광역시 대덕구 대화동 568-16,2025,11,3,18,0,autumn,1,1,1,1,14.78003291,2025-11-03,1,1,1,54,7.0,1519,2.35,-9.0,1200,-9.0,-9.0,-9.0,7.3,9.7,856,891,38.89,0
gnsoft2_251103185203_5685,36.3582915,127.4167405,대전광역시 대덕구 오정동 728,2025,11,3,18,0,autumn,1,3,5,5,6.186768687,2025-11-03,1,1,1,54,7.0,1519,2.35,-9.0,1200,-9.0,-9.0,-9.0,7.3,9.7,856,435,17.72,0
gnsoft2_251103190415_9477,36.3356631,127.4211188,대전광역시 중구 선화동 920,2025,11,3,19,0,autumn,1,6,6,6,0.0,2025-11-03,1,0,0,54,7.0,1519,2.35,-9.0,1200,-9.0,-9.0,-9.0,7.3,9.7,856,354,31.3,0
gnsoft2_251104074151_11708,36.3361112,127.4200096,대전광역시 중구 선화동 920,2025,11,4,7,1,autumn,0,6,7,7,0.0,2025-11-04,1,0,0,1627,10.5,1504,2.27,-9.0,1200,-9.0,-9.0,-9.0,9.7,8.0,1,759,19.12,0
gnsoft2_251104074806_16060,36.3452078,127.4199482,대전광역시 대덕구 오정동 753,2025,11,4,7,1,autumn,0,1,1,1,10.44345109,2025-11-04,1,1,1,1627,10.5,1504,2.27,-9.0,1200,-9.0,-9.0,-9.0,9.7,8.0,1,970,39.05,0
gnsoft2_251104074936_17038,36.3487274,127.4196831,대전광역시 대덕구 오정동 735,2025,11,4,7,1,autumn,0,2,3,3,0.0,2025-11-04,1,0,0,1627,10.5,1504,2.27,-9.0,1200,-9.0,-9.0,-9.0,9.7,8.0,1,820,16.19,0
gnsoft2_251104074937_17058,36.3497625,127.4197337,대전광역시 대덕구 오정동 254-1,2025,11,4,7,1,autumn,0,1,1,1,0.0,2025-11-04,1,0,0,1627,10.5,1504,2.27,-9.0,1200,-9.0,-9.0,-9.0,9.7,8.0,1,439,29.99,0
gnsoft2_251104075016_17516,36.3503587,127.4195061,대전광역시 대덕구 오정동 735,2025,11,4,7,1,autumn,0,3,4,4,0.0,2025-11-04,1,0,0,1627,10.5,1504,2.27,-9.0,1200,-9.0,-9.0,-9.0,9.7,8.0,1,598,36.37,0
gnsoft2_251104075143_18707,36.3555067,127.4165931,대전광역시 대덕구 오정동 686-5,2025,11,4,7,1,autumn,0,1,1,1,0.0,2025-11-04,1,0,0,1627,10.5,1504,2.27,-9.0,1200,-9.0,-9.0,-9.0,9.7,8.0,1,412,23.37,0
gnsoft2_251104075220_19414,36.3583592,127.4168059,대전광역시 대덕구 오정동 728,2025,11,4,7,1,autumn,0,3,6,6,12.45231591,2025-11-04,1,1,1,1627,10.5,1504,2.27,-9.0,1200,-9.0,-9.0,-9.0,9.7,8.0,1,1099,12.48,0
gnsoft2_251104201001_28945,36.3911181,127.4067368,대전광역시 유성구 문지동 675,2025,11,4,20,1,autumn,0,1,1,1,8.229378244,2025-11-04,1,1,1,1627,10.5,1504,2.27,-9.0,1200,-9.0,-9.0,-9.0,9.7,8.0,1,984,9.83,0
gnsoft2_251104201023_29140,36.3902114,127.4066724,대전광역시 유성구 문지동 667,2025,11,4,20,1,autumn,0,3,3,3,0.0,2025-11-04,1,0,0,1627,10.5,1504,2.27,-9.0,1200,-9.0,-9.0,-9.0,9.7,8.0,1,696,41.99,0
gnsoft2_251104202248_32338,36.3461296,127.4104474,대전광역시 중구 중촌동 166-3,2025,11,4,20,1,autumn,0,1,1,1,0.0,2025-11-04,1,0,0,1627,10.5,1504,2.27,-9.0,1200,-9.0,-9.0,-9.0,9.7,8.0,1,738,7.37,0
gnsoft2_251104202704_33875,36.3351279,127.4178133,대전광역시 중구 선화동 260-1,2025,11,4,20,1,autumn,0,1,3,3,0.0,2025-11-04,1,0,0,1627,10.5,1504,2.27,-9.0,1200,-9.0,-9.0,-9.0,9.7,8.0,1,901,18.37,0
gnsoft2_251105082308_39610,36.3407658,127.4214702,대전광역시 동구 삼성동 363-6,2025,11,5,8,2,autumn,1,1,1,1,0.0,2025-11-05,1,0,0,1630,10.4,1502,2.04,-9.0,1200,-9.0,-9.0,-9.0,10.3,7.3,921,584,17.64,0
gnsoft2_251105083454_47865,36.3692116,127.4199592,대전광역시 대덕구 읍내동 543-13,2025,11,5,8,2,autumn,1,1,1,1,0.0,2025-11-05,1,0,0,1630,10.4,1502,2.04,-9.0,1200,-9.0,-9.0,-9.0,10.3,7.3,921,509,34.88,0
gnsoft2_251105083800_48878,36.3750144,127.4152757,대전광역시 대덕구 읍내동 543-1,2025,11,5,8,2,autumn,1,3,3,3,0.0,2025-11-05,1,0,0,1630,10.4,1502,2.04,-9.0,1200,-9.0,-9.0,-9.0,10.3,7.3,921,693,6.67,0
gnsoft2_251105084759_55428,36.3900954,127.4067678,대전광역시 유성구 문지동 667,2025,11,5,8,2,autumn,1,4,4,4,2.549989708,2025-11-05,1,1,1,1630,10.4,1502,2.04,-9.0,1200,-9.0,-9.0,-9.0,10.3,7.3,921,331,26.79,0
gnsoft2_251105114503_65381,36.3362592,127.4206504,대전광역시 중구 선화동 920,2025,11,5,11,2,autumn,0,7,8,8,0.0,2025-11-05,1,0,0,1630,10.4,1502,2.04,-9.0,1200,-9.0,-9.0,-9.0,10.3,7.3,921,839,31.13,0
gnsoft2_251105123927_66871,36.3370087,127.4206364,대전광역시 중구 선화동 260-1,2025,11,5,12,2,autumn,0,2,4,4,0.0,2025-11-05,1,0,0,1630,10.4,1502,2.04,-9.0,1200,-9.0,-9.0,-9.0,10.3,7.3,921,691,34.38,0
gnsoft2_251105124326_70959,36.3461958,127.4186087,대전광역시 대덕구 오정동 753,2025,11,5,12,2,autumn,0,2,2,2,0.0,2025-11-05,1,0,0,1630,10.4,1502,2.04,-9.0,1200,-9.0,-9.0,-9.0,10.3,7.3,921,316,28.9,0
gnsoft2_251105124334_71091,36.3466278,127.418671,대전광역시 대덕구 오정동 735,2025,11,5,12,2,autumn,0,4,5,5,9.106112406,2025-11-05,1,1,1,1630,10.4,1502,2.04,-9.0,1200,-9.0,-9.0,-9.0,10.3,7.3,921,431,17.92,0
gnsoft2_251105125808_81502,36.3904508,127.406893,대전광역시 유성구 문지동 668,2025,11,5,12,2,autumn,0,3,3,3,0.0,2025-11-05,1,0,0,1630,10.4,1502,2.04,-9.0,1200,-9.0,-9.0,-9.0,10.3,7.3,921,1135,15.04,0
gnsoft2_251105190902_87206,36.3514335,127.4017051,대전광역시 서구 둔산동 2168,2025,11,5,19,2,autumn,1,1,1,1,14.0872026,2025-11-05,1,1,1,1630,10.4,1502,2.04,-9.0,1200,-9.0,-9.0,-9.0,10.3,7.3,921,443,27.06,0
gnsoft2_251106081917_91672,36.3356756,127.4208808,대전광역시 중구 선화동 920,2025,11,6,8,3,autumn,1,5,9,9,0.0,2025-11-06,1,0,0,1337,11.3,1438,2.13,-9.0,1200,-9.0,-9.0,-9.0,10.8,6.4,838,1109,11.21,0
gnsoft2_251106082426_94560,36.3416442,127.4226485,대전광역시 동구 삼성동 480-1,2025,11,6,8,3,autumn,1,1,1,1,0.0,2025-11-06,1,0,0,1337,11.3,1438,2.13,-9.0,1200,-9.0,-9.0,-9.0,10.8,6.4,838,437,13.57,0
gnsoft2_251106082606_95279,36.3429115,127.4229774,대전광역시 동구 삼성동 458,2025,11,6,8,3,autumn,1,2,2,2,0.0,2025-11-06,1,0,0,1337,11.3,1438,2.13,-9.0,1200,-9.0,-9.0,-9.0,10.8,6.4,838,369,14.59,0
gnsoft2_251106083413_101752,36.3686463,127.4201827,대전광역시 대덕구 대화동 561-4,2025,11,6,8,3,autumn,1,1,1,1,0.0,2025-11-06,1,0,0,1337,11.3,1438,2.13,-9.0,1200,-9.0,-9.0,-9.0,10.8,6.4,838,666,34.68,0
gnsoft2_251106083443_102133,36.3696215,127.4195437,대전광역시 대덕구 대화동 1-29,2025,11,6,8,3,autumn,1,2,2,2,2.659848157,2025-11-06,1,1,1,1337,11.3,1438,2.13,-9.0,1200,-9.0,-9.0,-9.0,10.8,6.4,838,858,14.94,0
gnsoft2_251106083535_102460,36.3712935,127.4177931,대전광역시 대덕구 대화동 568-16,2025,11,6,8,3,autumn,1,2,2,2,0.0,2025-11-06,1,0,0,1337,11.3,1438,2.13,-9.0,1200,-9.0,-9.0,-9.0,10.8,6.4,838,1094,19.14,0
gnsoft2_251107083240_12103,36.3450895,127.4213258,대전광역시 동구 홍도동 138-8,2025,11,7,8,4,autumn,1,1,1,1,1.48155084,2025-11-07,1,1,1,2128,13.3,1516,2.17,-9.0,1200,-9.0,-9.0,-9.0,11.9,6.3,811,914,36.03,0
gnsoft2_251107083311_12770,36.3466743,127.4213711,대전광역시 동구 홍도동 862,2025,11,7,8,4,autumn,1,1,1,1,0.0,2025-11-07,1,0,0,2128,13.3,1516,2.17,-9.0,1200,-9.0,-9.0,-9.0,11.9,6.3,811,944,9.78,0
gnsoft2_251107083439_13740,36.3503058,127.4197359,대전광역시 대덕구 오정동 236-7,2025,11,7,8,4,autumn,1,1,1,1,0.0,2025-11-07,1,0,0,2128,13.3,1516,2.17,-9.0,1200,-9.0,-9.0,-9.0,11.9,6.3,811,431,34.9,0
gnsoft2_251107084210_20031,36.3745744,127.415464,대전광역시 대덕구 대화동 90-1,2025,11,7,8,4,autumn,1,1,1,1,0.0,2025-11-07,1,0,0,2128,13.3,1516,2.17,-9.0,1200,-9.0,-9.0,-9.0,11.9,6.3,811,966,41.73,0
gnsoft2_251107084306_20209,36.3750882,127.415191,대전광역시 대덕구 읍내동 543-1,2025,11,7,8,4,autumn,1,2,4,4,0.0,2025-11-07,1,0,0,2128,13.3,1516,2.17,-9.0,1200,-9.0,-9.0,-9.0,11.9,6.3,811,757,27.49,0
gnsoft2_251108100754_51075,36.3311843,127.3888612,대전광역시 서구 가장동 190,2025,11,8,10,5,autumn,0,1,1,1,2.327922481,2025-11-08,1,1,1,106,13.7,1407,1.13,0.4,1000,0.4,3.33,-9.0,13.1,0.4,628,511,19.88,1
gnsoft2_251108101545_0,36.3226214,127.4136711,대전광역시 중구 문화동 1-18,2025,11,8,10,5,autumn,0,1,2,2,0.0,2025-11-08,1,0,0,106,13.7,1407,1.13,0.4,1000,0.4,3.33,-9.0,13.1,0.4,628,185,6.89,1
gnsoft2_251108101554_57108,36.3224081,127.415559,대전광역시 중구 문화동 1-9,2025,11,8,10,5,autumn,0,1,1,1,0.0,2025-11-08,1,0,0,106,13.7,1407,1.13,0.4,1000,0.4,3.33,-9.0,13.1,0.4,628,582,11.34,1
gnsoft2_251108104805_57486,36.3222974,127.4155885,대전광역시 중구 문화동 1-9,2025,11,8,10,5,autumn,0,2,2,2,0.0,2025-11-08,1,0,0,106,13.7,1407,1.13,0.4,1000,0.4,3.33,-9.0,13.1,0.4,628,467,33.63,1
gnsoft2_251108104844_58023,36.322801,127.4155273,대전광역시 중구 문화동 1-18,2025,11,8,10,5,autumn,0,2,3,3,0.0,2025-11-08,1,0,0,106,13.7,1407,1.13,0.4,1000,0.4,3.33,-9.0,13.1,0.4,628,454,21.03,1
gnsoft2_251108105304_61741,36.3332696,127.4194692,대전광역시 중구 선화동 260-1,2025,11,8,10,5,autumn,0,3,5,5,2.183098741,2025-11-08,1,1,1,106,13.7,1407,1.13,0.4,1000,0.4,3.33,-9.0,13.1,0.4,628,171,27.4,1
gnsoft2_251108122658_74793,36.3527458,127.4104689,대전광역시 대덕구 오정동 726,2025,11,8,12,5,autumn,0,1,1,1,6.769876045,2025-11-08,1,1,1,106,13.7,1407,1.13,0.4,1000,0.4,3.33,-9.0,13.1,0.4,628,228,18.43,1
gnsoft2_251108122920_77814,36.357706,127.4017326,대전광역시 서구 둔산동 1556,2025,11,8,12,5,autumn,0,1,1,1,11.97753049,2025-11-08,1,1,1,106,13.7,1407,1.13,0.4,1000,0.4,3.33,-9.0,13.1,0.4,628,470,5.87,1
gnsoft2_251108145432_92918,36.3384979,127.4203774,대전광역시 동구 성남동 491-2,2025,11,8,14,5,autumn,0,1,1,1,0.0,2025-11-08,1,0,0,106,13.7,1407,1.13,0.4,1000,0.4,3.33,-9.0,13.1,0.4,628,204,37.49,1
gnsoft2_251108150035_98641,36.3211434,127.4149509,대전광역시 중구 문화동 1-14,2025,11,8,15,5,autumn,0,1,1,1,12.11232064,2025-11-08,1,1,1,106,13.7,1407,1.13,0.4,1000,0.4,3.33,-9.0,13.1,0.4,628,499,20.04,1
gnsoft2_251108150225_101068,36.3227626,127.4146683,대전광역시 중구 문화동 1-18,2025,11,8,15,5,autumn,0,3,4,4,0.0,2025-11-08,1,0,0,106,13.7,1407,1.13,0.4,1000,0.4,3.33,-9.0,13.1,0.4,628,515,21.29,1
gnsoft2_251108150826_105799,36.3357601,127.4210928,대전광역시 중구 선화동 920,2025,11,8,15,5,autumn,0,5,10,10,0.0,2025-11-08,1,0,0,106,13.7,1407,1.13,0.4,1000,0.4,3.33,-9.0,13.1,0.4,628,260,8.08,1
gnsoft2_251109113025_111923,36.3274715,127.432361,대전광역시 동구 원동 85-1,2025,11,9,11,6,autumn,0,1,1,1,0.0,2025-11-09,1,0,0,1345,13.7,1305,1.95,0.0,1300,-9.0,0.75,-9.0,13.0,6.8,1,534,25.47,1
gnsoft2_251109120803_112525,36.3278166,127.4325978,대전광역시 동구 원동 60-5,2025,11,9,12,6,autumn,0,1,1,1,0.0,2025-11-09,1,0,0,1345,13.7,1305,1.95,0.0,1300,-9.0,0.75,-9.0,13.0,6.8,1,526,20.91,1
gnsoft2_251109121501_117588,36.3149843,127.4404402,대전광역시 동구 효동 295-1,2025,11,9,12,6,autumn,0,1,1,1,10.78160659,2025-11-09,1,1,1,1345,13.7,1305,1.95,0.0,1300,-9.0,0.75,-9.0,13.0,6.8,1,464,5.59,1
gnsoft2_251109121508_117763,36.3129728,127.4412242,대전광역시 동구 효동 122-5,2025,11,9,12,6,autumn,0,1,1,1,0.0,2025-11-09,1,0,0,1345,13.7,1305,1.95,0.0,1300,-9.0,0.75,-9.0,13.0,6.8,1,721,19.34,1
gnsoft2_251109122446_122082,36.3095026,127.4428196,대전광역시 중구 석교동 102-7,2025,11,9,12,6,autumn,0,1,1,1,0.0,2025-11-09,1,0,0,1345,13.7,1305,1.95,0.0,1300,-9.0,0.75,-9.0,13.0,6.8,1,213,19.57,1
gnsoft2_251109122532_123198,36.3077246,127.4456947,대전광역시 중구 석교동 102-7,2025,11,9,12,6,autumn,0,2,2,2,0.0,2025-11-09,1,0,0,1345,13.7,1305,1.95,0.0,1300,-9.0,0.75,-9.0,13.0,6.8,1,206,15.77,1
gnsoft2_251109122646_123431,36.3068883,127.4473145,대전광역시 중구 석교동 102-7,2025,11,9,12,6,autumn,0,3,3,3,0.0,2025-11-09,1,0,0,1345,13.7,1305,1.95,0.0,1300,-9.0,0.75,-9.0,13.0,6.8,1,520,20.86,1
gnsoft2_251109122707_123843,36.3064128,127.4478316,대전광역시 중구 석교동 102-7,2025,11,9,12,6,autumn,0,4,4,4,0.0,2025-11-09,1,0,0,1345,13.7,1305,1.95,0.0,1300,-9.0,0.75,-9.0,13.0,6.8,1,380,22.22,1
gnsoft2_251109122721_124213,36.3050043,127.4491891,대전광역시 중구 호동 27-1,2025,11,9,12,6,autumn,0,1,1,1,0.0,2025-11-09,1,0,0,1345,13.7,1305,1.95,0.0,1300,-9.0,0.75,-9.0,13.0,6.8,1,582,7.72,1
gnsoft2_251109122742_124861,36.3039875,127.4500923,대전광역시 중구 호동 27-1,2025,11,9,12,6,autumn,0,2,2,2,13.02974412,2025-11-09,1,1,1,1345,13.7,1305,1.95,0.0,1300,-9.0,0.75,-9.0,13.0,6.8,1,544,25.99,1
gnsoft2_251109122805_125463,36.3011992,127.4524596,대전광역시 중구 옥계동 51-1,2025,11,9,12,6,autumn,0,1,1,1,8.95351672,2025-11-09,1,1,1,1345,13.7,1305,1.95,0.0,1300,-9.0,0.75,-9.0,13.0,6.8,1,270,13.85,1
gnsoft2_251109122848_127227,36.2963949,127.4586255,대전광역시 동구 대성동 167-9,2025,11,9,12,6,autumn,0,1,1,1,11.47371333,2025-11-09,1,1,1,1345,13.7,1305,1.95,0.0,1300,-9.0,0.75,-9.0,13.0,6.8,1,592,27.85,1
gnsoft2_251109122901_127515,36.2941719,127.4613222,대전광역시 동구 대성동 205-5,2025,11,9,12,6,autumn,0,1,1,1,0.0,2025-11-09,1,0,0,1345,13.7,1305,1.95,0.0,1300,-9.0,0.75,-9.0,13.0,6.8,1,444,26.83,1
gnsoft2_251109122917_127757,36.2935642,127.4617014,대전광역시 동구 대성동 208-9,2025,11,9,12,6,autumn,0,1,1,1,5.716213953,2025-11-09,1,1,1,1345,13.7,1305,1.95,0.0,1300,-9.0,0.75,-9.0,13.0,6.8,1,287,7.28,1
gnsoft2_251109122933_128001,36.2909231,127.462813,대전광역시 동구 대성동 396,2025,11,9,12,6,autumn,0,1,1,1,0.0,2025-11-09,1,0,0,1345,13.7,1305,1.95,0.0,1300,-9.0,0.75,-9.0,13.0,6.8,1,208,19.09,1
gnsoft2_251109145200_129495,36.2900828,127.4629399,대전광역시 동구 대성동 285-3,2025,11,9,14,6,autumn,0,1,1,1,0.0,2025-11-09,1,0,0,1345,13.7,1305,1.95,0.0,1300,-9.0,0.75,-9.0,13.0,6.8,1,545,12.23,1
gnsoft2_251109145236_130276,36.291759,127.4626353,대전광역시 동구 대성동 396,2025,11,9,14,6,autumn,0,2,2,2,5.150386869,2025-11-09,1,1,1,1345,13.7,1305,1.95,0.0,1300,-9.0,0.75,-9.0,13.0,6.8,1,310,27.48,1
gnsoft2_251109145334_131344,36.2969708,127.4569718,대전광역시 중구 옥계동 194-6,2025,11,9,14,6,autumn,0,1,1,1,14.78021746,2025-11-09,1,1,1,1345,13.7,1305,1.95,0.0,1300,-9.0,0.75,-9.0,13.0,6.8,1,364,11.28,1
gnsoft2_251109145435_132500,36.3026786,127.4512548,대전광역시 중구 옥계동 51-1,2025,11,9,14,6,autumn,0,2,2,2,0.0,2025-11-09,1,0,0,1345,13.7,1305,1.95,0.0,1300,-9.0,0.75,-9.0,13.0,6.8,1,635,21.92,1
gnsoft2_251109145454_132805,36.3039796,127.4501974,대전광역시 중구 호동 27-1,2025,11,9,14,6,autumn,0,3,3,3,0.0,2025-11-09,1,0,0,1345,13.7,1305,1.95,0.0,1300,-9.0,0.75,-9.0,13.0,6.8,1,636,32.47,1
gnsoft2_251109145942_135979,36.3125727,127.441671,대전광역시 동구 천동 117-2,2025,11,9,14,6,autumn,0,1,1,1,0.0,2025-11-09,1,0,0,1345,13.7,1305,1.95,0.0,1300,-9.0,0.75,-9.0,13.0,6.8,1,349,32.2,1
gnsoft2_251109150000_136316,36.3142277,127.4407682,대전광역시 동구 효동 127-3,2025,11,9,15,6,autumn,0,1,1,1,0.0,2025-11-09,1,0,0,1345,13.7,1305,1.95,0.0,1300,-9.0,0.75,-9.0,13.0,6.8,1,653,24.84,1
gnsoft2_251109150301_137978,36.3209356,127.4382735,대전광역시 동구 인동 352,2025,11,9,15,6,autumn,0,1,1,1,0.0,2025-11-09,1,0,0,1345,13.7,1305,1.95,0.0,1300,-9.0,0.75,-9.0,13.0,6.8,1,500,12.99,1
gnsoft2_251109150321_138187,36.3223745,127.437511,대전광역시 동구 인동 352,2025,11,9,15,6,autumn,0,2,2,2,8.349885956,2025-11-09,1,1,1,1345,13.7,1305,1.95,0.0,1300,-9.0,0.75,-9.0,13.0,6.8,1,579,21.3,1
gnsoft2_251109150410_138622,36.3253299,127.4359647,대전광역시 동구 원동 406-2,2025,11,9,15,6,autumn,0,1,1,1,0.0,2025-11-09,1,0,0,1345,13.7,1305,1.95,0.0,1300,-9.0,0.75,-9.0,13.0,6.8,1,308,25.78,1
gnsoft2_251109151612_143216,36.3363796,127.4203562,대전광역시 중구 선화동 920,2025,11,9,15,6,autumn,0,6,11,11,9.867886632,2025-11-09,1,1,1,1345,13.7,1305,1.95,0.0,1300,-9.0,0.75,-9.0,13.0,6.8,1,569,24.39,1
gnsoft2_251109213301_147736,36.3389582,127.4122357,대전광역시 중구 중촌동 466,2025,11,9,21,6,autumn,0,1,1,1,0.0,2025-11-09,1,0,0,1345,13.7,1305,1.95,0.0,1300,-9.0,0.75,-9.0,13.0,6.8,1,412,18.48,1
gnsoft2_251109213514_148482,36.3366077,127.4203308,대전광역시 중구 선화동 260-1,2025,11,9,21,6,autumn,0,4,6,6,0.0,2025-11-09,1,0,0,1345,13.7,1305,1.95,0.0,1300,-9.0,0.75,-9.0,13.0,6.8,1,601,25.19,1
gnsoft2_251109213528_148617,36.336305,127.4204598,대전광역시 중구 선화동 920,2025,11,9,21,6,autumn,0,7,12,12,2.948581953,2025-11-09,1,1,1,1345,13.7,1305,1.95,0.0,1300,-9.0,0.75,-9.0,13.0,6.8,1,374,17.76,1
gnsoft2_251110082715_154234,36.3443209,127.4210778,대전광역시 동구 삼성동 458,2025,11,10,8,0,autumn,1,2,3,3,13.26098832,2025-11-10,1,1,1,352,8.9,1447,2.31,-9.0,1200,-9.0,-9.0,-9.0,8.0,9.6,906,917,20.48,0
gnsoft2_251110082717_154301,36.3453984,127.4217315,대전광역시 동구 홍도동 138-25,2025,11,10,8,0,autumn,1,1,1,1,10.87915952,2025-11-10,1,1,1,352,8.9,1447,2.31,-9.0,1200,-9.0,-9.0,-9.0,8.0,9.6,906,712,18.75,0
gnsoft2_251110082930_155298,36.3495989,127.420431,대전광역시 대덕구 오정동 677-9,2025,11,10,8,0,autumn,1,1,1,1,0.0,2025-11-10,1,0,0,352,8.9,1447,2.31,-9.0,1200,-9.0,-9.0,-9.0,8.0,9.6,906,587,36.82,0
gnsoft2_251110083014_155640,36.3508296,127.4192625,대전광역시 대덕구 오정동 735,2025,11,10,8,0,autumn,1,4,6,6,0.0,2025-11-10,1,0,0,352,8.9,1447,2.31,-9.0,1200,-9.0,-9.0,-9.0,8.0,9.6,906,993,27.46,0
gnsoft2_251110083201_156735,36.3549396,127.416977,대전광역시 대덕구 오정동 728,2025,11,10,8,0,autumn,1,3,7,7,0.0,2025-11-10,1,0,0,352,8.9,1447,2.31,-9.0,1200,-9.0,-9.0,-9.0,8.0,9.6,906,639,19.47,0
gnsoft2_251110083815_160638,36.3745633,127.415359,대전광역시 대덕구 대화동 63-36,2025,11,10,8,0,autumn,1,2,3,3,3.234101451,2025-11-10,1,1,1,352,8.9,1447,2.31,-9.0,1200,-9.0,-9.0,-9.0,8.0,9.6,906,553,16.04,0
gnsoft2_251110181347_167097,36.3907357,127.40799,대전광역시 유성구 문지동 661-3,2025,11,10,18,0,autumn,1,3,3,3,0.0,2025-11-10,1,0,0,352,8.9,1447,2.31,-9.0,1200,-9.0,-9.0,-9.0,8.0,9.6,906,794,28.78,0
gnsoft2_251110181431_167246,36.3901487,127.4067646,대전광역시 유성구 문지동 667,2025,11,10,18,0,autumn,1,3,5,5,5.97219018,2025-11-10,1,1,1,352,8.9,1447,2.31,-9.0,1200,-9.0,-9.0,-9.0,8.0,9.6,906,492,19.4,0
gnsoft2_251110181621_167844,36.3894595,127.4049562,대전광역시 유성구 문지동 105-6,2025,11,10,18,0,autumn,1,1,1,1,0.0,2025-11-10,1,0,0,352,8.9,1447,2.31,-9.0,1200,-9.0,-9.0,-9.0,8.0,9.6,906,1124,18.59,0
gnsoft2_251110181741_168258,36.3865983,127.4050545,대전광역시 유성구 원촌동 141-2,2025,11,10,18,0,autumn,1,1,1,1,0.0,2025-11-10,1,0,0,352,8.9,1447,2.31,-9.0,1200,-9.0,-9.0,-9.0,8.0,9.6,906,411,17.17,0
gnsoft2_251110181948_168640,36.3841401,127.4054674,대전광역시 유성구 원촌동 135-2,2025,11,10,18,0,autumn,1,1,1,1,0.0,2025-11-10,1,0,0,352,8.9,1447,2.31,-9.0,1200,-9.0,-9.0,-9.0,8.0,9.6,906,358,15.53,0
gnsoft2_251110182015_168737,36.3821217,127.406116,대전광역시 유성구 원촌동 90,2025,11,10,18,0,autumn,1,1,2,2,0.0,2025-11-10,1,0,0,352,8.9,1447,2.31,-9.0,1200,-9.0,-9.0,-9.0,8.0,9.6,906,458,18.44,0
gnsoft2_251110182044_168759,36.3818829,127.4062027,대전광역시 유성구 원촌동 90,2025,11,10,18,0,autumn,1,2,3,3,0.0,2025-11-10,1,0,0,352,8.9,1447,2.31,-9.0,1200,-9.0,-9.0,-9.0,8.0,9.6,906,1101,34.2,0
gnsoft2_251110182257_169736,36.3805107,127.4066234,대전광역시 유성구 원촌동 90,2025,11,10,18,0,autumn,1,3,4,4,3.44352318,2025-11-10,1,1,1,352,8.9,1447,2.31,-9.0,1200,-9.0,-9.0,-9.0,8.0,9.6,906,292,15.54,0
gnsoft2_251110182900_170538,36.3792879,127.4086323,대전광역시 유성구 원촌동 269-10,2025,11,10,18,0,autumn,1,1,2,2,0.0,2025-11-10,1,0,0,352,8.9,1447,2.31,-9.0,1200,-9.0,-9.0,-9.0,8.0,9.6,906,448,11.52,0
gnsoft2_251110183206_170769,36.3789239,127.4091388,대전광역시 유성구 원촌동 266,2025,11,10,18,0,autumn,1,1,1,1,0.0,2025-11-10,1,0,0,352,8.9,1447,2.31,-9.0,1200,-9.0,-9.0,-9.0,8.0,9.6,906,1043,38.35,0
gnsoft2_251110183656_171417,36.3764047,127.4128279,대전광역시 대덕구 읍내동 509-9,2025,11,10,18,0,autumn,1,1,2,2,0.0,2025-11-10,1,0,0,352,8.9,1447,2.31,-9.0,1200,-9.0,-9.0,-9.0,8.0,9.6,906,543,39.69,0
gnsoft2_251110183856_171583,36.3754327,127.4148294,대전광역시 대덕구 대화동 568-33,2025,11,10,18,0,autumn,1,1,1,1,0.0,2025-11-10,1,0,0,352,8.9,1447,2.31,-9.0,1200,-9.0,-9.0,-9.0,8.0,9.6,906,915,11.81,0
gnsoft2_251110183927_171692,36.3743077,127.4154939,대전광역시 대덕구 대화동 63-36,2025,11,10,18,0,autumn,1,3,4,4,6.229612668,2025-11-10,1,1,1,352,8.9,1447,2.31,-9.0,1200,-9.0,-9.0,-9.0,8.0,9.6,906,882,27.42,0
gnsoft2_251110183944_0,36.3732325,127.4160299,대전광역시 대덕구 읍내동 450-6,2025,11,10,18,0,autumn,1,1,2,2,0.0,2025-11-10,1,0,0,352,8.9,1447,2.31,-9.0,1200,-9.0,-9.0,-9.0,8.0,9.6,906,546,13.03,0
gnsoft2_251110183958_171821,36.3722483,127.4167235,대전광역시 대덕구 대화동 568-6,2025,11,10,18,0,autumn,1,2,2,2,6.706807466,2025-11-10,1,1,1,352,8.9,1447,2.31,-9.0,1200,-9.0,-9.0,-9.0,8.0,9.6,906,1036,11.21,0
gnsoft2_251110184013_0,36.3716016,127.4173741,대전광역시 대덕구 대화동 1-9,2025,11,10,18,0,autumn,1,1,1,1,13.08403183,2025-11-10,1,1,1,352,8.9,1447,2.31,-9.0,1200,-9.0,-9.0,-9.0,8.0,9.6,906,496,34.68,0
gnsoft2_251110184722_173433,36.3560556,127.4163432,대전광역시 대덕구 오정동 404-10,2025,11,10,18,0,autumn,1,1,1,1,7.230028023,2025-11-10,1,1,1,352,8.9,1447,2.31,-9.0,1200,-9.0,-9.0,-9.0,8.0,9.6,906,400,32.46,0
gnsoft2_251110184741_173551,36.355713,127.4164732,대전광역시 대덕구 오정동 686-5,2025,11,10,18,0,autumn,1,2,2,2,0.0,2025-11-10,1,0,0,352,8.9,1447,2.31,-9.0,1200,-9.0,-9.0,-9.0,8.0,9.6,906,1072,14.98,0
gnsoft2_251110184757_173689,36.353938,127.4174414,대전광역시 대덕구 오정동 429-24,2025,11,10,18,0,autumn,1,1,1,1,0.0,2025-11-10,1,0,0,352,8.9,1447,2.31,-9.0,1200,-9.0,-9.0,-9.0,8.0,9.6,906,479,42.27,0
gnsoft2_251110184804_173768,36.3531435,127.4179564,대전광역시 대덕구 오정동 728,2025,11,10,18,0,autumn,1,4,8,8,0.0,2025-11-10,1,0,0,352,8.9,1447,2.31,-9.0,1200,-9.0,-9.0,-9.0,8.0,9.6,906,941,39.55,0
gnsoft2_251110184826_173915,36.3511347,127.4190859,대전광역시 대덕구 오정동 445-9,2025,11,10,18,0,autumn,1,1,1,1,1.93191571,2025-11-10,1,1,1,352,8.9,1447,2.31,-9.0,1200,-9.0,-9.0,-9.0,8.0,9.6,906,1039,24.92,0
gnsoft2_251110184933_174265,36.3475714,127.4219522,대전광역시 동구 홍도동 826-3,2025,11,10,18,0,autumn,1,1,1,1,0.0,2025-11-10,1,0,0,352,8.9,1447,2.31,-9.0,1200,-9.0,-9.0,-9.0,8.0,9.6,906,414,23.18,0
gnsoft2_251110184955_174368,36.3473155,127.4221547,대전광역시 동구 홍도동 826-3,2025,11,10,18,0,autumn,1,2,2,2,0.0,2025-11-10,1,0,0,352,8.9,1447,2.31,-9.0,1200,-9.0,-9.0,-9.0,8.0,9.6,906,724,35.73,0
gnsoft2_251110185017_174513,36.3455607,127.4239057,대전광역시 동구 홍도동 825-2,2025,11,10,18,0,autumn,1,1,1,1,0.0,2025-11-10,1,0,0,352,8.9,1447,2.31,-9.0,1200,-9.0,-9.0,-9.0,8.0,9.6,906,524,38.54,0
gnsoft2_251110185032_174590,36.3438065,127.425851,대전광역시 동구 홍도동 16-35,2025,11,10,18,0,autumn,1,1,1,1,0.0,2025-11-10,1,0,0,352,8.9,1447,2.31,-9.0,1200,-9.0,-9.0,-9.0,8.0,9.6,906,950,36.85,0
gnsoft2_251110185048_174689,36.3425761,127.427323,대전광역시 동구 성남동 226-3,2025,11,10,18,0,autumn,1,1,2,2,0.0,2025-11-10,1,0,0,352,8.9,1447,2.31,-9.0,1200,-9.0,-9.0,-9.0,8.0,9.6,906,583,38.37,0
gnsoft2_251110185102_174752,36.3413728,127.428438,대전광역시 동구 성남동 226-13,2025,11,10,18,0,autumn,1,1,1,1,0.0,2025-11-10,1,0,0,352,8.9,1447,2.31,-9.0,1200,-9.0,-9.0,-9.0,8.0,9.6,906,1128,30.6,0
gnsoft2_251110185119_0,36.3407718,127.4289864,대전광역시 동구 삼성동 466-5,2025,11,10,18,0,autumn,1,1,1,1,11.53128836,2025-11-10,1,1,1,352,8.9,1447,2.31,-9.0,1200,-9.0,-9.0,-9.0,8.0,9.6,906,569,26.02,0
gnsoft2_251110185404_176264,36.3376525,127.4283474,대전광역시 동구 삼성동 457,2025,11,10,18,0,autumn,1,1,1,1,9.275194149,2025-11-10,1,1,1,352,8.9,1447,2.31,-9.0,1200,-9.0,-9.0,-9.0,8.0,9.6,906,974,34.72,0
gnsoft2_251110185607_176984,36.3356019,127.4212047,대전광역시 중구 선화동 920,2025,11,10,18,0,autumn,1,8,13,13,0.0,2025-11-10,1,0,0,352,8.9,1447,2.31,-9.0,1200,-9.0,-9.0,-9.0,8.0,9.6,906,430,21.11,0
gnsoft2_251110185643_177394,36.336046,127.4206062,대전광역시 중구 선화동 920,2025,11,10,18,0,autumn,1,9,14,14,0.0,2025-11-10,1,0,0,352,8.9,1447,2.31,-9.0,1200,-9.0,-9.0,-9.0,8.0,9.6,906,998,21.92,0
gnsoft2_251111080851_178390,36.3363379,127.4206062,대전광역시 중구 선화동 920,2025,11,11,8,1,autumn,1,8,15,15,0.0,2025-11-11,1,0,0,1358,8.2,1509,2.21,-9.0,1100,-9.0,-9.0,-9.0,7.7,8.0,2220,697,25.95,0
gnsoft2_251111081012_179461,36.3362745,127.4195667,대전광역시 중구 선화동 903,2025,11,11,8,1,autumn,1,1,2,2,0.0,2025-11-11,1,0,0,1358,8.2,1509,2.21,-9.0,1100,-9.0,-9.0,-9.0,7.7,8.0,2220,732,21.0,0
gnsoft2_251111081353_181448,36.3408705,127.4214937,대전광역시 동구 삼성동 458,2025,11,11,8,1,autumn,1,3,4,4,0.0,2025-11-11,1,0,0,1358,8.2,1509,2.21,-9.0,1100,-9.0,-9.0,-9.0,7.7,8.0,2220,351,13.62,0
gnsoft2_251111081418_181767,36.341373,127.4223252,대전광역시 동구 삼성동 480-1,2025,11,11,8,1,autumn,1,2,2,2,4.265954715,2025-11-11,1,1,1,1358,8.2,1509,2.21,-9.0,1100,-9.0,-9.0,-9.0,7.7,8.0,2220,930,38.9,0
gnsoft2_251111081520_182009,36.3424494,127.4236784,대전광역시 동구 삼성동 458,2025,11,11,8,1,autumn,1,4,5,5,0.0,2025-11-11,1,0,0,1358,8.2,1509,2.21,-9.0,1100,-9.0,-9.0,-9.0,7.7,8.0,2220,287,20.02,0
gnsoft2_251111081623_182440,36.3445329,127.4239053,대전광역시 동구 홍도동 17-1,2025,11,11,8,1,autumn,1,1,1,1,14.55020097,2025-11-11,1,1,1,1358,8.2,1509,2.21,-9.0,1100,-9.0,-9.0,-9.0,7.7,8.0,2220,358,9.68,0
gnsoft2_251111082142_184990,36.3535923,127.4177761,대전광역시 대덕구 오정동 687-1,2025,11,11,8,1,autumn,1,1,1,1,0.0,2025-11-11,1,0,0,1358,8.2,1509,2.21,-9.0,1100,-9.0,-9.0,-9.0,7.7,8.0,2220,902,14.89,0
gnsoft2_251111082210_185234,36.3554388,127.4166569,대전광역시 대덕구 오정동 728,2025,11,11,8,1,autumn,1,3,9,9,0.0,2025-11-11,1,0,0,1358,8.2,1509,2.21,-9.0,1100,-9.0,-9.0,-9.0,7.7,8.0,2220,746,11.88,0
gnsoft2_251111082221_185302,36.3563331,127.4163292,대전광역시 대덕구 오정동 728,2025,11,11,8,1,autumn,1,4,10,10,0.0,2025-11-11,1,0,0,1358,8.2,1509,2.21,-9.0,1100,-9.0,-9.0,-9.0,7.7,8.0,2220,931,9.28,0
gnsoft2_251111082316_186073,36.3588966,127.417027,대전광역시 대덕구 오정동 41-2,2025,11,11,8,1,autumn,1,1,1,1,0.0,2025-11-11,1,0,0,1358,8.2,1509,2.21,-9.0,1100,-9.0,-9.0,-9.0,7.7,8.0,2220,351,14.57,0
gnsoft2_251111082339_186325,36.3597618,127.4173442,대전광역시 대덕구 오정동 40-9,2025,11,11,8,1,autumn,1,1,1,1,0.0,2025-11-11,1,0,0,1358,8.2,1509,2.21,-9.0,1100,-9.0,-9.0,-9.0,7.7,8.0,2220,992,41.31,0
gnsoft2_251111082724_188111,36.3677811,127.417822,대전광역시 대덕구 대화동 16-333,2025,11,11,8,1,autumn,1,1,1,1,11.98685896,2025-11-11,1,1,1,1358,8.2,1509,2.21,-9.0,1100,-9.0,-9.0,-9.0,7.7,8.0,2220,603,21.62,0
gnsoft2_251111082737_188303,36.3677025,127.4153274,대전광역시 대덕구 대화동 37-9,2025,11,11,8,1,autumn,1,1,1,1,0.0,2025-11-11,1,0,0,1358,8.2,1509,2.21,-9.0,1100,-9.0,-9.0,-9.0,7.7,8.0,2220,989,38.91,0
gnsoft2_251111082751_188445,36.3680949,127.4139367,대전광역시 대덕구 대화동 38-39,2025,11,11,8,1,autumn,1,1,1,1,4.012041134,2025-11-11,1,1,1,1358,8.2,1509,2.21,-9.0,1100,-9.0,-9.0,-9.0,7.7,8.0,2220,332,7.6,0
gnsoft2_251111083550_192308,36.3778443,127.4108057,대전광역시 대덕구 읍내동 505-3,2025,11,11,8,1,autumn,1,1,2,2,3.816705407,2025-11-11,1,1,1,1358,8.2,1509,2.21,-9.0,1100,-9.0,-9.0,-9.0,7.7,8.0,2220,992,35.41,0
RAD01_240119162357_441,36.384627,127.3434593,대전광역시 유성구 신성동 산 26-12,2024,2,6,10,1,winter,0,1,1,1,0.0,2024-02-06,1,0,0,1747,1.7,1559,0.56,1.1,1500,0.0,10.08,-9.0,3.7,0.0,1042,525,7.03,0
RAD01_240119162610_0,36.398713,127.3578639,대전광역시 유성구 장동 202-11,2024,1,19,16,4,winter,0,1,1,1,0.0,2024-01-19,1,0,0,1044,5.9,1256,2.08,-9.0,1200,0.0,-9.0,-9.0,5.5,3.1,955,717,6.51,0
RAD01_240119162611_0,36.3987826,127.3580054,대전광역시 유성구 장동 202-11,2024,1,19,16,4,winter,0,2,2,2,0.0,2024-01-19,1,0,0,1044,5.9,1256,2.08,-9.0,1200,0.0,-9.0,-9.0,5.5,3.1,955,540,28.26,0
RAD01_240119163618_0,36.4278992,127.387323,대전광역시 유성구 관평동 1286,2024,1,19,16,4,winter,0,1,1,1,0.0,2024-01-19,1,0,0,1044,5.9,1256,2.08,-9.0,1200,0.0,-9.0,-9.0,5.5,3.1,955,602,19.93,0
RAD01_240119163629_608,36.4277407,127.3877235,대전광역시 유성구 관평동 1286,2024,1,19,16,4,winter,0,2,2,2,0.0,2024-01-19,1,0,0,1044,5.9,1256,2.08,-9.0,1200,0.0,-9.0,-9.0,5.5,3.1,955,960,10.69,0
RAD01_240119164934_756,36.3947088,127.4063607,대전광역시 유성구 문지동 668,2024,1,19,16,4,winter,0,1,1,1,7.752774253,2024-01-19,1,1,1,1044,5.9,1256,2.08,-9.0,1200,0.0,-9.0,-9.0,5.5,3.1,955,581,16.6,0
RAD01_240119164934_757,36.3947088,127.4063607,대전광역시 유성구 문지동 668,2024,1,19,16,4,winter,0,2,2,2,1.388679698,2024-01-19,1,1,1,1044,5.9,1256,2.08,-9.0,1200,0.0,-9.0,-9.0,5.5,3.1,955,432,24.29,0
RAD01_240123131440_0,36.3947369,127.4064668,대전광역시 유성구 문지동 636-5,2024,1,23,13,1,winter,0,1,1,1,0.0,2024-01-23,1,0,0,1454,-9.2,1240,1.64,0.1,1100,0.1,12.75,-9.0,-3.3,4.1,239,326,27.95,0
RAD01_240123131442_0,36.3947396,127.4063573,대전광역시 유성구 문지동 636-5,2024,1,23,13,1,winter,0,2,2,2,0.0,2024-01-23,1,0,0,1454,-9.2,1240,1.64,0.1,1100,0.1,12.75,-9.0,-3.3,4.1,239,413,32.0,0
RAD01_240123131531_778,36.3947283,127.4064311,대전광역시 유성구 문지동 668,2024,1,31,17,2,winter,0,1,3,3,0.0,2024-01-31,1,0,0,1332,5.9,1448,2.15,0.0,1300,-9.0,0.77,-9.0,4.5,5.4,206,690,11.69,0
RAD01_240213153936_834,36.3585467,127.3395623,대전광역시 유성구 장대동 373,2024,2,13,15,1,winter,0,1,1,1,0.0,2024-02-13,1,0,0,1302,8.4,1445,2.41,-9.0,1300,0.0,-9.0,-9.0,6.2,8.4,221,407,10.8,0
RAD01_240213154014_910,36.3578354,127.3393284,대전광역시 유성구 장대동 371,2024,2,13,15,1,winter,0,1,1,1,0.0,2024-02-13,1,0,0,1302,8.4,1445,2.41,-9.0,1300,0.0,-9.0,-9.0,6.2,8.4,221,535,37.34,0
RAD01_240213154015_910,36.3578351,127.3393027,대전광역시 유성구 장대동 371,2024,2,13,15,1,winter,0,2,2,2,0.0,2024-02-13,1,0,0,1302,8.4,1445,2.41,-9.0,1300,0.0,-9.0,-9.0,6.2,8.4,221,1107,8.79,0
RAD01_240219102657_862,36.358133,127.3308762,대전광역시 유성구 장대동 214-1,2024,2,19,10,0,winter,0,1,1,1,0.0,2024-02-19,1,0,0,1349,9.8,1344,0.59,16.6,1300,1.2,13.83,-9.0,9.7,0.0,2253,647,15.7,0
RAD01_240219102749_988,36.3570298,127.3314584,대전광역시 유성구 구암동 527-66,2024,2,19,10,0,winter,0,1,1,1,0.0,2024-02-19,1,0,0,1349,9.8,1344,0.59,16.6,1300,1.2,13.83,-9.0,9.7,0.0,2253,581,20.54,0
RAD01_240219103007_1358,36.3475661,127.3253124,대전광역시 유성구 구암동 225-4,2024,2,19,10,0,winter,0,1,1,1,0.0,2024-02-19,1,0,0,1349,9.8,1344,0.59,16.6,1300,1.2,13.83,-9.0,9.7,0.0,2253,542,17.46,0
RAD01_240219103208_0,36.3310185,127.31368,대전광역시 유성구 용계동 384-3,2024,2,19,10,0,winter,0,1,1,1,13.44562795,2024-02-19,1,1,1,1349,9.8,1344,0.59,16.6,1300,1.2,13.83,-9.0,9.7,0.0,2253,440,46.09,0
RAD01_240219103318_1679,36.3242027,127.312385,대전광역시 유성구 용계동 402-11,2024,2,19,10,0,winter,0,1,1,1,0.0,2024-02-19,1,0,0,1349,9.8,1344,0.59,16.6,1300,1.2,13.83,-9.0,9.7,0.0,2253,408,15.8,0
RAD01_240219104141_0,36.2853379,127.310041,대전광역시 유성구 방동 19-25,2024,2,19,10,0,winter,0,1,1,1,0.0,2024-02-19,1,0,0,1349,9.8,1344,0.59,16.6,1300,1.2,13.83,-9.0,9.7,0.0,2253,581,9.88,0
RAD01_240219104141_2309,36.2853379,127.310041,대전광역시 유성구 방동 19-25,2024,2,19,10,0,winter,0,2,2,2,0.0,2024-02-19,1,0,0,1349,9.8,1344,0.59,16.6,1300,1.2,13.83,-9.0,9.7,0.0,2253,274,33.33,0
RAD01_240219104725_2461,36.2892073,127.3042381,대전광역시 유성구 방동 산 5-6,2024,2,19,10,0,winter,0,1,1,1,0.0,2024-02-19,1,0,0,1349,9.8,1344,0.59,16.6,1300,1.2,13.83,-9.0,9.7,0.0,2253,340,20.38,0
RAD01_240219105109_0,36.3064217,127.2916407,대전광역시 유성구 성북동 731,2024,2,19,10,0,winter,0,1,1,1,0.0,2024-02-19,1,0,0,1349,9.8,1344,0.59,16.6,1300,1.2,13.83,-9.0,9.7,0.0,2253,580,14.52,0
RAD01_240219105316_0,36.314643,127.2845264,대전광역시 유성구 성북동 663-3,2024,2,19,10,0,winter,0,1,1,1,0.0,2024-02-19,1,0,0,1349,9.8,1344,0.59,16.6,1300,1.2,13.83,-9.0,9.7,0.0,2253,575,37.34,0
RAD01_240228095318_25,36.3679095,127.3179348,대전광역시 유성구 노은동 583,2024,2,28,9,2,winter,1,1,1,1,7.844106537,2024-02-28,1,1,1,8,6.3,1637,2.16,-9.0,1200,-9.0,-9.0,-9.0,5.9,3.7,916,764,36.9,0
RAD01_240228095320_0,36.3680735,127.317937,대전광역시 유성구 노은동 583,2024,2,28,9,2,winter,1,2,2,2,0.0,2024-02-28,1,0,0,8,6.3,1637,2.16,-9.0,1200,-9.0,-9.0,-9.0,5.9,3.7,916,1112,10.71,0
RAD01_240228095338_0,36.3698051,127.3179408,대전광역시 유성구 노은동 583,2024,2,28,9,2,winter,1,3,3,3,12.60723935,2024-02-28,1,1,1,8,6.3,1637,2.16,-9.0,1200,-9.0,-9.0,-9.0,5.9,3.7,916,437,6.27,0
RAD01_240228095338_56,36.3698051,127.3179408,대전광역시 유성구 노은동 583,2024,2,28,9,2,winter,1,4,4,4,0.0,2024-02-28,1,0,0,8,6.3,1637,2.16,-9.0,1200,-9.0,-9.0,-9.0,5.9,3.7,916,398,9.87,0
RAD01_240228095344_0,36.3704938,127.3179494,대전광역시 유성구 노은동 583,2024,2,28,9,2,winter,1,5,5,5,0.0,2024-02-28,1,0,0,8,6.3,1637,2.16,-9.0,1200,-9.0,-9.0,-9.0,5.9,3.7,916,591,22.57,0
RAD01_240228095344_74,36.3704938,127.3179494,대전광역시 유성구 노은동 583,2024,2,28,9,2,winter,1,6,6,6,7.765974269,2024-02-28,1,1,1,8,6.3,1637,2.16,-9.0,1200,-9.0,-9.0,-9.0,5.9,3.7,916,813,14.06,0
RAD01_240228095345_0,36.3706104,127.3179487,대전광역시 유성구 노은동 583,2024,2,28,9,2,winter,1,7,7,7,0.0,2024-02-28,1,0,0,8,6.3,1637,2.16,-9.0,1200,-9.0,-9.0,-9.0,5.9,3.7,916,648,10.1,0
RAD01_240228095346_0,36.3707234,127.3179481,대전광역시 유성구 노은동 583,2024,2,28,9,2,winter,1,8,8,8,0.0,2024-02-28,1,0,0,8,6.3,1637,2.16,-9.0,1200,-9.0,-9.0,-9.0,5.9,3.7,916,338,21.07,0
RAD01_240228095346_104,36.3707234,127.3179481,대전광역시 유성구 노은동 583,2024,2,28,9,2,winter,1,9,9,9,0.0,2024-02-28,1,0,0,8,6.3,1637,2.16,-9.0,1200,-9.0,-9.0,-9.0,5.9,3.7,916,800,27.03,0
RAD01_240228095347_0,36.3708335,127.3179467,대전광역시 유성구 노은동 583,2024,2,28,9,2,winter,1,10,10,10,0.0,2024-02-28,1,0,0,8,6.3,1637,2.16,-9.0,1200,-9.0,-9.0,-9.0,5.9,3.7,916,383,16.15,0
RAD01_240228095637_0,36.3772019,127.3179964,대전광역시 유성구 지족동 946,2024,2,28,9,2,winter,1,1,1,1,1.794932266,2024-02-28,1,1,1,8,6.3,1637,2.16,-9.0,1200,-9.0,-9.0,-9.0,5.9,3.7,916,1035,17.55,0
RAD01_240228100056_454,36.3891324,127.3230918,대전광역시 유성구 하기동 603,2024,2,28,10,2,winter,0,1,1,1,10.99085913,2024-02-28,1,1,1,8,6.3,1637,2.16,-9.0,1200,-9.0,-9.0,-9.0,5.9,3.7,916,626,23.35,0
RAD01_240228100328_0,36.3863707,127.3388738,대전광역시 유성구 하기동 148-12,2024,2,28,10,2,winter,0,1,1,1,0.0,2024-02-28,1,0,0,8,6.3,1637,2.16,-9.0,1200,-9.0,-9.0,-9.0,5.9,3.7,916,982,9.31,0
RAD01_240228100553_0,36.3849861,127.3433102,대전광역시 유성구 신성동 산 26-8,2024,2,28,10,2,winter,0,1,1,1,2.736746045,2024-02-28,1,1,1,8,6.3,1637,2.16,-9.0,1200,-9.0,-9.0,-9.0,5.9,3.7,916,662,39.38,0
RAD01_240228100627_0,36.3891955,127.3447508,대전광역시 유성구 하기동 26-3,2024,2,28,10,2,winter,0,1,1,1,8.462436046,2024-02-28,1,1,1,8,6.3,1637,2.16,-9.0,1200,-9.0,-9.0,-9.0,5.9,3.7,916,451,28.99,0
RAD01_240228100628_0,36.3893236,127.3448486,대전광역시 유성구 하기동 20-7,2024,2,28,10,2,winter,0,1,1,1,3.241282478,2024-02-28,1,1,1,8,6.3,1637,2.16,-9.0,1200,-9.0,-9.0,-9.0,5.9,3.7,916,385,13.05,0
RAD01_240228123320_0,36.3868535,127.3630185,대전광역시 유성구 장동 산 17-45,2024,2,28,12,2,winter,0,1,1,1,0.0,2024-02-28,1,0,0,8,6.3,1637,2.16,-9.0,1200,-9.0,-9.0,-9.0,5.9,3.7,916,561,19.25,0
RAD01_240228123449_0,36.3843426,127.3640941,대전광역시 유성구 가정동 산 16-5,2024,2,28,12,2,winter,0,1,1,1,0.0,2024-02-28,1,0,0,8,6.3,1637,2.16,-9.0,1200,-9.0,-9.0,-9.0,5.9,3.7,916,335,27.57,0
RAD01_240228123450_0,36.3842919,127.3641628,대전광역시 유성구 가정동 산 16-5,2024,2,28,12,2,winter,0,2,2,2,5.312120304,2024-02-28,1,1,1,8,6.3,1637,2.16,-9.0,1200,-9.0,-9.0,-9.0,5.9,3.7,916,852,22.85,0
RAD01_240228145248_0,36.4128809,127.3781164,대전광역시 유성구 화암동 120-3,2024,2,28,14,2,winter,0,1,1,1,0.0,2024-02-28,1,0,0,8,6.3,1637,2.16,-9.0,1200,-9.0,-9.0,-9.0,5.9,3.7,916,446,32.38,0
RAD01_240228145407_0,36.40712,127.3737935,대전광역시 유성구 방현동 349,2024,2,28,14,2,winter,0,1,1,1,0.0,2024-02-28,1,0,0,8,6.3,1637,2.16,-9.0,1200,-9.0,-9.0,-9.0,5.9,3.7,916,764,9.05,0
RAD01_240228145410_0,36.4070017,127.3733759,대전광역시 유성구 방현동 9-12,2024,2,28,14,2,winter,0,1,1,1,9.333513577,2024-02-28,1,1,1,8,6.3,1637,2.16,-9.0,1200,-9.0,-9.0,-9.0,5.9,3.7,916,960,35.97,0
RAD01_240228145411_0,36.4069627,127.3732369,대전광역시 유성구 방현동 9-12,2024,2,28,14,2,winter,0,2,2,2,4.515263127,2024-02-28,1,1,1,8,6.3,1637,2.16,-9.0,1200,-9.0,-9.0,-9.0,5.9,3.7,916,392,14.73,0
RAD01_240228145433_0,36.4061274,127.3699225,대전광역시 유성구 방현동 386,2024,2,28,14,2,winter,0,1,1,1,0.0,2024-02-28,1,0,0,8,6.3,1637,2.16,-9.0,1200,-9.0,-9.0,-9.0,5.9,3.7,916,385,16.09,0
RAD01_240228145452_0,36.405175,127.3669247,대전광역시 유성구 방현동 52-2,2024,2,28,14,2,winter,0,1,1,1,0.0,2024-02-28,1,0,0,8,6.3,1637,2.16,-9.0,1200,-9.0,-9.0,-9.0,5.9,3.7,916,859,20.09,0
RAD01_240228145453_0,36.4050936,127.3667867,대전광역시 유성구 방현동 46-3,2024,2,28,14,2,winter,0,1,1,1,0.0,2024-02-28,1,0,0,8,6.3,1637,2.16,-9.0,1200,-9.0,-9.0,-9.0,5.9,3.7,916,391,23.2,0
RAD01_240228145513_0,36.4031048,127.3644805,대전광역시 유성구 장동 산 1-17,2024,2,28,14,2,winter,0,1,1,1,0.0,2024-02-28,1,0,0,8,6.3,1637,2.16,-9.0,1200,-9.0,-9.0,-9.0,5.9,3.7,916,1088,38.96,0
RAD01_240228145525_0,36.402108,127.3633649,대전광역시 유성구 장동 12-16,2024,2,28,14,2,winter,0,1,1,1,12.66842406,2024-02-28,1,1,1,8,6.3,1637,2.16,-9.0,1200,-9.0,-9.0,-9.0,5.9,3.7,916,519,14.59,0
RAD01_240228145525_6865,36.402108,127.3633649,대전광역시 유성구 장동 12-16,2024,2,28,14,2,winter,0,2,2,2,0.0,2024-02-28,1,0,0,8,6.3,1637,2.16,-9.0,1200,-9.0,-9.0,-9.0,5.9,3.7,916,913,22.44,0
RAD01_240228145526_6970,36.402108,127.3633649,대전광역시 유성구 장동 12-16,2024,2,28,14,2,winter,0,3,3,3,0.0,2024-02-28,1,0,0,8,6.3,1637,2.16,-9.0,1200,-9.0,-9.0,-9.0,5.9,3.7,916,947,32.23,0
RAD01_240228145528_6994,36.4018474,127.3630709,대전광역시 유성구 장동 242-7,2024,2,28,14,2,winter,0,1,1,1,6.475158314,2024-02-28,1,1,1,8,6.3,1637,2.16,-9.0,1200,-9.0,-9.0,-9.0,5.9,3.7,916,989,35.44,0
RAD01_240228145542_7141,36.4005483,127.3614934,대전광역시 유성구 장동 393-10,2024,2,28,14,2,winter,0,1,1,1,0.0,2024-02-28,1,0,0,8,6.3,1637,2.16,-9.0,1200,-9.0,-9.0,-9.0,5.9,3.7,916,867,36.74,0
RAD01_240228153123_0,36.3854381,127.3582719,대전광역시 유성구 신성동 420-26,2024,2,28,15,2,winter,0,1,1,1,0.0,2024-02-28,1,0,0,8,6.3,1637,2.16,-9.0,1200,-9.0,-9.0,-9.0,5.9,3.7,916,773,6.23,0
RAD01_240228153125_0,36.3854789,127.3580382,대전광역시 유성구 신성동 421,2024,2,28,15,2,winter,0,1,1,1,8.516110427,2024-02-28,1,1,1,8,6.3,1637,2.16,-9.0,1200,-9.0,-9.0,-9.0,5.9,3.7,916,457,27.55,0
RAD01_240228153126_0,36.3854999,127.3579175,대전광역시 유성구 신성동 421,2024,2,28,15,2,winter,0,2,2,2,0.0,2024-02-28,1,0,0,8,6.3,1637,2.16,-9.0,1200,-9.0,-9.0,-9.0,5.9,3.7,916,982,36.25,0
RAD01_240228153839_0,36.3915143,127.327846,대전광역시 유성구 하기동 603,2024,2,28,15,2,winter,0,2,2,2,0.0,2024-02-28,1,0,0,8,6.3,1637,2.16,-9.0,1200,-9.0,-9.0,-9.0,5.9,3.7,916,857,34.91,0
RAD01_240228154447_0,36.3871202,127.3254328,대전광역시 유성구 하기동 598,2024,2,28,15,2,winter,0,1,1,1,0.0,2024-02-28,1,0,0,8,6.3,1637,2.16,-9.0,1200,-9.0,-9.0,-9.0,5.9,3.7,916,415,7.51,0
RAD01_240228154447_8371,36.3871202,127.3254328,대전광역시 유성구 하기동 598,2024,2,28,15,2,winter,0,2,2,2,0.0,2024-02-28,1,0,0,8,6.3,1637,2.16,-9.0,1200,-9.0,-9.0,-9.0,5.9,3.7,916,369,23.39,0
RAD01_240228154449_8373,36.3871151,127.3253464,대전광역시 유성구 하기동 598,2024,2,28,15,2,winter,0,3,3,3,9.230639052,2024-02-28,1,1,1,8,6.3,1637,2.16,-9.0,1200,-9.0,-9.0,-9.0,5.9,3.7,916,514,12.04,0
RAD01_240228154954_0,36.3856895,127.3210416,대전광역시 유성구 하기동 576,2024,2,28,15,2,winter,0,1,1,1,0.0,2024-02-28,1,0,0,8,6.3,1637,2.16,-9.0,1200,-9.0,-9.0,-9.0,5.9,3.7,916,534,29.33,0
RAD01_240228154955_0,36.3855952,127.3210021,대전광역시 유성구 하기동 576,2024,2,28,15,2,winter,0,2,2,2,4.872118872,2024-02-28,1,1,1,8,6.3,1637,2.16,-9.0,1200,-9.0,-9.0,-9.0,5.9,3.7,916,889,36.66,0
RAD01_240228155047_0,36.3848241,127.3216116,대전광역시 유성구 하기동 585,2024,2,28,15,2,winter,0,1,1,1,0.0,2024-02-28,1,0,0,8,6.3,1637,2.16,-9.0,1200,-9.0,-9.0,-9.0,5.9,3.7,916,1038,34.71,0
RAD01_240228155047_8590,36.3848241,127.3216116,대전광역시 유성구 하기동 585,2024,2,28,15,2,winter,0,2,2,2,9.8309308,2024-02-28,1,1,1,8,6.3,1637,2.16,-9.0,1200,-9.0,-9.0,-9.0,5.9,3.7,916,1148,34.05,0
RAD01_240228155048_8601,36.3847894,127.3216508,대전광역시 유성구 하기동 585,2024,2,28,15,2,winter,0,3,3,3,0.0,2024-02-28,1,0,0,8,6.3,1637,2.16,-9.0,1200,-9.0,-9.0,-9.0,5.9,3.7,916,650,33.61,0
RAD01_240228155051_0,36.3846796,127.3217723,대전광역시 유성구 하기동 585,2024,2,28,15,2,winter,0,4,4,4,0.0,2024-02-28,1,0,0,8,6.3,1637,2.16,-9.0,1200,-9.0,-9.0,-9.0,5.9,3.7,916,947,22.56,0
RAD01_240228155107_0,36.3840117,127.3223719,대전광역시 유성구 하기동 585,2024,2,28,15,2,winter,0,5,5,5,0.0,2024-02-28,1,0,0,8,6.3,1637,2.16,-9.0,1200,-9.0,-9.0,-9.0,5.9,3.7,916,1100,19.4,0
RAD01_240228155126_0,36.3832674,127.3228578,대전광역시 유성구 죽동 630,2024,2,28,15,2,winter,0,1,1,1,0.0,2024-02-28,1,0,0,8,6.3,1637,2.16,-9.0,1200,-9.0,-9.0,-9.0,5.9,3.7,916,1078,38.55,0
RAD01_240228155126_8735,36.3832674,127.3228578,대전광역시 유성구 죽동 630,2024,2,28,15,2,winter,0,2,2,2,0.0,2024-02-28,1,0,0,8,6.3,1637,2.16,-9.0,1200,-9.0,-9.0,-9.0,5.9,3.7,916,931,39.21,0
RAD01_240228155127_8734,36.3832251,127.3228831,대전광역시 유성구 죽동 630,2024,2,28,15,2,winter,0,3,3,3,12.68050825,2024-02-28,1,1,1,8,6.3,1637,2.16,-9.0,1200,-9.0,-9.0,-9.0,5.9,3.7,916,651,37.0,0
RAD01_240228155127_8755,36.3832251,127.3228831,대전광역시 유성구 죽동 630,2024,2,28,15,2,winter,0,4,4,4,0.0,2024-02-28,1,0,0,8,6.3,1637,2.16,-9.0,1200,-9.0,-9.0,-9.0,5.9,3.7,916,320,12.29,0
RAD01_240229103554_0,36.3946284,127.3494326,대전광역시 유성구 자운동 515-21,2024,2,29,10,3,winter,0,1,5,5,0.0,2024-02-29,1,0,0,2400,5.1,1247,0.6,0.2,1400,0.2,3.0,-9.0,5.5,0.0,49,523,41.21,0
RAD01_240229122518_0,36.3980075,127.3565902,대전광역시 유성구 장동 419-1,2024,2,29,12,3,winter,0,1,1,1,0.0,2024-02-29,1,0,0,2400,5.1,1247,0.6,0.2,1400,0.2,3.0,-9.0,5.5,0.0,49,369,22.57,0
RAD01_240229122524_0,36.3984571,127.3574104,대전광역시 유성구 장동 364-4,2024,2,29,12,3,winter,0,1,1,1,5.117446212,2024-02-29,1,1,1,2400,5.1,1247,0.6,0.2,1400,0.2,3.0,-9.0,5.5,0.0,49,832,39.59,0
RAD01_240229122530_0,36.3989113,127.3583179,대전광역시 유성구 장동 202-10,2024,2,29,12,3,winter,0,1,1,1,0.0,2024-02-29,1,0,0,2400,5.1,1247,0.6,0.2,1400,0.2,3.0,-9.0,5.5,0.0,49,356,34.74,0
RAD01_240229123038_0,36.417917,127.3785369,대전광역시 유성구 관평동 657-1,2024,2,29,12,3,winter,0,1,1,1,3.019272204,2024-02-29,1,1,1,2400,5.1,1247,0.6,0.2,1400,0.2,3.0,-9.0,5.5,0.0,49,379,36.97,0
RAD01_240229123100_0,36.4196966,127.3802026,대전광역시 유성구 덕진동 산 14-3,2024,2,29,12,3,winter,0,1,1,1,9.784247747,2024-02-29,1,1,1,2400,5.1,1247,0.6,0.2,1400,0.2,3.0,-9.0,5.5,0.0,49,553,12.93,0
RAD01_240229123208_628,36.4266841,127.3852828,대전광역시 유성구 송강동 513,2024,2,29,12,3,winter,0,1,1,1,0.0,2024-02-29,1,0,0,2400,5.1,1247,0.6,0.2,1400,0.2,3.0,-9.0,5.5,0.0,49,751,38.74,0
RAD01_240229131318_0,36.4299492,127.3829869,대전광역시 유성구 송강동 556,2024,2,29,13,3,winter,0,1,1,1,0.0,2024-02-29,1,0,0,2400,5.1,1247,0.6,0.2,1400,0.2,3.0,-9.0,5.5,0.0,49,406,40.8,0
RAD01_240229131318_1119,36.4299492,127.3829869,대전광역시 유성구 송강동 556,2024,2,29,13,3,winter,0,2,2,2,13.03040714,2024-02-29,1,1,1,2400,5.1,1247,0.6,0.2,1400,0.2,3.0,-9.0,5.5,0.0,49,648,46.72,0
RAD01_240229131318_1121,36.4299492,127.3829869,대전광역시 유성구 송강동 556,2024,2,29,13,3,winter,0,3,3,3,7.234078282,2024-02-29,1,1,1,2400,5.1,1247,0.6,0.2,1400,0.2,3.0,-9.0,5.5,0.0,49,298,41.33,0
RAD01_240229131800_0,36.4262357,127.3915245,대전광역시 유성구 관평동 1286,2024,2,29,13,3,winter,0,1,1,3,0.0,2024-02-29,1,0,0,2400,5.1,1247,0.6,0.2,1400,0.2,3.0,-9.0,5.5,0.0,49,672,33.61,0
RAD01_240229131845_0,36.4238262,127.3940134,대전광역시 유성구 관평동 1288,2024,2,29,13,3,winter,0,1,1,1,7.679022396,2024-02-29,1,1,1,2400,5.1,1247,0.6,0.2,1400,0.2,3.0,-9.0,5.5,0.0,49,858,34.6,0
RAD01_240229132133_0,36.4206394,127.4046069,대전광역시 유성구 용산동 604,2024,2,29,13,3,winter,0,1,1,1,0.0,2024-02-29,1,0,0,2400,5.1,1247,0.6,0.2,1400,0.2,3.0,-9.0,5.5,0.0,49,579,30.44,0
RAD01_240229132859_0,36.399235,127.4048517,대전광역시 유성구 전민동 394-16,2024,2,29,13,3,winter,0,1,1,1,0.0,2024-02-29,1,0,0,2400,5.1,1247,0.6,0.2,1400,0.2,3.0,-9.0,5.5,0.0,49,713,19.89,0
RAD01_240229132900_0,36.399125,127.4048522,대전광역시 유성구 전민동 394-16,2024,2,29,13,3,winter,0,2,2,2,0.0,2024-02-29,1,0,0,2400,5.1,1247,0.6,0.2,1400,0.2,3.0,-9.0,5.5,0.0,49,399,28.9,0
RAD01_240229132931_0,36.3964995,127.4048804,대전광역시 유성구 전민동 271-5,2024,2,29,13,3,winter,0,1,1,1,13.48703307,2024-02-29,1,1,1,2400,5.1,1247,0.6,0.2,1400,0.2,3.0,-9.0,5.5,0.0,49,654,9.85,0
RAD01_240229132932_0,36.3964208,127.4048812,대전광역시 유성구 전민동 271-5,2024,2,29,13,3,winter,0,2,2,2,13.23853142,2024-02-29,1,1,1,2400,5.1,1247,0.6,0.2,1400,0.2,3.0,-9.0,5.5,0.0,49,831,28.41,0
RAD01_240229132932_1866,36.3964208,127.4048812,대전광역시 유성구 전민동 271-5,2024,2,29,13,3,winter,0,3,3,3,0.0,2024-02-29,1,0,0,2400,5.1,1247,0.6,0.2,1400,0.2,3.0,-9.0,5.5,0.0,49,315,7.96,0
RAD01_240229132935_0,36.3961831,127.4048776,대전광역시 유성구 전민동 271-5,2024,2,29,13,3,winter,0,4,4,4,11.39167268,2024-02-29,1,1,1,2400,5.1,1247,0.6,0.2,1400,0.2,3.0,-9.0,5.5,0.0,49,885,11.63,0
RAD01_240229132942_0,36.3956141,127.4048789,대전광역시 유성구 문지동 258-3,2024,2,29,13,3,winter,0,1,1,1,0.0,2024-02-29,1,0,0,2400,5.1,1247,0.6,0.2,1400,0.2,3.0,-9.0,5.5,0.0,49,378,46.68,0
RAD01_240229134342_0,36.3839528,127.405507,대전광역시 유성구 원촌동 135-2,2024,2,29,13,3,winter,0,2,2,2,12.26785167,2024-02-29,1,1,1,2400,5.1,1247,0.6,0.2,1400,0.2,3.0,-9.0,5.5,0.0,49,785,35.37,0
RAD01_240229134343_0,36.383857,127.4055374,대전광역시 유성구 원촌동 135-2,2024,2,29,13,3,winter,0,3,3,3,12.0445028,2024-02-29,1,1,1,2400,5.1,1247,0.6,0.2,1400,0.2,3.0,-9.0,5.5,0.0,49,575,30.63,0
RAD01_240229134358_2381,36.3824092,127.4060002,대전광역시 유성구 원촌동 90,2024,2,29,13,3,winter,0,1,1,1,0.0,2024-02-29,1,0,0,2400,5.1,1247,0.6,0.2,1400,0.2,3.0,-9.0,5.5,0.0,49,362,7.19,0
RAD01_240229134359_2381,36.3823178,127.4060305,대전광역시 유성구 원촌동 90,2024,2,29,13,3,winter,0,2,2,2,0.0,2024-02-29,1,0,0,2400,5.1,1247,0.6,0.2,1400,0.2,3.0,-9.0,5.5,0.0,49,308,36.69,0
RAD01_240229134400_2381,36.382227,127.4060594,대전광역시 유성구 원촌동 90,2024,2,29,13,3,winter,0,3,3,3,0.0,2024-02-29,1,0,0,2400,5.1,1247,0.6,0.2,1400,0.2,3.0,-9.0,5.5,0.0,49,695,9.83,0
RAD01_240229134400_2382,36.382227,127.4060594,대전광역시 유성구 원촌동 90,2024,2,29,13,3,winter,0,4,4,4,0.0,2024-02-29,1,0,0,2400,5.1,1247,0.6,0.2,1400,0.2,3.0,-9.0,5.5,0.0,49,377,9.09,0
RAD01_240229144122_0,36.3939076,127.350262,대전광역시 유성구 자운동 515-22,2024,2,29,14,3,winter,0,1,1,1,0.0,2024-02-29,1,0,0,2400,5.1,1247,0.6,0.2,1400,0.2,3.0,-9.0,5.5,0.0,49,781,32.81,0
RAD01_240229144122_4522,36.3939076,127.350262,대전광역시 유성구 자운동 515-22,2024,2,29,14,3,winter,0,2,2,2,5.840202393,2024-02-29,1,1,1,2400,5.1,1247,0.6,0.2,1400,0.2,3.0,-9.0,5.5,0.0,49,778,23.97,0
RAD01_240229144122_4525,36.3939076,127.350262,대전광역시 유성구 자운동 515-22,2024,2,29,14,3,winter,0,3,3,3,0.0,2024-02-29,1,0,0,2400,5.1,1247,0.6,0.2,1400,0.2,3.0,-9.0,5.5,0.0,49,730,39.22,0
RAD01_240229144123_0,36.3938585,127.3501996,대전광역시 유성구 자운동 515-22,2024,2,29,14,3,winter,0,4,4,4,0.0,2024-02-29,1,0,0,2400,5.1,1247,0.6,0.2,1400,0.2,3.0,-9.0,5.5,0.0,49,544,41.18,0
RAD01_240229144123_4532,36.3938585,127.3501996,대전광역시 유성구 자운동 515-22,2024,2,29,14,3,winter,0,5,5,5,0.0,2024-02-29,1,0,0,2400,5.1,1247,0.6,0.2,1400,0.2,3.0,-9.0,5.5,0.0,49,314,18.12,0
RAD01_240301055231_0,36.3879552,127.3224777,대전광역시 유성구 하기동 603,2024,3,1,5,4,spring,0,3,3,3,14.39678721,2024-03-01,1,1,1,1424,-2.2,1,2.91,-9.0,1200,-9.0,-9.0,-9.0,2.1,10.2,2239,1140,6.47,0
RAD01_240301055827_5418,36.3896765,127.3486262,대전광역시 유성구 신성동 468,2024,3,1,5,4,spring,0,1,1,1,5.341105334,2024-03-01,1,1,1,1424,-2.2,1,2.91,-9.0,1200,-9.0,-9.0,-9.0,2.1,10.2,2239,349,8.56,0
RAD01_240301073023_0,36.4046051,127.4029076,대전광역시 유성구 전민동 462-8,2024,3,1,7,4,spring,0,1,1,1,0.0,2024-03-01,1,0,0,1424,-2.2,1,2.91,-9.0,1200,-9.0,-9.0,-9.0,2.1,10.2,2239,855,34.92,0
RAD01_240301073023_5869,36.4046051,127.4029076,대전광역시 유성구 전민동 462-8,2024,3,1,7,4,spring,0,2,2,2,0.0,2024-03-01,1,0,0,1424,-2.2,1,2.91,-9.0,1200,-9.0,-9.0,-9.0,2.1,10.2,2239,886,38.63,0
RAD01_240304132948_0,36.4057614,127.4028411,대전광역시 유성구 전민동 841-6,2024,3,4,13,0,spring,0,1,1,1,0.0,2024-03-04,1,0,0,1729,6.7,1428,2.21,-9.0,1100,2.2,-9.0,-9.0,6.7,5.7,956,190,39.23,0
RAD01_240304132951_0,36.4059062,127.4025676,대전광역시 유성구 전민동 산 5-15,2024,3,4,13,0,spring,0,1,1,1,11.67232265,2024-03-04,1,1,1,1729,6.7,1428,2.21,-9.0,1100,2.2,-9.0,-9.0,6.7,5.7,956,262,7.47,0
RAD01_240304144329_3383,36.4060767,127.4021958,대전광역시 유성구 전민동 산 5-15,2024,3,4,14,0,spring,0,2,2,2,6.630535437,2024-03-04,1,1,1,1729,6.7,1428,2.21,-9.0,1100,2.2,-9.0,-9.0,6.7,5.7,956,208,46.17,0
RAD01_240306060211_856,36.3906541,127.3241497,대전광역시 유성구 하기동 603,2024,3,6,6,2,spring,0,4,4,4,0.0,2024-03-06,1,0,0,2315,7.0,1522,2.15,-9.0,1200,0.0,-9.0,-9.0,7.2,5.8,2358,898,36.1,0
RAD01_240306125012_416,36.4022745,127.3636913,대전광역시 유성구 장동 12-16,2024,3,6,12,2,spring,0,4,4,4,0.0,2024-03-06,1,0,0,2315,7.0,1522,2.15,-9.0,1200,0.0,-9.0,-9.0,7.2,5.8,2358,745,18.01,0
RAD01_240306125014_478,36.4024763,127.3639047,대전광역시 유성구 장동 12-16,2024,3,6,12,2,spring,0,5,5,5,0.0,2024-03-06,1,0,0,2315,7.0,1522,2.15,-9.0,1200,0.0,-9.0,-9.0,7.2,5.8,2358,620,8.83,0
RAD01_240307061152_2290,36.4292721,127.3837399,대전광역시 유성구 송강동 556,2024,3,7,6,3,spring,0,4,4,4,8.47014607,2024-03-07,1,1,1,1334,4.6,1424,2.2,0.0,1000,-9.0,0.5,-9.0,6.9,6.7,2356,940,36.27,0
RAD01_240307154007_2940,36.3933696,127.3496206,대전광역시 유성구 자운동 24-7,2024,3,7,15,3,spring,0,1,1,1,0.0,2024-03-07,1,0,0,1334,4.6,1424,2.2,0.0,1000,-9.0,0.5,-9.0,6.9,6.7,2356,742,13.51,0
RAD01_240319084029_2059,36.3910241,127.393457,대전광역시 유성구 문지동 103-15,2024,3,19,8,1,spring,1,1,1,1,6.15947,2024-03-19,1,1,1,1123,7.2,1433,1.48,0.0,1100,0.0,4.08,-9.0,8.7,3.2,50,1199,39.57,0
RAD01_240319143917_4061,36.4315894,127.3804762,대전광역시 유성구 송강동 557,2024,3,19,14,1,spring,0,1,1,1,0.0,2024-03-19,1,0,0,1123,7.2,1433,1.48,0.0,1100,0.0,4.08,-9.0,8.7,3.2,50,634,13.35,0
RAD01_240319143920_4089,36.4314311,127.3804994,대전광역시 유성구 송강동 557,2024,3,19,14,1,spring,0,2,2,2,0.0,2024-03-19,1,0,0,1123,7.2,1433,1.48,0.0,1100,0.0,4.08,-9.0,8.7,3.2,50,853,19.62,0
RAD01_240319143921_4102,36.4313738,127.3805199,대전광역시 유성구 송강동 산 4-43,2024,3,19,14,1,spring,0,1,1,1,9.976003774,2024-03-19,1,1,1,1123,7.2,1433,1.48,0.0,1100,0.0,4.08,-9.0,8.7,3.2,50,470,11.49,0
RAD01_240319143923_4138,36.4312574,127.3805746,대전광역시 유성구 송강동 산 4-43,2024,3,19,14,1,spring,0,2,2,2,0.0,2024-03-19,1,0,0,1123,7.2,1433,1.48,0.0,1100,0.0,4.08,-9.0,8.7,3.2,50,478,19.11,0
RAD01_240319143924_4143,36.4311989,127.3806103,대전광역시 유성구 송강동 산 4-43,2024,3,19,14,1,spring,0,3,3,3,0.0,2024-03-19,1,0,0,1123,7.2,1433,1.48,0.0,1100,0.0,4.08,-9.0,8.7,3.2,50,324,32.3,0
RAD01_240319143927_4148,36.4310294,127.3807634,대전광역시 유성구 송강동 168-2,2024,3,19,14,1,spring,0,1,1,1,6.68628942,2024-03-19,1,1,1,1123,7.2,1433,1.48,0.0,1100,0.0,4.08,-9.0,8.7,3.2,50,307,17.08,0
RAD01_240319143928_4152,36.4309749,127.3808247,대전광역시 유성구 송강동 168-2,2024,3,19,14,1,spring,0,2,2,2,0.0,2024-03-19,1,0,0,1123,7.2,1433,1.48,0.0,1100,0.0,4.08,-9.0,8.7,3.2,50,625,14.93,0
RAD01_240319143936_4203,36.4305222,127.3813201,대전광역시 유성구 송강동 168-2,2024,3,19,14,1,spring,0,3,3,3,13.43994803,2024-03-19,1,1,1,1123,7.2,1433,1.48,0.0,1100,0.0,4.08,-9.0,8.7,3.2,50,998,30.72,0
RAD01_240319143937_4217,36.4304734,127.3813687,대전광역시 유성구 송강동 168-2,2024,3,19,14,1,spring,0,4,4,4,14.92262712,2024-03-19,1,1,1,1123,7.2,1433,1.48,0.0,1100,0.0,4.08,-9.0,8.7,3.2,50,422,31.01,0
RAD01_240319145713_5054,36.4060332,127.4022221,대전광역시 유성구 전민동 산 5-15,2024,3,19,14,1,spring,0,1,3,3,14.70705321,2024-03-19,1,1,1,1123,7.2,1433,1.48,0.0,1100,0.0,4.08,-9.0,8.7,3.2,50,331,34.66,0
RAD01_240319145744_5095,36.4047305,127.4032464,대전광역시 유성구 전민동 791-19,2024,3,19,14,1,spring,0,1,1,1,0.0,2024-03-19,1,0,0,1123,7.2,1433,1.48,0.0,1100,0.0,4.08,-9.0,8.7,3.2,50,828,27.85,0
RAD01_240319151018_5962,36.4026827,127.3889824,대전광역시 유성구 전민동 652,2024,3,19,15,1,spring,0,1,1,1,0.0,2024-03-19,1,0,0,1123,7.2,1433,1.48,0.0,1100,0.0,4.08,-9.0,8.7,3.2,50,874,35.4,0
RAD01_240319151023_6022,36.4022654,127.3893074,대전광역시 유성구 전민동 891-2,2024,3,19,15,1,spring,0,1,1,1,0.0,2024-03-19,1,0,0,1123,7.2,1433,1.48,0.0,1100,0.0,4.08,-9.0,8.7,3.2,50,436,20.72,0
RAD01_240319151134_6179,36.3996712,127.3952989,대전광역시 유성구 전민동 816-1,2024,3,19,15,1,spring,0,1,1,1,0.0,2024-03-19,1,0,0,1123,7.2,1433,1.48,0.0,1100,0.0,4.08,-9.0,8.7,3.2,50,1122,41.81,0
RAD01_240319151147_6232,36.399652,127.3966426,대전광역시 유성구 전민동 592-2,2024,3,19,15,1,spring,0,1,1,1,8.718115326,2024-03-19,1,1,1,1123,7.2,1433,1.48,0.0,1100,0.0,4.08,-9.0,8.7,3.2,50,483,21.6,0
RAD01_240319151148_6244,36.3996514,127.3967203,대전광역시 유성구 전민동 592-2,2024,3,19,15,1,spring,0,2,2,2,0.0,2024-03-19,1,0,0,1123,7.2,1433,1.48,0.0,1100,0.0,4.08,-9.0,8.7,3.2,50,316,31.26,0
RAD01_240319151437_6507,36.3964315,127.4001718,대전광역시 유성구 전민동 899,2024,3,19,15,1,spring,0,1,1,1,0.0,2024-03-19,1,0,0,1123,7.2,1433,1.48,0.0,1100,0.0,4.08,-9.0,8.7,3.2,50,386,33.41,0
RAD01_240319151450_6521,36.3964326,127.3994382,대전광역시 유성구 전민동 460-3,2024,3,19,15,1,spring,0,1,1,1,3.420352724,2024-03-19,1,1,1,1123,7.2,1433,1.48,0.0,1100,0.0,4.08,-9.0,8.7,3.2,50,480,6.56,0
RAD01_240319151450_6526,36.3964324,127.3993717,대전광역시 유성구 전민동 460-3,2024,3,19,15,1,spring,0,2,2,2,0.0,2024-03-19,1,0,0,1123,7.2,1433,1.48,0.0,1100,0.0,4.08,-9.0,8.7,3.2,50,1182,12.28,0
RAD01_240319153832_7192,36.3911023,127.3949389,대전광역시 유성구 문지동 103-15,2024,3,19,15,1,spring,0,2,2,2,0.0,2024-03-19,1,0,0,1123,7.2,1433,1.48,0.0,1100,0.0,4.08,-9.0,8.7,3.2,50,483,27.36,0
RAD01_240319153833_7197,36.3911186,127.3948176,대전광역시 유성구 문지동 103-15,2024,3,19,15,1,spring,0,3,3,3,4.443836266,2024-03-19,1,1,1,1123,7.2,1433,1.48,0.0,1100,0.0,4.08,-9.0,8.7,3.2,50,348,13.84,0
RAD01_240319154432_7427,36.3858314,127.3784389,대전광역시 유성구 도룡동 404,2024,3,19,15,1,spring,0,1,1,1,0.0,2024-03-19,1,0,0,1123,7.2,1433,1.48,0.0,1100,0.0,4.08,-9.0,8.7,3.2,50,450,32.4,0
RAD01_240319154539_7457,36.3856633,127.3736714,대전광역시 유성구 도룡동 404-2,2024,3,19,15,1,spring,0,1,1,1,0.0,2024-03-19,1,0,0,1123,7.2,1433,1.48,0.0,1100,0.0,4.08,-9.0,8.7,3.2,50,1015,20.2,0
RAD01_240319154552_7497,36.3855304,127.3726614,대전광역시 유성구 도룡동 451-3,2024,3,19,15,1,spring,0,1,1,1,0.0,2024-03-19,1,0,0,1123,7.2,1433,1.48,0.0,1100,0.0,4.08,-9.0,8.7,3.2,50,1125,36.31,0
RAD01_240319154911_7784,36.3921808,127.3594782,대전광역시 유성구 장동 132-4,2024,3,19,15,1,spring,0,1,1,1,0.0,2024-03-19,1,0,0,1123,7.2,1433,1.48,0.0,1100,0.0,4.08,-9.0,8.7,3.2,50,1106,18.94,0
RAD01_240319155427_8014,36.3936771,127.3526641,대전광역시 유성구 신성동 549,2024,3,19,15,1,spring,0,1,1,1,0.0,2024-03-19,1,0,0,1123,7.2,1433,1.48,0.0,1100,0.0,4.08,-9.0,8.7,3.2,50,414,30.05,0
RAD01_240320055354_9317,36.3910012,127.3305439,대전광역시 유성구 하기동 603,2024,3,20,5,2,spring,0,1,5,5,6.158525229,2024-03-20,1,1,1,259,4.6,1337,3.01,-9.0,1100,-9.0,-9.0,-9.0,8.7,9.9,947,680,40.36,0
RAD01_240320055355_9318,36.3909886,127.3306357,대전광역시 유성구 하기동 603,2024,3,20,5,2,spring,0,2,6,6,0.0,2024-03-20,1,0,0,259,4.6,1337,3.01,-9.0,1100,-9.0,-9.0,-9.0,8.7,9.9,947,340,22.71,0
RAD01_240320055802_9418,36.3848228,127.3509067,대전광역시 유성구 신성동 281-5,2024,3,20,5,2,spring,0,1,1,1,2.765015403,2024-03-20,1,1,1,259,4.6,1337,3.01,-9.0,1100,-9.0,-9.0,-9.0,8.7,9.9,947,310,21.37,0
RAD01_240320055803_9419,36.3848429,127.3510374,대전광역시 유성구 신성동 281-5,2024,3,20,5,2,spring,0,2,2,2,0.0,2024-03-20,1,0,0,259,4.6,1337,3.01,-9.0,1100,-9.0,-9.0,-9.0,8.7,9.9,947,560,40.03,0
RAD01_240320092722_12174,36.3910881,127.3948549,대전광역시 유성구 문지동 103-15,2024,3,20,9,2,spring,1,4,4,4,0.0,2024-03-20,1,0,0,259,4.6,1337,3.01,-9.0,1100,-9.0,-9.0,-9.0,8.7,9.9,947,449,38.61,0
RAD01_240320093819_12853,36.3922296,127.3588506,대전광역시 유성구 장동 130-3,2024,3,20,9,2,spring,1,1,1,1,7.763719251,2024-03-20,1,1,1,259,4.6,1337,3.01,-9.0,1100,-9.0,-9.0,-9.0,8.7,9.9,947,639,12.49,0
RAD01_240320093820_12868,36.3922475,127.3587365,대전광역시 유성구 장동 130-3,2024,3,20,9,2,spring,1,2,2,2,0.0,2024-03-20,1,0,0,259,4.6,1337,3.01,-9.0,1100,-9.0,-9.0,-9.0,8.7,9.9,947,1021,40.51,0
RAD01_240322092911_191,36.4249112,127.3926129,대전광역시 유성구 관평동 1290,2024,3,22,9,4,spring,1,1,1,1,0.0,2024-03-22,1,0,0,1442,10.1,1324,2.8,4.1,1100,4.4,6.33,-9.0,9.9,5.9,117,725,30.79,0
RAD01_240322093142_403,36.4214704,127.4026629,대전광역시 유성구 용산동 604,2024,3,22,9,4,spring,1,1,2,2,0.0,2024-03-22,1,0,0,1442,10.1,1324,2.8,4.1,1100,4.4,6.33,-9.0,9.9,5.9,117,684,25.18,0
RAD01_240322093157_439,36.4208759,127.4039766,대전광역시 유성구 용산동 604,2024,3,22,9,4,spring,1,2,3,3,7.227685718,2024-03-22,1,1,1,1442,10.1,1324,2.8,4.1,1100,4.4,6.33,-9.0,9.9,5.9,117,731,25.06,0
RAD01_240322152746_2043,36.3857303,127.3558174,대전광역시 유성구 신성동 산 5-7,2024,3,22,15,4,spring,0,2,2,2,0.0,2024-03-22,1,0,0,1442,10.1,1324,2.8,4.1,1100,4.4,6.33,-9.0,9.9,5.9,117,799,17.62,0
RAD01_240322152939_2213,36.387108,127.3505024,대전광역시 유성구 신성동 475,2024,3,22,15,4,spring,0,1,1,1,0.0,2024-03-22,1,0,0,1442,10.1,1324,2.8,4.1,1100,4.4,6.33,-9.0,9.9,5.9,117,326,46.11,0
RAD01_240323073727_0,36.3997696,127.3979761,대전광역시 유성구 전민동 898,2024,3,23,7,5,spring,0,1,1,1,0.0,2024-03-23,1,0,0,1516,14.9,1457,3.14,0.3,1200,-9.0,2.25,-9.0,15.9,9.3,2254,580,30.96,1
RAD01_240323073739_2906,36.3996525,127.3987856,대전광역시 유성구 전민동 491-3,2024,3,23,7,5,spring,0,1,1,1,9.354569901,2024-03-23,1,1,1,1516,14.9,1457,3.14,0.3,1200,-9.0,2.25,-9.0,15.9,9.3,2254,617,15.59,1
RAD01_240323073826_2962,36.399643,127.4015971,대전광역시 유성구 전민동 533-11,2024,3,23,7,5,spring,0,1,1,1,0.0,2024-03-23,1,0,0,1516,14.9,1457,3.14,0.3,1200,-9.0,2.25,-9.0,15.9,9.3,2254,447,22.57,1
RAD01_240323073857_3061,36.3995845,127.4045237,대전광역시 유성구 전민동 394-16,2024,3,23,7,5,spring,0,1,3,3,0.0,2024-03-23,1,0,0,1516,14.9,1457,3.14,0.3,1200,-9.0,2.25,-9.0,15.9,9.3,2254,496,29.39,1
RAD01_240323074413_3331,36.3900728,127.3987461,대전광역시 유성구 문지동 103-15,2024,3,23,7,5,spring,0,5,5,5,0.0,2024-03-23,1,0,0,1516,14.9,1457,3.14,0.3,1200,-9.0,2.25,-9.0,15.9,9.3,2254,279,6.06,1
RAD01_240323074445_3381,36.391057,127.3950194,대전광역시 유성구 문지동 103-15,2024,3,23,7,5,spring,0,6,6,6,0.0,2024-03-23,1,0,0,1516,14.9,1457,3.14,0.3,1200,-9.0,2.25,-9.0,15.9,9.3,2254,562,29.39,1
RAD01_240323074447_3403,36.3910911,127.3947548,대전광역시 유성구 문지동 103-15,2024,3,23,7,5,spring,0,7,7,7,0.0,2024-03-23,1,0,0,1516,14.9,1457,3.14,0.3,1200,-9.0,2.25,-9.0,15.9,9.3,2254,723,32.34,1
RAD01_240323075624_3573,36.3858781,127.3635219,대전광역시 유성구 장동 62-2,2024,3,23,7,5,spring,0,1,1,1,12.28300332,2024-03-23,1,1,1,1516,14.9,1457,3.14,0.3,1200,-9.0,2.25,-9.0,15.9,9.3,2254,615,11.92,1
RAD01_240323075822_3818,36.3930189,127.3573133,대전광역시 유성구 장동 산 29-3,2024,3,23,7,5,spring,0,1,1,1,0.0,2024-03-23,1,0,0,1516,14.9,1457,3.14,0.3,1200,-9.0,2.25,-9.0,15.9,9.3,2254,616,12.36,1
RAD01_240325075411_0,36.3901065,127.3990975,대전광역시 유성구 문지동 103-15,2024,3,25,7,0,spring,0,8,8,8,13.01033051,2024-03-25,1,1,1,2121,9.4,1033,1.45,6.8,1000,26.1,11.25,-9.0,10.0,0.0,12,722,38.37,0
RAD01_240325081131_5021,36.3893356,127.3470274,대전광역시 유성구 하기동 18-15,2024,3,25,8,0,spring,1,1,1,1,0.0,2024-03-25,1,0,0,2121,9.4,1033,1.45,6.8,1000,26.1,11.25,-9.0,10.0,0.0,12,759,12.53,0
RAD01_240325145939_6537,36.3873068,127.3630088,대전광역시 유성구 장동 산 17-45,2024,3,25,14,0,spring,0,1,2,2,9.757594014,2024-03-25,1,1,1,2121,9.4,1033,1.45,6.8,1000,26.1,11.25,-9.0,10.0,0.0,12,867,9.27,0
RAD01_240325150004_6592,36.3894721,127.3626184,대전광역시 유성구 장동 산 15-2,2024,3,25,15,0,spring,0,1,1,1,13.25387891,2024-03-25,1,1,1,2121,9.4,1033,1.45,6.8,1000,26.1,11.25,-9.0,10.0,0.0,12,297,42.11,0
RAD01_240325150038_6667,36.3911762,127.3619431,대전광역시 유성구 장동 23-9,2024,3,25,15,0,spring,0,1,1,1,0.0,2024-03-25,1,0,0,2121,9.4,1033,1.45,6.8,1000,26.1,11.25,-9.0,10.0,0.0,12,769,16.73,0
RAD01_240325150209_6906,36.395202,127.356339,대전광역시 유성구 장동 372-2,2024,3,25,15,0,spring,0,1,1,1,0.0,2024-03-25,1,0,0,2121,9.4,1033,1.45,6.8,1000,26.1,11.25,-9.0,10.0,0.0,12,383,33.86,0
RAD01_240325154238_7763,36.3899565,127.3234034,대전광역시 유성구 하기동 603,2024,3,25,15,0,spring,0,3,7,7,0.0,2024-03-25,1,0,0,2121,9.4,1033,1.45,6.8,1000,26.1,11.25,-9.0,10.0,0.0,12,657,20.29,0
RAD01_240327082340_9527,36.3925597,127.3577184,대전광역시 유성구 장동 157-4,2024,3,27,8,2,spring,1,1,1,1,0.0,2024-03-27,1,0,0,1639,10.2,1438,2.79,-9.0,1200,1.2,-9.0,-9.0,11.6,9.0,711,379,48.48,0
RAD01_240327101222_10545,36.3911208,127.3943992,대전광역시 유성구 문지동 103-15,2024,3,27,10,2,spring,0,5,9,9,3.566768483,2024-03-27,1,1,1,1639,10.2,1438,2.79,-9.0,1200,1.2,-9.0,-9.0,11.6,9.0,711,501,37.81,0
RAD01_240327101709_10845,36.3857,127.3740912,대전광역시 유성구 도룡동 404,2024,3,27,10,2,spring,0,1,2,2,1.994375695,2024-03-27,1,1,1,1639,10.2,1438,2.79,-9.0,1200,1.2,-9.0,-9.0,11.6,9.0,711,458,41.21,0
RAD01_240327133505_12145,36.4151682,127.4069794,대전광역시 유성구 탑립동 945,2024,3,27,13,2,spring,0,1,1,1,0.0,2024-03-27,1,0,0,1639,10.2,1438,2.79,-9.0,1200,1.2,-9.0,-9.0,11.6,9.0,711,409,12.09,0
RAD01_240327133506_12252,36.4152964,127.4069839,대전광역시 유성구 탑립동 945,2024,3,27,13,2,spring,0,2,2,2,0.0,2024-03-27,1,0,0,1639,10.2,1438,2.79,-9.0,1200,1.2,-9.0,-9.0,11.6,9.0,711,661,24.49,0
RAD01_240327133507_12273,36.4154218,127.4069884,대전광역시 유성구 탑립동 945,2024,3,27,13,2,spring,0,3,3,3,0.0,2024-03-27,1,0,0,1639,10.2,1438,2.79,-9.0,1200,1.2,-9.0,-9.0,11.6,9.0,711,298,46.13,0
RAD01_240327133535_12473,36.418896,127.4068522,대전광역시 유성구 탑립동 709,2024,3,27,13,2,spring,0,1,1,1,0.0,2024-03-27,1,0,0,1639,10.2,1438,2.79,-9.0,1200,1.2,-9.0,-9.0,11.6,9.0,711,802,34.86,0
RAD01_240327143251_13753,36.4197228,127.4061367,대전광역시 유성구 탑립동 709,2024,3,27,14,2,spring,0,2,2,2,0.0,2024-03-27,1,0,0,1639,10.2,1438,2.79,-9.0,1200,1.2,-9.0,-9.0,11.6,9.0,711,551,29.9,0
RAD01_240327143252_13759,36.4196381,127.4062224,대전광역시 유성구 탑립동 709,2024,3,27,14,2,spring,0,3,3,3,0.0,2024-03-27,1,0,0,1639,10.2,1438,2.79,-9.0,1200,1.2,-9.0,-9.0,11.6,9.0,711,343,43.55,0
RAD01_240327144328_14272,36.3793187,127.4060377,대전광역시 유성구 원촌동 69-1,2024,3,27,14,2,spring,0,1,3,3,12.9043083,2024-03-27,1,1,1,1639,10.2,1438,2.79,-9.0,1200,1.2,-9.0,-9.0,11.6,9.0,711,475,15.79,0
RAD01_240327144329_14273,36.3792151,127.4059778,대전광역시 유성구 원촌동 69-1,2024,3,27,14,2,spring,0,2,4,4,0.0,2024-03-27,1,0,0,1639,10.2,1438,2.79,-9.0,1200,1.2,-9.0,-9.0,11.6,9.0,711,476,18.08,0
RAD01_240327144552_14853,36.3792141,127.3915638,대전광역시 유성구 도룡동 3-6,2024,3,27,14,2,spring,0,1,1,1,0.0,2024-03-27,1,0,0,1639,10.2,1438,2.79,-9.0,1200,1.2,-9.0,-9.0,11.6,9.0,711,244,31.41,0
RAD01_240327144553_14866,36.3792173,127.3914606,대전광역시 유성구 도룡동 3-6,2024,3,27,14,2,spring,0,2,2,2,0.0,2024-03-27,1,0,0,1639,10.2,1438,2.79,-9.0,1200,1.2,-9.0,-9.0,11.6,9.0,711,368,24.84,0
RAD01_240703151031_0,36.3909688,127.4078729,대전광역시 유성구 문지동 661-3,2024,7,3,15,2,summer,0,1,1,1,1.344714437,2024-07-03,1,1,1,1436,25.7,1537,2.97,31.9,1400,0.0,7.8,10.9,28.2,3.8,2146,809,23.17,0
RAD01_241213154807_10,36.3910014,127.4078363,대전광역시 유성구 문지동 661-3,2024,7,29,15,0,summer,0,1,2,2,0.0,2024-07-29,1,0,0,1131,28.6,1457,2.74,-9.0,1400,-9.0,-9.0,-9.0,32.0,5.6,36,723,39.58,0
RAD02_240214135042_578,36.3953998,127.3486909,대전광역시 유성구 자운동 515-21,2024,2,14,13,2,winter,0,1,1,1,4.1565877,2024-02-14,1,1,1,1630,13.2,1441,1.57,0.0,1400,0.0,2.67,-9.0,10.8,2.8,11,503,40.26,0
RAD02_240214135043_595,36.3954492,127.3486499,대전광역시 유성구 자운동 515-21,2024,2,14,13,2,winter,0,2,2,2,0.0,2024-02-14,1,0,0,1630,13.2,1441,1.57,0.0,1400,0.0,2.67,-9.0,10.8,2.8,11,1015,16.37,0
RAD02_240214135044_597,36.3955099,127.3485887,대전광역시 유성구 자운동 515-21,2024,2,14,13,2,winter,0,3,3,3,0.0,2024-02-14,1,0,0,1630,13.2,1441,1.57,0.0,1400,0.0,2.67,-9.0,10.8,2.8,11,508,23.84,0
RAD02_240214135045_620,36.3955778,127.3485208,대전광역시 유성구 자운동 515-21,2024,2,14,13,2,winter,0,4,4,4,0.0,2024-02-14,1,0,0,1630,13.2,1441,1.57,0.0,1400,0.0,2.67,-9.0,10.8,2.8,11,543,8.85,0
RAD02_240214135342_776,36.3941172,127.3446528,대전광역시 유성구 자운동 290-7,2024,2,14,13,2,winter,0,1,1,1,0.0,2024-02-14,1,0,0,1630,13.2,1441,1.57,0.0,1400,0.0,2.67,-9.0,10.8,2.8,11,847,30.79,0
RAD02_240214135530_841,36.3910328,127.3369848,대전광역시 유성구 하기동 산 51-9,2024,2,14,13,2,winter,0,1,1,1,0.0,2024-02-14,1,0,0,1630,13.2,1441,1.57,0.0,1400,0.0,2.67,-9.0,10.8,2.8,11,603,17.48,0
RAD02_240214135738_898,36.3927643,127.3259789,대전광역시 유성구 하기동 327-1,2024,2,14,13,2,winter,0,1,1,1,0.0,2024-02-14,1,0,0,1630,13.2,1441,1.57,0.0,1400,0.0,2.67,-9.0,10.8,2.8,11,710,37.2,0
RAD02_240214140526_1723,36.3881894,127.3332669,대전광역시 유성구 하기동 615,2024,2,14,14,2,winter,0,1,1,1,13.83784025,2024-02-14,1,1,1,1630,13.2,1441,1.57,0.0,1400,0.0,2.67,-9.0,10.8,2.8,11,809,18.68,0
RAD02_240222140946_634,36.3742856,127.3911391,대전광역시 유성구 도룡동 465-1,2024,2,22,14,3,winter,0,1,1,1,0.0,2024-02-22,1,0,0,1233,2.1,1350,0.58,3.7,1300,0.5,20.08,-9.0,3.8,0.0,2122,785,33.1,0
RAD02_240222140946_635,36.3742856,127.3911391,대전광역시 유성구 도룡동 465-1,2024,2,22,14,3,winter,0,2,2,2,3.820356057,2024-02-22,1,1,1,1233,2.1,1350,0.58,3.7,1300,0.5,20.08,-9.0,3.8,0.0,2122,813,9.36,0
RAD02_240223093359_2110,36.3606478,127.3539029,대전광역시 유성구 봉명동 496-1,2024,2,23,9,4,winter,1,1,1,1,0.0,2024-02-23,1,0,0,1253,3.0,1324,2.5,0.0,1200,0.0,9.5,-9.0,5.6,3.2,2056,587,19.88,0
RAD02_240223093359_2112,36.3606478,127.3539029,대전광역시 유성구 봉명동 496-1,2024,2,23,9,4,winter,1,2,2,2,6.540226132,2024-02-23,1,1,1,1253,3.0,1324,2.5,0.0,1200,0.0,9.5,-9.0,5.6,3.2,2056,796,27.81,0
RAD02_240223094957_3259,36.3667043,127.3319021,대전광역시 유성구 장대동 17-4,2024,2,23,9,4,winter,1,1,1,1,14.74355131,2024-02-23,1,1,1,1253,3.0,1324,2.5,0.0,1200,0.0,9.5,-9.0,5.6,3.2,2056,744,21.81,0
RAD02_240223095612_4167,36.387027,127.3163845,대전광역시 유성구 지족동 1001,2024,2,23,9,4,winter,1,1,1,1,5.912531788,2024-02-23,1,1,1,1253,3.0,1324,2.5,0.0,1200,0.0,9.5,-9.0,5.6,3.2,2056,638,26.17,0
RAD02_240223101328_5235,36.3696516,127.3269237,대전광역시 유성구 노은동 62-1,2024,2,23,10,4,winter,0,1,1,1,9.368873251,2024-02-23,1,1,1,1253,3.0,1324,2.5,0.0,1200,0.0,9.5,-9.0,5.6,3.2,2056,815,32.17,0
RAD02_240226094450_7615,36.356549,127.3488122,대전광역시 유성구 봉명동 693,2024,2,26,9,0,winter,1,1,1,1,0.0,2024-02-26,1,0,0,1620,3.7,1608,2.62,-9.0,1200,-9.0,-9.0,-9.0,4.9,7.3,806,462,22.81,0
RAD02_240226094816_8325,36.3547853,127.3459129,대전광역시 유성구 봉명동 574,2024,2,26,9,0,winter,1,1,1,1,0.0,2024-02-26,1,0,0,1620,3.7,1608,2.62,-9.0,1200,-9.0,-9.0,-9.0,4.9,7.3,806,640,26.03,0
RAD02_240226100846_10087,36.3518596,127.3311146,대전광역시 유성구 구암동 641,2024,2,26,10,0,winter,0,1,1,1,5.442420034,2024-02-26,1,1,1,1620,3.7,1608,2.62,-9.0,1200,-9.0,-9.0,-9.0,4.9,7.3,806,1187,29.84,0
RAD02_240226102943_12355,36.3604848,127.3588611,대전광역시 유성구 봉명동 1012-1,2024,2,26,10,0,winter,0,1,1,1,0.0,2024-02-26,1,0,0,1620,3.7,1608,2.62,-9.0,1200,-9.0,-9.0,-9.0,4.9,7.3,806,662,24.82,0
RAD02_240226102950_12359,36.361094,127.358478,대전광역시 유성구 봉명동 1012,2024,2,26,10,0,winter,0,1,1,1,0.0,2024-02-26,1,0,0,1620,3.7,1608,2.62,-9.0,1200,-9.0,-9.0,-9.0,4.9,7.3,806,299,25.97,0
RAD02_240226102950_12360,36.361094,127.358478,대전광역시 유성구 봉명동 1012,2024,2,26,10,0,winter,0,2,2,2,0.0,2024-02-26,1,0,0,1620,3.7,1608,2.62,-9.0,1200,-9.0,-9.0,-9.0,4.9,7.3,806,335,34.63,0
RAD02_240226102953_12371,36.3613952,127.358222,대전광역시 유성구 어은동 262-1,2024,2,26,10,0,winter,0,1,1,1,0.0,2024-02-26,1,0,0,1620,3.7,1608,2.62,-9.0,1200,-9.0,-9.0,-9.0,4.9,7.3,806,349,18.79,0
RAD02_240227095542_0,36.3620423,127.3457862,대전광역시 유성구 궁동 220-9,2024,2,27,9,1,winter,1,1,1,1,0.0,2024-02-27,1,0,0,952,5.3,1428,2.68,-9.0,1200,-9.0,-9.0,-9.0,5.6,7.3,1001,884,11.57,0
RAD02_240227095921_14782,36.3524464,127.3408463,대전광역시 유성구 봉명동 1058,2024,2,27,9,1,winter,1,1,1,1,7.562424768,2024-02-27,1,1,1,952,5.3,1428,2.68,-9.0,1200,-9.0,-9.0,-9.0,5.6,7.3,1001,521,29.06,0
RAD02_240228101300_15892,36.3745471,127.3941237,대전광역시 유성구 도룡동 8-59,2024,2,28,10,2,winter,0,1,1,1,0.0,2024-02-28,1,0,0,8,6.3,1637,2.16,-9.0,1200,-9.0,-9.0,-9.0,5.9,3.7,916,902,12.35,0
RAD02_240228101409_16049,36.3784085,127.4056056,대전광역시 유성구 원촌동 64-2,2024,2,28,10,2,winter,0,1,1,1,0.0,2024-02-28,1,0,0,8,6.3,1637,2.16,-9.0,1200,-9.0,-9.0,-9.0,5.9,3.7,916,1099,24.78,0
RAD02_240228101409_16054,36.3784085,127.4056056,대전광역시 유성구 원촌동 64-2,2024,2,28,10,2,winter,0,2,2,2,4.21875505,2024-02-28,1,1,1,8,6.3,1637,2.16,-9.0,1200,-9.0,-9.0,-9.0,5.9,3.7,916,910,12.08,0
RAD02_240228101419_16115,36.379809,127.4064281,대전광역시 유성구 원촌동 69-1,2024,2,28,10,2,winter,0,1,1,1,0.0,2024-02-28,1,0,0,8,6.3,1637,2.16,-9.0,1200,-9.0,-9.0,-9.0,5.9,3.7,916,647,7.69,0
RAD02_240228101422_16154,36.3798687,127.4064632,대전광역시 유성구 원촌동 69-1,2024,2,28,10,2,winter,0,2,2,2,0.0,2024-02-28,1,0,0,8,6.3,1637,2.16,-9.0,1200,-9.0,-9.0,-9.0,5.9,3.7,916,1073,9.55,0
RAD02_240228101634_16307,36.384061,127.4056165,대전광역시 유성구 원촌동 135-2,2024,2,28,10,2,winter,0,1,1,1,5.421699427,2024-02-28,1,1,1,8,6.3,1637,2.16,-9.0,1200,-9.0,-9.0,-9.0,5.9,3.7,916,535,11.19,0
RAD02_240306115506_0,36.361,127.3585,대전광역시 유성구 봉명동 1012-1,2024,3,6,10,2,spring,0,1,2,2,0.0,2024-03-06,1,0,0,2315,7.0,1522,2.15,-9.0,1200,0.0,-9.0,-9.0,7.2,5.8,2358,855,29.29,0
RAD02_240308111537_930,36.358436,127.3348513,대전광역시 유성구 장대동 277-6,2024,3,8,11,4,spring,0,1,1,1,7.277547304,2024-03-08,1,1,1,1350,2.9,1304,2.9,-9.0,1200,-9.0,-9.0,-9.0,4.4,10.2,2400,794,22.56,0
RAD02_240326143424_13517,36.3505692,127.3520311,대전광역시 서구 월평동 187-7,2024,3,26,14,1,spring,0,1,1,1,0.0,2024-03-26,1,0,0,11,6.7,1523,1.95,19.5,1000,0.2,10.33,-9.0,9.5,3.0,2358,593,26.75,0
RAD02_240326143835_0,36.3506871,127.3512544,대전광역시 서구 월평동 163-31,2024,3,26,14,1,spring,0,1,1,1,1.677873623,2024-03-26,1,1,1,11,6.7,1523,1.95,19.5,1000,0.2,10.33,-9.0,9.5,3.0,2358,748,47.88,0
RAD02_240326145134_15383,36.3544711,127.349895,대전광역시 유성구 봉명동 700,2024,3,26,14,1,spring,0,1,1,1,0.0,2024-03-26,1,0,0,11,6.7,1523,1.95,19.5,1000,0.2,10.33,-9.0,9.5,3.0,2358,325,20.73,0
RAD02_240326163346_22155,36.3696129,127.3177991,대전광역시 유성구 노은동 583,2024,3,26,16,1,spring,0,4,15,15,0.0,2024-03-26,1,0,0,11,6.7,1523,1.95,19.5,1000,0.2,10.33,-9.0,9.5,3.0,2358,471,34.58,0
RAD02_240327102754_27601,36.3453794,127.3104462,대전광역시 유성구 복용동 629,2024,3,27,10,2,spring,0,1,2,2,1.313646854,2024-03-27,1,1,1,1639,10.2,1438,2.79,-9.0,1200,1.2,-9.0,-9.0,11.6,9.0,711,397,21.44,0
RAD02_240328095857_28766,36.3782141,127.4117965,대전광역시 대덕구 읍내동 505-23,2024,3,28,9,3,spring,1,1,1,1,0.0,2024-03-28,1,0,0,1116,9.0,1,0.42,21.3,1100,20.1,13.75,-9.0,10.0,0.0,4,536,18.18,0
RAD02_240328105438_29936,36.4242042,127.4195913,대전광역시 대덕구 상서동 349-92,2024,3,28,10,3,spring,0,1,1,1,0.0,2024-03-28,1,0,0,1116,9.0,1,0.42,21.3,1100,20.1,13.75,-9.0,10.0,0.0,4,696,41.75,0
RAD02_240328105838_30246,36.3875609,127.4126874,대전광역시 대덕구 신대동 535,2024,3,28,10,3,spring,0,1,1,1,0.0,2024-03-28,1,0,0,1116,9.0,1,0.42,21.3,1100,20.1,13.75,-9.0,10.0,0.0,4,254,35.7,0
RAD02_240329151526_34728,36.4027533,127.4049766,대전광역시 유성구 전민동 464-3,2024,3,29,15,4,spring,0,1,1,1,0.0,2024-03-29,1,0,0,1336,9.3,1116,1.88,0.2,1000,0.2,2.92,-9.0,9.5,2.5,2359,331,36.5,0
RAD02_240329151528_34736,36.4029268,127.4049911,대전광역시 유성구 전민동 464-3,2024,3,29,15,4,spring,0,2,2,2,0.0,2024-03-29,1,0,0,1336,9.3,1116,1.88,0.2,1000,0.2,2.92,-9.0,9.5,2.5,2359,571,25.98,0
RAD02_240329152906_35910,36.4266291,127.3902812,대전광역시 유성구 관평동 1286,2024,3,29,15,4,spring,0,1,2,4,0.0,2024-03-29,1,0,0,1336,9.3,1116,1.88,0.2,1000,0.2,2.92,-9.0,9.5,2.5,2359,764,41.82,0
RAD02_240401141846_48988,36.402017,127.4049643,대전광역시 유성구 전민동 464-3,2024,4,1,14,0,spring,0,3,3,3,0.0,2024-04-01,1,0,0,1553,13.1,1447,3.22,-9.0,1200,-9.0,-9.0,-9.0,13.5,11.6,1043,803,11.28,0
RAD02_240401141848_49002,36.4022822,127.4049634,대전광역시 유성구 전민동 464-3,2024,4,1,14,0,spring,0,4,4,4,2.562209644,2024-04-01,1,1,1,1553,13.1,1447,3.22,-9.0,1200,-9.0,-9.0,-9.0,13.5,11.6,1043,498,32.39,0
RAD02_240409142403_2473,36.3837508,127.4057375,대전광역시 유성구 원촌동 135-2,2024,4,9,14,1,spring,0,1,1,4,1.615759852,2024-04-09,1,1,1,959,15.3,1620,3.32,-9.0,1200,-9.0,-9.0,-9.0,19.1,11.3,2352,422,36.62,0
RAD02_240409142759_3058,36.4023514,127.4049624,대전광역시 유성구 전민동 464-3,2024,4,9,14,1,spring,0,1,5,5,0.0,2024-04-09,1,0,0,959,15.3,1620,3.32,-9.0,1200,-9.0,-9.0,-9.0,19.1,11.3,2352,893,17.48,0
RAD02_240527154249_9749,36.3584593,127.3284702,대전광역시 유성구 장대동 245-2,2024,5,27,15,0,spring,0,1,1,1,0.0,2024-05-27,1,0,0,1044,18.5,1456,2.91,-9.0,1000,-9.0,-9.0,-9.0,21.4,10.9,2212,451,13.78,0
RAD02_240527154250_9765,36.3584422,127.3285623,대전광역시 유성구 장대동 245-2,2024,5,27,15,0,spring,0,2,2,2,10.13884298,2024-05-27,1,1,1,1044,18.5,1456,2.91,-9.0,1000,-9.0,-9.0,-9.0,21.4,10.9,2212,612,7.96,0
RAD02_240704100609_390,36.3957444,127.3561093,대전광역시 유성구 장동 371-5,2024,7,4,10,3,summer,0,1,1,1,0.0,2024-07-04,1,0,0,2250,28.1,1507,3.46,-9.0,1200,3.9,-9.0,-9.0,29.2,10.0,1,822,39.83,0
RAD02_240704104442_0,36.3525198,127.3409494,대전광역시 유성구 봉명동 1058,2024,7,4,10,3,summer,0,1,1,1,0.0,2024-07-04,1,0,0,2250,28.1,1507,3.46,-9.0,1200,3.9,-9.0,-9.0,29.2,10.0,1,514,43.81,0
RAD02_240704105909_0,36.3281217,127.3329672,대전광역시 유성구 용계동 688,2024,7,4,10,3,summer,0,1,1,1,14.51658243,2024-07-04,1,1,1,2250,28.1,1507,3.46,-9.0,1200,3.9,-9.0,-9.0,29.2,10.0,1,672,48.25,0
RAD02_240704110004_4099,36.3319019,127.3329873,대전광역시 유성구 용계동 688,2024,7,4,11,3,summer,0,2,2,2,0.0,2024-07-04,1,0,0,2250,28.1,1507,3.46,-9.0,1200,3.9,-9.0,-9.0,29.2,10.0,1,431,32.35,0
RAD02_240704110200_4286,36.333173,127.3330209,대전광역시 유성구 원신흥동 608,2024,7,4,11,3,summer,0,1,1,1,0.0,2024-07-04,1,0,0,2250,28.1,1507,3.46,-9.0,1200,3.9,-9.0,-9.0,29.2,10.0,1,381,8.17,0
RAD02_240704110321_4492,36.3424997,127.3393408,대전광역시 유성구 상대동 498,2024,7,4,11,3,summer,0,1,1,2,0.0,2024-07-04,1,0,0,2250,28.1,1507,3.46,-9.0,1200,3.9,-9.0,-9.0,29.2,10.0,1,433,47.93,0
RAD02_240704110326_4512,36.3430638,127.3396858,대전광역시 유성구 봉명동 1058-2,2024,7,4,11,3,summer,0,1,1,1,0.0,2024-07-04,1,0,0,2250,28.1,1507,3.46,-9.0,1200,3.9,-9.0,-9.0,29.2,10.0,1,573,45.18,0
RAD02_240704113832_4851,36.3609688,127.3443927,대전광역시 유성구 궁동 481,2024,7,4,11,3,summer,0,1,1,1,0.0,2024-07-04,1,0,0,2250,28.1,1507,3.46,-9.0,1200,3.9,-9.0,-9.0,29.2,10.0,1,776,17.42,0
RAD02_240705100634_8290,36.3742684,127.3054428,대전광역시 유성구 지족동 1060-1,2024,7,5,10,4,summer,0,1,1,1,0.0,2024-07-05,1,0,0,121,25.8,1555,3.5,3.9,1100,-9.0,2.67,3.7,27.4,7.9,2128,684,27.49,0
RAD02_240705100730_0,36.3702015,127.3075914,대전광역시 유성구 노은동 산 24-139,2024,7,5,10,4,summer,0,1,1,1,6.205153118,2024-07-05,1,1,1,121,25.8,1555,3.5,3.9,1100,-9.0,2.67,3.7,27.4,7.9,2128,582,29.44,0
RAD02_240705101003_8615,36.3667682,127.3178224,대전광역시 유성구 노은동 566,2024,7,5,10,4,summer,0,1,1,1,1.204309243,2024-07-05,1,1,1,121,25.8,1555,3.5,3.9,1100,-9.0,2.67,3.7,27.4,7.9,2128,799,24.44,0
RAD02_240705101511_9110,36.3690262,127.3399345,대전광역시 유성구 궁동 358,2024,7,5,10,4,summer,0,1,1,1,8.558332104,2024-07-05,1,1,1,121,25.8,1555,3.5,3.9,1100,-9.0,2.67,3.7,27.4,7.9,2128,301,31.76,0
RAD02_240705101837_9518,36.3888104,127.3444614,대전광역시 유성구 하기동 산 2-6,2024,7,5,10,4,summer,0,1,1,1,0.0,2024-07-05,1,0,0,121,25.8,1555,3.5,3.9,1100,-9.0,2.67,3.7,27.4,7.9,2128,504,24.92,0
RAD02_240705101840_9532,36.3893202,127.344826,대전광역시 유성구 하기동 14-3,2024,7,5,10,4,summer,0,1,1,1,6.88434438,2024-07-05,1,1,1,121,25.8,1555,3.5,3.9,1100,-9.0,2.67,3.7,27.4,7.9,2128,485,38.13,0
RAD02_240705102410_10520,36.4122634,127.3782527,대전광역시 유성구 화암동 25-13,2024,7,5,10,4,summer,0,1,1,1,0.0,2024-07-05,1,0,0,121,25.8,1555,3.5,3.9,1100,-9.0,2.67,3.7,27.4,7.9,2128,840,21.68,0
RAD02_240705102627_10905,36.419045,127.3816008,대전광역시 유성구 관평동 681,2024,7,5,10,4,summer,0,1,1,1,0.0,2024-07-05,1,0,0,121,25.8,1555,3.5,3.9,1100,-9.0,2.67,3.7,27.4,7.9,2128,652,32.51,0
RAD02_240705102745_11030,36.417348,127.3920276,대전광역시 유성구 용산동 672,2024,7,5,10,4,summer,0,1,1,1,14.93694521,2024-07-05,1,1,1,121,25.8,1555,3.5,3.9,1100,-9.0,2.67,3.7,27.4,7.9,2128,745,19.43,0
RAD02_240705104128_11193,36.4173268,127.3925418,대전광역시 유성구 용산동 672,2024,7,5,10,4,summer,0,2,2,2,0.0,2024-07-05,1,0,0,121,25.8,1555,3.5,3.9,1100,-9.0,2.67,3.7,27.4,7.9,2128,308,26.66,0
RAD02_240705104740_11866,36.4247696,127.3893087,대전광역시 유성구 관평동 1291,2024,7,5,10,4,summer,0,1,1,1,1.563513927,2024-07-05,1,1,1,121,25.8,1555,3.5,3.9,1100,-9.0,2.67,3.7,27.4,7.9,2128,888,14.88,0
RAD02_240705105046_12072,36.4260338,127.3861304,대전광역시 유성구 관평동 1292,2024,7,5,10,4,summer,0,1,1,1,0.0,2024-07-05,1,0,0,121,25.8,1555,3.5,3.9,1100,-9.0,2.67,3.7,27.4,7.9,2128,330,32.95,0
RAD02_240722070823_39853,36.3761708,127.338887,대전광역시 유성구 죽동 799,2024,7,22,7,0,summer,0,1,1,2,0.0,2024-07-22,1,0,0,2330,28.9,1240,2.46,-9.0,1200,0.0,-9.0,-9.0,29.3,2.8,113,594,31.91,0
RAD02_240722070936_39903,36.3762196,127.3386853,대전광역시 유성구 죽동 799,2024,7,22,7,0,summer,0,2,2,3,0.0,2024-07-22,1,0,0,2330,28.9,1240,2.46,-9.0,1200,0.0,-9.0,-9.0,29.3,2.8,113,1022,33.72,0
RAD02_240722071106_39997,36.3724771,127.3351261,대전광역시 유성구 죽동 799,2024,7,22,7,0,summer,0,3,3,4,0.0,2024-07-22,1,0,0,2330,28.9,1240,2.46,-9.0,1200,0.0,-9.0,-9.0,29.3,2.8,113,350,31.21,0
RAD02_240722071116_40048,36.3717194,127.3350072,대전광역시 유성구 죽동 799,2024,7,22,7,0,summer,0,4,4,5,0.0,2024-07-22,1,0,0,2330,28.9,1240,2.46,-9.0,1200,0.0,-9.0,-9.0,29.3,2.8,113,743,21.5,0
RAD02_240722071123_40064,36.3713166,127.3348578,대전광역시 유성구 죽동 799,2024,7,22,7,0,summer,0,5,5,6,0.0,2024-07-22,1,0,0,2330,28.9,1240,2.46,-9.0,1200,0.0,-9.0,-9.0,29.3,2.8,113,1048,36.72,0
RAD02_240722071131_40068,36.371338,127.3343033,대전광역시 유성구 죽동 747,2024,7,22,7,0,summer,0,1,1,1,6.632865904,2024-07-22,1,1,1,2330,28.9,1240,2.46,-9.0,1200,0.0,-9.0,-9.0,29.3,2.8,113,692,10.66,0
RAD02_240722071204_0,36.3717463,127.3320898,대전광역시 유성구 죽동 747,2024,7,22,7,0,summer,0,2,2,2,0.0,2024-07-22,1,0,0,2330,28.9,1240,2.46,-9.0,1200,0.0,-9.0,-9.0,29.3,2.8,113,387,12.11,0
RAD02_240722081055_40257,36.3717595,127.3322677,대전광역시 유성구 죽동 747,2024,7,22,8,0,summer,1,3,3,3,0.0,2024-07-22,1,0,0,2330,28.9,1240,2.46,-9.0,1200,0.0,-9.0,-9.0,29.3,2.8,113,923,23.09,0
RAD02_240722081259_0,36.3666444,127.3389231,대전광역시 유성구 죽동 119-2,2024,7,22,8,0,summer,1,1,1,1,0.0,2024-07-22,1,0,0,2330,28.9,1240,2.46,-9.0,1200,0.0,-9.0,-9.0,29.3,2.8,113,762,36.0,0
RAD02_240722081300_40539,36.3664505,127.3388563,대전광역시 유성구 죽동 119-2,2024,7,22,8,0,summer,1,2,2,2,9.914659953,2024-07-22,1,1,1,2330,28.9,1240,2.46,-9.0,1200,0.0,-9.0,-9.0,29.3,2.8,113,985,38.12,0
RAD02_240722132959_41375,36.3607481,127.3541642,대전광역시 유성구 어은동 311,2024,7,22,13,0,summer,0,1,1,2,0.0,2024-07-22,1,0,0,2330,28.9,1240,2.46,-9.0,1200,0.0,-9.0,-9.0,29.3,2.8,113,559,22.3,0
RAD02_240722144805_41849,36.3623562,127.3558128,대전광역시 유성구 어은동 109,2024,7,22,14,0,summer,0,1,1,1,1.291077309,2024-07-22,1,1,1,2330,28.9,1240,2.46,-9.0,1200,0.0,-9.0,-9.0,29.3,2.8,113,326,24.59,0
RAD02_240722144831_41905,36.3624276,127.3561928,대전광역시 유성구 어은동 109,2024,7,22,14,0,summer,0,2,2,2,0.0,2024-07-22,1,0,0,2330,28.9,1240,2.46,-9.0,1200,0.0,-9.0,-9.0,29.3,2.8,113,895,37.47,0
RAD02_240722144850_41918,36.3625815,127.3565681,대전광역시 유성구 어은동 109,2024,7,22,14,0,summer,0,3,3,3,0.0,2024-07-22,1,0,0,2330,28.9,1240,2.46,-9.0,1200,0.0,-9.0,-9.0,29.3,2.8,113,1211,12.82,0
RAD02_240722150541_42077,36.3624017,127.3566568,대전광역시 유성구 어은동 109,2024,7,22,15,0,summer,0,4,4,4,0.0,2024-07-22,1,0,0,2330,28.9,1240,2.46,-9.0,1200,0.0,-9.0,-9.0,29.3,2.8,113,520,27.26,0
RAD02_240723102054_42106,36.3617499,127.3567053,대전광역시 유성구 어은동 109,2024,7,23,10,1,summer,0,5,5,5,0.0,2024-07-23,1,0,0,49,27.2,1,0.67,3.9,1300,6.0,10.03,2.5,26.9,0.0,1006,656,38.67,0
RAD02_240723102554_42623,36.3575433,127.3427661,대전광역시 유성구 봉명동 608,2024,7,23,10,1,summer,0,1,2,2,0.0,2024-07-23,1,0,0,49,27.2,1,0.67,3.9,1300,6.0,10.03,2.5,26.9,0.0,1006,417,16.5,0
RAD02_240723102720_42912,36.3493848,127.3400517,대전광역시 유성구 봉명동 1058,2024,7,23,10,1,summer,0,1,2,2,5.869561755,2024-07-23,1,1,1,49,27.2,1,0.67,3.9,1300,6.0,10.03,2.5,26.9,0.0,1006,552,35.41,0
RAD02_240723102727_42955,36.3488061,127.34008,대전광역시 유성구 봉명동 1058,2024,7,23,10,1,summer,0,2,3,3,9.379759714,2024-07-23,1,1,1,49,27.2,1,0.67,3.9,1300,6.0,10.03,2.5,26.9,0.0,1006,640,7.34,0
RAD02_240723102749_43043,36.3486954,127.3380289,대전광역시 유성구 상대동 556,2024,7,23,10,1,summer,0,1,1,1,3.634540649,2024-07-23,1,1,1,49,27.2,1,0.67,3.9,1300,6.0,10.03,2.5,26.9,0.0,1006,324,24.38,0
RAD02_240723102755_43056,36.3486802,127.3371163,대전광역시 유성구 상대동 556,2024,7,23,10,1,summer,0,2,2,2,6.069913491,2024-07-23,1,1,1,49,27.2,1,0.67,3.9,1300,6.0,10.03,2.5,26.9,0.0,1006,528,35.36,0
RAD02_240723102758_43081,36.3486706,127.3366655,대전광역시 유성구 상대동 556,2024,7,23,10,1,summer,0,3,3,3,4.474758849,2024-07-23,1,1,1,49,27.2,1,0.67,3.9,1300,6.0,10.03,2.5,26.9,0.0,1006,506,12.94,0
RAD02_240723102804_43093,36.3486585,127.3358612,대전광역시 유성구 상대동 556,2024,7,23,10,1,summer,0,4,4,4,13.71548204,2024-07-23,1,1,1,49,27.2,1,0.67,3.9,1300,6.0,10.03,2.5,26.9,0.0,1006,445,22.22,0
RAD02_240723102824_43126,36.3486556,127.3335618,대전광역시 유성구 상대동 556,2024,7,23,10,1,summer,0,5,5,5,3.972273317,2024-07-23,1,1,1,49,27.2,1,0.67,3.9,1300,6.0,10.03,2.5,26.9,0.0,1006,400,40.97,0
RAD02_240723102843_43145,36.3486235,127.3313473,대전광역시 유성구 상대동 556,2024,7,23,10,1,summer,0,6,6,6,0.0,2024-07-23,1,0,0,49,27.2,1,0.67,3.9,1300,6.0,10.03,2.5,26.9,0.0,1006,285,24.86,0
RAD02_240723102901_43184,36.3486235,127.3312673,대전광역시 유성구 상대동 556,2024,7,23,10,1,summer,0,7,7,7,0.0,2024-07-23,1,0,0,49,27.2,1,0.67,3.9,1300,6.0,10.03,2.5,26.9,0.0,1006,506,10.42,0
RAD02_240723103039_43337,36.3486282,127.3267053,대전광역시 유성구 상대동 556,2024,7,23,10,1,summer,0,8,8,8,0.0,2024-07-23,1,0,0,49,27.2,1,0.67,3.9,1300,6.0,10.03,2.5,26.9,0.0,1006,557,45.15,0
RAD02_240723103401_43736,36.3361049,127.3167407,대전광역시 유성구 학하동 687,2024,7,23,10,1,summer,0,1,1,1,3.152027864,2024-07-23,1,1,1,49,27.2,1,0.67,3.9,1300,6.0,10.03,2.5,26.9,0.0,1006,703,32.85,0
RAD02_240723103444_43798,36.3299821,127.3131031,대전광역시 유성구 용계동 390-3,2024,7,23,10,1,summer,0,1,1,1,0.0,2024-07-23,1,0,0,49,27.2,1,0.67,3.9,1300,6.0,10.03,2.5,26.9,0.0,1006,341,18.88,0
RAD02_240723103446_43801,36.3297016,127.3129649,대전광역시 유성구 용계동 390-3,2024,7,23,10,1,summer,0,2,2,2,0.0,2024-07-23,1,0,0,49,27.2,1,0.67,3.9,1300,6.0,10.03,2.5,26.9,0.0,1006,685,39.58,0
RAD02_240723103501_43849,36.3273335,127.3122078,대전광역시 유성구 용계동 산 50-6,2024,7,23,10,1,summer,0,1,1,1,0.0,2024-07-23,1,0,0,49,27.2,1,0.67,3.9,1300,6.0,10.03,2.5,26.9,0.0,1006,256,33.68,0
RAD02_240723103541_43900,36.3244361,127.3123075,대전광역시 유성구 용계동 402-11,2024,7,23,10,1,summer,0,1,1,1,0.0,2024-07-23,1,0,0,49,27.2,1,0.67,3.9,1300,6.0,10.03,2.5,26.9,0.0,1006,549,47.34,0
RAD02_240723103616_43932,36.3201457,127.3136482,대전광역시 유성구 대정동 산 38-1,2024,7,23,10,1,summer,0,1,1,1,0.0,2024-07-23,1,0,0,49,27.2,1,0.67,3.9,1300,6.0,10.03,2.5,26.9,0.0,1006,734,20.55,0
RAD02_240723103652_43970,36.3149986,127.3155018,대전광역시 유성구 대정동 507,2024,7,23,10,1,summer,0,1,1,1,1.640915858,2024-07-23,1,1,1,49,27.2,1,0.67,3.9,1300,6.0,10.03,2.5,26.9,0.0,1006,505,47.52,0
RAD02_240723103657_43993,36.3144026,127.3157373,대전광역시 유성구 대정동 509-9,2024,7,23,10,1,summer,0,1,1,1,0.0,2024-07-23,1,0,0,49,27.2,1,0.67,3.9,1300,6.0,10.03,2.5,26.9,0.0,1006,283,24.69,0
RAD02_240723103726_44053,36.3110067,127.3174702,대전광역시 유성구 교촌동 123-4,2024,7,23,10,1,summer,0,1,1,1,0.0,2024-07-23,1,0,0,49,27.2,1,0.67,3.9,1300,6.0,10.03,2.5,26.9,0.0,1006,218,19.76,0
RAD02_240723103816_44176,36.3051794,127.3200677,대전광역시 유성구 교촌동 652,2024,7,23,10,1,summer,0,1,1,1,11.21961319,2024-07-23,1,1,1,49,27.2,1,0.67,3.9,1300,6.0,10.03,2.5,26.9,0.0,1006,607,32.02,0
RAD02_240723103823_44195,36.3047175,127.320255,대전광역시 유성구 교촌동 652,2024,7,23,10,1,summer,0,2,2,2,0.0,2024-07-23,1,0,0,49,27.2,1,0.67,3.9,1300,6.0,10.03,2.5,26.9,0.0,1006,662,17.56,0
RAD02_240723104158_44681,36.2993358,127.3157872,대전광역시 유성구 원내동 772,2024,7,23,10,1,summer,0,1,1,1,14.29526036,2024-07-23,1,1,1,49,27.2,1,0.67,3.9,1300,6.0,10.03,2.5,26.9,0.0,1006,348,12.57,0
RAD02_240723104211_44694,36.2986134,127.316021,대전광역시 유성구 원내동 772,2024,7,23,10,1,summer,0,2,2,2,0.0,2024-07-23,1,0,0,49,27.2,1,0.67,3.9,1300,6.0,10.03,2.5,26.9,0.0,1006,627,30.37,0
RAD02_240723104228_44718,36.2983857,127.3157099,대전광역시 유성구 원내동 708,2024,7,23,10,1,summer,0,1,1,1,0.0,2024-07-23,1,0,0,49,27.2,1,0.67,3.9,1300,6.0,10.03,2.5,26.9,0.0,1006,687,18.56,0
RAD02_240723104312_44774,36.2979338,127.3150333,대전광역시 유성구 원내동 280,2024,7,23,10,1,summer,0,1,1,1,12.50786481,2024-07-23,1,1,1,49,27.2,1,0.67,3.9,1300,6.0,10.03,2.5,26.9,0.0,1006,396,36.38,0
RAD02_240723105637_44968,36.2986844,127.3161518,대전광역시 유성구 원내동 736,2024,7,23,10,1,summer,0,1,1,1,8.396226546,2024-07-23,1,1,1,49,27.2,1,0.67,3.9,1300,6.0,10.03,2.5,26.9,0.0,1006,554,26.51,0
RAD02_240723105754_45004,36.299355,127.3159116,대전광역시 유성구 원내동 735,2024,7,23,10,1,summer,0,1,1,1,0.0,2024-07-23,1,0,0,49,27.2,1,0.67,3.9,1300,6.0,10.03,2.5,26.9,0.0,1006,278,27.69,0
RAD02_240723105802_45020,36.2997707,127.3157655,대전광역시 유성구 원내동 735,2024,7,23,10,1,summer,0,2,2,2,0.0,2024-07-23,1,0,0,49,27.2,1,0.67,3.9,1300,6.0,10.03,2.5,26.9,0.0,1006,320,43.87,0
RAD02_240723105815_45031,36.3006165,127.3154704,대전광역시 유성구 원내동 735,2024,7,23,10,1,summer,0,3,3,3,0.0,2024-07-23,1,0,0,49,27.2,1,0.67,3.9,1300,6.0,10.03,2.5,26.9,0.0,1006,714,18.15,0
RAD02_240723105821_45044,36.3010087,127.3153214,대전광역시 유성구 원내동 773,2024,7,23,10,1,summer,0,1,1,1,0.0,2024-07-23,1,0,0,49,27.2,1,0.67,3.9,1300,6.0,10.03,2.5,26.9,0.0,1006,761,26.59,0
RAD02_240723105840_45080,36.3025569,127.3156015,대전광역시 유성구 원내동 773,2024,7,23,10,1,summer,0,2,2,2,0.0,2024-07-23,1,0,0,49,27.2,1,0.67,3.9,1300,6.0,10.03,2.5,26.9,0.0,1006,319,34.35,0
RAD02_240723110012_45161,36.3034721,127.3176269,대전광역시 유성구 원내동 773,2024,7,23,11,1,summer,0,3,3,3,0.0,2024-07-23,1,0,0,49,27.2,1,0.67,3.9,1300,6.0,10.03,2.5,26.9,0.0,1006,295,34.68,0
RAD02_240723110053_0,36.3042144,127.3203217,대전광역시 유성구 원내동 773,2024,7,23,11,1,summer,0,4,4,4,1.782737754,2024-07-23,1,1,1,49,27.2,1,0.67,3.9,1300,6.0,10.03,2.5,26.9,0.0,1006,240,41.22,0
RAD02_240723110053_45257,36.3042144,127.3203217,대전광역시 유성구 원내동 773,2024,7,23,11,1,summer,0,5,5,5,0.0,2024-07-23,1,0,0,49,27.2,1,0.67,3.9,1300,6.0,10.03,2.5,26.9,0.0,1006,236,16.11,0
RAD02_240725102042_2170,36.3598648,127.2932792,대전광역시 유성구 갑동 392-11,2024,7,25,10,3,summer,0,1,1,1,0.0,2024-07-25,1,0,0,1749,28.1,1446,3.29,0.1,1400,0.1,0.83,0.1,33.5,7.6,2229,314,27.23,0
RAD02_240729153853_0,36.4192753,127.37974,대전광역시 유성구 덕진동 산 14-3,2024,7,29,15,0,summer,0,1,1,1,0.0,2024-07-29,1,0,0,1131,28.6,1457,2.74,-9.0,1400,-9.0,-9.0,-9.0,32.0,5.6,36,428,6.71,0
RAD02_240729154719_6522,36.4458044,127.3853474,대전광역시 유성구 봉산동 714,2024,7,29,15,0,summer,0,1,1,2,1.703836428,2024-07-29,1,1,1,1131,28.6,1457,2.74,-9.0,1400,-9.0,-9.0,-9.0,32.0,5.6,36,449,16.04,0
RAD02_240730094242_7947,36.3585841,127.3371612,대전광역시 유성구 장대동 290,2024,7,30,9,1,summer,1,1,1,1,0.0,2024-07-30,1,0,0,44,28.7,1339,3.44,-9.0,1300,-9.0,-9.0,-9.0,33.9,7.4,735,1058,12.47,0
RAD02_240731150038_8190,36.3623864,127.3561796,대전광역시 유성구 어은동 109,2024,7,31,15,2,summer,0,1,6,6,0.0,2024-07-31,1,0,0,1438,29.5,1600,3.39,-9.0,1300,-9.0,-9.0,-9.0,36.0,6.6,621,943,22.27,0
RAD02_240731150044_0,36.3624294,127.3562708,대전광역시 유성구 어은동 109,2024,7,31,15,2,summer,0,2,7,7,0.0,2024-07-31,1,0,0,1438,29.5,1600,3.39,-9.0,1300,-9.0,-9.0,-9.0,36.0,6.6,621,380,13.66,0
RAD02_240801092842_10003,36.3595454,127.3429622,대전광역시 유성구 봉명동 601,2024,8,1,9,3,summer,1,1,1,1,9.763238505,2024-08-01,1,1,1,1028,30.0,1448,2.84,-9.0,1300,-9.0,-9.0,-9.0,34.4,5.9,156,666,17.75,0
RAD02_240801093134_10281,36.3585989,127.3374559,대전광역시 유성구 장대동 290,2024,8,1,9,3,summer,1,2,2,2,7.337690262,2024-08-01,1,1,1,1028,30.0,1448,2.84,-9.0,1300,-9.0,-9.0,-9.0,34.4,5.9,156,1056,12.95,0
RAD02_240801093943_10898,36.358922,127.3287995,대전광역시 유성구 장대동 258,2024,8,1,9,3,summer,1,1,1,1,0.0,2024-08-01,1,0,0,1028,30.0,1448,2.84,-9.0,1300,-9.0,-9.0,-9.0,34.4,5.9,156,700,15.48,0
RAD02_240801094131_10973,36.3594928,127.3239981,대전광역시 유성구 장대동 295,2024,8,1,9,3,summer,1,1,1,1,0.0,2024-08-01,1,0,0,1028,30.0,1448,2.84,-9.0,1300,-9.0,-9.0,-9.0,34.4,5.9,156,1152,35.62,0
RAD02_240801094346_11195,36.3604705,127.3031363,대전광역시 유성구 덕명동 555,2024,8,1,9,3,summer,1,1,1,1,0.0,2024-08-01,1,0,0,1028,30.0,1448,2.84,-9.0,1300,-9.0,-9.0,-9.0,34.4,5.9,156,748,31.22,0
RAD02_240801101044_11973,36.3603685,127.3267128,대전광역시 유성구 장대동 223-20,2024,8,1,10,3,summer,0,1,1,1,0.0,2024-08-01,1,0,0,1028,30.0,1448,2.84,-9.0,1300,-9.0,-9.0,-9.0,34.4,5.9,156,359,40.08,0
RAD02_240801101121_11989,36.3636454,127.3272178,대전광역시 유성구 장대동 231-2,2024,8,1,10,3,summer,0,1,1,1,13.0793874,2024-08-01,1,1,1,1028,30.0,1448,2.84,-9.0,1300,-9.0,-9.0,-9.0,34.4,5.9,156,757,30.19,0
RAD02_240801162922_12332,36.3848419,127.3785481,대전광역시 유성구 도룡동 409,2024,8,1,16,3,summer,0,1,1,2,6.272548819,2024-08-01,1,1,1,1028,30.0,1448,2.84,-9.0,1300,-9.0,-9.0,-9.0,34.4,5.9,156,865,32.98,0
RAD02_240805103952_15754,36.353136,127.3369673,대전광역시 유성구 봉명동 534,2024,8,5,10,0,summer,0,1,1,1,14.20148703,2024-08-05,1,1,1,1537,27.4,1354,2.94,34.3,1300,33.2,3.38,27.8,30.1,5.4,2231,793,36.3,0
RAD02_240805104059_15947,36.3546954,127.3382101,대전광역시 유성구 봉명동 529,2024,8,5,10,0,summer,0,1,1,1,0.0,2024-08-05,1,0,0,1537,27.4,1354,2.94,34.3,1300,33.2,3.38,27.8,30.1,5.4,2231,779,43.35,0
RAD02_240805165159_17289,36.4182704,127.3788462,대전광역시 유성구 관평동 657-3,2024,8,5,16,0,summer,0,1,1,1,7.855628846,2024-08-05,1,1,1,1537,27.4,1354,2.94,34.3,1300,33.2,3.38,27.8,30.1,5.4,2231,305,26.32,0
RAD02_240805170944_17986,36.4119107,127.3779061,대전광역시 유성구 화암동 120-3,2024,8,5,17,0,summer,0,1,1,1,0.0,2024-08-05,1,0,0,1537,27.4,1354,2.94,34.3,1300,33.2,3.38,27.8,30.1,5.4,2231,680,39.11,0
RAD02_240805171328_18270,36.3971543,127.3548409,대전광역시 유성구 장동 362-2,2024,8,5,17,0,summer,0,1,1,1,9.174369862,2024-08-05,1,1,1,1537,27.4,1354,2.94,34.3,1300,33.2,3.38,27.8,30.1,5.4,2231,220,24.52,0
RAD02_240805171556_18387,36.3940462,127.3504939,대전광역시 유성구 자운동 17-15,2024,8,5,17,0,summer,0,1,1,1,14.53841244,2024-08-05,1,1,1,1537,27.4,1354,2.94,34.3,1300,33.2,3.38,27.8,30.1,5.4,2231,336,13.47,0
RAD02_240805173844_18913,36.369134,127.3504628,대전광역시 유성구 궁동 220,2024,8,5,17,0,summer,0,1,1,1,7.216184513,2024-08-05,1,1,1,1537,27.4,1354,2.94,34.3,1300,33.2,3.38,27.8,30.1,5.4,2231,636,28.81,0
RAD02_240805174140_19238,36.364056,127.3558003,대전광역시 유성구 어은동 99,2024,8,5,17,0,summer,0,1,1,1,0.0,2024-08-05,1,0,0,1537,27.4,1354,2.94,34.3,1300,33.2,3.38,27.8,30.1,5.4,2231,907,34.15,0
RAD02_240806092522_19653,36.3624144,127.3561372,대전광역시 유성구 어은동 109,2024,8,6,9,1,summer,1,3,8,8,3.299698159,2024-08-06,1,1,1,1450,28.6,1516,3.27,-9.0,1100,-9.0,-9.0,-9.0,33.2,9.1,822,1077,35.26,0
RAD02_240906142652_433,36.4087304,127.3755045,대전광역시 유성구 화암동 99-6,2024,9,6,14,4,autumn,0,1,1,1,0.0,2024-09-06,1,0,0,1324,25.6,1512,1.07,0.5,1400,0.5,2.83,0.4,29.5,0.0,2124,423,32.27,0
RAD02_240910095605_3052,36.3371305,127.3345333,대전광역시 유성구 상대동 498,2024,9,10,9,1,autumn,1,1,1,2,0.0,2024-09-10,1,0,0,215,29.5,1506,3.1,-9.0,1200,-9.0,-9.0,-9.0,36.0,11.4,911,1123,40.57,0
RAD02_240920150052_30,36.3050871,127.2942619,대전광역시 유성구 성북동 761,2024,9,20,15,4,autumn,0,1,1,1,6.542074772,2024-09-20,1,1,1,823,25.5,1,0.65,45.6,1300,148.6,13.0,12.9,26.6,0.0,1,680,29.07,0
RAD02_240920152128_1951,36.3408826,127.3198701,대전광역시 유성구 복용동 175-3,2024,9,20,15,4,autumn,0,1,1,1,0.0,2024-09-20,1,0,0,823,25.5,1,0.65,45.6,1300,148.6,13.0,12.9,26.6,0.0,1,552,18.95,0
RAD02_241028103649_2831,36.3246945,127.3190443,대전광역시 유성구 용계동 623,2024,10,28,10,0,autumn,0,1,1,1,0.0,2024-10-28,1,0,0,2246,14.8,1145,1.41,0.0,1100,0.0,1.17,0.0,15.4,0.4,2309,1068,10.9,0
RAD02_241028103726_2858,36.3234643,127.317443,대전광역시 유성구 용계동 400-4,2024,10,28,10,0,autumn,0,1,1,1,0.0,2024-10-28,1,0,0,2246,14.8,1145,1.41,0.0,1100,0.0,1.17,0.0,15.4,0.4,2309,779,6.41,0
RAD02_241028123535_6449,36.2999096,127.315775,대전광역시 유성구 원내동 197-23,2024,10,28,12,0,autumn,0,1,1,1,0.0,2024-10-28,1,0,0,2246,14.8,1145,1.41,0.0,1100,0.0,1.17,0.0,15.4,0.4,2309,993,25.65,0
RAD02_241029093429_6909,36.3636689,127.3404366,대전광역시 유성구 장대동 377,2024,10,29,9,1,autumn,1,1,1,1,8.497897399,2024-10-29,1,1,1,1054,14.9,1532,1.88,0.0,1100,0.0,0.58,0.0,15.2,3.1,2259,653,41.38,0
RAD02_241029093442_6921,36.3638746,127.33984,대전광역시 유성구 장대동 321,2024,10,29,9,1,autumn,1,1,1,1,0.0,2024-10-29,1,0,0,1054,14.9,1532,1.88,0.0,1100,0.0,0.58,0.0,15.2,3.1,2259,944,10.78,0
RAD02_241030091933_10101,36.348614,127.3325623,대전광역시 유성구 상대동 556,2024,10,30,9,2,autumn,1,1,1,1,3.390400739,2024-10-30,1,1,1,1945,14.7,1511,2.4,-9.0,1200,-9.0,-9.0,-9.0,14.2,9.6,2325,1009,23.42,0
RAD02_241030100214_12212,36.3133259,127.3163753,대전광역시 유성구 교촌동 519-3,2024,10,30,10,2,autumn,0,1,1,1,0.0,2024-10-30,1,0,0,1945,14.7,1511,2.4,-9.0,1200,-9.0,-9.0,-9.0,14.2,9.6,2325,1205,11.98,0
RAD02_241030135957_13665,36.3608378,127.3542696,대전광역시 유성구 어은동 106-2,2024,10,30,13,2,autumn,0,1,1,1,0.0,2024-10-30,1,0,0,1945,14.7,1511,2.4,-9.0,1200,-9.0,-9.0,-9.0,14.2,9.6,2325,1168,30.47,0
RAD02_241030140537_14004,36.353581,127.3414063,대전광역시 유성구 봉명동 553-2,2024,10,30,14,2,autumn,0,1,1,1,0.0,2024-10-30,1,0,0,1945,14.7,1511,2.4,-9.0,1200,-9.0,-9.0,-9.0,14.2,9.6,2325,830,37.21,0
RAD02_241030141755_14580,36.3243918,127.3123664,대전광역시 유성구 용계동 402-11,2024,10,30,14,2,autumn,0,1,1,1,0.0,2024-10-30,1,0,0,1945,14.7,1511,2.4,-9.0,1200,-9.0,-9.0,-9.0,14.2,9.6,2325,1097,9.92,0
RAD02_241030150352_18004,36.3761827,127.338944,대전광역시 유성구 죽동 799,2024,10,30,15,2,autumn,0,1,1,1,10.51785277,2024-10-30,1,1,1,1945,14.7,1511,2.4,-9.0,1200,-9.0,-9.0,-9.0,14.2,9.6,2325,599,35.75,0
RAD02_241031100843_19145,36.3616374,127.3579044,대전광역시 유성구 어은동 262-1,2024,10,31,10,3,autumn,0,1,1,1,0.0,2024-10-31,1,0,0,1137,14.5,1406,2.42,-9.0,1200,0.6,-9.0,-9.0,13.8,8.9,858,470,27.32,0
RAD02_241127131151_6528,36.3575589,127.3410558,대전광역시 유성구 봉명동 603,2024,11,27,13,2,autumn,0,1,1,1,0.0,2024-11-27,1,0,0,1200,2.3,1151,1.63,3.8,1300,3.9,13.75,-9.0,4.1,1.4,2207,666,47.4,0
RAD02_241127134821_9297,36.3747697,127.341719,대전광역시 유성구 궁동 115,2024,11,27,13,2,autumn,0,1,1,1,0.0,2024-11-27,1,0,0,1200,2.3,1151,1.63,3.8,1300,3.9,13.75,-9.0,4.1,1.4,2207,462,23.1,0
RAD02_241127143625_12030,36.3580947,127.3396878,대전광역시 유성구 장대동 373,2024,11,27,14,2,autumn,0,1,1,1,0.0,2024-11-27,1,0,0,1200,2.3,1151,1.63,3.8,1300,3.9,13.75,-9.0,4.1,1.4,2207,844,35.37,0
RAD02_241127143634_12142,36.3575604,127.3398734,대전광역시 유성구 장대동 373,2024,11,27,14,2,autumn,0,2,2,2,10.79251377,2024-11-27,1,1,1,1200,2.3,1151,1.63,3.8,1300,3.9,13.75,-9.0,4.1,1.4,2207,422,12.11,0
RAD02_241205093742_5793,36.3609414,127.3548325,대전광역시 유성구 어은동 311,2024,12,5,9,3,winter,1,1,1,1,5.064295376,2024-12-05,1,1,1,1243,4.5,1429,1.54,0.0,1100,0.0,4.53,-9.0,4.0,3.7,54,381,29.61,0
RAD02_241205094739_7988,36.3361872,127.3334001,대전광역시 유성구 상대동 589,2024,12,5,9,3,winter,1,1,1,1,0.0,2024-12-05,1,0,0,1243,4.5,1429,1.54,0.0,1100,0.0,4.53,-9.0,4.0,3.7,54,756,24.3,0
RAD02_241205094754_8032,36.3361934,127.3327366,대전광역시 유성구 상대동 589,2024,12,5,9,3,winter,1,2,2,2,0.0,2024-12-05,1,0,0,1243,4.5,1429,1.54,0.0,1100,0.0,4.53,-9.0,4.0,3.7,54,1225,26.51,0
RAD02_241205101830_11436,36.360742,127.3442034,대전광역시 유성구 궁동 481,2024,12,5,10,3,winter,0,2,2,2,7.512460865,2024-12-05,1,1,1,1243,4.5,1429,1.54,0.0,1100,0.0,4.53,-9.0,4.0,3.7,54,983,38.3,0
RAD02_241205140432_0,36.3620263,127.3577154,대전광역시 유성구 어은동 59-1,2024,12,5,14,3,winter,0,1,1,1,0.0,2024-12-05,1,0,0,1243,4.5,1429,1.54,0.0,1100,0.0,4.53,-9.0,4.0,3.7,54,834,41.26,0
RAD02_241206094738_14667,36.3604127,127.3515997,대전광역시 유성구 궁동 434,2024,12,6,9,4,winter,1,1,1,1,0.0,2024-12-06,1,0,0,1501,4.0,1354,2.01,0.0,1200,-9.0,0.33,-9.0,4.0,5.8,2219,673,19.46,0
RAD02_241206135640_16243,36.3607916,127.3541535,대전광역시 유성구 어은동 311,2024,12,6,13,4,winter,0,2,2,2,0.0,2024-12-06,1,0,0,1501,4.0,1354,2.01,0.0,1200,-9.0,0.33,-9.0,4.0,5.8,2219,417,10.14,0
RAD02_241206155111_17443,36.3622186,127.344801,대전광역시 유성구 궁동 279-11,2024,12,6,15,4,winter,0,1,1,1,0.0,2024-12-06,1,0,0,1501,4.0,1354,2.01,0.0,1200,-9.0,0.33,-9.0,4.0,5.8,2219,727,22.98,0
RAD02_241210122352_21465,36.3605842,127.3498916,대전광역시 유성구 궁동 29-4,2024,12,10,12,1,winter,0,1,1,1,0.0,2024-12-10,1,0,0,1443,3.9,1343,1.95,-9.0,1200,-9.0,-9.0,-9.0,2.2,8.5,853,846,41.0,0
RAD02_241211132551_24201,36.3608519,127.3544088,대전광역시 유성구 어은동 311,2024,12,11,13,2,winter,0,3,3,3,13.12975281,2024-12-11,1,1,1,2144,2.5,1546,1.35,-9.0,1200,-9.0,-9.0,-9.0,1.8,5.0,2325,569,41.81,0
RAD02_241211132620_24236,36.360397,127.3518479,대전광역시 유성구 궁동 434,2024,12,11,13,2,winter,0,2,2,2,0.0,2024-12-11,1,0,0,2144,2.5,1546,1.35,-9.0,1200,-9.0,-9.0,-9.0,1.8,5.0,2325,444,31.38,0
RAD02_241211133531_26161,36.3917997,127.3503174,대전광역시 유성구 신성동 466,2024,12,11,13,2,winter,0,1,1,1,0.0,2024-12-11,1,0,0,2144,2.5,1546,1.35,-9.0,1200,-9.0,-9.0,-9.0,1.8,5.0,2325,704,8.68,0
RAD02_241211133532_26177,36.3918194,127.3502968,대전광역시 유성구 신성동 466,2024,12,11,13,2,winter,0,2,2,2,9.584613039,2024-12-11,1,1,1,2144,2.5,1546,1.35,-9.0,1200,-9.0,-9.0,-9.0,1.8,5.0,2325,870,6.34,0
RAD02_241212133809_0,36.3622149,127.3452893,대전광역시 유성구 궁동 220-9,2024,12,12,13,3,winter,0,1,1,1,9.770558354,2024-12-12,1,1,1,1320,1.2,1340,1.95,-9.0,1200,-9.0,-9.0,-9.0,0.6,6.7,934,660,37.84,0
RAD02_241212153828_0,36.3632035,127.3409248,대전광역시 유성구 궁동 352,2024,12,12,15,3,winter,0,1,1,1,14.01362657,2024-12-12,1,1,1,1320,1.2,1340,1.95,-9.0,1200,-9.0,-9.0,-9.0,0.6,6.7,934,447,20.38,0
RAD02_241213141115_0,36.3114022,127.2896119,대전광역시 유성구 성북동 731-11,2024,12,13,14,4,winter,0,1,1,1,10.76279825,2024-12-13,1,1,1,1254,0.6,1235,0.74,0.0,1000,0.0,1.5,-9.0,0.9,0.3,226,694,34.76,0
RAD02_241213141448_35390,36.2935971,127.2998492,대전광역시 유성구 성북동 731-6,2024,12,13,14,4,winter,0,1,1,1,0.0,2024-12-13,1,0,0,1254,0.6,1235,0.74,0.0,1000,0.0,1.5,-9.0,0.9,0.3,226,716,35.93,0
RAD02_241213141600_35849,36.2895888,127.3035583,대전광역시 유성구 방동 923,2024,12,13,14,4,winter,0,1,1,1,10.05999455,2024-12-13,1,1,1,1254,0.6,1235,0.74,0.0,1000,0.0,1.5,-9.0,0.9,0.3,226,378,20.21,0
RAD02_241217140036_5592,36.3607183,127.353945,대전광역시 유성구 어은동 311,2024,12,17,14,1,winter,0,2,4,4,0.0,2024-12-17,1,0,0,1528,1.6,1326,1.9,-9.0,1200,-9.0,-9.0,-9.0,1.6,6.6,948,627,33.21,0
RAD02_241217141511_8760,36.3840651,127.3068322,대전광역시 유성구 지족동 1062-1,2024,12,17,14,1,winter,0,1,1,1,6.954577019,2024-12-17,1,1,1,1528,1.6,1326,1.9,-9.0,1200,-9.0,-9.0,-9.0,1.6,6.6,948,904,34.84,0
RAD02_241218091628_0,36.3613606,127.3562032,대전광역시 유성구 어은동 62-2,2024,12,18,9,2,winter,1,1,1,1,0.0,2024-12-18,1,0,0,1547,-2.0,1513,1.94,-9.0,1200,-9.0,-9.0,-9.0,-1.0,8.2,2335,493,23.97,0
RAD02_241218095123_0,36.376836,127.3972063,대전광역시 유성구 도룡동 3-6,2024,12,18,9,2,winter,1,1,1,1,0.0,2024-12-18,1,0,0,1547,-2.0,1513,1.94,-9.0,1200,-9.0,-9.0,-9.0,-1.0,8.2,2335,1089,30.49,0
RAD02_241219105408_20586,36.3598608,127.3347847,대전광역시 유성구 장대동 289,2024,12,19,10,3,winter,0,1,1,1,8.631737692,2024-12-19,1,1,1,1500,-1.9,1407,1.93,-9.0,1200,-9.0,-9.0,-9.0,-2.5,8.5,913,438,6.6,0
RAD02_241230104201_37068,36.3609685,127.3489032,대전광역시 유성구 궁동 367-2,2024,12,30,10,0,winter,0,1,1,1,0.0,2024-12-30,1,0,0,1620,6.7,1341,1.59,0.0,1300,-9.0,0.57,-9.0,3.9,2.1,1,772,28.63,0
RAD02_250113140339_1153,36.3605156,127.3507753,대전광역시 유성구 궁동 27-2,2025,1,13,14,0,winter,0,1,1,1,0.0,2025-01-13,1,0,0,1242,1.1,1532,1.96,-9.0,1200,0.1,-9.0,-9.0,-0.2,7.8,1008,237,18.21,0
RAD02_250113162244_9330,36.3750905,127.3297712,대전광역시 유성구 죽동 561-1,2025,1,13,16,0,winter,0,1,1,1,9.35790751,2025-01-13,1,1,1,1242,1.1,1532,1.96,-9.0,1200,0.1,-9.0,-9.0,-0.2,7.8,1008,577,15.39,0
RAD02_250113162317_9452,36.3767163,127.3308416,대전광역시 유성구 죽동 562-2,2025,1,13,16,0,winter,0,1,1,1,5.74015279,2025-01-13,1,1,1,1242,1.1,1532,1.96,-9.0,1200,0.1,-9.0,-9.0,-0.2,7.8,1008,866,48.37,0
RAD02_250113162329_9563,36.3775279,127.3307317,대전광역시 유성구 죽동 381,2025,1,13,16,0,winter,0,1,1,1,0.0,2025-01-13,1,0,0,1242,1.1,1532,1.96,-9.0,1200,0.1,-9.0,-9.0,-0.2,7.8,1008,415,48.26,0
RAD02_250113162357_9665,36.3784783,127.3292636,대전광역시 유성구 죽동 369,2025,1,13,16,0,winter,0,1,1,1,0.0,2025-01-13,1,0,0,1242,1.1,1532,1.96,-9.0,1200,0.1,-9.0,-9.0,-0.2,7.8,1008,747,44.87,0
RAD02_250113164537_0,36.3949089,127.3124904,대전광역시 유성구 반석동 685,2025,1,13,16,0,winter,0,1,1,1,0.0,2025-01-13,1,0,0,1242,1.1,1532,1.96,-9.0,1200,0.1,-9.0,-9.0,-0.2,7.8,1008,194,22.84,0
RAD02_250117140639_1097,36.4212318,127.3814122,대전광역시 유성구 관평동 산 8-5,2025,1,17,14,4,winter,0,1,1,1,0.0,2025-01-17,1,0,0,1609,1.3,1551,2.02,-9.0,1200,-9.0,-9.0,-9.0,1.9,8.6,942,1133,23.29,0
RAD02_250117154732_0,36.3866267,127.3186665,대전광역시 유성구 지족동 1005,2025,1,17,15,4,winter,0,1,1,1,0.0,2025-01-17,1,0,0,1609,1.3,1551,2.02,-9.0,1200,-9.0,-9.0,-9.0,1.9,8.6,942,1210,30.05,0
RAD02_250117155141_6015,36.3748903,127.3298318,대전광역시 유성구 죽동 222-2,2025,1,17,15,4,winter,0,1,1,1,0.0,2025-01-17,1,0,0,1609,1.3,1551,2.02,-9.0,1200,-9.0,-9.0,-9.0,1.9,8.6,942,378,37.52,0
RAD02_250120095012_0,36.3637151,127.3401727,대전광역시 유성구 장대동 321,2025,1,20,9,0,winter,1,1,1,2,12.82659947,2025-01-20,1,1,1,1412,2.8,1427,1.59,-9.0,1400,-9.0,-9.0,-9.0,2.1,3.0,2343,313,35.34,0
RAD02_250120100012_11246,36.3974904,127.3128827,대전광역시 유성구 외삼동 281-12,2025,1,20,10,0,winter,0,1,1,1,0.0,2025-01-20,1,0,0,1412,2.8,1427,1.59,-9.0,1400,-9.0,-9.0,-9.0,2.1,3.0,2343,1108,37.06,0
RAD02_250120100044_11313,36.3979554,127.3120737,대전광역시 유성구 외삼동 282-3,2025,1,20,10,0,winter,0,1,1,1,11.48610572,2025-01-20,1,1,1,1412,2.8,1427,1.59,-9.0,1400,-9.0,-9.0,-9.0,2.1,3.0,2343,940,8.45,0
RAD02_250120135014_13514,36.3622265,127.3455471,대전광역시 유성구 궁동 220,2025,1,20,13,0,winter,0,1,1,1,0.0,2025-01-20,1,0,0,1412,2.8,1427,1.59,-9.0,1400,-9.0,-9.0,-9.0,2.1,3.0,2343,567,15.77,0
RAD02_250120135716_14971,36.3872696,127.3434526,대전광역시 유성구 하기동 산 2-7,2025,1,20,13,0,winter,0,1,1,1,4.098613438,2025-01-20,1,1,1,1412,2.8,1427,1.59,-9.0,1400,-9.0,-9.0,-9.0,2.1,3.0,2343,332,27.56,0
RAD03_240228095502_93,36.3633758,127.3563374,대전광역시 유성구 어은동 99,2024,2,28,9,2,winter,1,1,1,1,0.0,2024-02-28,1,0,0,8,6.3,1637,2.16,-9.0,1200,-9.0,-9.0,-9.0,5.9,3.7,916,604,28.6,0
RAD03_240228095503_0,36.3633393,127.3563843,대전광역시 유성구 어은동 99,2024,2,28,9,2,winter,1,2,2,2,0.0,2024-02-28,1,0,0,8,6.3,1637,2.16,-9.0,1200,-9.0,-9.0,-9.0,5.9,3.7,916,1097,22.33,0
RAD03_240228095503_93,36.3633393,127.3563843,대전광역시 유성구 어은동 99,2024,2,28,9,2,winter,1,3,3,3,10.94430074,2024-02-28,1,1,1,8,6.3,1637,2.16,-9.0,1200,-9.0,-9.0,-9.0,5.9,3.7,916,591,24.47,0
RAD03_240228095503_95,36.3633393,127.3563843,대전광역시 유성구 어은동 99,2024,2,28,9,2,winter,1,4,4,4,5.184764043,2024-02-28,1,1,1,8,6.3,1637,2.16,-9.0,1200,-9.0,-9.0,-9.0,5.9,3.7,916,1070,10.02,0
RAD03_240228095536_0,36.3634022,127.3564505,대전광역시 유성구 어은동 99,2024,2,28,9,2,winter,1,5,5,5,0.0,2024-02-28,1,0,0,8,6.3,1637,2.16,-9.0,1200,-9.0,-9.0,-9.0,5.9,3.7,916,340,20.63,0
RAD03_240228095536_136,36.3634022,127.3564505,대전광역시 유성구 어은동 99,2024,2,28,9,2,winter,1,6,6,6,0.0,2024-02-28,1,0,0,8,6.3,1637,2.16,-9.0,1200,-9.0,-9.0,-9.0,5.9,3.7,916,549,9.75,0
RAD03_240228095715_411,36.3633553,127.3563531,대전광역시 유성구 어은동 99,2024,2,28,9,2,winter,1,7,7,7,0.0,2024-02-28,1,0,0,8,6.3,1637,2.16,-9.0,1200,-9.0,-9.0,-9.0,5.9,3.7,916,304,36.65,0
RAD03_240228095716_411,36.3633423,127.3563738,대전광역시 유성구 어은동 99,2024,2,28,9,2,winter,1,8,8,8,0.0,2024-02-28,1,0,0,8,6.3,1637,2.16,-9.0,1200,-9.0,-9.0,-9.0,5.9,3.7,916,945,40.34,0
RAD03_240315141933_5557,36.3439915,127.3062637,대전광역시 유성구 복용동 557-2,2024,3,15,14,4,spring,0,1,1,1,0.0,2024-03-15,1,0,0,1451,9.5,1609,3.06,-9.0,1200,-9.0,-9.0,-9.0,10.5,11.0,2301,903,11.39,0
RAD03_240322100540_1857,36.3484218,127.3353832,대전광역시 유성구 상대동 489,2024,3,22,10,4,spring,0,1,1,1,0.0,2024-03-22,1,0,0,1442,10.1,1324,2.8,4.1,1100,4.4,6.33,-9.0,9.9,5.9,117,486,28.68,0
RAD03_240322124905_4822,36.37332,127.3308548,대전광역시 유성구 죽동 564,2024,3,22,12,4,spring,0,1,1,1,10.62125968,2024-03-22,1,1,1,1442,10.1,1324,2.8,4.1,1100,4.4,6.33,-9.0,9.9,5.9,117,280,14.83,0
RAD03_240325095437_9928,36.3797111,127.3160106,대전광역시 유성구 지족동 948,2024,3,25,9,0,spring,1,1,1,1,12.85304849,2024-03-25,1,1,1,2121,9.4,1033,1.45,6.8,1000,26.1,11.25,-9.0,10.0,0.0,12,649,41.61,0
RAD03_240325095912_10354,36.368572,127.3178383,대전광역시 유성구 노은동 583,2024,3,25,9,0,spring,1,2,12,12,0.0,2024-03-25,1,0,0,2121,9.4,1033,1.45,6.8,1000,26.1,11.25,-9.0,10.0,0.0,12,359,31.92,0
RAD03_240325100310_10491,36.3662209,127.3325207,대전광역시 유성구 장대동 17-4,2024,3,25,10,0,spring,0,3,3,4,0.0,2024-03-25,1,0,0,2121,9.4,1033,1.45,6.8,1000,26.1,11.25,-9.0,10.0,0.0,12,256,9.5,0
RAD03_240326104241_16041,36.4441973,127.4255582,대전광역시 대덕구 덕암동 336,2024,3,26,10,1,spring,0,1,1,1,11.20552983,2024-03-26,1,1,1,11,6.7,1523,1.95,19.5,1000,0.2,10.33,-9.0,9.5,3.0,2358,457,12.28,0
RAD03_240326104329_16253,36.4421481,127.4284869,대전광역시 대덕구 덕암동 31,2024,3,26,10,1,spring,0,1,1,1,1.05545994,2024-03-26,1,1,1,11,6.7,1523,1.95,19.5,1000,0.2,10.33,-9.0,9.5,3.0,2358,589,29.18,0
RAD03_240326104416_16362,36.4419786,127.4295673,대전광역시 대덕구 신탄진동 264-64,2024,3,26,10,1,spring,0,1,1,1,2.004232609,2024-03-26,1,1,1,11,6.7,1523,1.95,19.5,1000,0.2,10.33,-9.0,9.5,3.0,2358,621,31.8,0
RAD03_240326104417_16368,36.4420519,127.4295768,대전광역시 대덕구 신탄진동 264-64,2024,3,26,10,1,spring,0,2,2,2,0.0,2024-03-26,1,0,0,11,6.7,1523,1.95,19.5,1000,0.2,10.33,-9.0,9.5,3.0,2358,390,17.85,0
RAD03_240326104456_16464,36.4448868,127.4300601,대전광역시 대덕구 신탄진동 745,2024,3,26,10,1,spring,0,1,1,1,0.0,2024-03-26,1,0,0,11,6.7,1523,1.95,19.5,1000,0.2,10.33,-9.0,9.5,3.0,2358,696,35.19,0
RAD03_240326104458_16483,36.4448579,127.4301487,대전광역시 대덕구 신탄진동 745,2024,3,26,10,1,spring,0,2,2,2,12.24809086,2024-03-26,1,1,1,11,6.7,1523,1.95,19.5,1000,0.2,10.33,-9.0,9.5,3.0,2358,450,47.6,0
RAD03_240326104602_16638,36.4437076,127.4334665,대전광역시 대덕구 신탄진동 272-2,2024,3,26,10,1,spring,0,1,1,1,0.0,2024-03-26,1,0,0,11,6.7,1523,1.95,19.5,1000,0.2,10.33,-9.0,9.5,3.0,2358,320,21.87,0
RAD03_240326112736_16698,36.4434515,127.4335004,대전광역시 대덕구 신탄진동 272-2,2024,3,26,11,1,spring,0,2,2,2,2.223341161,2024-03-26,1,1,1,11,6.7,1523,1.95,19.5,1000,0.2,10.33,-9.0,9.5,3.0,2358,592,43.41,0
RAD03_240326113603_0,36.4430078,127.4337313,대전광역시 대덕구 신탄진동 272-2,2024,3,26,11,1,spring,0,3,3,3,9.861867479,2024-03-26,1,1,1,11,6.7,1523,1.95,19.5,1000,0.2,10.33,-9.0,9.5,3.0,2358,249,8.35,0
RAD03_240326113632_16816,36.443074,127.4333858,대전광역시 대덕구 신탄진동 272-2,2024,3,26,11,1,spring,0,4,4,4,0.0,2024-03-26,1,0,0,11,6.7,1523,1.95,19.5,1000,0.2,10.33,-9.0,9.5,3.0,2358,306,21.44,0
RAD03_240326113634_16821,36.4430664,127.4334039,대전광역시 대덕구 신탄진동 272-2,2024,3,26,11,1,spring,0,5,5,5,0.0,2024-03-26,1,0,0,11,6.7,1523,1.95,19.5,1000,0.2,10.33,-9.0,9.5,3.0,2358,699,8.83,0
RAD03_240326114938_0,36.4436518,127.4334659,대전광역시 대덕구 신탄진동 272-2,2024,3,26,11,1,spring,0,6,6,6,0.0,2024-03-26,1,0,0,11,6.7,1523,1.95,19.5,1000,0.2,10.33,-9.0,9.5,3.0,2358,675,46.56,0
RAD03_240326115107_17023,36.4459118,127.4296444,대전광역시 대덕구 신탄진동 733,2024,3,26,11,1,spring,0,1,1,1,0.0,2024-03-26,1,0,0,11,6.7,1523,1.95,19.5,1000,0.2,10.33,-9.0,9.5,3.0,2358,385,15.44,0
RAD03_240326115249_17223,36.4509668,127.427948,대전광역시 대덕구 석봉동 388-1,2024,3,26,11,1,spring,0,1,1,1,12.8193483,2024-03-26,1,1,1,11,6.7,1523,1.95,19.5,1000,0.2,10.33,-9.0,9.5,3.0,2358,443,27.76,0
RAD03_240326115349_17353,36.4498803,127.4216046,대전광역시 대덕구 석봉동 766,2024,3,26,11,1,spring,0,1,1,1,0.0,2024-03-26,1,0,0,11,6.7,1523,1.95,19.5,1000,0.2,10.33,-9.0,9.5,3.0,2358,627,33.94,0
RAD03_240326115350_17354,36.4498535,127.4215358,대전광역시 대덕구 석봉동 766,2024,3,26,11,1,spring,0,2,2,2,0.0,2024-03-26,1,0,0,11,6.7,1523,1.95,19.5,1000,0.2,10.33,-9.0,9.5,3.0,2358,426,47.63,0
RAD03_240326115353_17366,36.4497782,127.4213387,대전광역시 대덕구 석봉동 766,2024,3,26,11,1,spring,0,3,3,3,9.4487622,2024-03-26,1,1,1,11,6.7,1523,1.95,19.5,1000,0.2,10.33,-9.0,9.5,3.0,2358,292,13.21,0
RAD03_240326115354_17371,36.4497515,127.4212713,대전광역시 대덕구 석봉동 766,2024,3,26,11,1,spring,0,4,4,4,0.0,2024-03-26,1,0,0,11,6.7,1523,1.95,19.5,1000,0.2,10.33,-9.0,9.5,3.0,2358,494,18.99,0
RAD03_240326115742_17593,36.4441744,127.4033977,대전광역시 대덕구 문평동 92,2024,3,26,11,1,spring,0,1,1,1,0.0,2024-03-26,1,0,0,11,6.7,1523,1.95,19.5,1000,0.2,10.33,-9.0,9.5,3.0,2358,552,37.26,0
RAD03_240326120525_18197,36.4073273,127.3744373,대전광역시 유성구 방현동 2-1,2024,3,26,12,1,spring,0,1,1,1,14.93578075,2024-03-26,1,1,1,11,6.7,1523,1.95,19.5,1000,0.2,10.33,-9.0,9.5,3.0,2358,572,32.91,0
RAD03_240326143455_20976,36.3670986,127.319076,대전광역시 유성구 노은동 612,2024,3,26,14,1,spring,0,3,3,3,0.0,2024-03-26,1,0,0,11,6.7,1523,1.95,19.5,1000,0.2,10.33,-9.0,9.5,3.0,2358,269,26.99,0
RAD03_240327095446_24345,36.3485201,127.3258578,대전광역시 유성구 구암동 522-6,2024,3,27,9,2,spring,1,1,1,1,0.0,2024-03-27,1,0,0,1639,10.2,1438,2.79,-9.0,1200,1.2,-9.0,-9.0,11.6,9.0,711,180,27.88,0
RAD03_240327102510_24468,36.3483272,127.324071,대전광역시 유성구 구암동 222-1,2024,3,27,10,2,spring,0,1,1,1,12.21374549,2024-03-27,1,1,1,1639,10.2,1438,2.79,-9.0,1200,1.2,-9.0,-9.0,11.6,9.0,711,602,40.23,0
RAD03_240327102536_24489,36.3486314,127.3232744,대전광역시 유성구 구암동 221-4,2024,3,27,10,2,spring,0,1,1,1,0.0,2024-03-27,1,0,0,1639,10.2,1438,2.79,-9.0,1200,1.2,-9.0,-9.0,11.6,9.0,711,713,11.31,0
RAD03_240327102538_24492,36.3486033,127.3231306,대전광역시 유성구 구암동 289,2024,3,27,10,2,spring,0,1,1,1,0.0,2024-03-27,1,0,0,1639,10.2,1438,2.79,-9.0,1200,1.2,-9.0,-9.0,11.6,9.0,711,643,21.79,0
RAD03_240327102724_24612,36.3505336,127.3222749,대전광역시 유성구 구암동 337-1,2024,3,27,10,2,spring,0,1,1,1,0.0,2024-03-27,1,0,0,1639,10.2,1438,2.79,-9.0,1200,1.2,-9.0,-9.0,11.6,9.0,711,229,47.27,0
RAD03_240327103811_25158,36.3545161,127.3388108,대전광역시 유성구 봉명동 529,2024,3,27,10,2,spring,0,1,1,1,0.0,2024-03-27,1,0,0,1639,10.2,1438,2.79,-9.0,1200,1.2,-9.0,-9.0,11.6,9.0,711,526,36.94,0
RAD03_240327134435_28131,36.2856584,127.3077602,대전광역시 유성구 방동 19-20,2024,3,27,13,2,spring,0,1,1,1,0.0,2024-03-27,1,0,0,1639,10.2,1438,2.79,-9.0,1200,1.2,-9.0,-9.0,11.6,9.0,711,688,33.96,0
RAD03_240327135001_28602,36.2944116,127.3210602,대전광역시 서구 관저동 978-7,2024,3,27,13,2,spring,0,1,1,1,7.600826893,2024-03-27,1,1,1,1639,10.2,1438,2.79,-9.0,1200,1.2,-9.0,-9.0,11.6,9.0,711,541,10.36,0
RAD03_240327135011_28630,36.2955885,127.3215133,대전광역시 서구 관저동 978-5,2024,3,27,13,2,spring,0,1,1,1,0.0,2024-03-27,1,0,0,1639,10.2,1438,2.79,-9.0,1200,1.2,-9.0,-9.0,11.6,9.0,711,377,41.66,0
RAD03_240327155858_35377,36.4586255,127.3902565,대전광역시 유성구 금고동 산 21,2024,3,27,15,2,spring,0,1,1,1,0.0,2024-03-27,1,0,0,1639,10.2,1438,2.79,-9.0,1200,1.2,-9.0,-9.0,11.6,9.0,711,395,39.79,0
RAD03_240327155859_35379,36.4586442,127.3903297,대전광역시 유성구 금고동 산 21,2024,3,27,15,2,spring,0,2,2,2,0.0,2024-03-27,1,0,0,1639,10.2,1438,2.79,-9.0,1200,1.2,-9.0,-9.0,11.6,9.0,711,529,46.99,0
RAD03_240327160352_35633,36.4652806,127.3965343,대전광역시 유성구 금고동 산 21,2024,3,27,16,2,spring,0,3,3,3,0.0,2024-03-27,1,0,0,1639,10.2,1438,2.79,-9.0,1200,1.2,-9.0,-9.0,11.6,9.0,711,573,34.75,0
RAD03_240328094206_39137,36.360928,127.3547032,대전광역시 유성구 어은동 311,2024,3,28,9,3,spring,1,1,1,1,0.0,2024-03-28,1,0,0,1116,9.0,1,0.42,21.3,1100,20.1,13.75,-9.0,10.0,0.0,4,280,35.47,0
RAD03_240328094620_39398,36.3634859,127.3410776,대전광역시 유성구 궁동 352,2024,3,28,9,3,spring,1,1,1,1,0.0,2024-03-28,1,0,0,1116,9.0,1,0.42,21.3,1100,20.1,13.75,-9.0,10.0,0.0,4,652,28.82,0
RAD03_240329102642_44029,36.3568313,127.3466613,대전광역시 유성구 봉명동 637,2024,3,29,10,4,spring,0,1,1,1,0.0,2024-03-29,1,0,0,1336,9.3,1116,1.88,0.2,1000,0.2,2.92,-9.0,9.5,2.5,2359,406,29.37,0
RAD03_240419100410_2277,36.3939595,127.3503828,대전광역시 유성구 자운동 17-15,2024,4,19,10,4,spring,0,1,1,1,0.0,2024-04-19,1,0,0,1558,18.2,1528,3.11,-9.0,1100,0.1,-9.0,-9.0,22.8,11.0,757,681,13.83,0
RAD03_240419140835_8643,36.4070087,127.3732129,대전광역시 유성구 방현동 9-12,2024,4,19,14,4,spring,0,1,1,3,0.0,2024-04-19,1,0,0,1558,18.2,1528,3.11,-9.0,1100,0.1,-9.0,-9.0,22.8,11.0,757,666,38.29,0
RAD03_240419164714_12393,36.3595886,127.32908,대전광역시 유성구 장대동 220-3,2024,4,19,16,4,spring,0,1,1,1,0.0,2024-04-19,1,0,0,1558,18.2,1528,3.11,-9.0,1100,0.1,-9.0,-9.0,22.8,11.0,757,691,28.63,0
RAD03_240422133417_0,36.3584505,127.3562375,대전광역시 유성구 봉명동 698,2024,4,22,13,0,spring,0,1,1,1,0.0,2024-04-22,1,0,0,1623,17.4,1414,3.34,0.0,1200,-9.0,0.37,0.0,20.9,6.2,2217,345,29.81,0
RAD03_240422142344_21548,36.3714329,127.3235289,대전광역시 유성구 노은동 599,2024,4,22,14,0,spring,0,1,1,7,0.0,2024-04-22,1,0,0,1623,17.4,1414,3.34,0.0,1200,-9.0,0.37,0.0,20.9,6.2,2217,444,19.19,0
RAD03_240422142840_21886,36.3755037,127.3227745,대전광역시 유성구 지족동 975,2024,4,22,14,0,spring,0,1,1,1,11.52136443,2024-04-22,1,1,1,1623,17.4,1414,3.34,0.0,1200,-9.0,0.37,0.0,20.9,6.2,2217,1049,34.88,0
RAD03_240422143128_22164,36.3722565,127.3218832,대전광역시 유성구 지족동 976,2024,4,22,14,0,spring,0,1,1,1,0.0,2024-04-22,1,0,0,1623,17.4,1414,3.34,0.0,1200,-9.0,0.37,0.0,20.9,6.2,2217,571,30.46,0
RAD03_240422143719_22655,36.374867,127.3296204,대전광역시 유성구 죽동 552-39,2024,4,22,14,0,spring,0,1,1,1,0.0,2024-04-22,1,0,0,1623,17.4,1414,3.34,0.0,1200,-9.0,0.37,0.0,20.9,6.2,2217,526,16.52,0
RAD03_240423142120_3988,36.3581111,127.331416,대전광역시 유성구 장대동 211-9,2024,4,23,14,1,spring,0,1,1,1,0.0,2024-04-23,1,0,0,1341,16.4,1357,3.45,0.0,1300,4.3,1.58,0.0,20.8,7.8,1,625,10.36,0
RAD03_240423142242_4234,36.360006,127.3280608,대전광역시 유성구 장대동 223-10,2024,4,23,14,1,spring,0,1,1,1,0.0,2024-04-23,1,0,0,1341,16.4,1357,3.45,0.0,1300,4.3,1.58,0.0,20.8,7.8,1,383,15.3,0
RAD03_240424100053_8227,36.341757,127.3388074,대전광역시 유성구 상대동 498,2024,4,24,10,2,spring,0,1,1,1,7.685303887,2024-04-24,1,1,1,1341,13.8,1340,3.47,4.3,1100,0.0,5.2,3.7,15.8,4.1,2352,375,39.53,0
RAD03_240430103755_4566,36.3562525,127.3422689,대전광역시 유성구 봉명동 574,2024,4,30,10,1,spring,0,1,3,17,0.0,2024-04-30,1,0,0,1632,16.6,1430,1.96,0.0,1100,-9.0,0.33,0.0,19.3,0.4,2331,694,18.32,0
RAD03_240430133746_0,36.3900401,127.4053208,대전광역시 유성구 문지동 667,2024,4,30,13,1,spring,0,1,1,1,0.0,2024-04-30,1,0,0,1632,16.6,1430,1.96,0.0,1100,-9.0,0.33,0.0,19.3,0.4,2331,1149,13.77,0
RAD03_240503110249_0,36.3700012,127.3271469,대전광역시 유성구 노은동 107-37,2024,5,3,11,4,spring,0,1,1,1,0.0,2024-05-03,1,0,0,1204,18.4,1634,3.62,-9.0,1200,-9.0,-9.0,-9.0,25.1,12.6,710,838,7.42,0
RAD03_240503110256_35728,36.3710325,127.3271376,대전광역시 유성구 노은동 107-18,2024,5,3,11,4,spring,0,1,1,3,0.0,2024-05-03,1,0,0,1204,18.4,1634,3.62,-9.0,1200,-9.0,-9.0,-9.0,25.1,12.6,710,797,10.45,0
RAD03_240507103444_41905,36.3605806,127.3499523,대전광역시 유성구 궁동 29-4,2024,5,7,10,1,spring,0,1,1,1,0.0,2024-05-07,1,0,0,1952,12.9,1319,1.26,14.1,1200,14.7,17.97,3.7,14.7,0.0,2336,425,25.32,0
RAD03_240507133110_43032,36.3845918,127.377755,대전광역시 유성구 도룡동 394-4,2024,5,7,13,1,spring,0,1,1,1,0.0,2024-05-07,1,0,0,1952,12.9,1319,1.26,14.1,1200,14.7,17.97,3.7,14.7,0.0,2336,289,31.31,0
RAD03_240507135256_43573,36.38559,127.3784667,대전광역시 유성구 도룡동 409,2024,5,7,13,1,spring,0,1,1,3,0.0,2024-05-07,1,0,0,1952,12.9,1319,1.26,14.1,1200,14.7,17.97,3.7,14.7,0.0,2336,327,40.08,0
RAD03_240507140421_45077,36.3633327,127.3414983,대전광역시 유성구 궁동 351,2024,5,7,14,1,spring,0,1,1,1,5.425324293,2024-05-07,1,1,1,1952,12.9,1319,1.26,14.1,1200,14.7,17.97,3.7,14.7,0.0,2336,584,8.9,0
RAD03_240507143953_0,36.3797173,127.3429689,대전광역시 유성구 신성동 산 40-28,2024,5,7,14,1,spring,0,1,1,2,0.0,2024-05-07,1,0,0,1952,12.9,1319,1.26,14.1,1200,14.7,17.97,3.7,14.7,0.0,2336,435,22.91,0
RAD03_240508095057_47663,36.3605154,127.3531771,대전광역시 유성구 궁동 434,2024,5,8,9,2,spring,1,1,1,2,0.0,2024-05-08,1,0,0,1450,14.4,1629,3.32,1.8,1200,-9.0,2.33,1.1,18.6,10.5,1029,1080,41.79,0
RAD03_240508140528_51171,36.3554468,127.3353278,대전광역시 유성구 봉명동 570,2024,5,8,14,2,spring,0,1,1,1,0.0,2024-05-08,1,0,0,1450,14.4,1629,3.32,1.8,1200,-9.0,2.33,1.1,18.6,10.5,1029,328,27.65,0
RAD03_240509103557_59364,36.3633949,127.3412869,대전광역시 유성구 궁동 352,2024,5,9,10,3,spring,0,1,1,2,4.590631491,2024-05-09,1,1,1,1232,15.6,1506,3.46,-9.0,1200,-9.0,-9.0,-9.0,19.0,12.8,638,613,40.13,0
RAD03_240509111113_60629,36.3597807,127.3048398,대전광역시 유성구 덕명동 570,2024,5,9,11,3,spring,0,1,1,2,0.0,2024-05-09,1,0,0,1232,15.6,1506,3.46,-9.0,1200,-9.0,-9.0,-9.0,19.0,12.8,638,948,34.71,0
RAD03_240509143001_65020,36.3394969,127.3045186,대전광역시 유성구 학하동 793,2024,5,9,14,3,spring,0,1,1,2,0.0,2024-05-09,1,0,0,1232,15.6,1506,3.46,-9.0,1200,-9.0,-9.0,-9.0,19.0,12.8,638,618,41.88,0
RAD03_240509143002_65021,36.3395661,127.304557,대전광역시 유성구 학하동 793,2024,5,9,14,3,spring,0,2,2,3,8.3371945,2024-05-09,1,1,1,1232,15.6,1506,3.46,-9.0,1200,-9.0,-9.0,-9.0,19.0,12.8,638,540,28.68,0
RAD03_240509155742_66417,36.3403448,127.3126916,대전광역시 유성구 학하동 827,2024,5,9,15,3,spring,0,1,1,1,2.926836649,2024-05-09,1,1,1,1232,15.6,1506,3.46,-9.0,1200,-9.0,-9.0,-9.0,19.0,12.8,638,1095,23.01,0
RAD03_240513152751_85965,36.3503694,127.3479733,대전광역시 유성구 봉명동 1061,2024,5,13,15,0,spring,0,1,1,1,0.0,2024-05-13,1,0,0,1616,17.6,1612,3.68,-9.0,1200,-9.0,-9.0,-9.0,21.9,13.4,2255,745,19.9,0
RAD03_240513152753_85978,36.3502447,127.3479668,대전광역시 유성구 봉명동 1061,2024,5,13,15,0,spring,0,2,2,2,0.0,2024-05-13,1,0,0,1616,17.6,1612,3.68,-9.0,1200,-9.0,-9.0,-9.0,21.9,13.4,2255,379,36.2,0
RAD03_240528152724_3800,36.3602916,127.3443451,대전광역시 유성구 궁동 501,2024,5,28,15,1,spring,0,1,1,1,0.0,2024-05-28,1,0,0,1449,18.8,1506,3.64,-9.0,1200,-9.0,-9.0,-9.0,24.0,11.3,2345,798,17.71,0
RAD03_240529154810_9864,36.4428103,127.3855016,대전광역시 유성구 봉산동 973,2024,5,29,15,2,spring,0,1,1,1,0.0,2024-05-29,1,0,0,1248,20.9,1606,3.59,-9.0,1200,-9.0,-9.0,-9.0,26.3,13.3,849,867,10.99,0
RAD03_240529154903_9881,36.4422107,127.3850539,대전광역시 유성구 봉산동 산 37-4,2024,5,29,15,2,spring,0,1,1,1,0.0,2024-05-29,1,0,0,1248,20.9,1606,3.59,-9.0,1200,-9.0,-9.0,-9.0,26.3,13.3,849,448,24.3,0
RAD03_240529155254_10219,36.4457878,127.3853832,대전광역시 유성구 봉산동 714,2024,5,29,15,2,spring,0,1,1,1,0.0,2024-05-29,1,0,0,1248,20.9,1606,3.59,-9.0,1200,-9.0,-9.0,-9.0,26.3,13.3,849,928,6.2,0
RAD03_240530154140_8495,36.4184857,127.3787951,대전광역시 유성구 덕진동 51-4,2024,5,30,15,3,spring,0,1,1,1,0.0,2024-05-30,1,0,0,2334,21.1,1156,2.03,-9.0,1100,-9.0,-9.0,-9.0,24.6,0.9,2,501,20.72,0
RAD03_240617143040_4683,36.3753099,127.3408985,대전광역시 유성구 죽동 799,2024,6,17,14,0,summer,0,1,1,1,0.0,2024-06-17,1,0,0,1633,23.4,1619,2.9,-9.0,1100,-9.0,-9.0,-9.0,27.7,7.5,813,954,36.24,0
RAD03_240617143332_5024,36.364679,127.3380516,대전광역시 유성구 장대동 311,2024,6,17,14,0,summer,0,1,1,1,0.0,2024-06-17,1,0,0,1633,23.4,1619,2.9,-9.0,1100,-9.0,-9.0,-9.0,27.7,7.5,813,878,18.52,0
RAD03_240617144734_5693,36.3667677,127.3176666,대전광역시 유성구 노은동 602,2024,6,17,14,0,summer,0,1,1,2,0.0,2024-06-17,1,0,0,1633,23.4,1619,2.9,-9.0,1100,-9.0,-9.0,-9.0,27.7,7.5,813,557,31.36,0
RAD03_240619152831_7878,36.3738357,127.3412357,대전광역시 유성구 궁동 114-1,2024,6,19,15,2,summer,0,1,1,1,14.19366715,2024-06-19,1,1,1,1600,27.5,1550,3.46,-9.0,1200,-9.0,-9.0,-9.0,36.0,12.4,715,515,31.83,0
RAD03_240619152844_0,36.3719043,127.3406138,대전광역시 유성구 궁동 331-2,2024,6,19,15,2,summer,0,1,1,1,0.0,2024-06-19,1,0,0,1600,27.5,1550,3.46,-9.0,1200,-9.0,-9.0,-9.0,36.0,12.4,715,513,7.21,0
RAD03_240619152943_8039,36.3651443,127.3383789,대전광역시 유성구 장대동 311,2024,6,19,15,2,summer,0,2,2,2,0.0,2024-06-19,1,0,0,1600,27.5,1550,3.46,-9.0,1200,-9.0,-9.0,-9.0,36.0,12.4,715,866,37.37,0
RAD03_240619153338_8244,36.361265,127.3477629,대전광역시 유성구 궁동 33-6,2024,6,19,15,2,summer,0,1,1,1,0.0,2024-06-19,1,0,0,1600,27.5,1550,3.46,-9.0,1200,-9.0,-9.0,-9.0,36.0,12.4,715,1072,26.51,0
RAD03_240620091933_0,36.363188,127.341817,대전광역시 유성구 궁동 351,2024,6,20,9,3,summer,1,1,1,2,0.0,2024-06-20,1,0,0,1354,25.7,1457,2.67,-9.0,1400,-9.0,-9.0,-9.0,33.4,6.3,6,321,27.44,0
RAD03_240620092226_8914,36.3670016,127.3306055,대전광역시 유성구 장대동 116-10,2024,6,20,9,3,summer,1,1,1,1,10.32479987,2024-06-20,1,1,1,1354,25.7,1457,2.67,-9.0,1400,-9.0,-9.0,-9.0,33.4,6.3,6,639,16.91,0
RAD03_240620092549_9110,36.3751776,127.3260698,대전광역시 유성구 노은동 138-39,2024,6,20,9,3,summer,1,1,1,1,0.0,2024-06-20,1,0,0,1354,25.7,1457,2.67,-9.0,1400,-9.0,-9.0,-9.0,33.4,6.3,6,365,22.43,0
RAD03_240620093033_9579,36.387186,127.3220784,대전광역시 유성구 하기동 603,2024,6,20,9,3,summer,1,1,1,3,0.0,2024-06-20,1,0,0,1354,25.7,1457,2.67,-9.0,1400,-9.0,-9.0,-9.0,33.4,6.3,6,848,40.28,0
RAD03_240620093108_9733,36.3900826,127.3237051,대전광역시 유성구 하기동 603,2024,6,20,9,3,summer,1,2,2,4,0.0,2024-06-20,1,0,0,1354,25.7,1457,2.67,-9.0,1400,-9.0,-9.0,-9.0,33.4,6.3,6,614,38.01,0
RAD03_240620094448_0,36.3907666,127.3318801,대전광역시 유성구 하기동 603,2024,6,20,9,3,summer,1,3,3,5,0.0,2024-06-20,1,0,0,1354,25.7,1457,2.67,-9.0,1400,-9.0,-9.0,-9.0,33.4,6.3,6,722,34.8,0
RAD03_240620095110_10575,36.3982791,127.3571694,대전광역시 유성구 장동 364-4,2024,6,20,9,3,summer,1,1,1,1,0.0,2024-06-20,1,0,0,1354,25.7,1457,2.67,-9.0,1400,-9.0,-9.0,-9.0,33.4,6.3,6,770,39.89,0
RAD03_240620100053_11887,36.4160065,127.3779992,대전광역시 유성구 화암동 203-7,2024,6,20,10,3,summer,0,1,1,1,0.0,2024-06-20,1,0,0,1354,25.7,1457,2.67,-9.0,1400,-9.0,-9.0,-9.0,33.4,6.3,6,876,38.4,0
RAD03_240620100633_12083,36.4127951,127.3880919,대전광역시 유성구 용산동 764,2024,6,20,10,3,summer,0,1,1,1,3.906899259,2024-06-20,1,1,1,1354,25.7,1457,2.67,-9.0,1400,-9.0,-9.0,-9.0,33.4,6.3,6,617,17.81,0
RAD03_240620101405_12724,36.40644,127.3848902,대전광역시 유성구 화암동 57-3,2024,6,20,10,3,summer,0,1,1,1,0.0,2024-06-20,1,0,0,1354,25.7,1457,2.67,-9.0,1400,-9.0,-9.0,-9.0,33.4,6.3,6,833,32.78,0
RAD03_240620101538_12934,36.4086694,127.3777816,대전광역시 유성구 화암동 109-11,2024,6,20,10,3,summer,0,1,1,1,14.8417194,2024-06-20,1,1,1,1354,25.7,1457,2.67,-9.0,1400,-9.0,-9.0,-9.0,33.4,6.3,6,998,34.66,0
RAD03_240620101552_12984,36.4079284,127.3762414,대전광역시 유성구 방현동 349-3,2024,6,20,10,3,summer,0,1,1,1,0.0,2024-06-20,1,0,0,1354,25.7,1457,2.67,-9.0,1400,-9.0,-9.0,-9.0,33.4,6.3,6,606,23.68,0
RAD03_240621101012_0,36.3607627,127.3542081,대전광역시 유성구 어은동 311,2024,6,21,10,4,summer,0,1,1,2,0.0,2024-06-21,1,0,0,2140,26.4,1512,3.55,-9.0,1300,0.2,-9.0,-9.0,34.5,10.9,2246,852,46.04,0
RAD03_240621101414_302,36.3558611,127.342136,대전광역시 유성구 봉명동 574,2024,6,21,10,4,summer,0,1,1,5,0.0,2024-06-21,1,0,0,2140,26.4,1512,3.55,-9.0,1300,0.2,-9.0,-9.0,34.5,10.9,2246,677,34.84,0
RAD03_240624104603_1929,36.3972687,127.3550816,대전광역시 유성구 장동 363-7,2024,6,24,10,0,summer,0,1,1,1,0.0,2024-06-24,1,0,0,1111,25.3,1500,3.34,-9.0,1200,-9.0,-9.0,-9.0,30.1,8.1,2400,1135,30.36,0
RAD03_240624160148_0,36.3636969,127.3603858,대전광역시 유성구 구성동 294-6,2024,6,24,16,0,summer,0,1,1,1,0.0,2024-06-24,1,0,0,1111,25.3,1500,3.34,-9.0,1200,-9.0,-9.0,-9.0,30.1,8.1,2400,1041,25.05,0
RAD03_240626093426_0,36.3635934,127.3406701,대전광역시 유성구 궁동 335-27,2024,6,26,9,2,summer,1,1,1,1,0.0,2024-06-26,1,0,0,1637,24.3,1616,3.49,-9.0,1200,-9.0,-9.0,-9.0,32.2,12.5,806,929,23.15,0
RAD03_240627113817_0,36.4248486,127.3936643,대전광역시 유성구 관평동 1288,2024,6,27,11,3,summer,0,1,1,1,12.19396507,2024-06-27,1,1,1,1601,23.7,1451,1.79,-9.0,1400,-9.0,-9.0,-9.0,28.5,2.1,17,951,41.88,0
RAD03_240627154812_12588,36.358084,127.3432458,대전광역시 유성구 봉명동 608,2024,6,27,15,3,summer,0,1,1,1,0.0,2024-06-27,1,0,0,1601,23.7,1451,1.79,-9.0,1400,-9.0,-9.0,-9.0,28.5,2.1,17,1075,15.26,0
RAD03_240627155251_12717,36.3614293,127.3564059,대전광역시 유성구 어은동 59-1,2024,6,27,15,3,summer,0,1,1,1,0.0,2024-06-27,1,0,0,1601,23.7,1451,1.79,-9.0,1400,-9.0,-9.0,-9.0,28.5,2.1,17,967,9.09,0
RAD03_240701151654_0,36.3802982,127.3164768,대전광역시 유성구 지족동 948,2024,7,1,15,0,summer,0,1,1,1,5.367678882,2024-07-01,1,1,1,1537,26.2,1700,2.97,-9.0,1300,49.3,-9.0,-9.0,29.7,8.7,2224,579,9.55,0
RAD03_240701151810_118,36.3834115,127.3175792,대전광역시 유성구 지족동 926,2024,7,1,15,0,summer,0,1,1,1,8.444313435,2024-07-01,1,1,1,1537,26.2,1700,2.97,-9.0,1300,49.3,-9.0,-9.0,29.7,8.7,2224,364,33.78,0
RAD03_240701152519_0,36.3804669,127.3165383,대전광역시 유성구 지족동 948,2024,7,1,15,0,summer,0,2,2,2,1.926051949,2024-07-01,1,1,1,1537,26.2,1700,2.97,-9.0,1300,49.3,-9.0,-9.0,29.7,8.7,2224,756,15.62,0
RAD03_240701153247_658,36.3702158,127.3150586,대전광역시 유성구 노은동 570,2024,7,1,15,0,summer,0,1,1,1,0.0,2024-07-01,1,0,0,1537,26.2,1700,2.97,-9.0,1300,49.3,-9.0,-9.0,29.7,8.7,2224,347,34.2,0
RAD03_240701153307_747,36.369035,127.3142954,대전광역시 유성구 노은동 570,2024,7,1,15,0,summer,0,2,2,2,0.0,2024-07-01,1,0,0,1537,26.2,1700,2.97,-9.0,1300,49.3,-9.0,-9.0,29.7,8.7,2224,646,45.36,0
RAD03_240701153322_812,36.3685649,127.3137784,대전광역시 유성구 노은동 570,2024,7,1,15,0,summer,0,3,3,3,0.0,2024-07-01,1,0,0,1537,26.2,1700,2.97,-9.0,1300,49.3,-9.0,-9.0,29.7,8.7,2224,640,29.19,0
RAD03_240726102429_0,36.4069446,127.3732953,대전광역시 유성구 방현동 9-12,2024,7,26,10,4,summer,0,1,1,1,0.0,2024-07-26,1,0,0,1246,28.4,1341,2.79,1.3,1000,1.3,1.62,1.0,31.4,5.1,2328,418,17.11,0
RAD03_240726105711_3894,36.3666797,127.3272001,대전광역시 유성구 노은동 74,2024,7,26,10,4,summer,0,1,1,1,0.0,2024-07-26,1,0,0,1246,28.4,1341,2.79,1.3,1000,1.3,1.62,1.0,31.4,5.1,2328,715,35.33,0
RAD03_240908151513_771,36.3454733,127.3389475,대전광역시 유성구 상대동 495,2024,9,8,15,6,autumn,0,1,1,1,0.0,2024-09-08,1,0,0,1556,27.6,1504,3.17,-9.0,1200,-9.0,-9.0,-9.0,34.8,10.4,755,514,5.71,1
RAD03_240908152627_1348,36.3378753,127.325972,대전광역시 유성구 복용동 458,2024,9,8,15,6,autumn,0,1,1,1,0.0,2024-09-08,1,0,0,1556,27.6,1504,3.17,-9.0,1200,-9.0,-9.0,-9.0,34.8,10.4,755,257,10.11,1
RAD03_240908152930_1523,36.3385493,127.316879,대전광역시 유성구 학하동 685-139,2024,9,8,15,6,autumn,0,1,1,1,0.0,2024-09-08,1,0,0,1556,27.6,1504,3.17,-9.0,1200,-9.0,-9.0,-9.0,34.8,10.4,755,610,24.66,1
RAD03_240908153142_1621,36.3403616,127.3087813,대전광역시 유성구 학하동 792,2024,9,8,15,6,autumn,0,1,1,1,0.0,2024-09-08,1,0,0,1556,27.6,1504,3.17,-9.0,1200,-9.0,-9.0,-9.0,34.8,10.4,755,600,19.4,1
RAD03_240908164016_2769,36.3623567,127.3568282,대전광역시 유성구 어은동 109,2024,9,8,16,6,autumn,0,1,1,9,12.39747737,2024-09-08,1,1,1,1556,27.6,1504,3.17,-9.0,1200,-9.0,-9.0,-9.0,34.8,10.4,755,438,7.44,1
RAD03_241028102114_4539,36.3454301,127.3019064,대전광역시 유성구 덕명동 621,2024,10,28,10,0,autumn,0,1,1,1,0.0,2024-10-28,1,0,0,2246,14.8,1145,1.41,0.0,1100,0.0,1.17,0.0,15.4,0.4,2309,881,27.36,0
RAD03_241028102435_4763,36.3507579,127.2975022,대전광역시 유성구 덕명동 154-15,2024,10,28,10,0,autumn,0,1,1,1,0.0,2024-10-28,1,0,0,2246,14.8,1145,1.41,0.0,1100,0.0,1.17,0.0,15.4,0.4,2309,1065,32.93,0
RAD03_241028102606_4894,36.3598444,127.3051123,대전광역시 유성구 덕명동 570,2024,10,28,10,0,autumn,0,1,1,1,6.653689358,2024-10-28,1,1,1,2246,14.8,1145,1.41,0.0,1100,0.0,1.17,0.0,15.4,0.4,2309,393,21.95,0
RAD03_241029110851_0,36.3595458,127.3231565,대전광역시 유성구 장대동 258-5,2024,10,29,11,1,autumn,0,1,1,1,0.0,2024-10-29,1,0,0,1054,14.9,1532,1.88,0.0,1100,0.0,0.58,0.0,15.2,3.1,2259,320,35.4,0
RAD03_241030141126_11714,36.3933142,127.4069405,대전광역시 유성구 문지동 668,2024,10,30,14,2,autumn,0,1,1,1,6.203806868,2024-10-30,1,1,1,1945,14.7,1511,2.4,-9.0,1200,-9.0,-9.0,-9.0,14.2,9.6,2325,1169,36.28,0
RAD03_241031140449_15376,36.3496234,127.326575,대전광역시 유성구 구암동 242-10,2024,10,31,14,3,autumn,0,1,1,1,7.003310174,2024-10-31,1,1,1,1137,14.5,1406,2.42,-9.0,1200,0.6,-9.0,-9.0,13.8,8.9,858,837,7.19,0
RAD03_241101141301_23683,36.374778,127.394908,대전광역시 유성구 도룡동 8-59,2024,11,1,14,4,autumn,0,1,1,1,11.37273106,2024-11-01,1,1,1,1218,13.3,2316,0.54,1.6,1300,1.1,5.17,-9.0,13.9,0.0,857,528,12.05,0
RAD03_241105094205_32321,36.3650676,127.3631632,대전광역시 유성구 구성동 445-1,2024,11,5,9,1,autumn,1,1,1,1,0.0,2024-11-05,1,0,0,1553,9.8,1414,2.34,-9.0,1200,-9.0,-9.0,-9.0,10.5,7.7,2348,985,17.81,0
RAD03_241106154319_38750,36.3624363,127.3431994,대전광역시 유성구 궁동 254-3,2024,11,6,15,2,autumn,0,1,1,1,0.0,2024-11-06,1,0,0,1323,7.3,1416,2.36,-9.0,1200,-9.0,-9.0,-9.0,7.4,9.6,2323,982,18.95,0
RAD03_241128140709_16480,36.3611846,127.3442745,대전광역시 유성구 궁동 481,2024,11,28,14,3,autumn,0,1,1,1,0.0,2024-11-28,1,0,0,1324,3.2,1126,1.34,4.7,1100,4.6,12.88,-9.0,4.2,2.6,13,308,11.14,0
RAD03_241202142941_57521,36.4027555,127.4049664,대전광역시 유성구 전민동 464-3,2024,12,2,14,0,winter,0,1,1,1,0.0,2024-12-02,1,0,0,1712,8.3,1354,1.66,0.0,1100,0.0,0.45,-9.0,6.6,5.1,2313,1101,15.52,0
RAD03_241202143632_61090,36.4202204,127.3861794,대전광역시 유성구 관평동 673,2024,12,2,14,0,winter,0,1,1,1,0.0,2024-12-02,1,0,0,1712,8.3,1354,1.66,0.0,1100,0.0,0.45,-9.0,6.6,5.1,2313,395,24.12,0
RAD03_241202143637_61164,36.4205666,127.3864053,대전광역시 유성구 관평동 673,2024,12,2,14,0,winter,0,2,2,2,0.0,2024-12-02,1,0,0,1712,8.3,1354,1.66,0.0,1100,0.0,0.45,-9.0,6.6,5.1,2313,902,17.24,0
RAD03_241202143638_61166,36.4206472,127.3864573,대전광역시 유성구 관평동 673,2024,12,2,14,0,winter,0,3,3,3,0.0,2024-12-02,1,0,0,1712,8.3,1354,1.66,0.0,1100,0.0,0.45,-9.0,6.6,5.1,2313,1037,26.88,0
RAD03_241202185615_0,36.3624738,127.3571108,대전광역시 유성구 어은동 316,2024,12,2,18,0,winter,1,1,1,1,0.0,2024-12-02,1,0,0,1712,8.3,1354,1.66,0.0,1100,0.0,0.45,-9.0,6.6,5.1,2313,917,8.88,0
RAD03_241203102918_105765,36.3486059,127.3265601,대전광역시 유성구 상대동 556,2024,12,3,10,1,winter,0,1,1,2,0.0,2024-12-03,1,0,0,1429,2.1,1414,2.02,-9.0,1200,-9.0,-9.0,-9.0,2.5,6.7,1052,396,13.73,0
RAD03_241204142101_0,36.3496309,127.32608,대전광역시 유성구 구암동 240,2024,12,4,14,2,winter,0,1,1,1,8.882406042,2024-12-04,1,1,1,1424,3.6,1408,1.98,0.0,1200,0.0,1.67,-9.0,3.0,8.3,1,391,8.41,0
RAD03_241204142301_170503,36.3496406,127.3263028,대전광역시 유성구 구암동 240-4,2024,12,4,14,2,winter,0,1,1,1,0.0,2024-12-04,1,0,0,1424,3.6,1408,1.98,0.0,1200,0.0,1.67,-9.0,3.0,8.3,1,1019,30.15,0
RAD03_241208175511_330104,36.354413,127.3501158,대전광역시 유성구 봉명동 700,2024,12,8,17,6,winter,0,1,1,1,0.0,2024-12-08,1,0,0,1433,0.5,1422,2.02,0.0,1200,-9.0,0.25,-9.0,0.5,8.1,930,479,6.16,1
RAD03_241208180001_332321,36.3620165,127.3563687,대전광역시 유성구 어은동 109,2024,12,8,18,6,winter,1,1,1,1,0.0,2024-12-08,1,0,0,1433,0.5,1422,2.02,0.0,1200,-9.0,0.25,-9.0,0.5,8.1,930,551,30.14,1
RAD03_241211100217_0,36.314489,127.3214646,대전광역시 유성구 대정동 319,2024,12,11,10,2,winter,0,1,1,1,0.0,2024-12-11,1,0,0,2144,2.5,1546,1.35,-9.0,1200,-9.0,-9.0,-9.0,1.8,5.0,2325,363,40.38,0
RAD03_241211103758_370992,36.3401016,127.3433003,대전광역시 유성구 원신흥동 586,2024,12,11,10,2,winter,0,1,1,1,5.07802829,2024-12-11,1,1,1,2144,2.5,1546,1.35,-9.0,1200,-9.0,-9.0,-9.0,1.8,5.0,2325,893,6.89,0
RAD03_241213103525_547102,36.422838,127.4062961,대전광역시 유성구 용산동 605,2024,12,13,10,4,winter,0,1,1,1,1.899295907,2024-12-13,1,1,1,1254,0.6,1235,0.74,0.0,1000,0.0,1.5,-9.0,0.9,0.3,226,327,36.8,0
RAD03_241216105842_37511,36.3938882,127.3504008,대전광역시 유성구 자운동 515-22,2024,12,16,10,0,winter,0,1,1,1,4.552518823,2024-12-16,1,1,1,1520,2.7,1503,1.93,0.1,1200,0.1,2.83,-9.0,2.3,6.8,820,490,7.18,0
RAD03_241217101244_108602,36.3913696,127.3249799,대전광역시 유성구 하기동 603,2024,12,17,10,1,winter,0,1,1,1,6.62292503,2024-12-17,1,1,1,1528,1.6,1326,1.9,-9.0,1200,-9.0,-9.0,-9.0,1.6,6.6,948,1011,34.67,0
RAD03_250109145844_46325,36.3809451,127.4065991,대전광역시 유성구 원촌동 90,2025,1,9,14,3,winter,0,1,1,1,0.0,2025-01-09,1,0,0,1524,-8.1,1,1.36,0.0,1000,0.0,5.1,-9.0,-3.3,4.8,2350,621,19.32,0
RAD03_250109145845_46337,36.3810703,127.4065609,대전광역시 유성구 원촌동 90,2025,1,9,14,3,winter,0,2,2,2,0.0,2025-01-09,1,0,0,1524,-8.1,1,1.36,0.0,1000,0.0,5.1,-9.0,-3.3,4.8,2350,1087,18.97,0
RAD03_250117100018_10653,36.4436262,127.2874405,세종특별자치시 금남면 감성리 66-3,2025,1,17,10,4,winter,0,1,1,1,9.449762536,2025-01-17,1,1,1,1609,1.3,1551,2.02,-9.0,1200,-9.0,-9.0,-9.0,1.9,8.6,942,751,6.75,0
RAD03_250117100511_11444,36.4406968,127.3151904,세종특별자치시 금남면 금천리 371-1,2025,1,17,10,4,winter,0,1,1,1,0.0,2025-01-17,1,0,0,1609,1.3,1551,2.02,-9.0,1200,-9.0,-9.0,-9.0,1.9,8.6,942,732,11.81,0
RAD03_250117100524_11498,36.4403871,127.3166947,세종특별자치시 금남면 금천리 205-2,2025,1,17,10,4,winter,0,1,1,1,3.730712028,2025-01-17,1,1,1,1609,1.3,1551,2.02,-9.0,1200,-9.0,-9.0,-9.0,1.9,8.6,942,838,13.72,0
RAD04_240229124816_188,36.3509413,127.3349733,대전광역시 유성구 구암동 638,2024,2,29,12,3,winter,0,1,1,1,0.0,2024-02-29,1,0,0,2400,5.1,1247,0.6,0.2,1400,0.2,3.0,-9.0,5.5,0.0,49,437,47.7,0
RAD04_240229125119_299,36.3521803,127.3339143,대전광역시 유성구 구암동 635,2024,2,29,12,3,winter,0,1,1,1,0.0,2024-02-29,1,0,0,2400,5.1,1247,0.6,0.2,1400,0.2,3.0,-9.0,5.5,0.0,49,747,7.58,0
RAD04_240229131015_1268,36.366928,127.3109622,대전광역시 유성구 노은동 413-3,2024,2,29,13,3,winter,0,1,1,1,4.335912099,2024-02-29,1,1,1,2400,5.1,1247,0.6,0.2,1400,0.2,3.0,-9.0,5.5,0.0,49,235,46.06,0
RAD04_240229131443_1357,36.3644295,127.3084739,대전광역시 유성구 구암동 514,2024,2,29,13,3,winter,0,1,1,1,0.0,2024-02-29,1,0,0,2400,5.1,1247,0.6,0.2,1400,0.2,3.0,-9.0,5.5,0.0,49,421,40.98,0
RAD04_240229131443_1361,36.3644295,127.3084739,대전광역시 유성구 구암동 514,2024,2,29,13,3,winter,0,2,2,2,0.0,2024-02-29,1,0,0,2400,5.1,1247,0.6,0.2,1400,0.2,3.0,-9.0,5.5,0.0,49,234,7.35,0
RAD04_240229132202_1738,36.3775002,127.3059954,대전광역시 유성구 지족동 1062-1,2024,2,29,13,3,winter,0,1,1,1,0.0,2024-02-29,1,0,0,2400,5.1,1247,0.6,0.2,1400,0.2,3.0,-9.0,5.5,0.0,49,310,29.3,0
RAD04_240301061037_4588,36.3747976,127.3193131,대전광역시 유성구 지족동 965,2024,3,1,6,4,spring,0,1,1,1,6.124902832,2024-03-01,1,1,1,1424,-2.2,1,2.91,-9.0,1200,-9.0,-9.0,-9.0,2.1,10.2,2239,913,42.31,0
RAD04_240304141215_1160,36.3609309,127.3530891,대전광역시 유성구 궁동 445,2024,3,4,14,0,spring,0,1,1,1,13.50665394,2024-03-04,1,1,1,1729,6.7,1428,2.21,-9.0,1100,2.2,-9.0,-9.0,6.7,5.7,956,809,20.12,0
RAD04_240304152738_4040,36.3849263,127.3215201,대전광역시 유성구 하기동 585,2024,3,4,15,0,spring,0,6,6,6,0.0,2024-03-04,1,0,0,1729,6.7,1428,2.21,-9.0,1100,2.2,-9.0,-9.0,6.7,5.7,956,555,28.99,0
RAD04_240305062608_5000,36.3736319,127.3193243,대전광역시 유성구 지족동 965,2024,3,5,6,1,spring,0,2,2,2,0.0,2024-03-05,1,0,0,1830,5.9,1,0.29,2.5,1000,0.3,15.42,-9.0,5.8,0.0,208,423,46.81,0
RAD04_240305063043_5158,36.3666778,127.3312545,대전광역시 유성구 장대동 116-5,2024,3,5,6,1,spring,0,1,1,1,0.0,2024-03-05,1,0,0,1830,5.9,1,0.29,2.5,1000,0.3,15.42,-9.0,5.8,0.0,208,757,45.01,0
RAD04_240305065112_5462,36.3626943,127.3474261,대전광역시 유성구 궁동 438,2024,3,5,6,1,spring,0,1,1,1,0.0,2024-03-05,1,0,0,1830,5.9,1,0.29,2.5,1000,0.3,15.42,-9.0,5.8,0.0,208,834,39.17,0
RAD04_240305065113_5463,36.3626943,127.3474261,대전광역시 유성구 궁동 438,2024,3,5,6,1,spring,0,2,2,2,0.0,2024-03-05,1,0,0,1830,5.9,1,0.29,2.5,1000,0.3,15.42,-9.0,5.8,0.0,208,488,10.32,0
RAD04_240305074247_7718,36.3611856,127.3534735,대전광역시 유성구 궁동 434,2024,3,5,7,1,spring,0,1,1,1,0.0,2024-03-05,1,0,0,1830,5.9,1,0.29,2.5,1000,0.3,15.42,-9.0,5.8,0.0,208,383,31.24,0
RAD04_240305160929_3115,36.3615682,127.3351341,대전광역시 유성구 장대동 63-2,2024,3,5,16,1,spring,0,1,1,1,0.0,2024-03-05,1,0,0,1830,5.9,1,0.29,2.5,1000,0.3,15.42,-9.0,5.8,0.0,208,213,17.82,0
RAD04_240305163312_3668,36.3621484,127.3354577,대전광역시 유성구 장대동 333,2024,3,5,16,1,spring,0,1,1,1,3.920814001,2024-03-05,1,1,1,1830,5.9,1,0.29,2.5,1000,0.3,15.42,-9.0,5.8,0.0,208,450,15.77,0
RAD04_240306093837_8210,36.3874912,127.3186007,대전광역시 유성구 하기동 576,2024,3,6,9,2,spring,1,3,3,3,0.0,2024-03-06,1,0,0,2315,7.0,1522,2.15,-9.0,1200,0.0,-9.0,-9.0,7.2,5.8,2358,980,35.82,0
RAD04_240306093845_8223,36.387443,127.3184973,대전광역시 유성구 하기동 575,2024,3,6,9,2,spring,1,1,1,1,13.51782219,2024-03-06,1,1,1,2315,7.0,1522,2.15,-9.0,1200,0.0,-9.0,-9.0,7.2,5.8,2358,751,18.35,0
RAD04_240306094915_8472,36.3989653,127.3142435,대전광역시 유성구 외삼동 574-5,2024,3,6,9,2,spring,1,1,1,1,0.0,2024-03-06,1,0,0,2315,7.0,1522,2.15,-9.0,1200,0.0,-9.0,-9.0,7.2,5.8,2358,747,6.78,0
RAD04_240306094918_8474,36.3991151,127.3140179,대전광역시 유성구 외삼동 577,2024,3,6,9,2,spring,1,1,1,1,0.0,2024-03-06,1,0,0,2315,7.0,1522,2.15,-9.0,1200,0.0,-9.0,-9.0,7.2,5.8,2358,601,14.98,0
RAD04_240306094943_8485,36.3999396,127.3122468,대전광역시 유성구 외삼동 574-5,2024,3,6,9,2,spring,1,2,2,2,5.013601149,2024-03-06,1,1,1,2315,7.0,1522,2.15,-9.0,1200,0.0,-9.0,-9.0,7.2,5.8,2358,875,11.01,0
RAD04_240306094944_8490,36.3999679,127.3122242,대전광역시 유성구 외삼동 574-5,2024,3,6,9,2,spring,1,3,3,3,0.0,2024-03-06,1,0,0,2315,7.0,1522,2.15,-9.0,1200,0.0,-9.0,-9.0,7.2,5.8,2358,710,25.25,0
RAD04_240306095311_8659,36.4034867,127.3115641,대전광역시 유성구 외삼동 582,2024,3,6,9,2,spring,1,1,1,1,0.0,2024-03-06,1,0,0,2315,7.0,1522,2.15,-9.0,1200,0.0,-9.0,-9.0,7.2,5.8,2358,446,19.08,0
RAD04_240306100211_8833,36.4137939,127.2981846,대전광역시 유성구 안산동 273-2,2024,3,6,10,2,spring,0,1,1,1,0.0,2024-03-06,1,0,0,2315,7.0,1522,2.15,-9.0,1200,0.0,-9.0,-9.0,7.2,5.8,2358,950,33.1,0
RAD04_240306145541_1968,36.3594103,127.3393021,대전광역시 유성구 장대동 373,2024,3,6,14,2,spring,0,1,2,2,0.0,2024-03-06,1,0,0,2315,7.0,1522,2.15,-9.0,1200,0.0,-9.0,-9.0,7.2,5.8,2358,722,36.38,0
RAD04_240306145547_1977,36.3598201,127.3392838,대전광역시 유성구 장대동 373,2024,3,6,14,2,spring,0,2,3,3,0.0,2024-03-06,1,0,0,2315,7.0,1522,2.15,-9.0,1200,0.0,-9.0,-9.0,7.2,5.8,2358,419,34.98,0
RAD04_240306155019_3258,36.387226,127.3257301,대전광역시 유성구 하기동 597-3,2024,3,6,15,2,spring,0,1,1,1,0.0,2024-03-06,1,0,0,2315,7.0,1522,2.15,-9.0,1200,0.0,-9.0,-9.0,7.2,5.8,2358,579,19.21,0
RAD04_240306155407_3262,36.3872732,127.3257704,대전광역시 유성구 하기동 599,2024,3,6,15,2,spring,0,1,1,1,0.0,2024-03-06,1,0,0,2315,7.0,1522,2.15,-9.0,1200,0.0,-9.0,-9.0,7.2,5.8,2358,1137,18.75,0
RAD04_240306155444_3273,36.3876842,127.3254523,대전광역시 유성구 하기동 597-1,2024,3,6,15,2,spring,0,1,1,1,0.0,2024-03-06,1,0,0,2315,7.0,1522,2.15,-9.0,1200,0.0,-9.0,-9.0,7.2,5.8,2358,370,15.51,0
RAD04_240307092848_8050,36.3571893,127.3385575,대전광역시 유성구 장대동 286-10,2024,3,7,9,3,spring,1,1,1,1,0.0,2024-03-07,1,0,0,1334,4.6,1424,2.2,0.0,1000,-9.0,0.5,-9.0,6.9,6.7,2356,546,21.26,0
RAD04_240307092907_8089,36.3570904,127.3380879,대전광역시 유성구 장대동 293,2024,3,7,9,3,spring,1,1,1,1,0.0,2024-03-07,1,0,0,1334,4.6,1424,2.2,0.0,1000,-9.0,0.5,-9.0,6.9,6.7,2356,384,11.46,0
RAD04_240307094356_8590,36.3684586,127.3192012,대전광역시 유성구 노은동 591,2024,3,7,9,3,spring,1,1,1,1,0.0,2024-03-07,1,0,0,1334,4.6,1424,2.2,0.0,1000,-9.0,0.5,-9.0,6.9,6.7,2356,925,9.77,0
RAD04_240307142555_10512,36.3903367,127.2967964,대전광역시 유성구 반석동 499-2,2024,3,7,14,3,spring,0,1,1,1,0.0,2024-03-07,1,0,0,1334,4.6,1424,2.2,0.0,1000,-9.0,0.5,-9.0,6.9,6.7,2356,634,13.14,0
RAD04_240307144809_10688,36.3866109,127.3032463,대전광역시 유성구 지족동 1057,2024,3,7,14,3,spring,0,1,1,1,0.0,2024-03-07,1,0,0,1334,4.6,1424,2.2,0.0,1000,-9.0,0.5,-9.0,6.9,6.7,2356,966,11.86,0
RAD04_240307145355_10975,36.374596,127.3049595,대전광역시 유성구 지족동 1060-1,2024,3,7,14,3,spring,0,1,1,1,0.0,2024-03-07,1,0,0,1334,4.6,1424,2.2,0.0,1000,-9.0,0.5,-9.0,6.9,6.7,2356,1120,21.18,0
RAD04_240307145453_10989,36.3745453,127.3050501,대전광역시 유성구 지족동 1060-1,2024,3,7,14,3,spring,0,2,2,2,11.16444684,2024-03-07,1,1,1,1334,4.6,1424,2.2,0.0,1000,-9.0,0.5,-9.0,6.9,6.7,2356,880,26.36,0
RAD04_240307145503_10991,36.3744059,127.3052699,대전광역시 유성구 지족동 1060-1,2024,3,7,14,3,spring,0,3,3,3,11.19957059,2024-03-07,1,1,1,1334,4.6,1424,2.2,0.0,1000,-9.0,0.5,-9.0,6.9,6.7,2356,1046,14.08,0
RAD04_240308071630_13021,36.3617674,127.3475369,대전광역시 유성구 궁동 438,2024,3,8,7,4,spring,0,3,3,3,0.0,2024-03-08,1,0,0,1350,2.9,1304,2.9,-9.0,1200,-9.0,-9.0,-9.0,4.4,10.2,2400,1067,15.6,0
RAD04_240308072015_13088,36.3602462,127.3485352,대전광역시 유성구 궁동 496,2024,3,8,7,4,spring,0,1,1,1,0.0,2024-03-08,1,0,0,1350,2.9,1304,2.9,-9.0,1200,-9.0,-9.0,-9.0,4.4,10.2,2400,536,23.82,0
RAD04_240308101223_15663,36.3986968,127.3147334,대전광역시 유성구 외삼동 577,2024,3,8,10,4,spring,0,2,2,2,0.0,2024-03-08,1,0,0,1350,2.9,1304,2.9,-9.0,1200,-9.0,-9.0,-9.0,4.4,10.2,2400,764,17.35,0
RAD04_240308102400_15805,36.4142147,127.2981386,대전광역시 유성구 안산동 275-1,2024,3,8,10,4,spring,0,1,1,1,0.0,2024-03-08,1,0,0,1350,2.9,1304,2.9,-9.0,1200,-9.0,-9.0,-9.0,4.4,10.2,2400,1011,7.52,0
RAD04_240308154615_1371,36.3664857,127.3232562,대전광역시 유성구 노은동 613,2024,3,8,15,4,spring,0,1,1,1,0.0,2024-03-08,1,0,0,1350,2.9,1304,2.9,-9.0,1200,-9.0,-9.0,-9.0,4.4,10.2,2400,787,38.99,0
RAD04_240308160118_1619,36.383192,127.3207279,대전광역시 유성구 지족동 862-10,2024,3,8,16,4,spring,0,1,1,1,6.883595786,2024-03-08,1,1,1,1350,2.9,1304,2.9,-9.0,1200,-9.0,-9.0,-9.0,4.4,10.2,2400,517,33.38,0
RAD04_240315073206_1269,36.3607926,127.3406595,대전광역시 유성구 궁동 455,2024,3,15,7,4,spring,0,1,1,1,4.402563042,2024-03-15,1,1,1,1451,9.5,1609,3.06,-9.0,1200,-9.0,-9.0,-9.0,10.5,11.0,2301,892,12.52,0
RAD04_240315095835_4527,36.3894705,127.3015819,대전광역시 유성구 지족동 1104,2024,3,15,9,4,spring,1,1,1,1,6.42639025,2024-03-15,1,1,1,1451,9.5,1609,3.06,-9.0,1200,-9.0,-9.0,-9.0,10.5,11.0,2301,518,12.98,0
RAD04_240315102559_5764,36.359924,127.3328281,대전광역시 유성구 장대동 288,2024,3,15,10,4,spring,0,1,1,1,3.562118396,2024-03-15,1,1,1,1451,9.5,1609,3.06,-9.0,1200,-9.0,-9.0,-9.0,10.5,11.0,2301,1138,33.45,0
RAD04_240315140528_8172,36.3867309,127.3316777,대전광역시 유성구 하기동 618,2024,3,15,14,4,spring,0,1,1,1,0.0,2024-03-15,1,0,0,1451,9.5,1609,3.06,-9.0,1200,-9.0,-9.0,-9.0,10.5,11.0,2301,1060,32.18,0
RAD04_240315143837_9612,36.4045878,127.305871,대전광역시 유성구 외삼동 441-4,2024,3,15,14,4,spring,0,1,1,1,0.0,2024-03-15,1,0,0,1451,9.5,1609,3.06,-9.0,1200,-9.0,-9.0,-9.0,10.5,11.0,2301,571,25.92,0
RAD04_240315143838_9613,36.4046401,127.3058309,대전광역시 유성구 외삼동 441-1,2024,3,15,14,4,spring,0,1,1,1,0.0,2024-03-15,1,0,0,1451,9.5,1609,3.06,-9.0,1200,-9.0,-9.0,-9.0,10.5,11.0,2301,591,17.25,0
RAD04_240315144435_9786,36.42513,127.2930793,세종특별자치시 금남면 두만리 581-10,2024,3,15,14,4,spring,0,1,1,1,10.83884908,2024-03-15,1,1,1,1451,9.5,1609,3.06,-9.0,1200,-9.0,-9.0,-9.0,10.5,11.0,2301,533,34.01,0
RAD04_240315144451_9813,36.424851,127.2935734,세종특별자치시 금남면 두만리 581-10,2024,3,15,14,4,spring,0,2,2,2,0.0,2024-03-15,1,0,0,1451,9.5,1609,3.06,-9.0,1200,-9.0,-9.0,-9.0,10.5,11.0,2301,856,34.98,0
RAD04_240315144459_9840,36.4244401,127.2941234,세종특별자치시 금남면 두만리 52-8,2024,3,15,14,4,spring,0,1,1,1,8.370488203,2024-03-15,1,1,1,1451,9.5,1609,3.06,-9.0,1200,-9.0,-9.0,-9.0,10.5,11.0,2301,848,18.58,0
RAD04_240315144500_9856,36.424298,127.2943179,세종특별자치시 금남면 두만리 52-8,2024,3,15,14,4,spring,0,3,3,3,7.626425961,2024-03-15,1,1,1,1451,9.5,1609,3.06,-9.0,1200,-9.0,-9.0,-9.0,10.5,11.0,2301,639,36.01,0
RAD04_240315144501_9858,36.424371,127.2942183,세종특별자치시 금남면 두만리 52-8,2024,3,15,14,4,spring,0,2,2,2,0.0,2024-03-15,1,0,0,1451,9.5,1609,3.06,-9.0,1200,-9.0,-9.0,-9.0,10.5,11.0,2301,1174,35.46,0
RAD04_240315144504_9877,36.4240066,127.2947117,세종특별자치시 금남면 두만리 39-1,2024,3,15,14,4,spring,0,1,1,1,0.0,2024-03-15,1,0,0,1451,9.5,1609,3.06,-9.0,1200,-9.0,-9.0,-9.0,10.5,11.0,2301,834,22.9,0
RAD04_240315144508_9892,36.4237778,127.2950156,세종특별자치시 금남면 두만리 42-3,2024,3,15,14,4,spring,0,1,1,1,2.786774969,2024-03-15,1,1,1,1451,9.5,1609,3.06,-9.0,1200,-9.0,-9.0,-9.0,10.5,11.0,2301,609,41.13,0
RAD04_240315144515_9919,36.4232494,127.2957205,세종특별자치시 금남면 두만리 42-11,2024,3,15,14,4,spring,0,1,1,1,0.0,2024-03-15,1,0,0,1451,9.5,1609,3.06,-9.0,1200,-9.0,-9.0,-9.0,10.5,11.0,2301,733,35.66,0
RAD04_240315144517_9930,36.4230935,127.2959228,세종특별자치시 금남면 두만리 42-11,2024,3,15,14,4,spring,0,2,2,2,9.409127023,2024-03-15,1,1,1,1451,9.5,1609,3.06,-9.0,1200,-9.0,-9.0,-9.0,10.5,11.0,2301,423,7.05,0
RAD04_240315145012_10158,36.4118586,127.2980415,대전광역시 유성구 안산동 257-2,2024,3,15,14,4,spring,0,1,1,1,0.0,2024-03-15,1,0,0,1451,9.5,1609,3.06,-9.0,1200,-9.0,-9.0,-9.0,10.5,11.0,2301,897,19.05,0
RAD04_240315150117_10298,36.4180909,127.2958353,대전광역시 유성구 안산동 351-2,2024,3,15,15,4,spring,0,1,1,1,5.319233286,2024-03-15,1,1,1,1451,9.5,1609,3.06,-9.0,1200,-9.0,-9.0,-9.0,10.5,11.0,2301,890,29.18,0
RAD04_240315150221_10350,36.4154359,127.2979932,대전광역시 유성구 안산동 284-1,2024,3,15,15,4,spring,0,1,1,1,0.0,2024-03-15,1,0,0,1451,9.5,1609,3.06,-9.0,1200,-9.0,-9.0,-9.0,10.5,11.0,2301,591,40.4,0
RAD04_240315151052_10715,36.3953794,127.3104892,대전광역시 유성구 반석동 676,2024,3,15,15,4,spring,0,1,1,1,0.0,2024-03-15,1,0,0,1451,9.5,1609,3.06,-9.0,1200,-9.0,-9.0,-9.0,10.5,11.0,2301,888,23.02,0
RAD04_240315151241_10842,36.3934307,127.3127439,대전광역시 유성구 반석동 689,2024,3,15,15,4,spring,0,1,1,1,7.491870163,2024-03-15,1,1,1,1451,9.5,1609,3.06,-9.0,1200,-9.0,-9.0,-9.0,10.5,11.0,2301,446,17.3,0
RAD04_240315160025_12304,36.3823345,127.3233784,대전광역시 유성구 죽동 630,2024,3,15,16,4,spring,0,1,5,5,13.17681531,2024-03-15,1,1,1,1451,9.5,1609,3.06,-9.0,1200,-9.0,-9.0,-9.0,10.5,11.0,2301,1014,13.76,0
RAD04_240315160348_12364,36.3821455,127.3242538,대전광역시 유성구 죽동 641,2024,3,15,16,4,spring,0,1,1,1,0.0,2024-03-15,1,0,0,1451,9.5,1609,3.06,-9.0,1200,-9.0,-9.0,-9.0,10.5,11.0,2301,713,28.23,0
RAD04_240316072002_14805,36.3586141,127.3372929,대전광역시 유성구 장대동 290,2024,3,16,7,5,spring,0,1,1,1,0.0,2024-03-16,1,0,0,1616,11.4,1456,2.99,0.0,1200,0.0,1.25,-9.0,12.9,8.8,236,791,8.17,1
RAD04_240316072005_14809,36.3586145,127.3371732,대전광역시 유성구 장대동 290,2024,3,16,7,5,spring,0,2,2,2,0.0,2024-03-16,1,0,0,1616,11.4,1456,2.99,0.0,1200,0.0,1.25,-9.0,12.9,8.8,236,785,21.7,1
RAD04_240316072046_14835,36.3587096,127.3362763,대전광역시 유성구 장대동 290,2024,3,16,7,5,spring,0,3,3,3,0.0,2024-03-16,1,0,0,1616,11.4,1456,2.99,0.0,1200,0.0,1.25,-9.0,12.9,8.8,236,783,31.06,1
RAD04_240316072046_14836,36.3587096,127.3362763,대전광역시 유성구 장대동 290,2024,3,16,7,5,spring,0,4,4,4,0.0,2024-03-16,1,0,0,1616,11.4,1456,2.99,0.0,1200,0.0,1.25,-9.0,12.9,8.8,236,301,14.72,1
RAD04_240316072111_14866,36.3596018,127.3361984,대전광역시 유성구 장대동 290,2024,3,16,7,5,spring,0,5,5,5,0.0,2024-03-16,1,0,0,1616,11.4,1456,2.99,0.0,1200,0.0,1.25,-9.0,12.9,8.8,236,199,8.4,1
RAD04_240316072451_15094,36.3593666,127.3392583,대전광역시 유성구 장대동 373,2024,3,16,7,5,spring,0,1,3,4,0.0,2024-03-16,1,0,0,1616,11.4,1456,2.99,0.0,1200,0.0,1.25,-9.0,12.9,8.8,236,185,29.8,1
RAD04_240316072524_15220,36.3582065,127.3396608,대전광역시 유성구 장대동 373,2024,3,16,7,5,spring,0,2,4,5,0.0,2024-03-16,1,0,0,1616,11.4,1456,2.99,0.0,1200,0.0,1.25,-9.0,12.9,8.8,236,599,7.5,1
RAD04_240316072631_15330,36.3575365,127.3399083,대전광역시 유성구 장대동 373,2024,3,16,7,5,spring,0,3,5,6,0.0,2024-03-16,1,0,0,1616,11.4,1456,2.99,0.0,1200,0.0,1.25,-9.0,12.9,8.8,236,393,8.22,1
RAD04_240316073524_15455,36.350304,127.3386231,대전광역시 유성구 봉명동 576-1,2024,3,16,7,5,spring,0,1,1,1,0.0,2024-03-16,1,0,0,1616,11.4,1456,2.99,0.0,1200,0.0,1.25,-9.0,12.9,8.8,236,603,18.01,1
RAD04_240316080041_16303,36.3618632,127.3575563,대전광역시 유성구 어은동 59-12,2024,3,16,8,5,spring,1,1,1,1,0.0,2024-03-16,1,0,0,1616,11.4,1456,2.99,0.0,1200,0.0,1.25,-9.0,12.9,8.8,236,338,8.13,1
RAD04_240316085136_18543,36.3678407,127.3271244,대전광역시 유성구 노은동 63-29,2024,3,16,8,5,spring,1,1,1,1,0.0,2024-03-16,1,0,0,1616,11.4,1456,2.99,0.0,1200,0.0,1.25,-9.0,12.9,8.8,236,722,5.71,1
RAD04_240316085148_18640,36.3694598,127.3271185,대전광역시 유성구 노은동 112-17,2024,3,16,8,5,spring,1,1,1,1,0.0,2024-03-16,1,0,0,1616,11.4,1456,2.99,0.0,1200,0.0,1.25,-9.0,12.9,8.8,236,492,12.48,1
RAD04_240316085157_18729,36.3708263,127.3271085,대전광역시 유성구 노은동 107-18,2024,3,16,8,5,spring,1,1,1,1,0.0,2024-03-16,1,0,0,1616,11.4,1456,2.99,0.0,1200,0.0,1.25,-9.0,12.9,8.8,236,357,15.1,1
RAD04_240316085159_18758,36.3709835,127.3271067,대전광역시 유성구 노은동 107-18,2024,3,16,8,5,spring,1,2,2,2,0.0,2024-03-16,1,0,0,1616,11.4,1456,2.99,0.0,1200,0.0,1.25,-9.0,12.9,8.8,236,369,13.24,1
RAD04_240318135228_1247,36.3578995,127.3361589,대전광역시 유성구 장대동 293,2024,3,18,13,0,spring,0,1,2,2,0.0,2024-03-18,1,0,0,1508,7.9,1604,3.08,-9.0,1200,0.0,-9.0,-9.0,11.1,10.2,836,616,26.94,0
RAD04_240318152349_4375,36.3868764,127.3248244,대전광역시 유성구 하기동 596,2024,3,18,15,0,spring,0,1,1,1,11.76524325,2024-03-18,1,1,1,1508,7.9,1604,3.08,-9.0,1200,0.0,-9.0,-9.0,11.1,10.2,836,397,21.39,0
RAD04_240319063615_5685,36.3697593,127.3234051,대전광역시 유성구 노은동 599,2024,3,19,6,1,spring,0,1,1,1,0.0,2024-03-19,1,0,0,1123,7.2,1433,1.48,0.0,1100,0.0,4.08,-9.0,8.7,3.2,50,1000,9.68,0
RAD04_240319074807_7391,36.3610381,127.3419231,대전광역시 유성구 궁동 472,2024,3,19,7,1,spring,0,1,1,1,0.0,2024-03-19,1,0,0,1123,7.2,1433,1.48,0.0,1100,0.0,4.08,-9.0,8.7,3.2,50,971,34.96,0
RAD04_240319102350_11159,36.3611757,127.3284398,대전광역시 유성구 장대동 228-8,2024,3,19,10,1,spring,0,1,1,1,0.0,2024-03-19,1,0,0,1123,7.2,1433,1.48,0.0,1100,0.0,4.08,-9.0,8.7,3.2,50,969,7.82,0
RAD04_240319102704_11308,36.3655623,127.3176768,대전광역시 유성구 노은동 611,2024,3,19,10,1,spring,0,1,1,1,2.637312726,2024-03-19,1,1,1,1123,7.2,1433,1.48,0.0,1100,0.0,4.08,-9.0,8.7,3.2,50,813,22.32,0
RAD04_240319104348_12290,36.3684685,127.3176704,대전광역시 유성구 노은동 583,2024,3,19,10,1,spring,0,1,11,11,6.90545805,2024-03-19,1,1,1,1123,7.2,1433,1.48,0.0,1100,0.0,4.08,-9.0,8.7,3.2,50,938,37.37,0
RAD04_240319104811_12418,36.3657853,127.3326057,대전광역시 유성구 장대동 121-2,2024,3,19,10,1,spring,0,1,1,1,0.0,2024-03-19,1,0,0,1123,7.2,1433,1.48,0.0,1100,0.0,4.08,-9.0,8.7,3.2,50,1052,41.55,0
RAD04_240319104813_12419,36.3656542,127.3326867,대전광역시 유성구 장대동 121-2,2024,3,19,10,1,spring,0,2,2,2,0.0,2024-03-19,1,0,0,1123,7.2,1433,1.48,0.0,1100,0.0,4.08,-9.0,8.7,3.2,50,1043,17.37,0
RAD04_240319154627_14114,36.3855478,127.3561245,대전광역시 유성구 신성동 산 5-7,2024,3,19,15,1,spring,0,1,1,1,0.0,2024-03-19,1,0,0,1123,7.2,1433,1.48,0.0,1100,0.0,4.08,-9.0,8.7,3.2,50,1010,14.85,0
RAD04_240319155034_14329,36.3855657,127.3784788,대전광역시 유성구 도룡동 409,2024,3,19,15,1,spring,0,1,1,1,0.0,2024-03-19,1,0,0,1123,7.2,1433,1.48,0.0,1100,0.0,4.08,-9.0,8.7,3.2,50,1038,42.17,0
RAD04_240319155035_14330,36.3855468,127.3785166,대전광역시 유성구 도룡동 409,2024,3,19,15,1,spring,0,2,2,2,0.0,2024-03-19,1,0,0,1123,7.2,1433,1.48,0.0,1100,0.0,4.08,-9.0,8.7,3.2,50,939,30.9,0
RAD04_240319155251_14589,36.3781416,127.3766398,대전광역시 유성구 가정동 37,2024,3,19,15,1,spring,0,1,1,1,7.008993132,2024-03-19,1,1,1,1123,7.2,1433,1.48,0.0,1100,0.0,4.08,-9.0,8.7,3.2,50,360,35.97,0
RAD04_240320080005_19385,36.361201,127.338621,대전광역시 유성구 장대동 351,2024,3,20,8,2,spring,1,1,1,1,0.0,2024-03-20,1,0,0,259,4.6,1337,3.01,-9.0,1100,-9.0,-9.0,-9.0,8.7,9.9,947,419,24.34,0
RAD04_240320093823_22574,36.3985853,127.3149502,대전광역시 유성구 외삼동 220,2024,3,20,9,2,spring,1,1,1,1,1.845577655,2024-03-20,1,1,1,259,4.6,1337,3.01,-9.0,1100,-9.0,-9.0,-9.0,8.7,9.9,947,680,9.52,0
RAD04_240320093830_22576,36.3987361,127.314639,대전광역시 유성구 외삼동 577,2024,3,20,9,2,spring,1,1,3,3,0.0,2024-03-20,1,0,0,259,4.6,1337,3.01,-9.0,1100,-9.0,-9.0,-9.0,8.7,9.9,947,845,40.02,0
RAD04_240320093831_22577,36.3987553,127.3145941,대전광역시 유성구 외삼동 577,2024,3,20,9,2,spring,1,2,4,4,0.0,2024-03-20,1,0,0,259,4.6,1337,3.01,-9.0,1100,-9.0,-9.0,-9.0,8.7,9.9,947,1046,16.36,0
RAD04_240320100025_23085,36.4180813,127.2957847,대전광역시 유성구 안산동 산 22-6,2024,3,20,10,2,spring,0,1,1,1,3.730509399,2024-03-20,1,1,1,259,4.6,1337,3.01,-9.0,1100,-9.0,-9.0,-9.0,8.7,9.9,947,413,39.36,0
RAD04_240320100130_23137,36.4155237,127.2979896,대전광역시 유성구 안산동 284-1,2024,3,20,10,2,spring,0,2,2,2,0.0,2024-03-20,1,0,0,259,4.6,1337,3.01,-9.0,1100,-9.0,-9.0,-9.0,8.7,9.9,947,940,27.25,0
RAD04_240320101340_23564,36.3988011,127.3145384,대전광역시 유성구 외삼동 574-5,2024,3,20,10,2,spring,0,1,4,4,1.142522708,2024-03-20,1,1,1,259,4.6,1337,3.01,-9.0,1100,-9.0,-9.0,-9.0,8.7,9.9,947,448,39.84,0
RAD04_240320101346_23579,36.3986666,127.3148267,대전광역시 유성구 외삼동 577,2024,3,20,10,2,spring,0,3,5,5,0.0,2024-03-20,1,0,0,259,4.6,1337,3.01,-9.0,1100,-9.0,-9.0,-9.0,8.7,9.9,947,623,28.58,0
RAD04_240320101403_23599,36.3984152,127.3153139,대전광역시 유성구 외삼동 574-5,2024,3,20,10,2,spring,0,2,5,5,0.0,2024-03-20,1,0,0,259,4.6,1337,3.01,-9.0,1100,-9.0,-9.0,-9.0,8.7,9.9,947,859,29.15,0
RAD04_240320101647_23608,36.3983185,127.3155252,대전광역시 유성구 외삼동 574-5,2024,3,20,10,2,spring,0,3,6,6,0.0,2024-03-20,1,0,0,259,4.6,1337,3.01,-9.0,1100,-9.0,-9.0,-9.0,8.7,9.9,947,784,29.59,0
RAD04_240320103407_25124,36.3664283,127.3127698,대전광역시 유성구 노은동 603,2024,3,20,10,2,spring,0,1,1,1,0.0,2024-03-20,1,0,0,259,4.6,1337,3.01,-9.0,1100,-9.0,-9.0,-9.0,8.7,9.9,947,636,39.63,0
RAD04_240320103445_25199,36.364075,127.3138529,대전광역시 유성구 노은동 603,2024,3,20,10,2,spring,0,2,2,2,0.0,2024-03-20,1,0,0,259,4.6,1337,3.01,-9.0,1100,-9.0,-9.0,-9.0,8.7,9.9,947,1014,17.25,0
RAD04_240320103445_25201,36.364075,127.3138529,대전광역시 유성구 노은동 603,2024,3,20,10,2,spring,0,3,3,3,0.0,2024-03-20,1,0,0,259,4.6,1337,3.01,-9.0,1100,-9.0,-9.0,-9.0,8.7,9.9,947,726,29.82,0
RAD04_240320103533_25288,36.3632938,127.3172028,대전광역시 유성구 노은동 603,2024,3,20,10,2,spring,0,4,4,4,0.0,2024-03-20,1,0,0,259,4.6,1337,3.01,-9.0,1100,-9.0,-9.0,-9.0,8.7,9.9,947,758,18.44,0
RAD04_240320104047_25420,36.3666807,127.33117,대전광역시 유성구 장대동 116-5,2024,3,20,10,2,spring,0,1,2,2,0.0,2024-03-20,1,0,0,259,4.6,1337,3.01,-9.0,1100,-9.0,-9.0,-9.0,8.7,9.9,947,853,17.57,0
RAD04_240320104110_25464,36.365939,127.3325248,대전광역시 유성구 장대동 121-2,2024,3,20,10,2,spring,0,3,3,3,11.7450492,2024-03-20,1,1,1,259,4.6,1337,3.01,-9.0,1100,-9.0,-9.0,-9.0,8.7,9.9,947,326,10.61,0
RAD04_240320104112_25483,36.3658437,127.3325814,대전광역시 유성구 장대동 121-2,2024,3,20,10,2,spring,0,4,4,4,0.0,2024-03-20,1,0,0,259,4.6,1337,3.01,-9.0,1100,-9.0,-9.0,-9.0,8.7,9.9,947,463,41.16,0
RAD04_240320104441_25805,36.3586328,127.3352517,대전광역시 유성구 장대동 290,2024,3,20,10,2,spring,0,6,6,6,0.0,2024-03-20,1,0,0,259,4.6,1337,3.01,-9.0,1100,-9.0,-9.0,-9.0,8.7,9.9,947,513,23.85,0
RAD04_240320144149_28280,36.3672892,127.3294121,대전광역시 유성구 노은동 97,2024,3,20,14,2,spring,0,1,1,1,6.452129584,2024-03-20,1,1,1,259,4.6,1337,3.01,-9.0,1100,-9.0,-9.0,-9.0,8.7,9.9,947,774,7.91,0
RAD04_240320144151_28281,36.3673105,127.3294025,대전광역시 유성구 노은동 97,2024,3,20,14,2,spring,0,2,2,2,1.925259283,2024-03-20,1,1,1,259,4.6,1337,3.01,-9.0,1100,-9.0,-9.0,-9.0,8.7,9.9,947,645,26.3,0
RAD04_240320144309_28313,36.3690079,127.3286739,대전광역시 유성구 노은동 97,2024,3,20,14,2,spring,0,3,3,3,0.0,2024-03-20,1,0,0,259,4.6,1337,3.01,-9.0,1100,-9.0,-9.0,-9.0,8.7,9.9,947,1181,17.91,0
RAD04_240320144326_28323,36.3691698,127.3286026,대전광역시 유성구 노은동 97,2024,3,20,14,2,spring,0,4,4,4,0.0,2024-03-20,1,0,0,259,4.6,1337,3.01,-9.0,1100,-9.0,-9.0,-9.0,8.7,9.9,947,954,38.29,0
RAD04_240321095738_37677,36.3747057,127.3210463,대전광역시 유성구 지족동 973,2024,3,21,9,3,spring,1,1,1,1,0.0,2024-03-21,1,0,0,1212,5.2,1448,3.14,-9.0,1200,-9.0,-9.0,-9.0,9.6,11.0,1,1016,22.26,0
RAD04_240321095743_37682,36.374705,127.3211138,대전광역시 유성구 지족동 973,2024,3,21,9,3,spring,1,2,2,2,0.0,2024-03-21,1,0,0,1212,5.2,1448,3.14,-9.0,1200,-9.0,-9.0,-9.0,9.6,11.0,1,326,38.83,0
RAD04_240321103634_39698,36.3863873,127.3380045,대전광역시 유성구 하기동 145-1,2024,3,21,10,3,spring,0,1,1,1,0.0,2024-03-21,1,0,0,1212,5.2,1448,3.14,-9.0,1200,-9.0,-9.0,-9.0,9.6,11.0,1,969,23.96,0
RAD04_240321141510_41496,36.3917836,127.3118112,대전광역시 유성구 반석동 676,2024,3,21,14,3,spring,0,2,2,2,11.55874123,2024-03-21,1,1,1,1212,5.2,1448,3.14,-9.0,1200,-9.0,-9.0,-9.0,9.6,11.0,1,437,38.31,0
RAD04_240321142012_41740,36.3923987,127.3088371,대전광역시 유성구 반석동 616,2024,3,21,14,3,spring,0,1,1,1,0.0,2024-03-21,1,0,0,1212,5.2,1448,3.14,-9.0,1200,-9.0,-9.0,-9.0,9.6,11.0,1,897,18.0,0
RAD04_240321145419_42236,36.410186,127.30046,대전광역시 유성구 안산동 227-9,2024,3,21,14,3,spring,0,1,1,1,4.587529368,2024-03-21,1,1,1,1212,5.2,1448,3.14,-9.0,1200,-9.0,-9.0,-9.0,9.6,11.0,1,500,21.79,0
RAD04_240321145420_42243,36.4101675,127.300512,대전광역시 유성구 안산동 227-9,2024,3,21,14,3,spring,0,2,2,2,0.0,2024-03-21,1,0,0,1212,5.2,1448,3.14,-9.0,1200,-9.0,-9.0,-9.0,9.6,11.0,1,714,18.31,0
RAD04_240322063158_496,36.3700646,127.3234103,대전광역시 유성구 노은동 599,2024,3,22,6,4,spring,0,2,2,2,0.0,2024-03-22,1,0,0,1442,10.1,1324,2.8,4.1,1100,4.4,6.33,-9.0,9.9,5.9,117,451,13.36,0
RAD04_240322082154_3793,36.3588135,127.3395885,대전광역시 유성구 장대동 374,2024,3,22,8,4,spring,1,1,1,1,0.0,2024-03-22,1,0,0,1442,10.1,1324,2.8,4.1,1100,4.4,6.33,-9.0,9.9,5.9,117,337,43.71,0
RAD04_240322094110_92,36.3721896,127.3174811,대전광역시 유성구 노은동 569,2024,3,22,9,4,spring,1,1,1,1,0.0,2024-03-22,1,0,0,1442,10.1,1324,2.8,4.1,1100,4.4,6.33,-9.0,9.9,5.9,117,375,46.35,0
RAD04_240322103149_1434,36.3878495,127.3099575,대전광역시 유성구 지족동 1060-1,2024,3,22,10,4,spring,0,1,4,4,0.0,2024-03-22,1,0,0,1442,10.1,1324,2.8,4.1,1100,4.4,6.33,-9.0,9.9,5.9,117,263,7.76,0
RAD04_240322135834_2477,36.3647811,127.3170002,대전광역시 유성구 노은동 609,2024,3,22,13,4,spring,0,1,1,1,0.0,2024-03-22,1,0,0,1442,10.1,1324,2.8,4.1,1100,4.4,6.33,-9.0,9.9,5.9,117,332,29.45,0
RAD04_240322144217_3578,36.3619318,127.3371929,대전광역시 유성구 장대동 344,2024,3,22,14,4,spring,0,1,1,1,0.0,2024-03-22,1,0,0,1442,10.1,1324,2.8,4.1,1100,4.4,6.33,-9.0,9.9,5.9,117,378,33.93,0
RAD04_240322160038_4290,36.3698752,127.3234894,대전광역시 유성구 노은동 599,2024,3,22,16,4,spring,0,3,3,3,2.560737645,2024-03-22,1,1,1,1442,10.1,1324,2.8,4.1,1100,4.4,6.33,-9.0,9.9,5.9,117,434,6.99,0
RAD04_240322160054_4348,36.3712802,127.323494,대전광역시 유성구 노은동 599,2024,3,22,16,4,spring,0,4,4,4,4.179332331,2024-03-22,1,1,1,1442,10.1,1324,2.8,4.1,1100,4.4,6.33,-9.0,9.9,5.9,117,673,29.78,0
RAD04_240322161937_5205,36.3925814,127.3115061,대전광역시 유성구 반석동 676,2024,3,22,16,4,spring,0,2,3,3,0.0,2024-03-22,1,0,0,1442,10.1,1324,2.8,4.1,1100,4.4,6.33,-9.0,9.9,5.9,117,248,47.88,0
RAD04_240322162743_5316,36.3935438,127.3127071,대전광역시 유성구 반석동 689,2024,3,22,16,4,spring,0,1,2,2,0.0,2024-03-22,1,0,0,1442,10.1,1324,2.8,4.1,1100,4.4,6.33,-9.0,9.9,5.9,117,248,40.63,0
RAD04_240323065350_6736,36.3721127,127.3217454,대전광역시 유성구 노은동 569,2024,3,23,6,5,spring,0,2,2,2,0.0,2024-03-23,1,0,0,1516,14.9,1457,3.14,0.3,1200,-9.0,2.25,-9.0,15.9,9.3,2254,577,5.0,1
RAD04_240323065437_6786,36.3704256,127.3234617,대전광역시 유성구 노은동 599,2024,3,23,6,5,spring,0,5,5,5,5.657946579,2024-03-23,1,1,1,1516,14.9,1457,3.14,0.3,1200,-9.0,2.25,-9.0,15.9,9.3,2254,737,30.76,1
RAD04_240323065442_6842,36.369989,127.3234588,대전광역시 유성구 노은동 599,2024,3,23,6,5,spring,0,6,6,6,0.0,2024-03-23,1,0,0,1516,14.9,1457,3.14,0.3,1200,-9.0,2.25,-9.0,15.9,9.3,2254,264,28.6,1
RAD04_240323081001_7614,36.3778468,127.3787293,대전광역시 유성구 가정동 20-13,2024,3,23,8,5,spring,1,1,1,1,9.678766311,2024-03-23,1,1,1,1516,14.9,1457,3.14,0.3,1200,-9.0,2.25,-9.0,15.9,9.3,2254,385,14.15,1
RAD04_240323085149_9412,36.3692296,127.3271627,대전광역시 유성구 노은동 62-1,2024,3,23,8,5,spring,1,1,2,2,0.0,2024-03-23,1,0,0,1516,14.9,1457,3.14,0.3,1200,-9.0,2.25,-9.0,15.9,9.3,2254,296,6.55,1
RAD04_240323085151_9421,36.3695583,127.3271559,대전광역시 유성구 노은동 112-16,2024,3,23,8,5,spring,1,1,1,1,0.0,2024-03-23,1,0,0,1516,14.9,1457,3.14,0.3,1200,-9.0,2.25,-9.0,15.9,9.3,2254,422,8.53,1
RAD04_240323085156_9483,36.370444,127.3271596,대전광역시 유성구 노은동 107-39,2024,3,23,8,5,spring,1,1,1,1,0.0,2024-03-23,1,0,0,1516,14.9,1457,3.14,0.3,1200,-9.0,2.25,-9.0,15.9,9.3,2254,328,15.13,1
RAD04_240323085157_9490,36.3706302,127.3271548,대전광역시 유성구 노은동 107-34,2024,3,23,8,5,spring,1,1,1,1,0.0,2024-03-23,1,0,0,1516,14.9,1457,3.14,0.3,1200,-9.0,2.25,-9.0,15.9,9.3,2254,358,5.62,1
RAD04_240323085221_9658,36.3751087,127.3260844,대전광역시 유성구 노은동 138-45,2024,3,23,8,5,spring,1,1,1,1,0.0,2024-03-23,1,0,0,1516,14.9,1457,3.14,0.3,1200,-9.0,2.25,-9.0,15.9,9.3,2254,712,29.72,1
RAD04_240324065241_11321,36.3744368,127.3561441,대전광역시 유성구 어은동 52-7,2024,3,24,6,6,spring,0,1,1,1,5.90416313,2024-03-24,1,1,1,839,14.1,1602,2.03,-9.0,1400,-9.0,-9.0,-9.0,15.1,3.6,936,656,25.12,1
RAD04_240324065434_11366,36.3746277,127.356279,대전광역시 유성구 어은동 52-10,2024,3,24,6,6,spring,0,1,1,1,0.0,2024-03-24,1,0,0,839,14.1,1602,2.03,-9.0,1400,-9.0,-9.0,-9.0,15.1,3.6,936,322,18.25,1
RAD04_240324070740_11847,36.3598142,127.3436026,대전광역시 유성구 궁동 473,2024,3,24,7,6,spring,0,1,1,1,0.0,2024-03-24,1,0,0,839,14.1,1602,2.03,-9.0,1400,-9.0,-9.0,-9.0,15.1,3.6,936,372,13.63,1
RAD04_240324070742_11853,36.3597827,127.3435896,대전광역시 유성구 궁동 473,2024,3,24,7,6,spring,0,2,2,2,0.0,2024-03-24,1,0,0,839,14.1,1602,2.03,-9.0,1400,-9.0,-9.0,-9.0,15.1,3.6,936,462,11.45,1
RAD04_240324082753_13894,36.3638725,127.3169661,대전광역시 유성구 노은동 609,2024,3,24,8,6,spring,1,2,2,2,0.0,2024-03-24,1,0,0,839,14.1,1602,2.03,-9.0,1400,-9.0,-9.0,-9.0,15.1,3.6,936,580,14.91,1
RAD04_240324083743_14339,36.3668323,127.3150418,대전광역시 유성구 노은동 602,2024,3,24,8,6,spring,1,1,1,1,14.3931169,2024-03-24,1,1,1,839,14.1,1602,2.03,-9.0,1400,-9.0,-9.0,-9.0,15.1,3.6,936,716,15.36,1
RAD04_240325063908_15555,36.3721043,127.3216957,대전광역시 유성구 노은동 569,2024,3,25,6,0,spring,0,3,3,3,0.0,2024-03-25,1,0,0,2121,9.4,1033,1.45,6.8,1000,26.1,11.25,-9.0,10.0,0.0,12,707,45.79,0
RAD04_240325064104_15733,36.3665114,127.3316635,대전광역시 유성구 장대동 17-4,2024,3,25,6,0,spring,0,1,1,2,8.844247765,2024-03-25,1,1,1,2121,9.4,1033,1.45,6.8,1000,26.1,11.25,-9.0,10.0,0.0,12,319,47.31,0
RAD04_240325064134_15751,36.3663175,127.332103,대전광역시 유성구 장대동 17-4,2024,3,25,6,0,spring,0,2,2,3,11.02910823,2024-03-25,1,1,1,2121,9.4,1033,1.45,6.8,1000,26.1,11.25,-9.0,10.0,0.0,12,172,44.33,0
RAD04_240325070404_16852,36.3660409,127.3519414,대전광역시 유성구 궁동 220,2024,3,25,7,0,spring,0,1,1,1,0.0,2024-03-25,1,0,0,2121,9.4,1033,1.45,6.8,1000,26.1,11.25,-9.0,10.0,0.0,12,451,36.15,0
RAD04_240325073017_17264,36.3645854,127.3378221,대전광역시 유성구 장대동 321,2024,3,25,7,0,spring,0,1,1,1,0.0,2024-03-25,1,0,0,2121,9.4,1033,1.45,6.8,1000,26.1,11.25,-9.0,10.0,0.0,12,411,33.34,0
RAD04_240325075934_17628,36.3594135,127.3353638,대전광역시 유성구 장대동 291,2024,3,25,7,0,spring,0,1,1,1,0.0,2024-03-25,1,0,0,2121,9.4,1033,1.45,6.8,1000,26.1,11.25,-9.0,10.0,0.0,12,456,39.01,0
RAD04_240325080047_17699,36.3587926,127.3336676,대전광역시 유성구 장대동 291,2024,3,25,8,0,spring,1,2,2,2,0.0,2024-03-25,1,0,0,2121,9.4,1033,1.45,6.8,1000,26.1,11.25,-9.0,10.0,0.0,12,361,19.8,0
RAD04_240325080427_17800,36.358644,127.3351284,대전광역시 유성구 장대동 291,2024,3,25,8,0,spring,1,3,3,3,0.0,2024-03-25,1,0,0,2121,9.4,1033,1.45,6.8,1000,26.1,11.25,-9.0,10.0,0.0,12,307,22.52,0
RAD04_240325080523_17876,36.3579331,127.3363765,대전광역시 유성구 장대동 290,2024,3,25,8,0,spring,1,2,7,7,0.0,2024-03-25,1,0,0,2121,9.4,1033,1.45,6.8,1000,26.1,11.25,-9.0,10.0,0.0,12,308,16.87,0
RAD04_240325080652_18015,36.3576372,127.3335392,대전광역시 유성구 장대동 251-3,2024,3,25,8,0,spring,1,1,1,1,0.0,2024-03-25,1,0,0,2121,9.4,1033,1.45,6.8,1000,26.1,11.25,-9.0,10.0,0.0,12,466,45.82,0
RAD04_240325080655_18019,36.357705,127.3335513,대전광역시 유성구 장대동 251-3,2024,3,25,8,0,spring,1,2,2,2,2.753568736,2024-03-25,1,1,1,2121,9.4,1033,1.45,6.8,1000,26.1,11.25,-9.0,10.0,0.0,12,319,38.83,0
RAD04_240325080701_18024,36.3578187,127.3335684,대전광역시 유성구 장대동 191-7,2024,3,25,8,0,spring,1,1,1,1,0.0,2024-03-25,1,0,0,2121,9.4,1033,1.45,6.8,1000,26.1,11.25,-9.0,10.0,0.0,12,608,39.83,0
RAD04_240325080859_18153,36.3578843,127.3360467,대전광역시 유성구 장대동 293,2024,3,25,8,0,spring,1,2,3,3,6.246917224,2024-03-25,1,1,1,2121,9.4,1033,1.45,6.8,1000,26.1,11.25,-9.0,10.0,0.0,12,402,41.21,0
RAD04_240325082834_18594,36.3631213,127.3402254,대전광역시 유성구 장대동 350,2024,3,25,8,0,spring,1,1,1,1,0.0,2024-03-25,1,0,0,2121,9.4,1033,1.45,6.8,1000,26.1,11.25,-9.0,10.0,0.0,12,765,31.89,0
RAD04_240325092501_21420,36.3808791,127.3259708,대전광역시 유성구 죽동 650,2024,3,25,9,0,spring,1,1,1,1,0.0,2024-03-25,1,0,0,2121,9.4,1033,1.45,6.8,1000,26.1,11.25,-9.0,10.0,0.0,12,586,35.03,0
RAD04_240325100642_23219,36.396436,127.3142371,대전광역시 유성구 외삼동 274-17,2024,3,25,10,0,spring,0,1,1,1,12.73823386,2024-03-25,1,1,1,2121,9.4,1033,1.45,6.8,1000,26.1,11.25,-9.0,10.0,0.0,12,630,11.96,0
RAD04_240325100815_23269,36.3967094,127.312959,대전광역시 유성구 외삼동 587,2024,3,25,10,0,spring,0,1,1,1,0.0,2024-03-25,1,0,0,2121,9.4,1033,1.45,6.8,1000,26.1,11.25,-9.0,10.0,0.0,12,362,48.28,0
RAD04_240325101627_0,36.3986833,127.3149461,대전광역시 유성구 외삼동 574-5,2024,3,25,10,0,spring,0,4,7,7,10.84928809,2024-03-25,1,1,1,2121,9.4,1033,1.45,6.8,1000,26.1,11.25,-9.0,10.0,0.0,12,862,40.81,0
RAD04_240325101633_23422,36.3988263,127.3146315,대전광역시 유성구 외삼동 574-5,2024,3,25,10,0,spring,0,5,8,8,0.0,2024-03-25,1,0,0,2121,9.4,1033,1.45,6.8,1000,26.1,11.25,-9.0,10.0,0.0,12,570,37.2,0
RAD04_240325101801_23451,36.4034698,127.3102407,대전광역시 유성구 외삼동 408-1,2024,3,25,10,0,spring,0,1,1,1,0.0,2024-03-25,1,0,0,2121,9.4,1033,1.45,6.8,1000,26.1,11.25,-9.0,10.0,0.0,12,427,31.78,0
RAD04_240325102230_23489,36.4034926,127.3104053,대전광역시 유성구 외삼동 407-2,2024,3,25,10,0,spring,0,1,1,1,0.0,2024-03-25,1,0,0,2121,9.4,1033,1.45,6.8,1000,26.1,11.25,-9.0,10.0,0.0,12,756,26.57,0
RAD04_240325103315_23730,36.4102501,127.3002342,대전광역시 유성구 안산동 227-2,2024,3,25,10,0,spring,0,1,1,1,2.864513307,2024-03-25,1,1,1,2121,9.4,1033,1.45,6.8,1000,26.1,11.25,-9.0,10.0,0.0,12,878,23.45,0
RAD04_240325135241_25026,36.3569944,127.3427585,대전광역시 유성구 봉명동 574,2024,3,25,13,0,spring,0,6,14,14,0.0,2024-03-25,1,0,0,2121,9.4,1033,1.45,6.8,1000,26.1,11.25,-9.0,10.0,0.0,12,501,44.14,0
RAD04_240325135532_25123,36.3610807,127.3456344,대전광역시 유성구 궁동 486-4,2024,3,25,13,0,spring,0,1,1,1,6.633594651,2024-03-25,1,1,1,2121,9.4,1033,1.45,6.8,1000,26.1,11.25,-9.0,10.0,0.0,12,646,35.73,0
RAD04_240325135545_25139,36.3609922,127.3458582,대전광역시 유성구 궁동 485,2024,3,25,13,0,spring,0,1,1,1,0.0,2024-03-25,1,0,0,2121,9.4,1033,1.45,6.8,1000,26.1,11.25,-9.0,10.0,0.0,12,525,16.58,0
RAD04_240325135747_25202,36.3602831,127.3475871,대전광역시 유성구 궁동 491,2024,3,25,13,0,spring,0,1,1,1,0.0,2024-03-25,1,0,0,2121,9.4,1033,1.45,6.8,1000,26.1,11.25,-9.0,10.0,0.0,12,574,13.25,0
RAD04_240325141948_26250,36.3669699,127.3194037,대전광역시 유성구 노은동 612,2024,3,25,14,0,spring,0,1,1,1,0.0,2024-03-25,1,0,0,2121,9.4,1033,1.45,6.8,1000,26.1,11.25,-9.0,10.0,0.0,12,671,24.06,0
RAD04_240325142308_26428,36.3663302,127.3155315,대전광역시 유성구 노은동 553-2,2024,3,25,14,0,spring,0,1,1,1,0.0,2024-03-25,1,0,0,2121,9.4,1033,1.45,6.8,1000,26.1,11.25,-9.0,10.0,0.0,12,324,32.32,0
RAD04_240325143220_26735,36.3637051,127.3156038,대전광역시 유성구 노은동 557-6,2024,3,25,14,0,spring,0,1,1,1,0.0,2024-03-25,1,0,0,2121,9.4,1033,1.45,6.8,1000,26.1,11.25,-9.0,10.0,0.0,12,630,28.06,0
RAD04_240325143258_26754,36.3633894,127.3158492,대전광역시 유성구 노은동 603,2024,3,25,14,0,spring,0,5,5,5,0.0,2024-03-25,1,0,0,2121,9.4,1033,1.45,6.8,1000,26.1,11.25,-9.0,10.0,0.0,12,294,21.24,0
RAD04_240325153654_29548,36.3926193,127.3115274,대전광역시 유성구 반석동 676,2024,3,25,15,0,spring,0,3,4,4,0.0,2024-03-25,1,0,0,2121,9.4,1033,1.45,6.8,1000,26.1,11.25,-9.0,10.0,0.0,12,788,46.24,0
RAD04_240325153704_29561,36.3928438,127.311452,대전광역시 유성구 반석동 676,2024,3,25,15,0,spring,0,4,5,5,0.0,2024-03-25,1,0,0,2121,9.4,1033,1.45,6.8,1000,26.1,11.25,-9.0,10.0,0.0,12,486,23.57,0
RAD04_240325153706_29568,36.3929096,127.3114241,대전광역시 유성구 반석동 676,2024,3,25,15,0,spring,0,5,6,6,2.649208955,2024-03-25,1,1,1,2121,9.4,1033,1.45,6.8,1000,26.1,11.25,-9.0,10.0,0.0,12,526,8.24,0
RAD04_240326073349_31417,36.361462,127.3435213,대전광역시 유성구 궁동 479-5,2024,3,26,7,1,spring,0,1,1,1,0.0,2024-03-26,1,0,0,11,6.7,1523,1.95,19.5,1000,0.2,10.33,-9.0,9.5,3.0,2358,635,23.89,0
RAD04_240326082512_34657,36.3649255,127.3377002,대전광역시 유성구 장대동 302,2024,3,26,8,1,spring,1,1,1,1,0.0,2024-03-26,1,0,0,11,6.7,1523,1.95,19.5,1000,0.2,10.33,-9.0,9.5,3.0,2358,628,18.84,0
RAD04_240326082922_34898,36.3654503,127.3226331,대전광역시 유성구 노은동 613,2024,3,26,8,1,spring,1,1,2,2,0.0,2024-03-26,1,0,0,11,6.7,1523,1.95,19.5,1000,0.2,10.33,-9.0,9.5,3.0,2358,247,16.02,0
RAD04_240326084643_35421,36.3702105,127.3150465,대전광역시 유성구 노은동 570,2024,3,26,8,1,spring,1,1,1,1,2.049195571,2024-03-26,1,1,1,11,6.7,1523,1.95,19.5,1000,0.2,10.33,-9.0,9.5,3.0,2358,686,20.2,0
RAD04_240326084653_35486,36.3706973,127.3153428,대전광역시 유성구 노은동 570,2024,3,26,8,1,spring,1,2,2,2,0.0,2024-03-26,1,0,0,11,6.7,1523,1.95,19.5,1000,0.2,10.33,-9.0,9.5,3.0,2358,771,37.11,0
RAD04_240326084654_35489,36.3707474,127.3153722,대전광역시 유성구 노은동 570,2024,3,26,8,1,spring,1,3,3,3,0.0,2024-03-26,1,0,0,11,6.7,1523,1.95,19.5,1000,0.2,10.33,-9.0,9.5,3.0,2358,357,35.05,0
RAD04_240326084714_35605,36.3718373,127.3157645,대전광역시 유성구 노은동 570,2024,3,26,8,1,spring,1,4,4,4,14.50843477,2024-03-26,1,1,1,11,6.7,1523,1.95,19.5,1000,0.2,10.33,-9.0,9.5,3.0,2358,272,35.07,0
RAD04_240326084811_35649,36.3716754,127.3178069,대전광역시 유성구 노은동 583,2024,3,26,8,1,spring,1,3,13,13,0.0,2024-03-26,1,0,0,11,6.7,1523,1.95,19.5,1000,0.2,10.33,-9.0,9.5,3.0,2358,244,44.36,0
RAD04_240326084911_35709,36.3686205,127.3177944,대전광역시 유성구 노은동 583,2024,3,26,8,1,spring,1,4,14,14,0.0,2024-03-26,1,0,0,11,6.7,1523,1.95,19.5,1000,0.2,10.33,-9.0,9.5,3.0,2358,735,16.77,0
RAD04_240326085820_36203,36.3638067,127.3142335,대전광역시 유성구 노은동 603,2024,3,26,8,1,spring,1,6,6,6,12.13426578,2024-03-26,1,1,1,11,6.7,1523,1.95,19.5,1000,0.2,10.33,-9.0,9.5,3.0,2358,612,46.59,0
RAD04_240326091248_36527,36.3667207,127.3224166,대전광역시 유성구 노은동 612,2024,3,26,9,1,spring,1,2,2,2,0.0,2024-03-26,1,0,0,11,6.7,1523,1.95,19.5,1000,0.2,10.33,-9.0,9.5,3.0,2358,280,7.28,0
RAD04_240326102411_37343,36.3615256,127.3367959,대전광역시 유성구 장대동 352-3,2024,3,26,10,1,spring,0,1,1,1,0.0,2024-03-26,1,0,0,11,6.7,1523,1.95,19.5,1000,0.2,10.33,-9.0,9.5,3.0,2358,239,10.87,0
RAD04_240326142651_39053,36.3630034,127.3350653,대전광역시 유성구 장대동 328-1,2024,3,26,14,1,spring,0,1,1,1,9.582391354,2024-03-26,1,1,1,11,6.7,1523,1.95,19.5,1000,0.2,10.33,-9.0,9.5,3.0,2358,349,39.06,0
RAD04_240326151707_41226,36.3936933,127.3127063,대전광역시 유성구 반석동 687,2024,3,26,15,1,spring,0,1,1,1,0.0,2024-03-26,1,0,0,11,6.7,1523,1.95,19.5,1000,0.2,10.33,-9.0,9.5,3.0,2358,274,45.46,0
RAD04_240326151717_41252,36.393572,127.3126234,대전광역시 유성구 반석동 625-3,2024,3,26,15,1,spring,0,1,1,1,11.90730352,2024-03-26,1,1,1,11,6.7,1523,1.95,19.5,1000,0.2,10.33,-9.0,9.5,3.0,2358,720,45.42,0
RAD04_240326151907_41340,36.3924971,127.311814,대전광역시 유성구 반석동 689,2024,3,26,15,1,spring,0,2,3,3,0.0,2024-03-26,1,0,0,11,6.7,1523,1.95,19.5,1000,0.2,10.33,-9.0,9.5,3.0,2358,615,17.08,0
RAD04_240404064046_1814,36.3618602,127.357509,대전광역시 유성구 어은동 59-12,2024,4,4,6,3,spring,0,1,2,2,0.0,2024-04-04,1,0,0,2335,13.4,1031,1.56,0.0,1000,0.0,0.8,0.0,14.2,0.2,2355,940,27.17,0
RAD04_240404102936_509,36.3815311,127.3248495,대전광역시 유성구 죽동 648,2024,4,4,10,3,spring,0,1,2,2,0.0,2024-04-04,1,0,0,2335,13.4,1031,1.56,0.0,1000,0.0,0.8,0.0,14.2,0.2,2355,352,9.22,0
RAD04_240404102950_520,36.3813703,127.3243784,대전광역시 유성구 죽동 636,2024,4,4,10,3,spring,0,1,3,3,8.151842019,2024-04-04,1,1,1,2335,13.4,1031,1.56,0.0,1000,0.0,0.8,0.0,14.2,0.2,2355,1177,7.37,0
RAD04_240404103803_1280,36.3908181,127.3317364,대전광역시 유성구 하기동 603,2024,4,4,10,3,spring,0,1,5,8,0.0,2024-04-04,1,0,0,2335,13.4,1031,1.56,0.0,1000,0.0,0.8,0.0,14.2,0.2,2355,1048,23.66,0
RAD04_240404135419_2090,36.3564434,127.3366242,대전광역시 유성구 봉명동 496-16,2024,4,4,13,3,spring,0,1,1,1,4.31531608,2024-04-04,1,1,1,2335,13.4,1031,1.56,0.0,1000,0.0,0.8,0.0,14.2,0.2,2355,1113,25.41,0
RAD04_240404151559_4523,36.3850582,127.3207258,대전광역시 유성구 하기동 585,2024,4,4,15,3,spring,0,1,1,7,10.49738063,2024-04-04,1,1,1,2335,13.4,1031,1.56,0.0,1000,0.0,0.8,0.0,14.2,0.2,2355,866,8.21,0
RAD04_240404151738_4676,36.3813227,127.3242128,대전광역시 유성구 죽동 636,2024,4,4,15,3,spring,0,2,4,4,4.675138582,2024-04-04,1,1,1,2335,13.4,1031,1.56,0.0,1000,0.0,0.8,0.0,14.2,0.2,2355,822,22.96,0
RAD04_240404152119_4875,36.3815258,127.3247809,대전광역시 유성구 죽동 648,2024,4,4,15,3,spring,0,4,5,5,0.0,2024-04-04,1,0,0,2335,13.4,1031,1.56,0.0,1000,0.0,0.8,0.0,14.2,0.2,2355,989,20.94,0
RAD04_240405080733_8474,36.3578944,127.3361749,대전광역시 유성구 장대동 293,2024,4,5,8,4,spring,1,1,4,4,7.297771354,2024-04-05,1,1,1,28,13.3,1540,3.03,0.0,1300,0.0,0.5,0.0,14.6,6.1,921,346,25.06,0
RAD04_240405082018_9280,36.381661,127.3434033,대전광역시 유성구 신성동 산 40-28,2024,4,5,8,4,spring,1,1,1,1,0.0,2024-04-05,1,0,0,28,13.3,1540,3.03,0.0,1300,0.0,0.5,0.0,14.6,6.1,921,367,38.27,0
RAD04_240405083026_9861,36.3626549,127.3345486,대전광역시 유성구 장대동 144-3,2024,4,5,8,4,spring,1,1,1,1,0.0,2024-04-05,1,0,0,28,13.3,1540,3.03,0.0,1300,0.0,0.5,0.0,14.6,6.1,921,476,18.5,0
RAD04_240405085921_11352,36.3729046,127.3193593,대전광역시 유성구 지족동 965,2024,4,5,8,4,spring,1,1,1,3,12.4119995,2024-04-05,1,1,1,28,13.3,1540,3.03,0.0,1300,0.0,0.5,0.0,14.6,6.1,921,997,29.94,0
RAD04_240405085926_11378,36.3731749,127.3193698,대전광역시 유성구 지족동 965,2024,4,5,8,4,spring,1,2,2,4,0.0,2024-04-05,1,0,0,28,13.3,1540,3.03,0.0,1300,0.0,0.5,0.0,14.6,6.1,921,877,32.84,0
RAD04_240405102153_13375,36.3918426,127.3109502,대전광역시 유성구 반석동 674,2024,4,5,10,4,spring,0,1,1,1,0.0,2024-04-05,1,0,0,28,13.3,1540,3.03,0.0,1300,0.0,0.5,0.0,14.6,6.1,921,1025,27.46,0
RAD04_240405141002_15690,36.367097,127.3197021,대전광역시 유성구 노은동 612,2024,4,5,14,4,spring,0,1,4,4,0.0,2024-04-05,1,0,0,28,13.3,1540,3.03,0.0,1300,0.0,0.5,0.0,14.6,6.1,921,494,28.15,0
RAD04_240405141111_15750,36.3675465,127.3179908,대전광역시 유성구 노은동 583,2024,4,5,14,4,spring,0,1,6,16,6.627219514,2024-04-05,1,1,1,28,13.3,1540,3.03,0.0,1300,0.0,0.5,0.0,14.6,6.1,921,1181,14.89,0
RAD04_240405152217_16629,36.392619,127.3114878,대전광역시 유성구 반석동 676,2024,4,5,15,4,spring,0,1,7,7,0.0,2024-04-05,1,0,0,28,13.3,1540,3.03,0.0,1300,0.0,0.5,0.0,14.6,6.1,921,998,22.34,0
RAD04_240405152911_16890,36.3904063,127.3055335,대전광역시 유성구 반석동 716,2024,4,5,15,4,spring,0,1,1,1,1.831540233,2024-04-05,1,1,1,28,13.3,1540,3.03,0.0,1300,0.0,0.5,0.0,14.6,6.1,921,356,9.79,0
RAD04_240406083154_23931,36.3655765,127.3176949,대전광역시 유성구 노은동 611,2024,4,6,8,5,spring,1,1,2,2,10.1183772,2024-04-06,1,1,1,1605,13.2,1609,2.2,-9.0,1200,-9.0,-9.0,-9.0,14.0,5.3,808,380,9.27,1
RAD04_240406084723_24677,36.3674616,127.3179857,대전광역시 유성구 노은동 583,2024,4,6,8,5,spring,1,2,7,17,0.0,2024-04-06,1,0,0,1605,13.2,1609,2.2,-9.0,1200,-9.0,-9.0,-9.0,14.0,5.3,808,506,5.12,1
RAD04_240406084731_24693,36.3683385,127.3179907,대전광역시 유성구 노은동 583,2024,4,6,8,5,spring,1,3,8,18,0.0,2024-04-06,1,0,0,1605,13.2,1609,2.2,-9.0,1200,-9.0,-9.0,-9.0,14.0,5.3,808,485,15.54,1
RAD05_240302082932_95,36.3415461,127.3050923,대전광역시 유성구 계산동 803-11,2024,3,1,6,4,spring,0,1,1,1,0.0,2024-03-01,1,0,0,1424,-2.2,1,2.91,-9.0,1200,-9.0,-9.0,-9.0,2.1,10.2,2239,1009,39.66,0
RAD05_240304113743_44,36.3570842,127.3400607,대전광역시 유성구 봉명동 528,2024,3,4,11,0,spring,0,1,1,1,13.93940469,2024-03-04,1,1,1,1729,6.7,1428,2.21,-9.0,1100,2.2,-9.0,-9.0,6.7,5.7,956,436,13.0,0
RAD05_240304114808_1117,36.3535651,127.3308599,대전광역시 유성구 구암동 633,2024,3,4,11,0,spring,0,1,1,1,0.0,2024-03-04,1,0,0,1729,6.7,1428,2.21,-9.0,1100,2.2,-9.0,-9.0,6.7,5.7,956,467,12.63,0
RAD05_240304135911_2761,36.3521,127.3302716,대전광역시 유성구 구암동 641,2024,3,4,13,0,spring,0,1,2,2,0.0,2024-03-04,1,0,0,1729,6.7,1428,2.21,-9.0,1100,2.2,-9.0,-9.0,6.7,5.7,956,393,45.28,0
RAD05_240305161204_2593,36.3552856,127.3428943,대전광역시 유성구 봉명동 574-2,2024,3,5,16,1,spring,0,1,1,1,0.0,2024-03-05,1,0,0,1830,5.9,1,0.29,2.5,1000,0.3,15.42,-9.0,5.8,0.0,208,219,30.01,0
RAD05_240306150421_3468,36.313541,127.3199752,대전광역시 유성구 대정동 318,2024,3,6,15,2,spring,0,1,1,1,0.0,2024-03-06,1,0,0,2315,7.0,1522,2.15,-9.0,1200,0.0,-9.0,-9.0,7.2,5.8,2358,525,23.21,0
RAD05_240307094306_0,36.3552479,127.3451532,대전광역시 유성구 봉명동 574,2024,3,7,9,3,spring,1,1,2,2,0.0,2024-03-07,1,0,0,1334,4.6,1424,2.2,0.0,1000,-9.0,0.5,-9.0,6.9,6.7,2356,587,30.15,0
RAD05_240307094307_15311,36.3551934,127.3451278,대전광역시 유성구 봉명동 574,2024,3,7,9,3,spring,1,2,3,3,0.0,2024-03-07,1,0,0,1334,4.6,1424,2.2,0.0,1000,-9.0,0.5,-9.0,6.9,6.7,2356,1126,10.0,0
RAD05_240307095031_15621,36.3559003,127.3402426,대전광역시 유성구 봉명동 442-11,2024,3,7,9,3,spring,1,1,1,1,0.0,2024-03-07,1,0,0,1334,4.6,1424,2.2,0.0,1000,-9.0,0.5,-9.0,6.9,6.7,2356,1070,7.62,0
RAD05_240307100844_16076,36.3554147,127.3414465,대전광역시 유성구 봉명동 574,2024,3,7,10,3,spring,0,3,4,4,0.0,2024-03-07,1,0,0,1334,4.6,1424,2.2,0.0,1000,-9.0,0.5,-9.0,6.9,6.7,2356,567,10.02,0
RAD05_240307104858_0,36.3542852,127.3416156,대전광역시 유성구 봉명동 576,2024,3,7,10,3,spring,0,1,1,1,0.0,2024-03-07,1,0,0,1334,4.6,1424,2.2,0.0,1000,-9.0,0.5,-9.0,6.9,6.7,2356,1163,6.96,0
RAD05_240307151551_0,36.3553716,127.341559,대전광역시 유성구 봉명동 574,2024,3,7,15,3,spring,0,4,5,5,0.0,2024-03-07,1,0,0,1334,4.6,1424,2.2,0.0,1000,-9.0,0.5,-9.0,6.9,6.7,2356,1129,12.45,0
RAD05_240307153659_18214,36.3558762,127.3406803,대전광역시 유성구 봉명동 442-15,2024,3,7,15,3,spring,0,1,1,1,0.0,2024-03-07,1,0,0,1334,4.6,1424,2.2,0.0,1000,-9.0,0.5,-9.0,6.9,6.7,2356,596,41.27,0
RAD05_240307154256_18262,36.3559006,127.3404032,대전광역시 유성구 봉명동 442-10,2024,3,7,15,3,spring,0,1,1,1,0.0,2024-03-07,1,0,0,1334,4.6,1424,2.2,0.0,1000,-9.0,0.5,-9.0,6.9,6.7,2356,774,26.04,0
RAD05_240308065107_19396,36.3012434,127.3202818,대전광역시 유성구 원내동 781,2024,3,8,6,4,spring,0,1,1,1,0.0,2024-03-08,1,0,0,1350,2.9,1304,2.9,-9.0,1200,-9.0,-9.0,-9.0,4.4,10.2,2400,311,7.16,0
RAD05_240308102833_24380,36.3440671,127.2982349,대전광역시 유성구 계산동 775,2024,3,8,10,4,spring,0,1,1,1,0.0,2024-03-08,1,0,0,1350,2.9,1304,2.9,-9.0,1200,-9.0,-9.0,-9.0,4.4,10.2,2400,982,40.31,0
RAD05_240308144758_1158,36.3137196,127.3305908,대전광역시 유성구 대정동 679-1,2024,3,8,14,4,spring,0,1,1,1,0.0,2024-03-08,1,0,0,1350,2.9,1304,2.9,-9.0,1200,-9.0,-9.0,-9.0,4.4,10.2,2400,501,25.12,0
RAD05_240308144759_1160,36.3136688,127.3304695,대전광역시 유성구 대정동 679-1,2024,3,8,14,4,spring,0,2,2,2,0.0,2024-03-08,1,0,0,1350,2.9,1304,2.9,-9.0,1200,-9.0,-9.0,-9.0,4.4,10.2,2400,914,25.83,0
RAD05_240308151005_0,36.2669382,127.284043,대전광역시 유성구 방동 623-4,2024,3,8,15,4,spring,0,1,1,1,0.0,2024-03-08,1,0,0,1350,2.9,1304,2.9,-9.0,1200,-9.0,-9.0,-9.0,4.4,10.2,2400,650,12.39,0
RAD05_240315095808_4039,36.3441886,127.3075019,대전광역시 유성구 복용동 629,2024,3,15,9,4,spring,1,1,1,1,0.0,2024-03-15,1,0,0,1451,9.5,1609,3.06,-9.0,1200,-9.0,-9.0,-9.0,10.5,11.0,2301,893,20.17,0
RAD05_240316070521_11649,36.3544591,127.3388065,대전광역시 유성구 봉명동 448-10,2024,3,16,7,5,spring,0,1,1,1,0.0,2024-03-16,1,0,0,1616,11.4,1456,2.99,0.0,1200,0.0,1.25,-9.0,12.9,8.8,236,658,21.83,1
RAD05_240316073452_11769,36.3542035,127.3362397,대전광역시 유성구 봉명동 567-16,2024,3,16,7,5,spring,0,1,1,1,0.0,2024-03-16,1,0,0,1616,11.4,1456,2.99,0.0,1200,0.0,1.25,-9.0,12.9,8.8,236,691,29.83,1
RAD05_240316073514_11828,36.3545529,127.3348949,대전광역시 유성구 봉명동 571,2024,3,16,7,5,spring,0,1,1,1,0.0,2024-03-16,1,0,0,1616,11.4,1456,2.99,0.0,1200,0.0,1.25,-9.0,12.9,8.8,236,544,11.21,1
RAD05_240316074350_12328,36.3548995,127.3449595,대전광역시 유성구 봉명동 574,2024,3,16,7,5,spring,0,1,6,6,4.22467577,2024-03-16,1,1,1,1616,11.4,1456,2.99,0.0,1200,0.0,1.25,-9.0,12.9,8.8,236,322,19.97,1
RAD05_240316074350_12333,36.3548934,127.3450196,대전광역시 유성구 봉명동 574,2024,3,16,7,5,spring,0,2,7,7,0.0,2024-03-16,1,0,0,1616,11.4,1456,2.99,0.0,1200,0.0,1.25,-9.0,12.9,8.8,236,695,5.71,1
RAD05_240316074406_12368,36.354661,127.3467751,대전광역시 유성구 봉명동 574,2024,3,16,7,5,spring,0,3,8,8,0.0,2024-03-16,1,0,0,1616,11.4,1456,2.99,0.0,1200,0.0,1.25,-9.0,12.9,8.8,236,407,15.9,1
RAD05_240317065600_14326,36.3117916,127.3198028,대전광역시 유성구 대정동 274,2024,3,17,6,6,spring,0,1,1,1,0.0,2024-03-17,1,0,0,1109,9.7,1337,2.64,0.0,1100,-9.0,0.42,-9.0,13.4,6.8,2359,463,14.11,1
RAD05_240317065601_14338,36.3118023,127.3198672,대전광역시 유성구 대정동 274,2024,3,17,6,6,spring,0,2,2,2,0.0,2024-03-17,1,0,0,1109,9.7,1337,2.64,0.0,1100,-9.0,0.42,-9.0,13.4,6.8,2359,513,5.85,1
RAD05_240317065602_14350,36.311828,127.3199157,대전광역시 유성구 대정동 274,2024,3,17,6,6,spring,0,3,3,3,0.0,2024-03-17,1,0,0,1109,9.7,1337,2.64,0.0,1100,-9.0,0.42,-9.0,13.4,6.8,2359,490,30.23,1
RAD05_240317065604_14375,36.3119104,127.319966,대전광역시 유성구 대정동 274,2024,3,17,6,6,spring,0,4,4,4,0.0,2024-03-17,1,0,0,1109,9.7,1337,2.64,0.0,1100,-9.0,0.42,-9.0,13.4,6.8,2359,740,24.06,1
RAD05_240317065722_14444,36.3152067,127.3163994,대전광역시 유성구 대정동 507-13,2024,3,17,6,6,spring,0,1,1,1,8.815290274,2024-03-17,1,1,1,1109,9.7,1337,2.64,0.0,1100,-9.0,0.42,-9.0,13.4,6.8,2359,573,17.51,1
RAD05_240317072157_15726,36.3597735,127.3048581,대전광역시 유성구 덕명동 570,2024,3,17,7,6,spring,0,1,1,1,2.896037259,2024-03-17,1,1,1,1109,9.7,1337,2.64,0.0,1100,-9.0,0.42,-9.0,13.4,6.8,2359,338,13.28,1
RAD05_240317074237_16346,36.3443497,127.3229261,대전광역시 유성구 복용동 152-8,2024,3,17,7,6,spring,0,1,1,1,0.0,2024-03-17,1,0,0,1109,9.7,1337,2.64,0.0,1100,-9.0,0.42,-9.0,13.4,6.8,2359,704,28.48,1
RAD05_240317074548_16619,36.3560019,127.3327262,대전광역시 유성구 구암동 631,2024,3,17,7,6,spring,0,1,1,1,0.0,2024-03-17,1,0,0,1109,9.7,1337,2.64,0.0,1100,-9.0,0.42,-9.0,13.4,6.8,2359,729,18.73,1
RAD05_240318153458_2381,36.3549347,127.3449815,대전광역시 유성구 봉명동 574,2024,3,18,15,0,spring,0,4,9,9,0.0,2024-03-18,1,0,0,1508,7.9,1604,3.08,-9.0,1200,0.0,-9.0,-9.0,11.1,10.2,836,719,39.95,0
RAD05_240318155052_4249,36.3814008,127.3244028,대전광역시 유성구 죽동 636,2024,3,18,15,0,spring,0,1,1,1,12.190107,2024-03-18,1,1,1,1508,7.9,1604,3.08,-9.0,1200,0.0,-9.0,-9.0,11.1,10.2,836,320,22.41,0
RAD05_240319070634_4947,36.3418344,127.3026135,대전광역시 유성구 계산동 781,2024,3,19,7,1,spring,0,1,1,1,0.0,2024-03-19,1,0,0,1123,7.2,1433,1.48,0.0,1100,0.0,4.08,-9.0,8.7,3.2,50,476,12.11,0
RAD05_240319083427_7217,36.3552217,127.3431073,대전광역시 유성구 봉명동 574,2024,3,19,8,1,spring,1,5,10,10,0.0,2024-03-19,1,0,0,1123,7.2,1433,1.48,0.0,1100,0.0,4.08,-9.0,8.7,3.2,50,603,34.87,0
RAD05_240319083636_7256,36.3554982,127.3411926,대전광역시 유성구 봉명동 574-1,2024,3,19,8,1,spring,1,1,1,1,0.0,2024-03-19,1,0,0,1123,7.2,1433,1.48,0.0,1100,0.0,4.08,-9.0,8.7,3.2,50,901,18.26,0
RAD05_240319145332_9430,36.3569953,127.3533698,대전광역시 유성구 봉명동 697,2024,3,19,14,1,spring,0,1,1,1,0.0,2024-03-19,1,0,0,1123,7.2,1433,1.48,0.0,1100,0.0,4.08,-9.0,8.7,3.2,50,810,28.85,0
RAD05_240320103326_14812,36.3418338,127.3046393,대전광역시 유성구 계산동 807,2024,3,20,10,2,spring,0,1,1,1,0.0,2024-03-20,1,0,0,259,4.6,1337,3.01,-9.0,1100,-9.0,-9.0,-9.0,8.7,9.9,947,1065,6.64,0
RAD05_240321065046_16053,36.3226052,127.3187533,대전광역시 유성구 용계동 332-8,2024,3,21,6,3,spring,0,1,1,1,0.0,2024-03-21,1,0,0,1212,5.2,1448,3.14,-9.0,1200,-9.0,-9.0,-9.0,9.6,11.0,1,1090,30.72,0
RAD05_240321141629_20305,36.3520733,127.3301716,대전광역시 유성구 구암동 641,2024,3,21,14,3,spring,0,1,3,3,1.370306695,2024-03-21,1,1,1,1212,5.2,1448,3.14,-9.0,1200,-9.0,-9.0,-9.0,9.6,11.0,1,712,35.4,0
RAD05_240322140317_2294,36.3486765,127.3455379,대전광역시 유성구 봉명동 1062,2024,3,22,14,4,spring,0,1,1,1,14.64136514,2024-03-22,1,1,1,1442,10.1,1324,2.8,4.1,1100,4.4,6.33,-9.0,9.9,5.9,117,760,23.44,0
RAD05_240322140859_2482,36.3507567,127.335642,대전광역시 유성구 구암동 641,2024,3,22,14,4,spring,0,2,4,4,0.0,2024-03-22,1,0,0,1442,10.1,1324,2.8,4.1,1100,4.4,6.33,-9.0,9.9,5.9,117,286,40.43,0
RAD05_240322153940_3003,36.355049,127.3450638,대전광역시 유성구 봉명동 574,2024,3,22,15,4,spring,0,6,11,11,6.752067388,2024-03-22,1,1,1,1442,10.1,1324,2.8,4.1,1100,4.4,6.33,-9.0,9.9,5.9,117,690,7.14,0
RAD05_240322154235_3204,36.3554654,127.3417732,대전광역시 유성구 봉명동 574,2024,3,22,15,4,spring,0,7,12,12,0.0,2024-03-22,1,0,0,1442,10.1,1324,2.8,4.1,1100,4.4,6.33,-9.0,9.9,5.9,117,589,13.69,0
RAD05_240322164843_4022,36.3815173,127.3247269,대전광역시 유성구 죽동 648,2024,3,22,16,4,spring,0,1,1,1,12.17026442,2024-03-22,1,1,1,1442,10.1,1324,2.8,4.1,1100,4.4,6.33,-9.0,9.9,5.9,117,424,22.9,0
RAD05_240322164848_4038,36.3814009,127.3243568,대전광역시 유성구 죽동 636,2024,3,22,16,4,spring,0,2,2,2,12.12519672,2024-03-22,1,1,1,1442,10.1,1324,2.8,4.1,1100,4.4,6.33,-9.0,9.9,5.9,117,240,19.21,0
RAD05_240323061633_4755,36.350817,127.3350351,대전광역시 유성구 구암동 641,2024,3,23,6,5,spring,0,3,5,5,0.0,2024-03-23,1,0,0,1516,14.9,1457,3.14,0.3,1200,-9.0,2.25,-9.0,15.9,9.3,2254,284,7.29,1
RAD05_240323064504_5338,36.3414286,127.3054769,대전광역시 유성구 학하동 793,2024,3,23,6,5,spring,0,1,1,1,0.0,2024-03-23,1,0,0,1516,14.9,1457,3.14,0.3,1200,-9.0,2.25,-9.0,15.9,9.3,2254,655,17.69,1
RAD05_240323073155_6899,36.3523203,127.3337203,대전광역시 유성구 구암동 636,2024,3,23,7,5,spring,0,1,1,1,0.0,2024-03-23,1,0,0,1516,14.9,1457,3.14,0.3,1200,-9.0,2.25,-9.0,15.9,9.3,2254,429,25.34,1
RAD05_240323081316_7232,36.3560259,127.3424678,대전광역시 유성구 봉명동 574,2024,3,23,8,5,spring,1,5,13,13,1.666586898,2024-03-23,1,1,1,1516,14.9,1457,3.14,0.3,1200,-9.0,2.25,-9.0,15.9,9.3,2254,714,16.67,1
RAD05_240403162432_218,36.3578388,127.3398481,대전광역시 유성구 장대동 373,2024,4,3,16,2,spring,0,1,6,7,0.0,2024-04-03,1,0,0,20,13.2,1405,0.47,16.0,1000,10.3,18.33,2.3,14.0,0.0,1,481,25.98,0
RAD05_240404061624_2382,36.2998383,127.3201286,대전광역시 유성구 원내동 735,2024,4,4,6,3,spring,0,1,1,1,1.018232638,2024-04-04,1,1,1,2335,13.4,1031,1.56,0.0,1000,0.0,0.8,0.0,14.2,0.2,2355,785,6.66,0
RAD05_240404061634_2393,36.3002815,127.3201086,대전광역시 유성구 원내동 738,2024,4,4,6,3,spring,0,1,1,1,10.87083672,2024-04-04,1,1,1,2335,13.4,1031,1.56,0.0,1000,0.0,0.8,0.0,14.2,0.2,2355,788,16.28,0
RAD05_240404065304_2542,36.2999016,127.3199788,대전광역시 유성구 원내동 735,2024,4,4,6,3,spring,0,2,2,2,0.0,2024-04-04,1,0,0,2335,13.4,1031,1.56,0.0,1000,0.0,0.8,0.0,14.2,0.2,2355,577,30.97,0
RAD05_240404070707_3244,36.3292556,127.312099,대전광역시 유성구 용계동 412-6,2024,4,4,7,3,spring,0,1,1,1,0.0,2024-04-04,1,0,0,2335,13.4,1031,1.56,0.0,1000,0.0,0.8,0.0,14.2,0.2,2355,533,29.14,0
RAD05_240404094447_3940,36.3523244,127.3382727,대전광역시 유성구 봉명동 528,2024,4,4,9,3,spring,1,1,1,2,7.664230166,2024-04-04,1,1,1,2335,13.4,1031,1.56,0.0,1000,0.0,0.8,0.0,14.2,0.2,2355,497,36.88,0
RAD05_240404100340_4912,36.3505537,127.3371626,대전광역시 유성구 구암동 641,2024,4,4,10,3,spring,0,1,4,6,0.0,2024-04-04,1,0,0,2335,13.4,1031,1.56,0.0,1000,0.0,0.8,0.0,14.2,0.2,2355,341,12.48,0
RAD05_240404101331_5544,36.309786,127.3080341,대전광역시 유성구 교촌동 422-1,2024,4,4,10,3,spring,0,1,1,1,0.0,2024-04-04,1,0,0,2335,13.4,1031,1.56,0.0,1000,0.0,0.8,0.0,14.2,0.2,2355,290,10.92,0
RAD05_240404135726_6409,36.3431311,127.2993334,대전광역시 유성구 계산동 781,2024,4,4,13,3,spring,0,1,2,2,1.908992054,2024-04-04,1,1,1,2335,13.4,1031,1.56,0.0,1000,0.0,0.8,0.0,14.2,0.2,2355,508,20.07,0
RAD05_240404135731_6421,36.3432979,127.2990918,대전광역시 유성구 계산동 719,2024,4,4,13,3,spring,0,1,1,1,0.0,2024-04-04,1,0,0,2335,13.4,1031,1.56,0.0,1000,0.0,0.8,0.0,14.2,0.2,2355,963,34.2,0
RAD05_240404151929_8459,36.3815636,127.3249248,대전광역시 유성구 죽동 648,2024,4,4,15,3,spring,0,2,3,3,0.0,2024-04-04,1,0,0,2335,13.4,1031,1.56,0.0,1000,0.0,0.8,0.0,14.2,0.2,2355,1034,31.0,0
RAD05_240404151934_8498,36.3814433,127.3244746,대전광역시 유성구 죽동 648,2024,4,4,15,3,spring,0,3,4,4,0.0,2024-04-04,1,0,0,2335,13.4,1031,1.56,0.0,1000,0.0,0.8,0.0,14.2,0.2,2355,538,12.74,0
RAD05_240405073049_9638,36.3449841,127.2959546,대전광역시 유성구 계산동 242,2024,4,5,7,4,spring,0,1,1,1,12.55995942,2024-04-05,1,1,1,28,13.3,1540,3.03,0.0,1300,0.0,0.5,0.0,14.6,6.1,921,648,30.55,0
RAD05_240405074120_10100,36.3437096,127.3222882,대전광역시 유성구 복용동 산 14-18,2024,4,5,7,4,spring,0,1,1,1,0.0,2024-04-05,1,0,0,28,13.3,1540,3.03,0.0,1300,0.0,0.5,0.0,14.6,6.1,921,1070,34.25,0
RAD05_240405075329_11428,36.3549855,127.3450262,대전광역시 유성구 봉명동 574,2024,4,5,7,4,spring,0,1,14,15,0.0,2024-04-05,1,0,0,28,13.3,1540,3.03,0.0,1300,0.0,0.5,0.0,14.6,6.1,921,400,11.13,0
RAD05_240405082710_12059,36.3543671,127.3499997,대전광역시 유성구 봉명동 700,2024,4,5,8,4,spring,1,1,2,2,0.0,2024-04-05,1,0,0,28,13.3,1540,3.03,0.0,1300,0.0,0.5,0.0,14.6,6.1,921,1119,17.35,0
RAD05_240405082713_12088,36.3545695,127.3502054,대전광역시 유성구 봉명동 700,2024,4,5,8,4,spring,1,2,3,3,0.0,2024-04-05,1,0,0,28,13.3,1540,3.03,0.0,1300,0.0,0.5,0.0,14.6,6.1,921,1069,33.2,0
RAD05_240405083601_12768,36.3558867,127.3403145,대전광역시 유성구 봉명동 442-10,2024,4,5,8,4,spring,1,1,2,2,0.0,2024-04-05,1,0,0,28,13.3,1540,3.03,0.0,1300,0.0,0.5,0.0,14.6,6.1,921,1002,23.88,0
RAD05_240405093040_13477,36.3561963,127.3328358,대전광역시 유성구 구암동 631,2024,4,5,9,4,spring,1,1,2,2,0.0,2024-04-05,1,0,0,28,13.3,1540,3.03,0.0,1300,0.0,0.5,0.0,14.6,6.1,921,958,33.05,0
RAD05_240405094235_13905,36.3572883,127.3407322,대전광역시 유성구 봉명동 531,2024,4,5,9,4,spring,1,1,1,1,0.0,2024-04-05,1,0,0,28,13.3,1540,3.03,0.0,1300,0.0,0.5,0.0,14.6,6.1,921,879,36.86,0
RAD05_240405095632_14632,36.3549639,127.3449165,대전광역시 유성구 봉명동 574,2024,4,5,9,4,spring,1,2,15,16,0.0,2024-04-05,1,0,0,28,13.3,1540,3.03,0.0,1300,0.0,0.5,0.0,14.6,6.1,921,1005,18.72,0
yuseong1_250122135615_6613,36.3612899,127.3559658,대전광역시 유성구 어은동 311,2025,1,22,13,2,winter,0,1,1,5,0.0,2025-01-22,1,0,0,1305,3.4,1358,1.76,-9.0,1300,-9.0,-9.0,-9.0,2.2,5.6,1004,621,30.84,0
yuseong1_250122151903_0,36.4472911,127.3841781,대전광역시 유성구 봉산동 693-2,2025,1,22,15,2,winter,0,1,1,1,6.160482794,2025-01-22,1,1,1,1305,3.4,1358,1.76,-9.0,1300,-9.0,-9.0,-9.0,2.2,5.6,1004,399,12.09,0
yuseong1_250122152648_17301,36.4087135,127.3755944,대전광역시 유성구 화암동 99-6,2025,1,22,15,2,winter,0,1,1,1,0.0,2025-01-22,1,0,0,1305,3.4,1358,1.76,-9.0,1300,-9.0,-9.0,-9.0,2.2,5.6,1004,925,11.02,0
yuseong1_250123105338_3316,36.3484258,127.3352962,대전광역시 유성구 상대동 489,2025,1,23,10,3,winter,0,1,1,1,0.0,2025-01-23,1,0,0,1854,2.9,1543,1.98,-9.0,1200,-9.0,-9.0,-9.0,3.1,8.5,922,990,29.24,0
yuseong1_250123144730_7033,36.3461284,127.3401774,대전광역시 유성구 상대동 498,2025,1,23,14,3,winter,0,1,1,1,13.85575088,2025-01-23,1,1,1,1854,2.9,1543,1.98,-9.0,1200,-9.0,-9.0,-9.0,3.1,8.5,922,966,26.25,0
yuseong1_250123144843_0,36.3407582,127.3376271,대전광역시 유성구 상대동 498,2025,1,23,14,3,winter,0,2,2,2,0.0,2025-01-23,1,0,0,1854,2.9,1543,1.98,-9.0,1200,-9.0,-9.0,-9.0,3.1,8.5,922,335,9.4,0
yuseong1_250123145232_7434,36.3322053,127.3334737,대전광역시 유성구 용계동 681,2025,1,23,14,3,winter,0,1,1,1,0.0,2025-01-23,1,0,0,1854,2.9,1543,1.98,-9.0,1200,-9.0,-9.0,-9.0,3.1,8.5,922,427,19.48,0
yuseong1_250124111718_524,36.3617629,127.3565156,대전광역시 유성구 어은동 109,2025,1,24,11,4,winter,0,1,1,2,0.0,2025-01-24,1,0,0,1412,2.6,1407,2.17,-9.0,1200,-9.0,-9.0,-9.0,1.9,9.2,1021,896,7.82,0
yuseong1_250124111800_0,36.3609282,127.3545996,대전광역시 유성구 어은동 311,2025,1,24,11,4,winter,0,2,2,6,0.0,2025-01-24,1,0,0,1412,2.6,1407,2.17,-9.0,1200,-9.0,-9.0,-9.0,1.9,9.2,1021,832,39.31,0
yuseong1_250124152021_0,36.39681,127.3098958,대전광역시 유성구 반석동 612,2025,1,24,15,4,winter,0,1,1,1,0.0,2025-01-24,1,0,0,1412,2.6,1407,2.17,-9.0,1200,-9.0,-9.0,-9.0,1.9,9.2,1021,699,15.97,0
yuseong1_250131135700_756,36.391666,127.3321587,대전광역시 유성구 하기동 470-1,2025,1,31,13,4,winter,0,1,1,1,0.0,2025-01-31,1,0,0,1741,1.9,1554,1.23,0.0,1200,0.2,1.33,-9.0,1.6,1.3,831,253,40.02,0
yuseong1_250131135806_834,36.3911042,127.3355129,대전광역시 유성구 하기동 산 51-19,2025,1,31,13,4,winter,0,1,1,1,2.128171902,2025-01-31,1,1,1,1741,1.9,1554,1.23,0.0,1200,0.2,1.33,-9.0,1.6,1.3,831,439,22.06,0
yuseong1_250131140223_0,36.3935838,127.3498387,대전광역시 유성구 자운동 25-3,2025,1,31,14,4,winter,0,1,1,1,0.0,2025-01-31,1,0,0,1741,1.9,1554,1.23,0.0,1200,0.2,1.33,-9.0,1.6,1.3,831,438,38.98,0
yuseong1_250131140408_1705,36.3823481,127.3435827,대전광역시 유성구 신성동 367-4,2025,1,31,14,4,winter,0,1,1,1,0.0,2025-01-31,1,0,0,1741,1.9,1554,1.23,0.0,1200,0.2,1.33,-9.0,1.6,1.3,831,463,12.69,0
yuseong1_250131141422_0,36.3610177,127.3550136,대전광역시 유성구 어은동 311,2025,1,31,14,4,winter,0,1,3,7,0.0,2025-01-31,1,0,0,1741,1.9,1554,1.23,0.0,1200,0.2,1.33,-9.0,1.6,1.3,831,285,16.42,0
yuseong1_250205143159_11253,36.3509417,127.3377304,대전광역시 유성구 구암동 638,2025,2,5,14,2,winter,0,1,1,1,0.0,2025-02-05,1,0,0,1536,-6.4,1446,2.25,0.0,1300,0.0,3.0,-9.0,-1.5,9.1,2354,304,9.97,0
yuseong1_250211141844_0,36.3593899,127.3092959,대전광역시 유성구 구암동 692,2025,2,11,14,1,winter,0,1,1,1,0.0,2025-02-11,1,0,0,1152,0.3,1551,2.46,-9.0,1200,3.9,-9.0,-9.0,1.0,9.7,826,194,16.91,0
yuseong1_250214103949_0,36.3606775,127.3539206,대전광역시 유성구 어은동 311,2025,2,14,10,4,winter,0,1,4,8,0.0,2025-02-14,1,0,0,1344,3.5,1429,2.47,-9.0,1200,-9.0,-9.0,-9.0,3.0,9.7,240,682,38.68,0
yuseong1_250217110951_0,36.3103308,127.2906615,대전광역시 유성구 성북동 731-11,2025,2,17,11,0,winter,0,1,1,2,0.0,2025-02-17,1,0,0,1336,1.3,1346,2.7,-9.0,1200,-9.0,-9.0,-9.0,2.9,10.0,855,797,36.79,0
yuseong1_250218141732_1122,36.3674379,127.3672516,대전광역시 유성구 구성동 464,2025,2,18,14,1,winter,0,1,1,1,0.0,2025-02-18,1,0,0,1238,-0.9,1434,2.67,-9.0,1200,-9.0,-9.0,-9.0,1.8,10.1,902,1002,35.33,0
yuseong1_250218141759_1274,36.3660647,127.3650315,대전광역시 유성구 구성동 464,2025,2,18,14,1,winter,0,2,2,2,0.0,2025-02-18,1,0,0,1238,-0.9,1434,2.67,-9.0,1200,-9.0,-9.0,-9.0,1.8,10.1,902,1001,34.81,0
yuseong1_250219155334_0,36.2798812,127.256012,대전광역시 유성구 송정동 334-1,2025,2,19,15,2,winter,0,1,1,1,0.0,2025-02-19,1,0,0,1534,-1.6,1409,2.71,-9.0,1200,-9.0,-9.0,-9.0,1.5,10.1,2345,938,29.35,0
yuseong1_250219155555_0,36.2858963,127.2607678,대전광역시 유성구 송정동 195-2,2025,2,19,15,2,winter,0,1,1,1,0.0,2025-02-19,1,0,0,1534,-1.6,1409,2.71,-9.0,1200,-9.0,-9.0,-9.0,1.5,10.1,2345,667,22.03,0
yuseong1_250219155746_0,36.2877553,127.2650484,대전광역시 유성구 송정동 150-1,2025,2,19,15,2,winter,0,1,1,1,0.0,2025-02-19,1,0,0,1534,-1.6,1409,2.71,-9.0,1200,-9.0,-9.0,-9.0,1.5,10.1,2345,968,6.61,0
yuseong1_250219160402_0,36.3108119,127.264629,대전광역시 유성구 세동 산 75-1,2025,2,19,16,2,winter,0,1,1,1,0.0,2025-02-19,1,0,0,1534,-1.6,1409,2.71,-9.0,1200,-9.0,-9.0,-9.0,1.5,10.1,2345,1005,15.22,0
yuseong1_250221095502_0,36.3688226,127.3073111,대전광역시 유성구 노은동 산 24-139,2025,2,21,9,4,winter,1,1,1,1,0.0,2025-02-21,1,0,0,1519,-1.5,1452,2.75,-9.0,1200,0.4,-9.0,-9.0,1.5,10.1,836,662,33.75,0
yuseong1_250221140321_0,36.4116995,127.3776491,대전광역시 유성구 화암동 156-8,2025,2,21,14,4,winter,0,1,1,1,0.0,2025-02-21,1,0,0,1519,-1.5,1452,2.75,-9.0,1200,0.4,-9.0,-9.0,1.5,10.1,836,331,31.55,0
yuseong1_250224143428_15517,36.4057152,127.3680603,대전광역시 유성구 방현동 350,2025,2,24,14,0,winter,0,1,1,1,0.0,2025-02-24,1,0,0,1413,-0.7,1434,2.82,-9.0,1200,-9.0,-9.0,-9.0,1.4,10.3,926,631,23.22,0
yuseong1_250224143512_0,36.4013992,127.3624886,대전광역시 유성구 장동 241-5,2025,2,24,14,0,winter,0,1,1,1,0.0,2025-02-24,1,0,0,1413,-0.7,1434,2.82,-9.0,1200,-9.0,-9.0,-9.0,1.4,10.3,926,1088,25.51,0
yuseong1_250224144720_1513,36.3722099,127.32074,대전광역시 유성구 지족동 976,2025,2,24,14,0,winter,0,1,1,1,0.0,2025-02-24,1,0,0,1413,-0.7,1434,2.82,-9.0,1200,-9.0,-9.0,-9.0,1.4,10.3,926,340,39.03,0
yuseong1_250224145504_0,36.3722701,127.3192955,대전광역시 유성구 지족동 976,2025,2,24,14,0,winter,0,2,2,2,0.0,2025-02-24,1,0,0,1413,-0.7,1434,2.82,-9.0,1200,-9.0,-9.0,-9.0,1.4,10.3,926,913,8.7,0
