DTCT_UID,DTCT_PD,PLC_LTTD,PLC_LGTD,ROAD_INFO,YEAR,MONTH,DAY,HOUR,WEEKDAY,SEASON,COMMUTE
gnsoft1_250714084125_11277,2025-07-14 08:41:25,36.3466608,127.3538384,대전광역시 서구 월평동 114-4,2025,7,14,8,0,summer,1
gnsoft1_251106093349_24,2025-11-06 09:33:49,36.3909767,127.4079064,대전광역시 유성구 문지동 661-3,2025,11,6,9,3,autumn,1
gnsoft1_251106093431_32,2025-11-06 09:34:31,36.3908773,127.4079252,대전광역시 유성구 문지동 661-3,2025,11,6,9,3,autumn,1
gnsoft1_251106194824_90,2025-11-06 19:48:24,36.3507156,127.3681034,대전광역시 서구 갈마동 690,2025,11,6,19,3,autumn,1
gnsoft2_250712155250_39377,2025-07-12 15:52:51,36.348692,127.3357675,대전광역시 유성구 상대동 556,2025,7,12,15,5,summer,0
gnsoft2_251025113907_2278,2025-10-25 11:39:08,36.3373946,127.412706,대전광역시 중구 중촌동 18-6,2025,10,25,11,5,autumn,0
gnsoft2_251025120737_5711,2025-10-25 12:07:37,36.3435552,127.4072009,대전광역시 중구 중촌동 266-11,2025,10,25,12,5,autumn,0
gnsoft2_251025152634_29407,2025-10-25 15:26:34,36.3306109,127.3707739,대전광역시 서구 변동 254-478,2025,10,25,15,5,autumn,0
gnsoft2_251025152854_31405,2025-10-25 15:28:54,36.3272046,127.3720301,대전광역시 서구 도마동 487,2025,10,25,15,5,autumn,0
gnsoft2_251025154231_41760,2025-10-25 15:42:31,36.322233,127.4120654,대전광역시 중구 오류동 195,2025,10,25,15,5,autumn,0
gnsoft2_251025154307_42498,2025-10-25 15:43:07,36.3208279,127.4144762,대전광역시 중구 문화동 1-18,2025,10,25,15,5,autumn,0
gnsoft2_251025154714_44822,2025-10-25 15:47:14,36.3179165,127.4230444,대전광역시 중구 대사동 227,2025,10,25,15,5,autumn,0
gnsoft2_251026092802_60084,2025-10-26 09:28:02,36.3518013,127.3485119,대전광역시 유성구 봉명동 1058,2025,10,26,9,6,autumn,1
gnsoft2_251026110443_66797,2025-10-26 11:04:43,36.348054,127.3309326,대전광역시 유성구 상대동 556,2025,10,26,11,6,autumn,0
gnsoft2_251026110557_67708,2025-10-26 11:05:58,36.3407266,127.3324674,대전광역시 유성구 상대동 490,2025,10,26,11,6,autumn,0
gnsoft2_251026114020_94435,2025-10-26 11:40:21,36.3341402,127.4191144,대전광역시 중구 선화동 260-1,2025,10,26,11,6,autumn,0
gnsoft2_251026114614_96386,2025-10-26 11:46:15,36.3356861,127.4245063,대전광역시 동구 삼성동 280-1,2025,10,26,11,6,autumn,0
gnsoft2_251027081628_113225,2025-10-27 08:16:29,36.3397152,127.4208375,대전광역시 동구 삼성동 470,2025,10,27,8,0,autumn,1
gnsoft2_251027082643_118420,2025-10-27 08:26:44,36.3539246,127.4175106,대전광역시 대덕구 오정동 728,2025,10,27,8,0,autumn,1
gnsoft2_251027082710_118674,2025-10-27 08:27:10,36.3552877,127.4167865,대전광역시 대덕구 오정동 728,2025,10,27,8,0,autumn,1
gnsoft2_251027083635_3214,2025-10-27 08:36:36,36.3764068,127.4130906,대전광역시 대덕구 읍내동 509-9,2025,10,27,8,0,autumn,1
gnsoft2_251027083850_4087,2025-10-27 08:38:51,36.3779836,127.4105801,대전광역시 대덕구 읍내동 505-3,2025,10,27,8,0,autumn,1
gnsoft2_251027192113_7673,2025-10-27 19:21:13,36.3738537,127.4157698,대전광역시 대덕구 대화동 63-36,2025,10,27,19,0,autumn,1
gnsoft2_251027192735_9208,2025-10-27 19:27:35,36.3522103,127.418508,대전광역시 대덕구 오정동 728,2025,10,27,19,0,autumn,1
gnsoft2_251027192816_9432,2025-10-27 19:28:16,36.3504958,127.4194766,대전광역시 대덕구 오정동 735,2025,10,27,19,0,autumn,1
gnsoft2_251027192923_9820,2025-10-27 19:29:23,36.3449683,127.4244314,대전광역시 동구 홍도동 18-9,2025,10,27,19,0,autumn,1
gnsoft2_251027192952_9990,2025-10-27 19:29:52,36.3427847,127.427138,대전광역시 동구 성남동 226-3,2025,10,27,19,0,autumn,1
gnsoft2_251027193439_11348,2025-10-27 19:34:39,36.3351048,127.4223875,대전광역시 중구 선화동 260-1,2025,10,27,19,0,autumn,1
gnsoft2_251027193632_11961,2025-10-27 19:36:32,36.336046,127.4206062,대전광역시 중구 선화동 920,2025,10,27,19,0,autumn,1
gnsoft2_251028090443_18020,2025-10-28 09:04:43,36.335027,127.4502945,대전광역시 동구 자양동 333,2025,10,28,9,1,autumn,1
gnsoft2_251028164501_1132,2025-10-28 16:45:01,36.330872,127.4607762,대전광역시 동구 용운동 180-13,2025,10,28,16,1,autumn,0
gnsoft2_251028164957_4161,2025-10-28 16:49:58,36.3292816,127.4431608,대전광역시 동구 대동 138-56,2025,10,28,16,1,autumn,0
gnsoft2_251029083559_14514,2025-10-29 08:35:59,36.3541996,127.4173074,대전광역시 대덕구 오정동 729,2025,10,29,8,2,autumn,1
gnsoft2_251029084604_19962,2025-10-29 08:46:05,36.3749149,127.4153833,대전광역시 대덕구 읍내동 543-1,2025,10,29,8,2,autumn,1
gnsoft2_251029085242_24023,2025-10-29 08:52:43,36.3900312,127.4059176,대전광역시 유성구 문지동 667,2025,10,29,8,2,autumn,1
gnsoft2_251029233317_344,2025-10-29 23:33:17,36.3915497,127.4077584,대전광역시 유성구 문지동 659-2,2025,10,29,23,2,autumn,0
gnsoft2_251029234638_3065,2025-10-29 23:46:39,36.3363644,127.4204777,대전광역시 중구 선화동 920,2025,10,29,23,2,autumn,0
gnsoft2_251029234639_3061,2025-10-29 23:46:40,36.3363323,127.4207102,대전광역시 중구 선화동 920,2025,10,29,23,2,autumn,0
gnsoft2_251029234748_3665,2025-10-29 23:47:49,36.3356762,127.4208805,대전광역시 중구 선화동 920,2025,10,29,23,2,autumn,0
gnsoft2_251030084638_11975,2025-10-30 08:46:38,36.3554831,127.4167441,대전광역시 대덕구 오정동 108-26,2025,10,30,8,3,autumn,1
gnsoft2_251030085336_15628,2025-10-30 08:53:37,36.3753531,127.4149498,대전광역시 ,2025,10,30,8,3,autumn,1
gnsoft2_251030085615_17160,2025-10-30 08:56:15,36.3756518,127.4147962,대전광역시 대덕구 읍내동 543-1,2025,10,30,8,3,autumn,1
gnsoft2_251030195105_23320,2025-10-30 19:51:06,36.3790994,127.4089072,대전광역시 유성구 원촌동 269-10,2025,10,30,19,3,autumn,1
gnsoft2_251030195227_23479,2025-10-30 19:52:27,36.3774491,127.4110319,대전광역시 대덕구 읍내동 543-37,2025,10,30,19,3,autumn,1
gnsoft2_251030195405_23661,2025-10-30 19:54:06,36.3759142,127.4142828,대전광역시 대덕구 대화동 568-39,2025,10,30,19,3,autumn,1
gnsoft2_251030195432_23769,2025-10-30 19:54:33,36.3732084,127.4160932,대전광역시 대덕구 읍내동 450-6,2025,10,30,19,3,autumn,1
gnsoft2_251030195515_23905,2025-10-30 19:55:16,36.3709049,127.4181151,대전광역시 대덕구 대화동 1-29,2025,10,30,19,3,autumn,1
gnsoft2_251030200617_27453,2025-10-30 20:06:17,36.3356942,127.421067,대전광역시 중구 선화동 920,2025,10,30,20,3,autumn,0
gnsoft2_251031082432_30831,2025-10-31 08:24:33,36.3364002,127.4199303,대전광역시 중구 선화동 903,2025,10,31,8,4,autumn,1
gnsoft2_251031083223_35872,2025-10-31 08:32:24,36.3507797,127.4193395,대전광역시 대덕구 오정동 735,2025,10,31,8,4,autumn,1
gnsoft2_251031083345_36955,2025-10-31 08:33:45,36.3559585,127.4164607,대전광역시 대덕구 오정동 728,2025,10,31,8,4,autumn,1
gnsoft2_251031182858_0,2025-10-31 18:28:59,36.391109,127.4073666,대전광역시 유성구 문지동 676,2025,10,31,18,4,autumn,1
gnsoft2_251031190953_0,2025-10-31 19:09:53,36.3591114,127.4170711,대전광역시 대덕구 오정동 39-2,2025,10,31,19,4,autumn,1
gnsoft2_251031191155_0,2025-10-31 19:11:55,36.3485754,127.4211426,대전광역시 대덕구 오정동 748-1,2025,10,31,19,4,autumn,1
gnsoft2_251102085849_59026,2025-11-02 08:58:49,36.3432865,127.4121352,대전광역시 중구 중촌동 127,2025,11,2,8,6,autumn,1
gnsoft2_251102085900_59140,2025-11-02 08:59:01,36.345209,127.4114883,대전광역시 중구 중촌동 413-19,2025,11,2,8,6,autumn,1
gnsoft2_251102085924_59398,2025-11-02 08:59:24,36.3460354,127.4108023,대전광역시 중구 중촌동 413-99,2025,11,2,8,6,autumn,1
gnsoft2_251102090550_0,2025-11-02 09:05:51,36.3616012,127.3631847,대전광역시 서구 월평동 1517,2025,11,2,9,6,autumn,1
gnsoft2_251102091207_69250,2025-11-02 09:12:07,36.3488224,127.3359519,대전광역시 유성구 구암동 639,2025,11,2,9,6,autumn,1
gnsoft2_251102112229_73101,2025-11-02 11:22:29,36.3486934,127.3369186,대전광역시 유성구 상대동 556,2025,11,2,11,6,autumn,0
gnsoft2_251102113127_79568,2025-11-02 11:31:27,36.3564951,127.3106959,대전광역시 유성구 구암동 495-3,2025,11,2,11,6,autumn,0
gnsoft2_251102113507_83690,2025-11-02 11:35:07,36.3608903,127.3075027,대전광역시 유성구 구암동 686,2025,11,2,11,6,autumn,0
gnsoft2_251102113624_84273,2025-11-02 11:36:25,36.3602316,127.3076301,대전광역시 유성구 구암동 686,2025,11,2,11,6,autumn,0
gnsoft2_251102122635_84519,2025-11-02 12:26:36,36.3605615,127.3069709,대전광역시 유성구 구암동 661-1,2025,11,2,12,6,autumn,0
gnsoft2_251102123306_88426,2025-11-02 12:33:06,36.3667681,127.3300976,대전광역시 유성구 장대동 116-10,2025,11,2,12,6,autumn,0
gnsoft2_251102123621_89956,2025-11-02 12:36:22,36.3644767,127.3376013,대전광역시 유성구 장대동 321,2025,11,2,12,6,autumn,0
gnsoft2_251102124115_92785,2025-11-02 12:41:16,36.3647732,127.370039,대전광역시 서구 월평동 1501,2025,11,2,12,6,autumn,0
gnsoft2_251102124543_95176,2025-11-02 12:45:43,36.362788,127.3945704,대전광역시 서구 둔산동 1514,2025,11,2,12,6,autumn,0
gnsoft2_251102124546_95219,2025-11-02 12:45:46,36.3615,127.3958399,대전광역시 서구 둔산동 1514,2025,11,2,12,6,autumn,0
gnsoft2_251102163121_107053,2025-11-02 16:31:22,36.3273649,127.426615,대전광역시 중구 대흥동 630,2025,11,2,16,6,autumn,0
gnsoft2_251102163314_108167,2025-11-02 16:33:14,36.3256987,127.4276414,대전광역시 중구 대흥동 630,2025,11,2,16,6,autumn,0
gnsoft2_251102163422_108655,2025-11-02 16:34:23,36.3245678,127.4282075,대전광역시 중구 대흥동 630,2025,11,2,16,6,autumn,0
gnsoft2_251102164038_112517,2025-11-02 16:40:38,36.3151919,127.4247272,대전광역시 중구 대사동 644-20,2025,11,2,16,6,autumn,0
gnsoft2_251103081758_125788,2025-11-03 08:17:58,36.3409507,127.4217521,대전광역시 동구 삼성동 363-13,2025,11,3,8,0,autumn,1
gnsoft2_251103082132_127573,2025-11-03 08:21:32,36.3433953,127.422416,대전광역시 동구 삼성동 458,2025,11,3,8,0,autumn,1
gnsoft2_251103082220_128038,2025-11-03 08:22:20,36.3454451,127.4217945,대전광역시 동구 홍도동 138-24,2025,11,3,8,0,autumn,1
gnsoft2_251103082427_129056,2025-11-03 08:24:28,36.3493163,127.4207218,대전광역시 대덕구 오정동 249-1,2025,11,3,8,0,autumn,1
gnsoft2_251103082438_129105,2025-11-03 08:24:38,36.3499012,127.4201528,대전광역시 대덕구 오정동 748-1,2025,11,3,8,0,autumn,1
gnsoft2_251103084145_136647,2025-11-03 08:41:46,36.3777406,127.4109035,대전광역시 대덕구 읍내동 505-36,2025,11,3,8,0,autumn,1
gnsoft2_251103105354_140598,2025-11-03 10:53:54,36.3899677,127.4051266,대전광역시 유성구 문지동 667,2025,11,3,10,0,autumn,0
gnsoft2_251103105545_141410,2025-11-03 10:55:45,36.3808954,127.4065132,대전광역시 유성구 원촌동 90,2025,11,3,10,0,autumn,0
gnsoft2_251103110435_0,2025-11-03 11:04:36,36.358903,127.4155229,대전광역시 대덕구 오정동 707,2025,11,3,11,0,autumn,0
gnsoft2_251103132001_175664,2025-11-03 13:20:02,36.3688186,127.4202103,대전광역시 대덕구 읍내동 463-2,2025,11,3,13,0,autumn,0
gnsoft2_251103132802_180317,2025-11-03 13:28:02,36.3906276,127.4069502,대전광역시 유성구 문지동 668,2025,11,3,13,0,autumn,0
gnsoft2_251103182553_511,2025-11-03 18:25:53,36.3910584,127.4069291,대전광역시 유성구 문지동 668,2025,11,3,18,0,autumn,1
gnsoft2_251103183815_2519,2025-11-03 18:38:16,36.3793692,127.4084746,대전광역시 유성구 원촌동 45-12,2025,11,3,18,0,autumn,1
gnsoft2_251103184447_3689,2025-11-03 18:44:48,36.3759021,127.414396,대전광역시 대덕구 대화동 568-39,2025,11,3,18,0,autumn,1
gnsoft2_251103184518_3880,2025-11-03 18:45:19,36.37355,127.4158963,대전광역시 대덕구 대화동 63-36,2025,11,3,18,0,autumn,1
gnsoft2_251103184547_3993,2025-11-03 18:45:47,36.3724587,127.4165696,대전광역시 대덕구 대화동 568-6,2025,11,3,18,0,autumn,1
gnsoft2_251103184605_4031,2025-11-03 18:46:05,36.3704213,127.4186986,대전광역시 대덕구 대화동 568-16,2025,11,3,18,0,autumn,1
gnsoft2_251103185203_5685,2025-11-03 18:52:04,36.3582915,127.4167405,대전광역시 대덕구 오정동 728,2025,11,3,18,0,autumn,1
gnsoft2_251103190415_9477,2025-11-03 19:04:16,36.3356631,127.4211188,대전광역시 중구 선화동 920,2025,11,3,19,0,autumn,1
gnsoft2_251104074151_11708,2025-11-04 07:41:52,36.3361112,127.4200096,대전광역시 중구 선화동 920,2025,11,4,7,1,autumn,0
gnsoft2_251104074806_16060,2025-11-04 07:48:07,36.3452078,127.4199482,대전광역시 대덕구 오정동 753,2025,11,4,7,1,autumn,0
gnsoft2_251104074936_17038,2025-11-04 07:49:36,36.3487274,127.4196831,대전광역시 대덕구 오정동 735,2025,11,4,7,1,autumn,0
gnsoft2_251104074937_17058,2025-11-04 07:49:38,36.3497625,127.4197337,대전광역시 대덕구 오정동 254-1,2025,11,4,7,1,autumn,0
gnsoft2_251104075016_17516,2025-11-04 07:50:16,36.3503587,127.4195061,대전광역시 대덕구 오정동 735,2025,11,4,7,1,autumn,0
gnsoft2_251104075143_18707,2025-11-04 07:51:43,36.3555067,127.4165931,대전광역시 대덕구 오정동 686-5,2025,11,4,7,1,autumn,0
gnsoft2_251104075220_19414,2025-11-04 07:52:20,36.3583592,127.4168059,대전광역시 대덕구 오정동 728,2025,11,4,7,1,autumn,0
gnsoft2_251104201001_28945,2025-11-04 20:10:01,36.3911181,127.4067368,대전광역시 유성구 문지동 675,2025,11,4,20,1,autumn,0
gnsoft2_251104201023_29140,2025-11-04 20:10:23,36.3902114,127.4066724,대전광역시 유성구 문지동 667,2025,11,4,20,1,autumn,0
gnsoft2_251104202248_32338,2025-11-04 20:22:49,36.3461296,127.4104474,대전광역시 중구 중촌동 166-3,2025,11,4,20,1,autumn,0
gnsoft2_251104202704_33875,2025-11-04 20:27:05,36.3351279,127.4178133,대전광역시 중구 선화동 260-1,2025,11,4,20,1,autumn,0
gnsoft2_251105082308_39610,2025-11-05 08:23:08,36.3407658,127.4214702,대전광역시 동구 삼성동 363-6,2025,11,5,8,2,autumn,1
gnsoft2_251105083454_47865,2025-11-05 08:34:55,36.3692116,127.4199592,대전광역시 대덕구 읍내동 543-13,2025,11,5,8,2,autumn,1
gnsoft2_251105083800_48878,2025-11-05 08:38:00,36.3750144,127.4152757,대전광역시 대덕구 읍내동 543-1,2025,11,5,8,2,autumn,1
gnsoft2_251105084759_55428,2025-11-05 08:48:00,36.3900954,127.4067678,대전광역시 유성구 문지동 667,2025,11,5,8,2,autumn,1
gnsoft2_251105114503_65381,2025-11-05 11:45:04,36.3362592,127.4206504,대전광역시 중구 선화동 920,2025,11,5,11,2,autumn,0
gnsoft2_251105123927_66871,2025-11-05 12:39:27,36.3370087,127.4206364,대전광역시 중구 선화동 260-1,2025,11,5,12,2,autumn,0
gnsoft2_251105124326_70959,2025-11-05 12:43:27,36.3461958,127.4186087,대전광역시 대덕구 오정동 753,2025,11,5,12,2,autumn,0
gnsoft2_251105124334_71091,2025-11-05 12:43:34,36.3466278,127.418671,대전광역시 대덕구 오정동 735,2025,11,5,12,2,autumn,0
gnsoft2_251105125808_81502,2025-11-05 12:58:08,36.3904508,127.406893,대전광역시 유성구 문지동 668,2025,11,5,12,2,autumn,0
gnsoft2_251105190902_87206,2025-11-05 19:09:02,36.3514335,127.4017051,대전광역시 서구 둔산동 2168,2025,11,5,19,2,autumn,1
gnsoft2_251106081917_91672,2025-11-06 08:19:17,36.3356756,127.4208808,대전광역시 중구 선화동 920,2025,11,6,8,3,autumn,1
gnsoft2_251106082426_94560,2025-11-06 08:24:27,36.3416442,127.4226485,대전광역시 동구 삼성동 480-1,2025,11,6,8,3,autumn,1
gnsoft2_251106082606_95279,2025-11-06 08:26:06,36.3429115,127.4229774,대전광역시 동구 삼성동 458,2025,11,6,8,3,autumn,1
gnsoft2_251106083413_101752,2025-11-06 08:34:14,36.3686463,127.4201827,대전광역시 대덕구 대화동 561-4,2025,11,6,8,3,autumn,1
gnsoft2_251106083443_102133,2025-11-06 08:34:43,36.3696215,127.4195437,대전광역시 대덕구 대화동 1-29,2025,11,6,8,3,autumn,1
gnsoft2_251106083535_102460,2025-11-06 08:35:36,36.3712935,127.4177931,대전광역시 대덕구 대화동 568-16,2025,11,6,8,3,autumn,1
gnsoft2_251107083240_12103,2025-11-07 08:32:40,36.3450895,127.4213258,대전광역시 동구 홍도동 138-8,2025,11,7,8,4,autumn,1
gnsoft2_251107083311_12770,2025-11-07 08:33:11,36.3466743,127.4213711,대전광역시 동구 홍도동 862,2025,11,7,8,4,autumn,1
gnsoft2_251107083439_13740,2025-11-07 08:34:40,36.3503058,127.4197359,대전광역시 대덕구 오정동 236-7,2025,11,7,8,4,autumn,1
gnsoft2_251107084210_20031,2025-11-07 08:42:10,36.3745744,127.415464,대전광역시 대덕구 대화동 90-1,2025,11,7,8,4,autumn,1
gnsoft2_251107084306_20209,2025-11-07 08:43:07,36.3750882,127.415191,대전광역시 대덕구 읍내동 543-1,2025,11,7,8,4,autumn,1
gnsoft2_251108100754_51075,2025-11-08 10:07:54,36.3311843,127.3888612,대전광역시 서구 가장동 190,2025,11,8,10,5,autumn,0
gnsoft2_251108101545_0,2025-11-08 10:15:46,36.3226214,127.4136711,대전광역시 중구 문화동 1-18,2025,11,8,10,5,autumn,0
gnsoft2_251108101554_57108,2025-11-08 10:15:54,36.3224081,127.415559,대전광역시 중구 문화동 1-9,2025,11,8,10,5,autumn,0
gnsoft2_251108104805_57486,2025-11-08 10:48:05,36.3222974,127.4155885,대전광역시 중구 문화동 1-9,2025,11,8,10,5,autumn,0
gnsoft2_251108104844_58023,2025-11-08 10:48:44,36.322801,127.4155273,대전광역시 중구 문화동 1-18,2025,11,8,10,5,autumn,0
gnsoft2_251108105304_61741,2025-11-08 10:53:05,36.3332696,127.4194692,대전광역시 중구 선화동 260-1,2025,11,8,10,5,autumn,0
gnsoft2_251108122658_74793,2025-11-08 12:26:58,36.3527458,127.4104689,대전광역시 대덕구 오정동 726,2025,11,8,12,5,autumn,0
gnsoft2_251108122920_77814,2025-11-08 12:29:20,36.357706,127.4017326,대전광역시 서구 둔산동 1556,2025,11,8,12,5,autumn,0
gnsoft2_251108145432_92918,2025-11-08 14:54:32,36.3384979,127.4203774,대전광역시 동구 성남동 491-2,2025,11,8,14,5,autumn,0
gnsoft2_251108150035_98641,2025-11-08 15:00:36,36.3211434,127.4149509,대전광역시 중구 문화동 1-14,2025,11,8,15,5,autumn,0
gnsoft2_251108150225_101068,2025-11-08 15:02:25,36.3227626,127.4146683,대전광역시 중구 문화동 1-18,2025,11,8,15,5,autumn,0
gnsoft2_251108150826_105799,2025-11-08 15:08:26,36.3357601,127.4210928,대전광역시 중구 선화동 920,2025,11,8,15,5,autumn,0
gnsoft2_251109113025_111923,2025-11-09 11:30:25,36.3274715,127.432361,대전광역시 동구 원동 85-1,2025,11,9,11,6,autumn,0
gnsoft2_251109120803_112525,2025-11-09 12:08:04,36.3278166,127.4325978,대전광역시 동구 원동 60-5,2025,11,9,12,6,autumn,0
gnsoft2_251109121501_117588,2025-11-09 12:15:02,36.3149843,127.4404402,대전광역시 동구 효동 295-1,2025,11,9,12,6,autumn,0
gnsoft2_251109121508_117763,2025-11-09 12:15:09,36.3129728,127.4412242,대전광역시 동구 효동 122-5,2025,11,9,12,6,autumn,0
gnsoft2_251109122446_122082,2025-11-09 12:24:46,36.3095026,127.4428196,대전광역시 중구 석교동 102-7,2025,11,9,12,6,autumn,0
gnsoft2_251109122532_123198,2025-11-09 12:25:33,36.3077246,127.4456947,대전광역시 중구 석교동 102-7,2025,11,9,12,6,autumn,0
gnsoft2_251109122646_123431,2025-11-09 12:26:46,36.3068883,127.4473145,대전광역시 중구 석교동 102-7,2025,11,9,12,6,autumn,0
gnsoft2_251109122707_123843,2025-11-09 12:27:08,36.3064128,127.4478316,대전광역시 중구 석교동 102-7,2025,11,9,12,6,autumn,0
gnsoft2_251109122721_124213,2025-11-09 12:27:22,36.3050043,127.4491891,대전광역시 중구 호동 27-1,2025,11,9,12,6,autumn,0
gnsoft2_251109122742_124861,2025-11-09 12:27:42,36.3039875,127.4500923,대전광역시 중구 호동 27-1,2025,11,9,12,6,autumn,0
gnsoft2_251109122805_125463,2025-11-09 12:28:06,36.3011992,127.4524596,대전광역시 중구 옥계동 51-1,2025,11,9,12,6,autumn,0
gnsoft2_251109122848_127227,2025-11-09 12:28:48,36.2963949,127.4586255,대전광역시 동구 대성동 167-9,2025,11,9,12,6,autumn,0
gnsoft2_251109122901_127515,2025-11-09 12:29:02,36.2941719,127.4613222,대전광역시 동구 대성동 205-5,2025,11,9,12,6,autumn,0
gnsoft2_251109122917_127757,2025-11-09 12:29:18,36.2935642,127.4617014,대전광역시 동구 대성동 208-9,2025,11,9,12,6,autumn,0
gnsoft2_251109122933_128001,2025-11-09 12:29:33,36.2909231,127.462813,대전광역시 동구 대성동 396,2025,11,9,12,6,autumn,0
gnsoft2_251109145200_129495,2025-11-09 14:52:00,36.2900828,127.4629399,대전광역시 동구 대성동 285-3,2025,11,9,14,6,autumn,0
gnsoft2_251109145236_130276,2025-11-09 14:52:37,36.291759,127.4626353,대전광역시 동구 대성동 396,2025,11,9,14,6,autumn,0
gnsoft2_251109145334_131344,2025-11-09 14:53:34,36.2969708,127.4569718,대전광역시 중구 옥계동 194-6,2025,11,9,14,6,autumn,0
gnsoft2_251109145435_132500,2025-11-09 14:54:36,36.3026786,127.4512548,대전광역시 중구 옥계동 51-1,2025,11,9,14,6,autumn,0
gnsoft2_251109145454_132805,2025-11-09 14:54:55,36.3039796,127.4501974,대전광역시 중구 호동 27-1,2025,11,9,14,6,autumn,0
gnsoft2_251109145942_135979,2025-11-09 14:59:43,36.3125727,127.441671,대전광역시 동구 천동 117-2,2025,11,9,14,6,autumn,0
gnsoft2_251109150000_136316,2025-11-09 15:00:01,36.3142277,127.4407682,대전광역시 동구 효동 127-3,2025,11,9,15,6,autumn,0
gnsoft2_251109150301_137978,2025-11-09 15:03:01,36.3209356,127.4382735,대전광역시 동구 인동 352,2025,11,9,15,6,autumn,0
gnsoft2_251109150321_138187,2025-11-09 15:03:22,36.3223745,127.437511,대전광역시 동구 인동 352,2025,11,9,15,6,autumn,0
gnsoft2_251109150410_138622,2025-11-09 15:04:11,36.3253299,127.4359647,대전광역시 동구 원동 406-2,2025,11,9,15,6,autumn,0
gnsoft2_251109151612_143216,2025-11-09 15:16:13,36.3363796,127.4203562,대전광역시 중구 선화동 920,2025,11,9,15,6,autumn,0
gnsoft2_251109213301_147736,2025-11-09 21:33:01,36.3389582,127.4122357,대전광역시 중구 중촌동 466,2025,11,9,21,6,autumn,0
gnsoft2_251109213514_148482,2025-11-09 21:35:15,36.3366077,127.4203308,대전광역시 중구 선화동 260-1,2025,11,9,21,6,autumn,0
gnsoft2_251109213528_148617,2025-11-09 21:35:28,36.336305,127.4204598,대전광역시 중구 선화동 920,2025,11,9,21,6,autumn,0
gnsoft2_251110082715_154234,2025-11-10 08:27:16,36.3443209,127.4210778,대전광역시 동구 삼성동 458,2025,11,10,8,0,autumn,1
gnsoft2_251110082717_154301,2025-11-10 08:27:18,36.3453984,127.4217315,대전광역시 동구 홍도동 138-25,2025,11,10,8,0,autumn,1
gnsoft2_251110082930_155298,2025-11-10 08:29:30,36.3495989,127.420431,대전광역시 대덕구 오정동 677-9,2025,11,10,8,0,autumn,1
gnsoft2_251110083014_155640,2025-11-10 08:30:15,36.3508296,127.4192625,대전광역시 대덕구 오정동 735,2025,11,10,8,0,autumn,1
gnsoft2_251110083201_156735,2025-11-10 08:32:02,36.3549396,127.416977,대전광역시 대덕구 오정동 728,2025,11,10,8,0,autumn,1
gnsoft2_251110083815_160638,2025-11-10 08:38:15,36.3745633,127.415359,대전광역시 대덕구 대화동 63-36,2025,11,10,8,0,autumn,1
gnsoft2_251110181347_167097,2025-11-10 18:13:47,36.3907357,127.40799,대전광역시 유성구 문지동 661-3,2025,11,10,18,0,autumn,1
gnsoft2_251110181431_167246,2025-11-10 18:14:32,36.3901487,127.4067646,대전광역시 유성구 문지동 667,2025,11,10,18,0,autumn,1
gnsoft2_251110181621_167844,2025-11-10 18:16:21,36.3894595,127.4049562,대전광역시 유성구 문지동 105-6,2025,11,10,18,0,autumn,1
gnsoft2_251110181741_168258,2025-11-10 18:17:42,36.3865983,127.4050545,대전광역시 유성구 원촌동 141-2,2025,11,10,18,0,autumn,1
gnsoft2_251110181948_168640,2025-11-10 18:19:48,36.3841401,127.4054674,대전광역시 유성구 원촌동 135-2,2025,11,10,18,0,autumn,1
gnsoft2_251110182015_168737,2025-11-10 18:20:16,36.3821217,127.406116,대전광역시 유성구 원촌동 90,2025,11,10,18,0,autumn,1
gnsoft2_251110182044_168759,2025-11-10 18:20:45,36.3818829,127.4062027,대전광역시 유성구 원촌동 90,2025,11,10,18,0,autumn,1
gnsoft2_251110182257_169736,2025-11-10 18:22:57,36.3805107,127.4066234,대전광역시 유성구 원촌동 90,2025,11,10,18,0,autumn,1
gnsoft2_251110182900_170538,2025-11-10 18:29:01,36.3792879,127.4086323,대전광역시 유성구 원촌동 269-10,2025,11,10,18,0,autumn,1
gnsoft2_251110183206_170769,2025-11-10 18:32:06,36.3789239,127.4091388,대전광역시 유성구 원촌동 266,2025,11,10,18,0,autumn,1
gnsoft2_251110183656_171417,2025-11-10 18:36:56,36.3764047,127.4128279,대전광역시 대덕구 읍내동 509-9,2025,11,10,18,0,autumn,1
gnsoft2_251110183856_171583,2025-11-10 18:38:56,36.3754327,127.4148294,대전광역시 대덕구 대화동 568-33,2025,11,10,18,0,autumn,1
gnsoft2_251110183927_171692,2025-11-10 18:39:28,36.3743077,127.4154939,대전광역시 대덕구 대화동 63-36,2025,11,10,18,0,autumn,1
gnsoft2_251110183944_0,2025-11-10 18:39:44,36.3732325,127.4160299,대전광역시 대덕구 읍내동 450-6,2025,11,10,18,0,autumn,1
gnsoft2_251110183958_171821,2025-11-10 18:39:58,36.3722483,127.4167235,대전광역시 대덕구 대화동 568-6,2025,11,10,18,0,autumn,1
gnsoft2_251110184013_0,2025-11-10 18:40:14,36.3716016,127.4173741,대전광역시 대덕구 대화동 1-9,2025,11,10,18,0,autumn,1
gnsoft2_251110184722_173433,2025-11-10 18:47:22,36.3560556,127.4163432,대전광역시 대덕구 오정동 404-10,2025,11,10,18,0,autumn,1
gnsoft2_251110184741_173551,2025-11-10 18:47:42,36.355713,127.4164732,대전광역시 대덕구 오정동 686-5,2025,11,10,18,0,autumn,1
gnsoft2_251110184757_173689,2025-11-10 18:47:57,36.353938,127.4174414,대전광역시 대덕구 오정동 429-24,2025,11,10,18,0,autumn,1
gnsoft2_251110184804_173768,2025-11-10 18:48:04,36.3531435,127.4179564,대전광역시 대덕구 오정동 728,2025,11,10,18,0,autumn,1
gnsoft2_251110184826_173915,2025-11-10 18:48:27,36.3511347,127.4190859,대전광역시 대덕구 오정동 445-9,2025,11,10,18,0,autumn,1
gnsoft2_251110184933_174265,2025-11-10 18:49:34,36.3475714,127.4219522,대전광역시 동구 홍도동 826-3,2025,11,10,18,0,autumn,1
gnsoft2_251110184955_174368,2025-11-10 18:49:55,36.3473155,127.4221547,대전광역시 동구 홍도동 826-3,2025,11,10,18,0,autumn,1
gnsoft2_251110185017_174513,2025-11-10 18:50:17,36.3455607,127.4239057,대전광역시 동구 홍도동 825-2,2025,11,10,18,0,autumn,1
gnsoft2_251110185032_174590,2025-11-10 18:50:32,36.3438065,127.425851,대전광역시 동구 홍도동 16-35,2025,11,10,18,0,autumn,1
gnsoft2_251110185048_174689,2025-11-10 18:50:49,36.3425761,127.427323,대전광역시 동구 성남동 226-3,2025,11,10,18,0,autumn,1
gnsoft2_251110185102_174752,2025-11-10 18:51:03,36.3413728,127.428438,대전광역시 동구 성남동 226-13,2025,11,10,18,0,autumn,1
gnsoft2_251110185119_0,2025-11-10 18:51:19,36.3407718,127.4289864,대전광역시 동구 삼성동 466-5,2025,11,10,18,0,autumn,1
gnsoft2_251110185404_176264,2025-11-10 18:54:04,36.3376525,127.4283474,대전광역시 동구 삼성동 457,2025,11,10,18,0,autumn,1
gnsoft2_251110185607_176984,2025-11-10 18:56:08,36.3356019,127.4212047,대전광역시 중구 선화동 920,2025,11,10,18,0,autumn,1
gnsoft2_251110185643_177394,2025-11-10 18:56:43,36.336046,127.4206062,대전광역시 중구 선화동 920,2025,11,10,18,0,autumn,1
gnsoft2_251111080851_178390,2025-11-11 08:08:52,36.3363379,127.4206062,대전광역시 중구 선화동 920,2025,11,11,8,1,autumn,1
gnsoft2_251111081012_179461,2025-11-11 08:10:13,36.3362745,127.4195667,대전광역시 중구 선화동 903,2025,11,11,8,1,autumn,1
gnsoft2_251111081353_181448,2025-11-11 08:13:54,36.3408705,127.4214937,대전광역시 동구 삼성동 458,2025,11,11,8,1,autumn,1
gnsoft2_251111081418_181767,2025-11-11 08:14:18,36.341373,127.4223252,대전광역시 동구 삼성동 480-1,2025,11,11,8,1,autumn,1
gnsoft2_251111081520_182009,2025-11-11 08:15:21,36.3424494,127.4236784,대전광역시 동구 삼성동 458,2025,11,11,8,1,autumn,1
gnsoft2_251111081623_182440,2025-11-11 08:16:23,36.3445329,127.4239053,대전광역시 동구 홍도동 17-1,2025,11,11,8,1,autumn,1
gnsoft2_251111082142_184990,2025-11-11 08:21:43,36.3535923,127.4177761,대전광역시 대덕구 오정동 687-1,2025,11,11,8,1,autumn,1
gnsoft2_251111082210_185234,2025-11-11 08:22:11,36.3554388,127.4166569,대전광역시 대덕구 오정동 728,2025,11,11,8,1,autumn,1
gnsoft2_251111082221_185302,2025-11-11 08:22:22,36.3563331,127.4163292,대전광역시 대덕구 오정동 728,2025,11,11,8,1,autumn,1
gnsoft2_251111082316_186073,2025-11-11 08:23:17,36.3588966,127.417027,대전광역시 대덕구 오정동 41-2,2025,11,11,8,1,autumn,1
gnsoft2_251111082339_186325,2025-11-11 08:23:39,36.3597618,127.4173442,대전광역시 대덕구 오정동 40-9,2025,11,11,8,1,autumn,1
gnsoft2_251111082724_188111,2025-11-11 08:27:25,36.3677811,127.417822,대전광역시 대덕구 대화동 16-333,2025,11,11,8,1,autumn,1
gnsoft2_251111082737_188303,2025-11-11 08:27:38,36.3677025,127.4153274,대전광역시 대덕구 대화동 37-9,2025,11,11,8,1,autumn,1
gnsoft2_251111082751_188445,2025-11-11 08:27:51,36.3680949,127.4139367,대전광역시 대덕구 대화동 38-39,2025,11,11,8,1,autumn,1
gnsoft2_251111083550_192308,2025-11-11 08:35:51,36.3778443,127.4108057,대전광역시 대덕구 읍내동 505-3,2025,11,11,8,1,autumn,1
RAD01_240119162357_441,2024-02-06 10:48:38,36.384627,127.3434593,대전광역시 유성구 신성동 산 26-12,2024,2,6,10,1,winter,0
RAD01_240119162610_0,2024-01-19 16:26:10,36.398713,127.3578639,대전광역시 유성구 장동 202-11,2024,1,19,16,4,winter,0
RAD01_240119162611_0,2024-01-19 16:26:11,36.3987826,127.3580054,대전광역시 유성구 장동 202-11,2024,1,19,16,4,winter,0
RAD01_240119163618_0,2024-01-19 16:36:18,36.4278992,127.387323,대전광역시 유성구 관평동 1286,2024,1,19,16,4,winter,0
RAD01_240119163629_608,2024-01-19 16:36:29,36.4277407,127.3877235,대전광역시 유성구 관평동 1286,2024,1,19,16,4,winter,0
RAD01_240119164934_756,2024-01-19 16:49:34,36.3947088,127.4063607,대전광역시 유성구 문지동 668,2024,1,19,16,4,winter,0
RAD01_240119164934_757,2024-01-19 16:49:34,36.3947088,127.4063607,대전광역시 유성구 문지동 668,2024,1,19,16,4,winter,0
RAD01_240123131440_0,2024-01-23 13:14:40,36.3947369,127.4064668,대전광역시 유성구 문지동 636-5,2024,1,23,13,1,winter,0
RAD01_240123131442_0,2024-01-23 13:14:42,36.3947396,127.4063573,대전광역시 유성구 문지동 636-5,2024,1,23,13,1,winter,0
RAD01_240123131531_778,2024-01-31 17:13:37,36.3947283,127.4064311,대전광역시 유성구 문지동 668,2024,1,31,17,2,winter,0
RAD01_240213153936_834,2024-02-13 15:39:36,36.3585467,127.3395623,대전광역시 유성구 장대동 373,2024,2,13,15,1,winter,0
RAD01_240213154014_910,2024-02-13 15:40:14,36.3578354,127.3393284,대전광역시 유성구 장대동 371,2024,2,13,15,1,winter,0
RAD01_240213154015_910,2024-02-13 15:40:15,36.3578351,127.3393027,대전광역시 유성구 장대동 371,2024,2,13,15,1,winter,0
RAD01_240219102657_862,2024-02-19 10:26:57,36.358133,127.3308762,대전광역시 유성구 장대동 214-1,2024,2,19,10,0,winter,0
RAD01_240219102749_988,2024-02-19 10:27:49,36.3570298,127.3314584,대전광역시 유성구 구암동 527-66,2024,2,19,10,0,winter,0
RAD01_240219103007_1358,2024-02-19 10:30:07,36.3475661,127.3253124,대전광역시 유성구 구암동 225-4,2024,2,19,10,0,winter,0
RAD01_240219103208_0,2024-02-19 10:32:08,36.3310185,127.31368,대전광역시 유성구 용계동 384-3,2024,2,19,10,0,winter,0
RAD01_240219103318_1679,2024-02-19 10:33:18,36.3242027,127.312385,대전광역시 유성구 용계동 402-11,2024,2,19,10,0,winter,0
RAD01_240219104141_0,2024-02-19 10:41:41,36.2853379,127.310041,대전광역시 유성구 방동 19-25,2024,2,19,10,0,winter,0
RAD01_240219104141_2309,2024-02-19 10:41:41,36.2853379,127.310041,대전광역시 유성구 방동 19-25,2024,2,19,10,0,winter,0
RAD01_240219104725_2461,2024-02-19 10:47:25,36.2892073,127.3042381,대전광역시 유성구 방동 산 5-6,2024,2,19,10,0,winter,0
RAD01_240219105109_0,2024-02-19 10:51:09,36.3064217,127.2916407,대전광역시 유성구 성북동 731,2024,2,19,10,0,winter,0
RAD01_240219105316_0,2024-02-19 10:53:16,36.314643,127.2845264,대전광역시 유성구 성북동 663-3,2024,2,19,10,0,winter,0
RAD01_240228095318_25,2024-02-28 09:53:18,36.3679095,127.3179348,대전광역시 유성구 노은동 583,2024,2,28,9,2,winter,1
RAD01_240228095320_0,2024-02-28 09:53:20,36.3680735,127.317937,대전광역시 유성구 노은동 583,2024,2,28,9,2,winter,1
RAD01_240228095338_0,2024-02-28 09:53:38,36.3698051,127.3179408,대전광역시 유성구 노은동 583,2024,2,28,9,2,winter,1
RAD01_240228095338_56,2024-02-28 09:53:38,36.3698051,127.3179408,대전광역시 유성구 노은동 583,2024,2,28,9,2,winter,1
RAD01_240228095344_0,2024-02-28 09:53:44,36.3704938,127.3179494,대전광역시 유성구 노은동 583,2024,2,28,9,2,winter,1
RAD01_240228095344_74,2024-02-28 09:53:44,36.3704938,127.3179494,대전광역시 유성구 노은동 583,2024,2,28,9,2,winter,1
RAD01_240228095345_0,2024-02-28 09:53:45,36.3706104,127.3179487,대전광역시 유성구 노은동 583,2024,2,28,9,2,winter,1
RAD01_240228095346_0,2024-02-28 09:53:46,36.3707234,127.3179481,대전광역시 유성구 노은동 583,2024,2,28,9,2,winter,1
RAD01_240228095346_104,2024-02-28 09:53:46,36.3707234,127.3179481,대전광역시 유성구 노은동 583,2024,2,28,9,2,winter,1
RAD01_240228095347_0,2024-02-28 09:53:47,36.3708335,127.3179467,대전광역시 유성구 노은동 583,2024,2,28,9,2,winter,1
RAD01_240228095637_0,2024-02-28 09:56:37,36.3772019,127.3179964,대전광역시 유성구 지족동 946,2024,2,28,9,2,winter,1
RAD01_240228100056_454,2024-02-28 10:00:56,36.3891324,127.3230918,대전광역시 유성구 하기동 603,2024,2,28,10,2,winter,0
RAD01_240228100328_0,2024-02-28 10:03:28,36.3863707,127.3388738,대전광역시 유성구 하기동 148-12,2024,2,28,10,2,winter,0
RAD01_240228100553_0,2024-02-28 10:05:53,36.3849861,127.3433102,대전광역시 유성구 신성동 산 26-8,2024,2,28,10,2,winter,0
RAD01_240228100627_0,2024-02-28 10:06:27,36.3891955,127.3447508,대전광역시 유성구 하기동 26-3,2024,2,28,10,2,winter,0
RAD01_240228100628_0,2024-02-28 10:06:28,36.3893236,127.3448486,대전광역시 유성구 하기동 20-7,2024,2,28,10,2,winter,0
RAD01_240228123320_0,2024-02-28 12:33:20,36.3868535,127.3630185,대전광역시 유성구 장동 산 17-45,2024,2,28,12,2,winter,0
RAD01_240228123449_0,2024-02-28 12:34:49,36.3843426,127.3640941,대전광역시 유성구 가정동 산 16-5,2024,2,28,12,2,winter,0
RAD01_240228123450_0,2024-02-28 12:34:50,36.3842919,127.3641628,대전광역시 유성구 가정동 산 16-5,2024,2,28,12,2,winter,0
RAD01_240228145248_0,2024-02-28 14:52:48,36.4128809,127.3781164,대전광역시 유성구 화암동 120-3,2024,2,28,14,2,winter,0
RAD01_240228145407_0,2024-02-28 14:54:07,36.40712,127.3737935,대전광역시 유성구 방현동 349,2024,2,28,14,2,winter,0
RAD01_240228145410_0,2024-02-28 14:54:10,36.4070017,127.3733759,대전광역시 유성구 방현동 9-12,2024,2,28,14,2,winter,0
RAD01_240228145411_0,2024-02-28 14:54:11,36.4069627,127.3732369,대전광역시 유성구 방현동 9-12,2024,2,28,14,2,winter,0
RAD01_240228145433_0,2024-02-28 14:54:33,36.4061274,127.3699225,대전광역시 유성구 방현동 386,2024,2,28,14,2,winter,0
RAD01_240228145452_0,2024-02-28 14:54:52,36.405175,127.3669247,대전광역시 유성구 방현동 52-2,2024,2,28,14,2,winter,0
RAD01_240228145453_0,2024-02-28 14:54:53,36.4050936,127.3667867,대전광역시 유성구 방현동 46-3,2024,2,28,14,2,winter,0
RAD01_240228145513_0,2024-02-28 14:55:13,36.4031048,127.3644805,대전광역시 유성구 장동 산 1-17,2024,2,28,14,2,winter,0
RAD01_240228145525_0,2024-02-28 14:55:25,36.402108,127.3633649,대전광역시 유성구 장동 12-16,2024,2,28,14,2,winter,0
RAD01_240228145525_6865,2024-02-28 14:55:25,36.402108,127.3633649,대전광역시 유성구 장동 12-16,2024,2,28,14,2,winter,0
RAD01_240228145526_6970,2024-02-28 14:55:25,36.402108,127.3633649,대전광역시 유성구 장동 12-16,2024,2,28,14,2,winter,0
RAD01_240228145528_6994,2024-02-28 14:55:28,36.4018474,127.3630709,대전광역시 유성구 장동 242-7,2024,2,28,14,2,winter,0
RAD01_240228145542_7141,2024-02-28 14:55:42,36.4005483,127.3614934,대전광역시 유성구 장동 393-10,2024,2,28,14,2,winter,0
RAD01_240228153123_0,2024-02-28 15:31:23,36.3854381,127.3582719,대전광역시 유성구 신성동 420-26,2024,2,28,15,2,winter,0
RAD01_240228153125_0,2024-02-28 15:31:25,36.3854789,127.3580382,대전광역시 유성구 신성동 421,2024,2,28,15,2,winter,0
RAD01_240228153126_0,2024-02-28 15:31:26,36.3854999,127.3579175,대전광역시 유성구 신성동 421,2024,2,28,15,2,winter,0
RAD01_240228153839_0,2024-02-28 15:38:39,36.3915143,127.327846,대전광역시 유성구 하기동 603,2024,2,28,15,2,winter,0
RAD01_240228154447_0,2024-02-28 15:44:47,36.3871202,127.3254328,대전광역시 유성구 하기동 598,2024,2,28,15,2,winter,0
RAD01_240228154447_8371,2024-02-28 15:44:47,36.3871202,127.3254328,대전광역시 유성구 하기동 598,2024,2,28,15,2,winter,0
RAD01_240228154449_8373,2024-02-28 15:44:49,36.3871151,127.3253464,대전광역시 유성구 하기동 598,2024,2,28,15,2,winter,0
RAD01_240228154954_0,2024-02-28 15:49:54,36.3856895,127.3210416,대전광역시 유성구 하기동 576,2024,2,28,15,2,winter,0
RAD01_240228154955_0,2024-02-28 15:49:55,36.3855952,127.3210021,대전광역시 유성구 하기동 576,2024,2,28,15,2,winter,0
RAD01_240228155047_0,2024-02-28 15:50:47,36.3848241,127.3216116,대전광역시 유성구 하기동 585,2024,2,28,15,2,winter,0
RAD01_240228155047_8590,2024-02-28 15:50:47,36.3848241,127.3216116,대전광역시 유성구 하기동 585,2024,2,28,15,2,winter,0
RAD01_240228155048_8601,2024-02-28 15:50:48,36.3847894,127.3216508,대전광역시 유성구 하기동 585,2024,2,28,15,2,winter,0
RAD01_240228155051_0,2024-02-28 15:50:51,36.3846796,127.3217723,대전광역시 유성구 하기동 585,2024,2,28,15,2,winter,0
RAD01_240228155107_0,2024-02-28 15:51:07,36.3840117,127.3223719,대전광역시 유성구 하기동 585,2024,2,28,15,2,winter,0
RAD01_240228155126_0,2024-02-28 15:51:26,36.3832674,127.3228578,대전광역시 유성구 죽동 630,2024,2,28,15,2,winter,0
RAD01_240228155126_8735,2024-02-28 15:51:26,36.3832674,127.3228578,대전광역시 유성구 죽동 630,2024,2,28,15,2,winter,0
RAD01_240228155127_8734,2024-02-28 15:51:27,36.3832251,127.3228831,대전광역시 유성구 죽동 630,2024,2,28,15,2,winter,0
RAD01_240228155127_8755,2024-02-28 15:51:27,36.3832251,127.3228831,대전광역시 유성구 죽동 630,2024,2,28,15,2,winter,0
RAD01_240229103554_0,2024-02-29 10:35:54,36.3946284,127.3494326,대전광역시 유성구 자운동 515-21,2024,2,29,10,3,winter,0
RAD01_240229122518_0,2024-02-29 12:25:18,36.3980075,127.3565902,대전광역시 유성구 장동 419-1,2024,2,29,12,3,winter,0
RAD01_240229122524_0,2024-02-29 12:25:24,36.3984571,127.3574104,대전광역시 유성구 장동 364-4,2024,2,29,12,3,winter,0
RAD01_240229122530_0,2024-02-29 12:25:30,36.3989113,127.3583179,대전광역시 유성구 장동 202-10,2024,2,29,12,3,winter,0
RAD01_240229123038_0,2024-02-29 12:30:38,36.417917,127.3785369,대전광역시 유성구 관평동 657-1,2024,2,29,12,3,winter,0
RAD01_240229123100_0,2024-02-29 12:31:00,36.4196966,127.3802026,대전광역시 유성구 덕진동 산 14-3,2024,2,29,12,3,winter,0
RAD01_240229123208_628,2024-02-29 12:32:08,36.4266841,127.3852828,대전광역시 유성구 송강동 513,2024,2,29,12,3,winter,0
RAD01_240229131318_0,2024-02-29 13:13:18,36.4299492,127.3829869,대전광역시 유성구 송강동 556,2024,2,29,13,3,winter,0
RAD01_240229131318_1119,2024-02-29 13:13:18,36.4299492,127.3829869,대전광역시 유성구 송강동 556,2024,2,29,13,3,winter,0
RAD01_240229131318_1121,2024-02-29 13:13:18,36.4299492,127.3829869,대전광역시 유성구 송강동 556,2024,2,29,13,3,winter,0
RAD01_240229131800_0,2024-02-29 13:18:00,36.4262357,127.3915245,대전광역시 유성구 관평동 1286,2024,2,29,13,3,winter,0
RAD01_240229131845_0,2024-02-29 13:18:45,36.4238262,127.3940134,대전광역시 유성구 관평동 1288,2024,2,29,13,3,winter,0
RAD01_240229132133_0,2024-02-29 13:21:33,36.4206394,127.4046069,대전광역시 유성구 용산동 604,2024,2,29,13,3,winter,0
RAD01_240229132859_0,2024-02-29 13:28:59,36.399235,127.4048517,대전광역시 유성구 전민동 394-16,2024,2,29,13,3,winter,0
RAD01_240229132900_0,2024-02-29 13:29:00,36.399125,127.4048522,대전광역시 유성구 전민동 394-16,2024,2,29,13,3,winter,0
RAD01_240229132931_0,2024-02-29 13:29:31,36.3964995,127.4048804,대전광역시 유성구 전민동 271-5,2024,2,29,13,3,winter,0
RAD01_240229132932_0,2024-02-29 13:29:32,36.3964208,127.4048812,대전광역시 유성구 전민동 271-5,2024,2,29,13,3,winter,0
RAD01_240229132932_1866,2024-02-29 13:29:32,36.3964208,127.4048812,대전광역시 유성구 전민동 271-5,2024,2,29,13,3,winter,0
RAD01_240229132935_0,2024-02-29 13:29:35,36.3961831,127.4048776,대전광역시 유성구 전민동 271-5,2024,2,29,13,3,winter,0
RAD01_240229132942_0,2024-02-29 13:29:42,36.3956141,127.4048789,대전광역시 유성구 문지동 258-3,2024,2,29,13,3,winter,0
RAD01_240229134342_0,2024-02-29 13:43:42,36.3839528,127.405507,대전광역시 유성구 원촌동 135-2,2024,2,29,13,3,winter,0
RAD01_240229134343_0,2024-02-29 13:43:43,36.383857,127.4055374,대전광역시 유성구 원촌동 135-2,2024,2,29,13,3,winter,0
RAD01_240229134358_2381,2024-02-29 13:43:58,36.3824092,127.4060002,대전광역시 유성구 원촌동 90,2024,2,29,13,3,winter,0
RAD01_240229134359_2381,2024-02-29 13:43:59,36.3823178,127.4060305,대전광역시 유성구 원촌동 90,2024,2,29,13,3,winter,0
RAD01_240229134400_2381,2024-02-29 13:44:00,36.382227,127.4060594,대전광역시 유성구 원촌동 90,2024,2,29,13,3,winter,0
RAD01_240229134400_2382,2024-02-29 13:44:00,36.382227,127.4060594,대전광역시 유성구 원촌동 90,2024,2,29,13,3,winter,0
RAD01_240229144122_0,2024-02-29 14:41:22,36.3939076,127.350262,대전광역시 유성구 자운동 515-22,2024,2,29,14,3,winter,0
RAD01_240229144122_4522,2024-02-29 14:41:22,36.3939076,127.350262,대전광역시 유성구 자운동 515-22,2024,2,29,14,3,winter,0
RAD01_240229144122_4525,2024-02-29 14:41:22,36.3939076,127.350262,대전광역시 유성구 자운동 515-22,2024,2,29,14,3,winter,0
RAD01_240229144123_0,2024-02-29 14:41:23,36.3938585,127.3501996,대전광역시 유성구 자운동 515-22,2024,2,29,14,3,winter,0
RAD01_240229144123_4532,2024-02-29 14:41:23,36.3938585,127.3501996,대전광역시 유성구 자운동 515-22,2024,2,29,14,3,winter,0
RAD01_240301055231_0,2024-03-01 05:52:31,36.3879552,127.3224777,대전광역시 유성구 하기동 603,2024,3,1,5,4,spring,0
RAD01_240301055827_5418,2024-03-01 05:58:27,36.3896765,127.3486262,대전광역시 유성구 신성동 468,2024,3,1,5,4,spring,0
RAD01_240301073023_0,2024-03-01 07:30:23,36.4046051,127.4029076,대전광역시 유성구 전민동 462-8,2024,3,1,7,4,spring,0
RAD01_240301073023_5869,2024-03-01 07:30:23,36.4046051,127.4029076,대전광역시 유성구 전민동 462-8,2024,3,1,7,4,spring,0
RAD01_240304132948_0,2024-03-04 13:29:48,36.4057614,127.4028411,대전광역시 유성구 전민동 841-6,2024,3,4,13,0,spring,0
RAD01_240304132951_0,2024-03-04 13:29:51,36.4059062,127.4025676,대전광역시 유성구 전민동 산 5-15,2024,3,4,13,0,spring,0
RAD01_240304144329_3383,2024-03-04 14:43:29,36.4060767,127.4021958,대전광역시 유성구 전민동 산 5-15,2024,3,4,14,0,spring,0
RAD01_240306060211_856,2024-03-06 06:02:11,36.3906541,127.3241497,대전광역시 유성구 하기동 603,2024,3,6,6,2,spring,0
RAD01_240306125012_416,2024-03-06 12:50:12,36.4022745,127.3636913,대전광역시 유성구 장동 12-16,2024,3,6,12,2,spring,0
RAD01_240306125014_478,2024-03-06 12:50:14,36.4024763,127.3639047,대전광역시 유성구 장동 12-16,2024,3,6,12,2,spring,0
RAD01_240307061152_2290,2024-03-07 06:11:52,36.4292721,127.3837399,대전광역시 유성구 송강동 556,2024,3,7,6,3,spring,0
RAD01_240307154007_2940,2024-03-07 15:40:07,36.3933696,127.3496206,대전광역시 유성구 자운동 24-7,2024,3,7,15,3,spring,0
RAD01_240319084029_2059,2024-03-19 08:40:29,36.3910241,127.393457,대전광역시 유성구 문지동 103-15,2024,3,19,8,1,spring,1
RAD01_240319143917_4061,2024-03-19 14:39:17,36.4315894,127.3804762,대전광역시 유성구 송강동 557,2024,3,19,14,1,spring,0
RAD01_240319143920_4089,2024-03-19 14:39:20,36.4314311,127.3804994,대전광역시 유성구 송강동 557,2024,3,19,14,1,spring,0
RAD01_240319143921_4102,2024-03-19 14:39:21,36.4313738,127.3805199,대전광역시 유성구 송강동 산 4-43,2024,3,19,14,1,spring,0
RAD01_240319143923_4138,2024-03-19 14:39:23,36.4312574,127.3805746,대전광역시 유성구 송강동 산 4-43,2024,3,19,14,1,spring,0
RAD01_240319143924_4143,2024-03-19 14:39:24,36.4311989,127.3806103,대전광역시 유성구 송강동 산 4-43,2024,3,19,14,1,spring,0
RAD01_240319143927_4148,2024-03-19 14:39:27,36.4310294,127.3807634,대전광역시 유성구 송강동 168-2,2024,3,19,14,1,spring,0
RAD01_240319143928_4152,2024-03-19 14:39:28,36.4309749,127.3808247,대전광역시 유성구 송강동 168-2,2024,3,19,14,1,spring,0
RAD01_240319143936_4203,2024-03-19 14:39:36,36.4305222,127.3813201,대전광역시 유성구 송강동 168-2,2024,3,19,14,1,spring,0
RAD01_240319143937_4217,2024-03-19 14:39:37,36.4304734,127.3813687,대전광역시 유성구 송강동 168-2,2024,3,19,14,1,spring,0
RAD01_240319145713_5054,2024-03-19 14:57:13,36.4060332,127.4022221,대전광역시 유성구 전민동 산 5-15,2024,3,19,14,1,spring,0
RAD01_240319145744_5095,2024-03-19 14:57:44,36.4047305,127.4032464,대전광역시 유성구 전민동 791-19,2024,3,19,14,1,spring,0
RAD01_240319151018_5962,2024-03-19 15:10:18,36.4026827,127.3889824,대전광역시 유성구 전민동 652,2024,3,19,15,1,spring,0
RAD01_240319151023_6022,2024-03-19 15:10:23,36.4022654,127.3893074,대전광역시 유성구 전민동 891-2,2024,3,19,15,1,spring,0
RAD01_240319151134_6179,2024-03-19 15:11:34,36.3996712,127.3952989,대전광역시 유성구 전민동 816-1,2024,3,19,15,1,spring,0
RAD01_240319151147_6232,2024-03-19 15:11:47,36.399652,127.3966426,대전광역시 유성구 전민동 592-2,2024,3,19,15,1,spring,0
RAD01_240319151148_6244,2024-03-19 15:11:48,36.3996514,127.3967203,대전광역시 유성구 전민동 592-2,2024,3,19,15,1,spring,0
RAD01_240319151437_6507,2024-03-19 15:14:36,36.3964315,127.4001718,대전광역시 유성구 전민동 899,2024,3,19,15,1,spring,0
RAD01_240319151450_6521,2024-03-19 15:14:49,36.3964326,127.3994382,대전광역시 유성구 전민동 460-3,2024,3,19,15,1,spring,0
RAD01_240319151450_6526,2024-03-19 15:14:50,36.3964324,127.3993717,대전광역시 유성구 전민동 460-3,2024,3,19,15,1,spring,0
RAD01_240319153832_7192,2024-03-19 15:38:32,36.3911023,127.3949389,대전광역시 유성구 문지동 103-15,2024,3,19,15,1,spring,0
RAD01_240319153833_7197,2024-03-19 15:38:33,36.3911186,127.3948176,대전광역시 유성구 문지동 103-15,2024,3,19,15,1,spring,0
RAD01_240319154432_7427,2024-03-19 15:44:32,36.3858314,127.3784389,대전광역시 유성구 도룡동 404,2024,3,19,15,1,spring,0
RAD01_240319154539_7457,2024-03-19 15:45:39,36.3856633,127.3736714,대전광역시 유성구 도룡동 404-2,2024,3,19,15,1,spring,0
RAD01_240319154552_7497,2024-03-19 15:45:52,36.3855304,127.3726614,대전광역시 유성구 도룡동 451-3,2024,3,19,15,1,spring,0
RAD01_240319154911_7784,2024-03-19 15:49:11,36.3921808,127.3594782,대전광역시 유성구 장동 132-4,2024,3,19,15,1,spring,0
RAD01_240319155427_8014,2024-03-19 15:54:25,36.3936771,127.3526641,대전광역시 유성구 신성동 549,2024,3,19,15,1,spring,0
RAD01_240320055354_9317,2024-03-20 05:53:54,36.3910012,127.3305439,대전광역시 유성구 하기동 603,2024,3,20,5,2,spring,0
RAD01_240320055355_9318,2024-03-20 05:53:55,36.3909886,127.3306357,대전광역시 유성구 하기동 603,2024,3,20,5,2,spring,0
RAD01_240320055802_9418,2024-03-20 05:58:02,36.3848228,127.3509067,대전광역시 유성구 신성동 281-5,2024,3,20,5,2,spring,0
RAD01_240320055803_9419,2024-03-20 05:58:03,36.3848429,127.3510374,대전광역시 유성구 신성동 281-5,2024,3,20,5,2,spring,0
RAD01_240320092722_12174,2024-03-20 09:27:22,36.3910881,127.3948549,대전광역시 유성구 문지동 103-15,2024,3,20,9,2,spring,1
RAD01_240320093819_12853,2024-03-20 09:38:19,36.3922296,127.3588506,대전광역시 유성구 장동 130-3,2024,3,20,9,2,spring,1
RAD01_240320093820_12868,2024-03-20 09:38:20,36.3922475,127.3587365,대전광역시 유성구 장동 130-3,2024,3,20,9,2,spring,1
RAD01_240322092911_191,2024-03-22 09:29:11,36.4249112,127.3926129,대전광역시 유성구 관평동 1290,2024,3,22,9,4,spring,1
RAD01_240322093142_403,2024-03-22 09:31:42,36.4214704,127.4026629,대전광역시 유성구 용산동 604,2024,3,22,9,4,spring,1
RAD01_240322093157_439,2024-03-22 09:31:57,36.4208759,127.4039766,대전광역시 유성구 용산동 604,2024,3,22,9,4,spring,1
RAD01_240322152746_2043,2024-03-22 15:27:46,36.3857303,127.3558174,대전광역시 유성구 신성동 산 5-7,2024,3,22,15,4,spring,0
RAD01_240322152939_2213,2024-03-22 15:29:39,36.387108,127.3505024,대전광역시 유성구 신성동 475,2024,3,22,15,4,spring,0
RAD01_240323073727_0,2024-03-23 07:37:27,36.3997696,127.3979761,대전광역시 유성구 전민동 898,2024,3,23,7,5,spring,0
RAD01_240323073739_2906,2024-03-23 07:37:39,36.3996525,127.3987856,대전광역시 유성구 전민동 491-3,2024,3,23,7,5,spring,0
RAD01_240323073826_2962,2024-03-23 07:38:26,36.399643,127.4015971,대전광역시 유성구 전민동 533-11,2024,3,23,7,5,spring,0
RAD01_240323073857_3061,2024-03-23 07:38:57,36.3995845,127.4045237,대전광역시 유성구 전민동 394-16,2024,3,23,7,5,spring,0
RAD01_240323074413_3331,2024-03-23 07:44:13,36.3900728,127.3987461,대전광역시 유성구 문지동 103-15,2024,3,23,7,5,spring,0
RAD01_240323074445_3381,2024-03-23 07:44:45,36.391057,127.3950194,대전광역시 유성구 문지동 103-15,2024,3,23,7,5,spring,0
RAD01_240323074447_3403,2024-03-23 07:44:47,36.3910911,127.3947548,대전광역시 유성구 문지동 103-15,2024,3,23,7,5,spring,0
RAD01_240323075624_3573,2024-03-23 07:56:24,36.3858781,127.3635219,대전광역시 유성구 장동 62-2,2024,3,23,7,5,spring,0
RAD01_240323075822_3818,2024-03-23 07:58:22,36.3930189,127.3573133,대전광역시 유성구 장동 산 29-3,2024,3,23,7,5,spring,0
RAD01_240325075411_0,2024-03-25 07:54:11,36.3901065,127.3990975,대전광역시 유성구 문지동 103-15,2024,3,25,7,0,spring,0
RAD01_240325081131_5021,2024-03-25 08:11:31,36.3893356,127.3470274,대전광역시 유성구 하기동 18-15,2024,3,25,8,0,spring,1
RAD01_240325145939_6537,2024-03-25 14:59:39,36.3873068,127.3630088,대전광역시 유성구 장동 산 17-45,2024,3,25,14,0,spring,0
RAD01_240325150004_6592,2024-03-25 15:00:04,36.3894721,127.3626184,대전광역시 유성구 장동 산 15-2,2024,3,25,15,0,spring,0
RAD01_240325150038_6667,2024-03-25 15:00:38,36.3911762,127.3619431,대전광역시 유성구 장동 23-9,2024,3,25,15,0,spring,0
RAD01_240325150209_6906,2024-03-25 15:02:09,36.395202,127.356339,대전광역시 유성구 장동 372-2,2024,3,25,15,0,spring,0
RAD01_240325154238_7763,2024-03-25 15:42:38,36.3899565,127.3234034,대전광역시 유성구 하기동 603,2024,3,25,15,0,spring,0
RAD01_240327082340_9527,2024-03-27 08:23:39,36.3925597,127.3577184,대전광역시 유성구 장동 157-4,2024,3,27,8,2,spring,1
RAD01_240327101222_10545,2024-03-27 10:12:22,36.3911208,127.3943992,대전광역시 유성구 문지동 103-15,2024,3,27,10,2,spring,0
RAD01_240327101709_10845,2024-03-27 10:17:09,36.3857,127.3740912,대전광역시 유성구 도룡동 404,2024,3,27,10,2,spring,0
RAD01_240327133505_12145,2024-03-27 13:35:05,36.4151682,127.4069794,대전광역시 유성구 탑립동 945,2024,3,27,13,2,spring,0
RAD01_240327133506_12252,2024-03-27 13:35:06,36.4152964,127.4069839,대전광역시 유성구 탑립동 945,2024,3,27,13,2,spring,0
RAD01_240327133507_12273,2024-03-27 13:35:07,36.4154218,127.4069884,대전광역시 유성구 탑립동 945,2024,3,27,13,2,spring,0
RAD01_240327133535_12473,2024-03-27 13:35:35,36.418896,127.4068522,대전광역시 유성구 탑립동 709,2024,3,27,13,2,spring,0
RAD01_240327143251_13753,2024-03-27 14:32:51,36.4197228,127.4061367,대전광역시 유성구 탑립동 709,2024,3,27,14,2,spring,0
RAD01_240327143252_13759,2024-03-27 14:32:52,36.4196381,127.4062224,대전광역시 유성구 탑립동 709,2024,3,27,14,2,spring,0
RAD01_240327144328_14272,2024-03-27 14:43:28,36.3793187,127.4060377,대전광역시 유성구 원촌동 69-1,2024,3,27,14,2,spring,0
RAD01_240327144329_14273,2024-03-27 14:43:29,36.3792151,127.4059778,대전광역시 유성구 원촌동 69-1,2024,3,27,14,2,spring,0
RAD01_240327144552_14853,2024-03-27 14:45:52,36.3792141,127.3915638,대전광역시 유성구 도룡동 3-6,2024,3,27,14,2,spring,0
RAD01_240327144553_14866,2024-03-27 14:45:53,36.3792173,127.3914606,대전광역시 유성구 도룡동 3-6,2024,3,27,14,2,spring,0
RAD01_240703151031_0,2024-07-03 15:10:28,36.3909688,127.4078729,대전광역시 유성구 문지동 661-3,2024,7,3,15,2,summer,0
RAD01_241213154807_10,2024-07-29 15:48:59,36.3910014,127.4078363,대전광역시 유성구 문지동 661-3,2024,7,29,15,0,summer,0
RAD02_240214135042_578,2024-02-14 13:50:42,36.3953998,127.3486909,대전광역시 유성구 자운동 515-21,2024,2,14,13,2,winter,0
RAD02_240214135043_595,2024-02-14 13:50:43,36.3954492,127.3486499,대전광역시 유성구 자운동 515-21,2024,2,14,13,2,winter,0
RAD02_240214135044_597,2024-02-14 13:50:44,36.3955099,127.3485887,대전광역시 유성구 자운동 515-21,2024,2,14,13,2,winter,0
RAD02_240214135045_620,2024-02-14 13:50:45,36.3955778,127.3485208,대전광역시 유성구 자운동 515-21,2024,2,14,13,2,winter,0
RAD02_240214135342_776,2024-02-14 13:53:42,36.3941172,127.3446528,대전광역시 유성구 자운동 290-7,2024,2,14,13,2,winter,0
RAD02_240214135530_841,2024-02-14 13:55:30,36.3910328,127.3369848,대전광역시 유성구 하기동 산 51-9,2024,2,14,13,2,winter,0
RAD02_240214135738_898,2024-02-14 13:57:38,36.3927643,127.3259789,대전광역시 유성구 하기동 327-1,2024,2,14,13,2,winter,0
RAD02_240214140526_1723,2024-02-14 14:05:26,36.3881894,127.3332669,대전광역시 유성구 하기동 615,2024,2,14,14,2,winter,0
RAD02_240222140946_634,2024-02-22 14:09:46,36.3742856,127.3911391,대전광역시 유성구 도룡동 465-1,2024,2,22,14,3,winter,0
RAD02_240222140946_635,2024-02-22 14:09:46,36.3742856,127.3911391,대전광역시 유성구 도룡동 465-1,2024,2,22,14,3,winter,0
RAD02_240223093359_2110,2024-02-23 09:33:59,36.3606478,127.3539029,대전광역시 유성구 봉명동 496-1,2024,2,23,9,4,winter,1
RAD02_240223093359_2112,2024-02-23 09:33:59,36.3606478,127.3539029,대전광역시 유성구 봉명동 496-1,2024,2,23,9,4,winter,1
RAD02_240223094957_3259,2024-02-23 09:49:57,36.3667043,127.3319021,대전광역시 유성구 장대동 17-4,2024,2,23,9,4,winter,1
RAD02_240223095612_4167,2024-02-23 09:56:12,36.387027,127.3163845,대전광역시 유성구 지족동 1001,2024,2,23,9,4,winter,1
RAD02_240223101328_5235,2024-02-23 10:13:28,36.3696516,127.3269237,대전광역시 유성구 노은동 62-1,2024,2,23,10,4,winter,0
RAD02_240226094450_7615,2024-02-26 09:44:50,36.356549,127.3488122,대전광역시 유성구 봉명동 693,2024,2,26,9,0,winter,1
RAD02_240226094816_8325,2024-02-26 09:48:16,36.3547853,127.3459129,대전광역시 유성구 봉명동 574,2024,2,26,9,0,winter,1
RAD02_240226100846_10087,2024-02-26 10:08:46,36.3518596,127.3311146,대전광역시 유성구 구암동 641,2024,2,26,10,0,winter,0
RAD02_240226102943_12355,2024-02-26 10:29:43,36.3604848,127.3588611,대전광역시 유성구 봉명동 1012-1,2024,2,26,10,0,winter,0
RAD02_240226102950_12359,2024-02-26 10:29:50,36.361094,127.358478,대전광역시 유성구 봉명동 1012,2024,2,26,10,0,winter,0
RAD02_240226102950_12360,2024-02-26 10:29:50,36.361094,127.358478,대전광역시 유성구 봉명동 1012,2024,2,26,10,0,winter,0
RAD02_240226102953_12371,2024-02-26 10:29:53,36.3613952,127.358222,대전광역시 유성구 어은동 262-1,2024,2,26,10,0,winter,0
RAD02_240227095542_0,2024-02-27 09:55:42,36.3620423,127.3457862,대전광역시 유성구 궁동 220-9,2024,2,27,9,1,winter,1
RAD02_240227095921_14782,2024-02-27 09:59:21,36.3524464,127.3408463,대전광역시 유성구 봉명동 1058,2024,2,27,9,1,winter,1
RAD02_240228101300_15892,2024-02-28 10:13:00,36.3745471,127.3941237,대전광역시 유성구 도룡동 8-59,2024,2,28,10,2,winter,0
RAD02_240228101409_16049,2024-02-28 10:14:09,36.3784085,127.4056056,대전광역시 유성구 원촌동 64-2,2024,2,28,10,2,winter,0
RAD02_240228101409_16054,2024-02-28 10:14:09,36.3784085,127.4056056,대전광역시 유성구 원촌동 64-2,2024,2,28,10,2,winter,0
RAD02_240228101419_16115,2024-02-28 10:14:19,36.379809,127.4064281,대전광역시 유성구 원촌동 69-1,2024,2,28,10,2,winter,0
RAD02_240228101422_16154,2024-02-28 10:14:20,36.3798687,127.4064632,대전광역시 유성구 원촌동 69-1,2024,2,28,10,2,winter,0
RAD02_240228101634_16307,2024-02-28 10:16:34,36.384061,127.4056165,대전광역시 유성구 원촌동 135-2,2024,2,28,10,2,winter,0
RAD02_240306115506_0,2024-03-06 10:54:06,36.361,127.3585,대전광역시 유성구 봉명동 1012-1,2024,3,6,10,2,spring,0
RAD02_240308111537_930,2024-03-08 11:14:22,36.358436,127.3348513,대전광역시 유성구 장대동 277-6,2024,3,8,11,4,spring,0
RAD02_240326143424_13517,2024-03-26 14:34:24,36.3505692,127.3520311,대전광역시 서구 월평동 187-7,2024,3,26,14,1,spring,0
RAD02_240326143835_0,2024-03-26 14:38:35,36.3506871,127.3512544,대전광역시 서구 월평동 163-31,2024,3,26,14,1,spring,0
RAD02_240326145134_15383,2024-03-26 14:51:34,36.3544711,127.349895,대전광역시 유성구 봉명동 700,2024,3,26,14,1,spring,0
RAD02_240326163346_22155,2024-03-26 16:33:46,36.3696129,127.3177991,대전광역시 유성구 노은동 583,2024,3,26,16,1,spring,0
RAD02_240327102754_27601,2024-03-27 10:27:54,36.3453794,127.3104462,대전광역시 유성구 복용동 629,2024,3,27,10,2,spring,0
RAD02_240328095857_28766,2024-03-28 09:58:57,36.3782141,127.4117965,대전광역시 대덕구 읍내동 505-23,2024,3,28,9,3,spring,1
RAD02_240328105438_29936,2024-03-28 10:54:38,36.4242042,127.4195913,대전광역시 대덕구 상서동 349-92,2024,3,28,10,3,spring,0
RAD02_240328105838_30246,2024-03-28 10:58:38,36.3875609,127.4126874,대전광역시 대덕구 신대동 535,2024,3,28,10,3,spring,0
RAD02_240329151526_34728,2024-03-29 15:15:26,36.4027533,127.4049766,대전광역시 유성구 전민동 464-3,2024,3,29,15,4,spring,0
RAD02_240329151528_34736,2024-03-29 15:15:28,36.4029268,127.4049911,대전광역시 유성구 전민동 464-3,2024,3,29,15,4,spring,0
RAD02_240329152906_35910,2024-03-29 15:29:06,36.4266291,127.3902812,대전광역시 유성구 관평동 1286,2024,3,29,15,4,spring,0
RAD02_240401141846_48988,2024-04-01 14:18:46,36.402017,127.4049643,대전광역시 유성구 전민동 464-3,2024,4,1,14,0,spring,0
RAD02_240401141848_49002,2024-04-01 14:18:48,36.4022822,127.4049634,대전광역시 유성구 전민동 464-3,2024,4,1,14,0,spring,0
RAD02_240409142403_2473,2024-04-09 14:24:03,36.3837508,127.4057375,대전광역시 유성구 원촌동 135-2,2024,4,9,14,1,spring,0
RAD02_240409142759_3058,2024-04-09 14:27:59,36.4023514,127.4049624,대전광역시 유성구 전민동 464-3,2024,4,9,14,1,spring,0
RAD02_240527154249_9749,2024-05-27 15:42:49,36.3584593,127.3284702,대전광역시 유성구 장대동 245-2,2024,5,27,15,0,spring,0
RAD02_240527154250_9765,2024-05-27 15:42:50,36.3584422,127.3285623,대전광역시 유성구 장대동 245-2,2024,5,27,15,0,spring,0
RAD02_240704100609_390,2024-07-04 10:06:09,36.3957444,127.3561093,대전광역시 유성구 장동 371-5,2024,7,4,10,3,summer,0
RAD02_240704104442_0,2024-07-04 10:44:42,36.3525198,127.3409494,대전광역시 유성구 봉명동 1058,2024,7,4,10,3,summer,0
RAD02_240704105909_0,2024-07-04 10:59:09,36.3281217,127.3329672,대전광역시 유성구 용계동 688,2024,7,4,10,3,summer,0
RAD02_240704110004_4099,2024-07-04 11:00:04,36.3319019,127.3329873,대전광역시 유성구 용계동 688,2024,7,4,11,3,summer,0
RAD02_240704110200_4286,2024-07-04 11:02:00,36.333173,127.3330209,대전광역시 유성구 원신흥동 608,2024,7,4,11,3,summer,0
RAD02_240704110321_4492,2024-07-04 11:03:21,36.3424997,127.3393408,대전광역시 유성구 상대동 498,2024,7,4,11,3,summer,0
RAD02_240704110326_4512,2024-07-04 11:03:26,36.3430638,127.3396858,대전광역시 유성구 봉명동 1058-2,2024,7,4,11,3,summer,0
RAD02_240704113832_4851,2024-07-04 11:38:32,36.3609688,127.3443927,대전광역시 유성구 궁동 481,2024,7,4,11,3,summer,0
RAD02_240705100634_8290,2024-07-05 10:06:34,36.3742684,127.3054428,대전광역시 유성구 지족동 1060-1,2024,7,5,10,4,summer,0
RAD02_240705100730_0,2024-07-05 10:07:30,36.3702015,127.3075914,대전광역시 유성구 노은동 산 24-139,2024,7,5,10,4,summer,0
RAD02_240705101003_8615,2024-07-05 10:10:03,36.3667682,127.3178224,대전광역시 유성구 노은동 566,2024,7,5,10,4,summer,0
RAD02_240705101511_9110,2024-07-05 10:15:11,36.3690262,127.3399345,대전광역시 유성구 궁동 358,2024,7,5,10,4,summer,0
RAD02_240705101837_9518,2024-07-05 10:18:37,36.3888104,127.3444614,대전광역시 유성구 하기동 산 2-6,2024,7,5,10,4,summer,0
RAD02_240705101840_9532,2024-07-05 10:18:40,36.3893202,127.344826,대전광역시 유성구 하기동 14-3,2024,7,5,10,4,summer,0
RAD02_240705102410_10520,2024-07-05 10:24:10,36.4122634,127.3782527,대전광역시 유성구 화암동 25-13,2024,7,5,10,4,summer,0
RAD02_240705102627_10905,2024-07-05 10:26:27,36.419045,127.3816008,대전광역시 유성구 관평동 681,2024,7,5,10,4,summer,0
RAD02_240705102745_11030,2024-07-05 10:27:45,36.417348,127.3920276,대전광역시 유성구 용산동 672,2024,7,5,10,4,summer,0
RAD02_240705104128_11193,2024-07-05 10:41:28,36.4173268,127.3925418,대전광역시 유성구 용산동 672,2024,7,5,10,4,summer,0
RAD02_240705104740_11866,2024-07-05 10:47:40,36.4247696,127.3893087,대전광역시 유성구 관평동 1291,2024,7,5,10,4,summer,0
RAD02_240705105046_12072,2024-07-05 10:50:46,36.4260338,127.3861304,대전광역시 유성구 관평동 1292,2024,7,5,10,4,summer,0
RAD02_240722070823_39853,2024-07-22 07:08:23,36.3761708,127.338887,대전광역시 유성구 죽동 799,2024,7,22,7,0,summer,0
RAD02_240722070936_39903,2024-07-22 07:09:36,36.3762196,127.3386853,대전광역시 유성구 죽동 799,2024,7,22,7,0,summer,0
RAD02_240722071106_39997,2024-07-22 07:11:06,36.3724771,127.3351261,대전광역시 유성구 죽동 799,2024,7,22,7,0,summer,0
RAD02_240722071116_40048,2024-07-22 07:11:16,36.3717194,127.3350072,대전광역시 유성구 죽동 799,2024,7,22,7,0,summer,0
RAD02_240722071123_40064,2024-07-22 07:11:23,36.3713166,127.3348578,대전광역시 유성구 죽동 799,2024,7,22,7,0,summer,0
RAD02_240722071131_40068,2024-07-22 07:11:31,36.371338,127.3343033,대전광역시 유성구 죽동 747,2024,7,22,7,0,summer,0
RAD02_240722071204_0,2024-07-22 07:12:04,36.3717463,127.3320898,대전광역시 유성구 죽동 747,2024,7,22,7,0,summer,0
RAD02_240722081055_40257,2024-07-22 08:10:55,36.3717595,127.3322677,대전광역시 유성구 죽동 747,2024,7,22,8,0,summer,1
RAD02_240722081259_0,2024-07-22 08:12:59,36.3666444,127.3389231,대전광역시 유성구 죽동 119-2,2024,7,22,8,0,summer,1
RAD02_240722081300_40539,2024-07-22 08:13:00,36.3664505,127.3388563,대전광역시 유성구 죽동 119-2,2024,7,22,8,0,summer,1
RAD02_240722132959_41375,2024-07-22 13:29:59,36.3607481,127.3541642,대전광역시 유성구 어은동 311,2024,7,22,13,0,summer,0
RAD02_240722144805_41849,2024-07-22 14:48:05,36.3623562,127.3558128,대전광역시 유성구 어은동 109,2024,7,22,14,0,summer,0
RAD02_240722144831_41905,2024-07-22 14:48:31,36.3624276,127.3561928,대전광역시 유성구 어은동 109,2024,7,22,14,0,summer,0
RAD02_240722144850_41918,2024-07-22 14:48:49,36.3625815,127.3565681,대전광역시 유성구 어은동 109,2024,7,22,14,0,summer,0
RAD02_240722150541_42077,2024-07-22 15:05:41,36.3624017,127.3566568,대전광역시 유성구 어은동 109,2024,7,22,15,0,summer,0
RAD02_240723102054_42106,2024-07-23 10:20:54,36.3617499,127.3567053,대전광역시 유성구 어은동 109,2024,7,23,10,1,summer,0
RAD02_240723102554_42623,2024-07-23 10:25:53,36.3575433,127.3427661,대전광역시 유성구 봉명동 608,2024,7,23,10,1,summer,0
RAD02_240723102720_42912,2024-07-23 10:27:19,36.3493848,127.3400517,대전광역시 유성구 봉명동 1058,2024,7,23,10,1,summer,0
RAD02_240723102727_42955,2024-07-23 10:27:27,36.3488061,127.34008,대전광역시 유성구 봉명동 1058,2024,7,23,10,1,summer,0
RAD02_240723102749_43043,2024-07-23 10:27:48,36.3486954,127.3380289,대전광역시 유성구 상대동 556,2024,7,23,10,1,summer,0
RAD02_240723102755_43056,2024-07-23 10:27:54,36.3486802,127.3371163,대전광역시 유성구 상대동 556,2024,7,23,10,1,summer,0
RAD02_240723102758_43081,2024-07-23 10:27:57,36.3486706,127.3366655,대전광역시 유성구 상대동 556,2024,7,23,10,1,summer,0
RAD02_240723102804_43093,2024-07-23 10:28:03,36.3486585,127.3358612,대전광역시 유성구 상대동 556,2024,7,23,10,1,summer,0
RAD02_240723102824_43126,2024-07-23 10:28:23,36.3486556,127.3335618,대전광역시 유성구 상대동 556,2024,7,23,10,1,summer,0
RAD02_240723102843_43145,2024-07-23 10:28:42,36.3486235,127.3313473,대전광역시 유성구 상대동 556,2024,7,23,10,1,summer,0
RAD02_240723102901_43184,2024-07-23 10:29:00,36.3486235,127.3312673,대전광역시 유성구 상대동 556,2024,7,23,10,1,summer,0
RAD02_240723103039_43337,2024-07-23 10:30:38,36.3486282,127.3267053,대전광역시 유성구 상대동 556,2024,7,23,10,1,summer,0
RAD02_240723103401_43736,2024-07-23 10:34:01,36.3361049,127.3167407,대전광역시 유성구 학하동 687,2024,7,23,10,1,summer,0
RAD02_240723103444_43798,2024-07-23 10:34:44,36.3299821,127.3131031,대전광역시 유성구 용계동 390-3,2024,7,23,10,1,summer,0
RAD02_240723103446_43801,2024-07-23 10:34:46,36.3297016,127.3129649,대전광역시 유성구 용계동 390-3,2024,7,23,10,1,summer,0
RAD02_240723103501_43849,2024-07-23 10:35:01,36.3273335,127.3122078,대전광역시 유성구 용계동 산 50-6,2024,7,23,10,1,summer,0
RAD02_240723103541_43900,2024-07-23 10:35:40,36.3244361,127.3123075,대전광역시 유성구 용계동 402-11,2024,7,23,10,1,summer,0
RAD02_240723103616_43932,2024-07-23 10:36:15,36.3201457,127.3136482,대전광역시 유성구 대정동 산 38-1,2024,7,23,10,1,summer,0
RAD02_240723103652_43970,2024-07-23 10:36:52,36.3149986,127.3155018,대전광역시 유성구 대정동 507,2024,7,23,10,1,summer,0
RAD02_240723103657_43993,2024-07-23 10:36:57,36.3144026,127.3157373,대전광역시 유성구 대정동 509-9,2024,7,23,10,1,summer,0
RAD02_240723103726_44053,2024-07-23 10:37:24,36.3110067,127.3174702,대전광역시 유성구 교촌동 123-4,2024,7,23,10,1,summer,0
RAD02_240723103816_44176,2024-07-23 10:38:16,36.3051794,127.3200677,대전광역시 유성구 교촌동 652,2024,7,23,10,1,summer,0
RAD02_240723103823_44195,2024-07-23 10:38:22,36.3047175,127.320255,대전광역시 유성구 교촌동 652,2024,7,23,10,1,summer,0
RAD02_240723104158_44681,2024-07-23 10:41:57,36.2993358,127.3157872,대전광역시 유성구 원내동 772,2024,7,23,10,1,summer,0
RAD02_240723104211_44694,2024-07-23 10:42:11,36.2986134,127.316021,대전광역시 유성구 원내동 772,2024,7,23,10,1,summer,0
RAD02_240723104228_44718,2024-07-23 10:42:28,36.2983857,127.3157099,대전광역시 유성구 원내동 708,2024,7,23,10,1,summer,0
RAD02_240723104312_44774,2024-07-23 10:43:11,36.2979338,127.3150333,대전광역시 유성구 원내동 280,2024,7,23,10,1,summer,0
RAD02_240723105637_44968,2024-07-23 10:56:37,36.2986844,127.3161518,대전광역시 유성구 원내동 736,2024,7,23,10,1,summer,0
RAD02_240723105754_45004,2024-07-23 10:57:53,36.299355,127.3159116,대전광역시 유성구 원내동 735,2024,7,23,10,1,summer,0
RAD02_240723105802_45020,2024-07-23 10:58:02,36.2997707,127.3157655,대전광역시 유성구 원내동 735,2024,7,23,10,1,summer,0
RAD02_240723105815_45031,2024-07-23 10:58:14,36.3006165,127.3154704,대전광역시 유성구 원내동 735,2024,7,23,10,1,summer,0
RAD02_240723105821_45044,2024-07-23 10:58:20,36.3010087,127.3153214,대전광역시 유성구 원내동 773,2024,7,23,10,1,summer,0
RAD02_240723105840_45080,2024-07-23 10:58:40,36.3025569,127.3156015,대전광역시 유성구 원내동 773,2024,7,23,10,1,summer,0
RAD02_240723110012_45161,2024-07-23 11:00:12,36.3034721,127.3176269,대전광역시 유성구 원내동 773,2024,7,23,11,1,summer,0
RAD02_240723110053_0,2024-07-23 11:00:52,36.3042144,127.3203217,대전광역시 유성구 원내동 773,2024,7,23,11,1,summer,0
RAD02_240723110053_45257,2024-07-23 11:00:52,36.3042144,127.3203217,대전광역시 유성구 원내동 773,2024,7,23,11,1,summer,0
RAD02_240725102042_2170,2024-07-25 10:20:41,36.3598648,127.2932792,대전광역시 유성구 갑동 392-11,2024,7,25,10,3,summer,0
RAD02_240729153853_0,2024-07-29 15:38:52,36.4192753,127.37974,대전광역시 유성구 덕진동 산 14-3,2024,7,29,15,0,summer,0
RAD02_240729154719_6522,2024-07-29 15:47:18,36.4458044,127.3853474,대전광역시 유성구 봉산동 714,2024,7,29,15,0,summer,0
RAD02_240730094242_7947,2024-07-30 09:42:42,36.3585841,127.3371612,대전광역시 유성구 장대동 290,2024,7,30,9,1,summer,1
RAD02_240731150038_8190,2024-07-31 15:00:38,36.3623864,127.3561796,대전광역시 유성구 어은동 109,2024,7,31,15,2,summer,0
RAD02_240731150044_0,2024-07-31 15:00:43,36.3624294,127.3562708,대전광역시 유성구 어은동 109,2024,7,31,15,2,summer,0
RAD02_240801092842_10003,2024-08-01 09:28:42,36.3595454,127.3429622,대전광역시 유성구 봉명동 601,2024,8,1,9,3,summer,1
RAD02_240801093134_10281,2024-08-01 09:31:34,36.3585989,127.3374559,대전광역시 유성구 장대동 290,2024,8,1,9,3,summer,1
RAD02_240801093943_10898,2024-08-01 09:39:42,36.358922,127.3287995,대전광역시 유성구 장대동 258,2024,8,1,9,3,summer,1
RAD02_240801094131_10973,2024-08-01 09:41:31,36.3594928,127.3239981,대전광역시 유성구 장대동 295,2024,8,1,9,3,summer,1
RAD02_240801094346_11195,2024-08-01 09:43:44,36.3604705,127.3031363,대전광역시 유성구 덕명동 555,2024,8,1,9,3,summer,1
RAD02_240801101044_11973,2024-08-01 10:10:44,36.3603685,127.3267128,대전광역시 유성구 장대동 223-20,2024,8,1,10,3,summer,0
RAD02_240801101121_11989,2024-08-01 10:11:19,36.3636454,127.3272178,대전광역시 유성구 장대동 231-2,2024,8,1,10,3,summer,0
RAD02_240801162922_12332,2024-08-01 16:29:21,36.3848419,127.3785481,대전광역시 유성구 도룡동 409,2024,8,1,16,3,summer,0
RAD02_240805103952_15754,2024-08-05 10:39:51,36.353136,127.3369673,대전광역시 유성구 봉명동 534,2024,8,5,10,0,summer,0
RAD02_240805104059_15947,2024-08-05 10:40:59,36.3546954,127.3382101,대전광역시 유성구 봉명동 529,2024,8,5,10,0,summer,0
RAD02_240805165159_17289,2024-08-05 16:51:58,36.4182704,127.3788462,대전광역시 유성구 관평동 657-3,2024,8,5,16,0,summer,0
RAD02_240805170944_17986,2024-08-05 17:09:44,36.4119107,127.3779061,대전광역시 유성구 화암동 120-3,2024,8,5,17,0,summer,0
RAD02_240805171328_18270,2024-08-05 17:13:28,36.3971543,127.3548409,대전광역시 유성구 장동 362-2,2024,8,5,17,0,summer,0
RAD02_240805171556_18387,2024-08-05 17:15:56,36.3940462,127.3504939,대전광역시 유성구 자운동 17-15,2024,8,5,17,0,summer,0
RAD02_240805173844_18913,2024-08-05 17:38:43,36.369134,127.3504628,대전광역시 유성구 궁동 220,2024,8,5,17,0,summer,0
RAD02_240805174140_19238,2024-08-05 17:41:40,36.364056,127.3558003,대전광역시 유성구 어은동 99,2024,8,5,17,0,summer,0
RAD02_240806092522_19653,2024-08-06 09:25:22,36.3624144,127.3561372,대전광역시 유성구 어은동 109,2024,8,6,9,1,summer,1
RAD02_240906142652_433,2024-09-06 14:24:38,36.4087304,127.3755045,대전광역시 유성구 화암동 99-6,2024,9,6,14,4,autumn,0
RAD02_240910095605_3052,2024-09-10 09:56:05,36.3371305,127.3345333,대전광역시 유성구 상대동 498,2024,9,10,9,1,autumn,1
RAD02_240920150052_30,2024-09-20 15:00:52,36.3050871,127.2942619,대전광역시 유성구 성북동 761,2024,9,20,15,4,autumn,0
RAD02_240920152128_1951,2024-09-20 15:21:28,36.3408826,127.3198701,대전광역시 유성구 복용동 175-3,2024,9,20,15,4,autumn,0
RAD02_241028103649_2831,2024-10-28 10:36:49,36.3246945,127.3190443,대전광역시 유성구 용계동 623,2024,10,28,10,0,autumn,0
RAD02_241028103726_2858,2024-10-28 10:37:26,36.3234643,127.317443,대전광역시 유성구 용계동 400-4,2024,10,28,10,0,autumn,0
RAD02_241028123535_6449,2024-10-28 12:35:35,36.2999096,127.315775,대전광역시 유성구 원내동 197-23,2024,10,28,12,0,autumn,0
RAD02_241029093429_6909,2024-10-29 09:34:29,36.3636689,127.3404366,대전광역시 유성구 장대동 377,2024,10,29,9,1,autumn,1
RAD02_241029093442_6921,2024-10-29 09:34:42,36.3638746,127.33984,대전광역시 유성구 장대동 321,2024,10,29,9,1,autumn,1
RAD02_241030091933_10101,2024-10-30 09:19:29,36.348614,127.3325623,대전광역시 유성구 상대동 556,2024,10,30,9,2,autumn,1
RAD02_241030100214_12212,2024-10-30 10:02:09,36.3133259,127.3163753,대전광역시 유성구 교촌동 519-3,2024,10,30,10,2,autumn,0
RAD02_241030135957_13665,2024-10-30 13:59:57,36.3608378,127.3542696,대전광역시 유성구 어은동 106-2,2024,10,30,13,2,autumn,0
RAD02_241030140537_14004,2024-10-30 14:05:37,36.353581,127.3414063,대전광역시 유성구 봉명동 553-2,2024,10,30,14,2,autumn,0
RAD02_241030141755_14580,2024-10-30 14:17:55,36.3243918,127.3123664,대전광역시 유성구 용계동 402-11,2024,10,30,14,2,autumn,0
RAD02_241030150352_18004,2024-10-30 15:03:52,36.3761827,127.338944,대전광역시 유성구 죽동 799,2024,10,30,15,2,autumn,0
RAD02_241031100843_19145,2024-10-31 10:08:43,36.3616374,127.3579044,대전광역시 유성구 어은동 262-1,2024,10,31,10,3,autumn,0
RAD02_241127131151_6528,2024-11-27 13:11:51,36.3575589,127.3410558,대전광역시 유성구 봉명동 603,2024,11,27,13,2,autumn,0
RAD02_241127134821_9297,2024-11-27 13:48:21,36.3747697,127.341719,대전광역시 유성구 궁동 115,2024,11,27,13,2,autumn,0
RAD02_241127143625_12030,2024-11-27 14:36:25,36.3580947,127.3396878,대전광역시 유성구 장대동 373,2024,11,27,14,2,autumn,0
RAD02_241127143634_12142,2024-11-27 14:36:34,36.3575604,127.3398734,대전광역시 유성구 장대동 373,2024,11,27,14,2,autumn,0
RAD02_241205093742_5793,2024-12-05 09:37:40,36.3609414,127.3548325,대전광역시 유성구 어은동 311,2024,12,5,9,3,winter,1
RAD02_241205094739_7988,2024-12-05 09:47:37,36.3361872,127.3334001,대전광역시 유성구 상대동 589,2024,12,5,9,3,winter,1
RAD02_241205094754_8032,2024-12-05 09:47:50,36.3361934,127.3327366,대전광역시 유성구 상대동 589,2024,12,5,9,3,winter,1
RAD02_241205101830_11436,2024-12-05 10:18:30,36.360742,127.3442034,대전광역시 유성구 궁동 481,2024,12,5,10,3,winter,0
RAD02_241205140432_0,2024-12-05 14:04:28,36.3620263,127.3577154,대전광역시 유성구 어은동 59-1,2024,12,5,14,3,winter,0
RAD02_241206094738_14667,2024-12-06 09:47:38,36.3604127,127.3515997,대전광역시 유성구 궁동 434,2024,12,6,9,4,winter,1
RAD02_241206135640_16243,2024-12-06 13:56:40,36.3607916,127.3541535,대전광역시 유성구 어은동 311,2024,12,6,13,4,winter,0
RAD02_241206155111_17443,2024-12-06 15:51:11,36.3622186,127.344801,대전광역시 유성구 궁동 279-11,2024,12,6,15,4,winter,0
RAD02_241210122352_21465,2024-12-10 12:23:52,36.3605842,127.3498916,대전광역시 유성구 궁동 29-4,2024,12,10,12,1,winter,0
RAD02_241211132551_24201,2024-12-11 13:25:51,36.3608519,127.3544088,대전광역시 유성구 어은동 311,2024,12,11,13,2,winter,0
RAD02_241211132620_24236,2024-12-11 13:26:20,36.360397,127.3518479,대전광역시 유성구 궁동 434,2024,12,11,13,2,winter,0
RAD02_241211133531_26161,2024-12-11 13:35:31,36.3917997,127.3503174,대전광역시 유성구 신성동 466,2024,12,11,13,2,winter,0
RAD02_241211133532_26177,2024-12-11 13:35:32,36.3918194,127.3502968,대전광역시 유성구 신성동 466,2024,12,11,13,2,winter,0
RAD02_241212133809_0,2024-12-12 13:38:09,36.3622149,127.3452893,대전광역시 유성구 궁동 220-9,2024,12,12,13,3,winter,0
RAD02_241212153828_0,2024-12-12 15:38:28,36.3632035,127.3409248,대전광역시 유성구 궁동 352,2024,12,12,15,3,winter,0
RAD02_241213141115_0,2024-12-13 14:11:15,36.3114022,127.2896119,대전광역시 유성구 성북동 731-11,2024,12,13,14,4,winter,0
RAD02_241213141448_35390,2024-12-13 14:14:48,36.2935971,127.2998492,대전광역시 유성구 성북동 731-6,2024,12,13,14,4,winter,0
RAD02_241213141600_35849,2024-12-13 14:16:00,36.2895888,127.3035583,대전광역시 유성구 방동 923,2024,12,13,14,4,winter,0
RAD02_241217140036_5592,2024-12-17 14:00:36,36.3607183,127.353945,대전광역시 유성구 어은동 311,2024,12,17,14,1,winter,0
RAD02_241217141511_8760,2024-12-17 14:15:11,36.3840651,127.3068322,대전광역시 유성구 지족동 1062-1,2024,12,17,14,1,winter,0
RAD02_241218091628_0,2024-12-18 09:16:28,36.3613606,127.3562032,대전광역시 유성구 어은동 62-2,2024,12,18,9,2,winter,1
RAD02_241218095123_0,2024-12-18 09:51:23,36.376836,127.3972063,대전광역시 유성구 도룡동 3-6,2024,12,18,9,2,winter,1
RAD02_241219105408_20586,2024-12-19 10:54:03,36.3598608,127.3347847,대전광역시 유성구 장대동 289,2024,12,19,10,3,winter,0
RAD02_241230104201_37068,2024-12-30 10:42:01,36.3609685,127.3489032,대전광역시 유성구 궁동 367-2,2024,12,30,10,0,winter,0
RAD02_250113140339_1153,2025-01-13 14:03:39,36.3605156,127.3507753,대전광역시 유성구 궁동 27-2,2025,1,13,14,0,winter,0
RAD02_250113162244_9330,2025-01-13 16:22:44,36.3750905,127.3297712,대전광역시 유성구 죽동 561-1,2025,1,13,16,0,winter,0
RAD02_250113162317_9452,2025-01-13 16:23:17,36.3767163,127.3308416,대전광역시 유성구 죽동 562-2,2025,1,13,16,0,winter,0
RAD02_250113162329_9563,2025-01-13 16:23:29,36.3775279,127.3307317,대전광역시 유성구 죽동 381,2025,1,13,16,0,winter,0
RAD02_250113162357_9665,2025-01-13 16:23:57,36.3784783,127.3292636,대전광역시 유성구 죽동 369,2025,1,13,16,0,winter,0
RAD02_250113164537_0,2025-01-13 16:45:37,36.3949089,127.3124904,대전광역시 유성구 반석동 685,2025,1,13,16,0,winter,0
RAD02_250117140639_1097,2025-01-17 14:06:39,36.4212318,127.3814122,대전광역시 유성구 관평동 산 8-5,2025,1,17,14,4,winter,0
RAD02_250117154732_0,2025-01-17 15:47:32,36.3866267,127.3186665,대전광역시 유성구 지족동 1005,2025,1,17,15,4,winter,0
RAD02_250117155141_6015,2025-01-17 15:51:41,36.3748903,127.3298318,대전광역시 유성구 죽동 222-2,2025,1,17,15,4,winter,0
RAD02_250120095012_0,2025-01-20 09:50:12,36.3637151,127.3401727,대전광역시 유성구 장대동 321,2025,1,20,9,0,winter,1
RAD02_250120100012_11246,2025-01-20 10:00:12,36.3974904,127.3128827,대전광역시 유성구 외삼동 281-12,2025,1,20,10,0,winter,0
RAD02_250120100044_11313,2025-01-20 10:00:44,36.3979554,127.3120737,대전광역시 유성구 외삼동 282-3,2025,1,20,10,0,winter,0
RAD02_250120135014_13514,2025-01-20 13:50:14,36.3622265,127.3455471,대전광역시 유성구 궁동 220,2025,1,20,13,0,winter,0
RAD02_250120135716_14971,2025-01-20 13:57:16,36.3872696,127.3434526,대전광역시 유성구 하기동 산 2-7,2025,1,20,13,0,winter,0
RAD03_240228095502_93,2024-02-28 09:55:02,36.3633758,127.3563374,대전광역시 유성구 어은동 99,2024,2,28,9,2,winter,1
RAD03_240228095503_0,2024-02-28 09:55:03,36.3633393,127.3563843,대전광역시 유성구 어은동 99,2024,2,28,9,2,winter,1
RAD03_240228095503_93,2024-02-28 09:55:03,36.3633393,127.3563843,대전광역시 유성구 어은동 99,2024,2,28,9,2,winter,1
RAD03_240228095503_95,2024-02-28 09:55:03,36.3633393,127.3563843,대전광역시 유성구 어은동 99,2024,2,28,9,2,winter,1
RAD03_240228095536_0,2024-02-28 09:55:36,36.3634022,127.3564505,대전광역시 유성구 어은동 99,2024,2,28,9,2,winter,1
RAD03_240228095536_136,2024-02-28 09:55:36,36.3634022,127.3564505,대전광역시 유성구 어은동 99,2024,2,28,9,2,winter,1
RAD03_240228095715_411,2024-02-28 09:57:15,36.3633553,127.3563531,대전광역시 유성구 어은동 99,2024,2,28,9,2,winter,1
RAD03_240228095716_411,2024-02-28 09:57:16,36.3633423,127.3563738,대전광역시 유성구 어은동 99,2024,2,28,9,2,winter,1
RAD03_240315141933_5557,2024-03-15 14:19:32,36.3439915,127.3062637,대전광역시 유성구 복용동 557-2,2024,3,15,14,4,spring,0
RAD03_240322100540_1857,2024-03-22 10:05:40,36.3484218,127.3353832,대전광역시 유성구 상대동 489,2024,3,22,10,4,spring,0
RAD03_240322124905_4822,2024-03-22 12:49:05,36.37332,127.3308548,대전광역시 유성구 죽동 564,2024,3,22,12,4,spring,0
RAD03_240325095437_9928,2024-03-25 09:54:37,36.3797111,127.3160106,대전광역시 유성구 지족동 948,2024,3,25,9,0,spring,1
RAD03_240325095912_10354,2024-03-25 09:59:12,36.368572,127.3178383,대전광역시 유성구 노은동 583,2024,3,25,9,0,spring,1
RAD03_240325100310_10491,2024-03-25 10:03:10,36.3662209,127.3325207,대전광역시 유성구 장대동 17-4,2024,3,25,10,0,spring,0
RAD03_240326104241_16041,2024-03-26 10:42:41,36.4441973,127.4255582,대전광역시 대덕구 덕암동 336,2024,3,26,10,1,spring,0
RAD03_240326104329_16253,2024-03-26 10:43:29,36.4421481,127.4284869,대전광역시 대덕구 덕암동 31,2024,3,26,10,1,spring,0
RAD03_240326104416_16362,2024-03-26 10:44:16,36.4419786,127.4295673,대전광역시 대덕구 신탄진동 264-64,2024,3,26,10,1,spring,0
RAD03_240326104417_16368,2024-03-26 10:44:17,36.4420519,127.4295768,대전광역시 대덕구 신탄진동 264-64,2024,3,26,10,1,spring,0
RAD03_240326104456_16464,2024-03-26 10:44:56,36.4448868,127.4300601,대전광역시 대덕구 신탄진동 745,2024,3,26,10,1,spring,0
RAD03_240326104458_16483,2024-03-26 10:44:58,36.4448579,127.4301487,대전광역시 대덕구 신탄진동 745,2024,3,26,10,1,spring,0
RAD03_240326104602_16638,2024-03-26 10:46:02,36.4437076,127.4334665,대전광역시 대덕구 신탄진동 272-2,2024,3,26,10,1,spring,0
RAD03_240326112736_16698,2024-03-26 11:27:36,36.4434515,127.4335004,대전광역시 대덕구 신탄진동 272-2,2024,3,26,11,1,spring,0
RAD03_240326113603_0,2024-03-26 11:36:03,36.4430078,127.4337313,대전광역시 대덕구 신탄진동 272-2,2024,3,26,11,1,spring,0
RAD03_240326113632_16816,2024-03-26 11:36:32,36.443074,127.4333858,대전광역시 대덕구 신탄진동 272-2,2024,3,26,11,1,spring,0
RAD03_240326113634_16821,2024-03-26 11:36:34,36.4430664,127.4334039,대전광역시 대덕구 신탄진동 272-2,2024,3,26,11,1,spring,0
RAD03_240326114938_0,2024-03-26 11:49:38,36.4436518,127.4334659,대전광역시 대덕구 신탄진동 272-2,2024,3,26,11,1,spring,0
RAD03_240326115107_17023,2024-03-26 11:51:07,36.4459118,127.4296444,대전광역시 대덕구 신탄진동 733,2024,3,26,11,1,spring,0
RAD03_240326115249_17223,2024-03-26 11:52:49,36.4509668,127.427948,대전광역시 대덕구 석봉동 388-1,2024,3,26,11,1,spring,0
RAD03_240326115349_17353,2024-03-26 11:53:49,36.4498803,127.4216046,대전광역시 대덕구 석봉동 766,2024,3,26,11,1,spring,0
RAD03_240326115350_17354,2024-03-26 11:53:50,36.4498535,127.4215358,대전광역시 대덕구 석봉동 766,2024,3,26,11,1,spring,0
RAD03_240326115353_17366,2024-03-26 11:53:53,36.4497782,127.4213387,대전광역시 대덕구 석봉동 766,2024,3,26,11,1,spring,0
RAD03_240326115354_17371,2024-03-26 11:53:54,36.4497515,127.4212713,대전광역시 대덕구 석봉동 766,2024,3,26,11,1,spring,0
RAD03_240326115742_17593,2024-03-26 11:57:42,36.4441744,127.4033977,대전광역시 대덕구 문평동 92,2024,3,26,11,1,spring,0
RAD03_240326120525_18197,2024-03-26 12:05:25,36.4073273,127.3744373,대전광역시 유성구 방현동 2-1,2024,3,26,12,1,spring,0
RAD03_240326143455_20976,2024-03-26 14:34:55,36.3670986,127.319076,대전광역시 유성구 노은동 612,2024,3,26,14,1,spring,0
RAD03_240327095446_24345,2024-03-27 09:54:46,36.3485201,127.3258578,대전광역시 유성구 구암동 522-6,2024,3,27,9,2,spring,1
RAD03_240327102510_24468,2024-03-27 10:25:10,36.3483272,127.324071,대전광역시 유성구 구암동 222-1,2024,3,27,10,2,spring,0
RAD03_240327102536_24489,2024-03-27 10:25:36,36.3486314,127.3232744,대전광역시 유성구 구암동 221-4,2024,3,27,10,2,spring,0
RAD03_240327102538_24492,2024-03-27 10:25:38,36.3486033,127.3231306,대전광역시 유성구 구암동 289,2024,3,27,10,2,spring,0
RAD03_240327102724_24612,2024-03-27 10:27:24,36.3505336,127.3222749,대전광역시 유성구 구암동 337-1,2024,3,27,10,2,spring,0
RAD03_240327103811_25158,2024-03-27 10:38:11,36.3545161,127.3388108,대전광역시 유성구 봉명동 529,2024,3,27,10,2,spring,0
RAD03_240327134435_28131,2024-03-27 13:44:35,36.2856584,127.3077602,대전광역시 유성구 방동 19-20,2024,3,27,13,2,spring,0
RAD03_240327135001_28602,2024-03-27 13:50:01,36.2944116,127.3210602,대전광역시 서구 관저동 978-7,2024,3,27,13,2,spring,0
RAD03_240327135011_28630,2024-03-27 13:50:11,36.2955885,127.3215133,대전광역시 서구 관저동 978-5,2024,3,27,13,2,spring,0
RAD03_240327155858_35377,2024-03-27 15:58:58,36.4586255,127.3902565,대전광역시 유성구 금고동 산 21,2024,3,27,15,2,spring,0
RAD03_240327155859_35379,2024-03-27 15:58:59,36.4586442,127.3903297,대전광역시 유성구 금고동 산 21,2024,3,27,15,2,spring,0
RAD03_240327160352_35633,2024-03-27 16:03:52,36.4652806,127.3965343,대전광역시 유성구 금고동 산 21,2024,3,27,16,2,spring,0
RAD03_240328094206_39137,2024-03-28 09:42:06,36.360928,127.3547032,대전광역시 유성구 어은동 311,2024,3,28,9,3,spring,1
RAD03_240328094620_39398,2024-03-28 09:46:20,36.3634859,127.3410776,대전광역시 유성구 궁동 352,2024,3,28,9,3,spring,1
RAD03_240329102642_44029,2024-03-29 10:26:42,36.3568313,127.3466613,대전광역시 유성구 봉명동 637,2024,3,29,10,4,spring,0
RAD03_240419100410_2277,2024-04-19 10:04:10,36.3939595,127.3503828,대전광역시 유성구 자운동 17-15,2024,4,19,10,4,spring,0
RAD03_240419140835_8643,2024-04-19 14:08:35,36.4070087,127.3732129,대전광역시 유성구 방현동 9-12,2024,4,19,14,4,spring,0
RAD03_240419164714_12393,2024-04-19 16:47:14,36.3595886,127.32908,대전광역시 유성구 장대동 220-3,2024,4,19,16,4,spring,0
RAD03_240422133417_0,2024-04-22 13:34:16,36.3584505,127.3562375,대전광역시 유성구 봉명동 698,2024,4,22,13,0,spring,0
RAD03_240422142344_21548,2024-04-22 14:23:44,36.3714329,127.3235289,대전광역시 유성구 노은동 599,2024,4,22,14,0,spring,0
RAD03_240422142840_21886,2024-04-22 14:28:39,36.3755037,127.3227745,대전광역시 유성구 지족동 975,2024,4,22,14,0,spring,0
RAD03_240422143128_22164,2024-04-22 14:31:27,36.3722565,127.3218832,대전광역시 유성구 지족동 976,2024,4,22,14,0,spring,0
RAD03_240422143719_22655,2024-04-22 14:37:19,36.374867,127.3296204,대전광역시 유성구 죽동 552-39,2024,4,22,14,0,spring,0
RAD03_240423142120_3988,2024-04-23 14:21:20,36.3581111,127.331416,대전광역시 유성구 장대동 211-9,2024,4,23,14,1,spring,0
RAD03_240423142242_4234,2024-04-23 14:22:42,36.360006,127.3280608,대전광역시 유성구 장대동 223-10,2024,4,23,14,1,spring,0
RAD03_240424100053_8227,2024-04-24 10:00:53,36.341757,127.3388074,대전광역시 유성구 상대동 498,2024,4,24,10,2,spring,0
RAD03_240430103755_4566,2024-04-30 10:37:55,36.3562525,127.3422689,대전광역시 유성구 봉명동 574,2024,4,30,10,1,spring,0
RAD03_240430133746_0,2024-04-30 13:37:46,36.3900401,127.4053208,대전광역시 유성구 문지동 667,2024,4,30,13,1,spring,0
RAD03_240503110249_0,2024-05-03 11:02:49,36.3700012,127.3271469,대전광역시 유성구 노은동 107-37,2024,5,3,11,4,spring,0
RAD03_240503110256_35728,2024-05-03 11:02:56,36.3710325,127.3271376,대전광역시 유성구 노은동 107-18,2024,5,3,11,4,spring,0
RAD03_240507103444_41905,2024-05-07 10:34:44,36.3605806,127.3499523,대전광역시 유성구 궁동 29-4,2024,5,7,10,1,spring,0
RAD03_240507133110_43032,2024-05-07 13:31:10,36.3845918,127.377755,대전광역시 유성구 도룡동 394-4,2024,5,7,13,1,spring,0
RAD03_240507135256_43573,2024-05-07 13:52:56,36.38559,127.3784667,대전광역시 유성구 도룡동 409,2024,5,7,13,1,spring,0
RAD03_240507140421_45077,2024-05-07 14:04:21,36.3633327,127.3414983,대전광역시 유성구 궁동 351,2024,5,7,14,1,spring,0
RAD03_240507143953_0,2024-05-07 14:39:53,36.3797173,127.3429689,대전광역시 유성구 신성동 산 40-28,2024,5,7,14,1,spring,0
RAD03_240508095057_47663,2024-05-08 09:50:57,36.3605154,127.3531771,대전광역시 유성구 궁동 434,2024,5,8,9,2,spring,1
RAD03_240508140528_51171,2024-05-08 14:05:27,36.3554468,127.3353278,대전광역시 유성구 봉명동 570,2024,5,8,14,2,spring,0
RAD03_240509103557_59364,2024-05-09 10:35:57,36.3633949,127.3412869,대전광역시 유성구 궁동 352,2024,5,9,10,3,spring,0
RAD03_240509111113_60629,2024-05-09 11:11:13,36.3597807,127.3048398,대전광역시 유성구 덕명동 570,2024,5,9,11,3,spring,0
RAD03_240509143001_65020,2024-05-09 14:30:01,36.3394969,127.3045186,대전광역시 유성구 학하동 793,2024,5,9,14,3,spring,0
RAD03_240509143002_65021,2024-05-09 14:30:02,36.3395661,127.304557,대전광역시 유성구 학하동 793,2024,5,9,14,3,spring,0
RAD03_240509155742_66417,2024-05-09 15:57:42,36.3403448,127.3126916,대전광역시 유성구 학하동 827,2024,5,9,15,3,spring,0
RAD03_240513152751_85965,2024-05-13 15:27:51,36.3503694,127.3479733,대전광역시 유성구 봉명동 1061,2024,5,13,15,0,spring,0
RAD03_240513152753_85978,2024-05-13 15:27:53,36.3502447,127.3479668,대전광역시 유성구 봉명동 1061,2024,5,13,15,0,spring,0
RAD03_240528152724_3800,2024-05-28 15:27:24,36.3602916,127.3443451,대전광역시 유성구 궁동 501,2024,5,28,15,1,spring,0
RAD03_240529154810_9864,2024-05-29 15:48:10,36.4428103,127.3855016,대전광역시 유성구 봉산동 973,2024,5,29,15,2,spring,0
RAD03_240529154903_9881,2024-05-29 15:49:03,36.4422107,127.3850539,대전광역시 유성구 봉산동 산 37-4,2024,5,29,15,2,spring,0
RAD03_240529155254_10219,2024-05-29 15:52:54,36.4457878,127.3853832,대전광역시 유성구 봉산동 714,2024,5,29,15,2,spring,0
RAD03_240530154140_8495,2024-05-30 15:41:40,36.4184857,127.3787951,대전광역시 유성구 덕진동 51-4,2024,5,30,15,3,spring,0
RAD03_240617143040_4683,2024-06-17 14:30:40,36.3753099,127.3408985,대전광역시 유성구 죽동 799,2024,6,17,14,0,summer,0
RAD03_240617143332_5024,2024-06-17 14:33:32,36.364679,127.3380516,대전광역시 유성구 장대동 311,2024,6,17,14,0,summer,0
RAD03_240617144734_5693,2024-06-17 14:47:34,36.3667677,127.3176666,대전광역시 유성구 노은동 602,2024,6,17,14,0,summer,0
RAD03_240619152831_7878,2024-06-19 15:28:31,36.3738357,127.3412357,대전광역시 유성구 궁동 114-1,2024,6,19,15,2,summer,0
RAD03_240619152844_0,2024-06-19 15:28:44,36.3719043,127.3406138,대전광역시 유성구 궁동 331-2,2024,6,19,15,2,summer,0
RAD03_240619152943_8039,2024-06-19 15:29:43,36.3651443,127.3383789,대전광역시 유성구 장대동 311,2024,6,19,15,2,summer,0
RAD03_240619153338_8244,2024-06-19 15:33:38,36.361265,127.3477629,대전광역시 유성구 궁동 33-6,2024,6,19,15,2,summer,0
RAD03_240620091933_0,2024-06-20 09:19:33,36.363188,127.341817,대전광역시 유성구 궁동 351,2024,6,20,9,3,summer,1
RAD03_240620092226_8914,2024-06-20 09:22:26,36.3670016,127.3306055,대전광역시 유성구 장대동 116-10,2024,6,20,9,3,summer,1
RAD03_240620092549_9110,2024-06-20 09:25:49,36.3751776,127.3260698,대전광역시 유성구 노은동 138-39,2024,6,20,9,3,summer,1
RAD03_240620093033_9579,2024-06-20 09:30:33,36.387186,127.3220784,대전광역시 유성구 하기동 603,2024,6,20,9,3,summer,1
RAD03_240620093108_9733,2024-06-20 09:31:08,36.3900826,127.3237051,대전광역시 유성구 하기동 603,2024,6,20,9,3,summer,1
RAD03_240620094448_0,2024-06-20 09:44:48,36.3907666,127.3318801,대전광역시 유성구 하기동 603,2024,6,20,9,3,summer,1
RAD03_240620095110_10575,2024-06-20 09:51:10,36.3982791,127.3571694,대전광역시 유성구 장동 364-4,2024,6,20,9,3,summer,1
RAD03_240620100053_11887,2024-06-20 10:00:53,36.4160065,127.3779992,대전광역시 유성구 화암동 203-7,2024,6,20,10,3,summer,0
RAD03_240620100633_12083,2024-06-20 10:06:33,36.4127951,127.3880919,대전광역시 유성구 용산동 764,2024,6,20,10,3,summer,0
RAD03_240620101405_12724,2024-06-20 10:14:05,36.40644,127.3848902,대전광역시 유성구 화암동 57-3,2024,6,20,10,3,summer,0
RAD03_240620101538_12934,2024-06-20 10:15:38,36.4086694,127.3777816,대전광역시 유성구 화암동 109-11,2024,6,20,10,3,summer,0
RAD03_240620101552_12984,2024-06-20 10:15:52,36.4079284,127.3762414,대전광역시 유성구 방현동 349-3,2024,6,20,10,3,summer,0
RAD03_240621101012_0,2024-06-21 10:10:12,36.3607627,127.3542081,대전광역시 유성구 어은동 311,2024,6,21,10,4,summer,0
RAD03_240621101414_302,2024-06-21 10:14:13,36.3558611,127.342136,대전광역시 유성구 봉명동 574,2024,6,21,10,4,summer,0
RAD03_240624104603_1929,2024-06-24 10:46:03,36.3972687,127.3550816,대전광역시 유성구 장동 363-7,2024,6,24,10,0,summer,0
RAD03_240624160148_0,2024-06-24 16:01:47,36.3636969,127.3603858,대전광역시 유성구 구성동 294-6,2024,6,24,16,0,summer,0
RAD03_240626093426_0,2024-06-26 09:34:26,36.3635934,127.3406701,대전광역시 유성구 궁동 335-27,2024,6,26,9,2,summer,1
RAD03_240627113817_0,2024-06-27 11:38:17,36.4248486,127.3936643,대전광역시 유성구 관평동 1288,2024,6,27,11,3,summer,0
RAD03_240627154812_12588,2024-06-27 15:48:12,36.358084,127.3432458,대전광역시 유성구 봉명동 608,2024,6,27,15,3,summer,0
RAD03_240627155251_12717,2024-06-27 15:52:51,36.3614293,127.3564059,대전광역시 유성구 어은동 59-1,2024,6,27,15,3,summer,0
RAD03_240701151654_0,2024-07-01 15:16:53,36.3802982,127.3164768,대전광역시 유성구 지족동 948,2024,7,1,15,0,summer,0
RAD03_240701151810_118,2024-07-01 15:18:09,36.3834115,127.3175792,대전광역시 유성구 지족동 926,2024,7,1,15,0,summer,0
RAD03_240701152519_0,2024-07-01 15:25:19,36.3804669,127.3165383,대전광역시 유성구 지족동 948,2024,7,1,15,0,summer,0
RAD03_240701153247_658,2024-07-01 15:32:47,36.3702158,127.3150586,대전광역시 유성구 노은동 570,2024,7,1,15,0,summer,0
RAD03_240701153307_747,2024-07-01 15:33:07,36.369035,127.3142954,대전광역시 유성구 노은동 570,2024,7,1,15,0,summer,0
RAD03_240701153322_812,2024-07-01 15:33:15,36.3685649,127.3137784,대전광역시 유성구 노은동 570,2024,7,1,15,0,summer,0
RAD03_240726102429_0,2024-07-26 10:24:29,36.4069446,127.3732953,대전광역시 유성구 방현동 9-12,2024,7,26,10,4,summer,0
RAD03_240726105711_3894,2024-07-26 10:57:11,36.3666797,127.3272001,대전광역시 유성구 노은동 74,2024,7,26,10,4,summer,0
RAD03_240908151513_771,2024-09-08 15:15:13,36.3454733,127.3389475,대전광역시 유성구 상대동 495,2024,9,8,15,6,autumn,0
RAD03_240908152627_1348,2024-09-08 15:26:26,36.3378753,127.325972,대전광역시 유성구 복용동 458,2024,9,8,15,6,autumn,0
RAD03_240908152930_1523,2024-09-08 15:29:29,36.3385493,127.316879,대전광역시 유성구 학하동 685-139,2024,9,8,15,6,autumn,0
RAD03_240908153142_1621,2024-09-08 15:31:41,36.3403616,127.3087813,대전광역시 유성구 학하동 792,2024,9,8,15,6,autumn,0
RAD03_240908164016_2769,2024-09-08 16:40:16,36.3623567,127.3568282,대전광역시 유성구 어은동 109,2024,9,8,16,6,autumn,0
RAD03_241028102114_4539,2024-10-28 10:21:14,36.3454301,127.3019064,대전광역시 유성구 덕명동 621,2024,10,28,10,0,autumn,0
RAD03_241028102435_4763,2024-10-28 10:24:34,36.3507579,127.2975022,대전광역시 유성구 덕명동 154-15,2024,10,28,10,0,autumn,0
RAD03_241028102606_4894,2024-10-28 10:26:06,36.3598444,127.3051123,대전광역시 유성구 덕명동 570,2024,10,28,10,0,autumn,0
RAD03_241029110851_0,2024-10-29 11:08:51,36.3595458,127.3231565,대전광역시 유성구 장대동 258-5,2024,10,29,11,1,autumn,0
RAD03_241030141126_11714,2024-10-30 14:11:26,36.3933142,127.4069405,대전광역시 유성구 문지동 668,2024,10,30,14,2,autumn,0
RAD03_241031140449_15376,2024-10-31 14:04:49,36.3496234,127.326575,대전광역시 유성구 구암동 242-10,2024,10,31,14,3,autumn,0
RAD03_241101141301_23683,2024-11-01 14:13:01,36.374778,127.394908,대전광역시 유성구 도룡동 8-59,2024,11,1,14,4,autumn,0
RAD03_241105094205_32321,2024-11-05 09:42:05,36.3650676,127.3631632,대전광역시 유성구 구성동 445-1,2024,11,5,9,1,autumn,1
RAD03_241106154319_38750,2024-11-06 15:43:19,36.3624363,127.3431994,대전광역시 유성구 궁동 254-3,2024,11,6,15,2,autumn,0
RAD03_241128140709_16480,2024-11-28 14:07:09,36.3611846,127.3442745,대전광역시 유성구 궁동 481,2024,11,28,14,3,autumn,0
RAD03_241202142941_57521,2024-12-02 14:29:41,36.4027555,127.4049664,대전광역시 유성구 전민동 464-3,2024,12,2,14,0,winter,0
RAD03_241202143632_61090,2024-12-02 14:36:31,36.4202204,127.3861794,대전광역시 유성구 관평동 673,2024,12,2,14,0,winter,0
RAD03_241202143637_61164,2024-12-02 14:36:37,36.4205666,127.3864053,대전광역시 유성구 관평동 673,2024,12,2,14,0,winter,0
RAD03_241202143638_61166,2024-12-02 14:36:38,36.4206472,127.3864573,대전광역시 유성구 관평동 673,2024,12,2,14,0,winter,0
RAD03_241202185615_0,2024-12-02 18:56:15,36.3624738,127.3571108,대전광역시 유성구 어은동 316,2024,12,2,18,0,winter,1
RAD03_241203102918_105765,2024-12-03 10:29:18,36.3486059,127.3265601,대전광역시 유성구 상대동 556,2024,12,3,10,1,winter,0
RAD03_241204142101_0,2024-12-04 14:21:01,36.3496309,127.32608,대전광역시 유성구 구암동 240,2024,12,4,14,2,winter,0
RAD03_241204142301_170503,2024-12-04 14:23:01,36.3496406,127.3263028,대전광역시 유성구 구암동 240-4,2024,12,4,14,2,winter,0
RAD03_241208175511_330104,2024-12-08 17:55:11,36.354413,127.3501158,대전광역시 유성구 봉명동 700,2024,12,8,17,6,winter,0
RAD03_241208180001_332321,2024-12-08 18:00:01,36.3620165,127.3563687,대전광역시 유성구 어은동 109,2024,12,8,18,6,winter,1
RAD03_241211100217_0,2024-12-11 10:02:17,36.314489,127.3214646,대전광역시 유성구 대정동 319,2024,12,11,10,2,winter,0
RAD03_241211103758_370992,2024-12-11 10:37:58,36.3401016,127.3433003,대전광역시 유성구 원신흥동 586,2024,12,11,10,2,winter,0
RAD03_241213103525_547102,2024-12-13 10:35:25,36.422838,127.4062961,대전광역시 유성구 용산동 605,2024,12,13,10,4,winter,0
RAD03_241216105842_37511,2024-12-16 10:58:42,36.3938882,127.3504008,대전광역시 유성구 자운동 515-22,2024,12,16,10,0,winter,0
RAD03_241217101244_108602,2024-12-17 10:12:44,36.3913696,127.3249799,대전광역시 유성구 하기동 603,2024,12,17,10,1,winter,0
RAD03_250109145844_46325,2025-01-09 14:58:44,36.3809451,127.4065991,대전광역시 유성구 원촌동 90,2025,1,9,14,3,winter,0
RAD03_250109145845_46337,2025-01-09 14:58:45,36.3810703,127.4065609,대전광역시 유성구 원촌동 90,2025,1,9,14,3,winter,0
RAD03_250117100018_10653,2025-01-17 10:00:18,36.4436262,127.2874405,세종특별자치시 금남면 감성리 66-3,2025,1,17,10,4,winter,0
RAD03_250117100511_11444,2025-01-17 10:05:11,36.4406968,127.3151904,세종특별자치시 금남면 금천리 371-1,2025,1,17,10,4,winter,0
RAD03_250117100524_11498,2025-01-17 10:05:24,36.4403871,127.3166947,세종특별자치시 금남면 금천리 205-2,2025,1,17,10,4,winter,0
RAD04_240229124816_188,2024-02-29 12:48:16,36.3509413,127.3349733,대전광역시 유성구 구암동 638,2024,2,29,12,3,winter,0
RAD04_240229125119_299,2024-02-29 12:51:19,36.3521803,127.3339143,대전광역시 유성구 구암동 635,2024,2,29,12,3,winter,0
RAD04_240229131015_1268,2024-02-29 13:10:15,36.366928,127.3109622,대전광역시 유성구 노은동 413-3,2024,2,29,13,3,winter,0
RAD04_240229131443_1357,2024-02-29 13:14:43,36.3644295,127.3084739,대전광역시 유성구 구암동 514,2024,2,29,13,3,winter,0
RAD04_240229131443_1361,2024-02-29 13:14:43,36.3644295,127.3084739,대전광역시 유성구 구암동 514,2024,2,29,13,3,winter,0
RAD04_240229132202_1738,2024-02-29 13:22:02,36.3775002,127.3059954,대전광역시 유성구 지족동 1062-1,2024,2,29,13,3,winter,0
RAD04_240301061037_4588,2024-03-01 06:10:37,36.3747976,127.3193131,대전광역시 유성구 지족동 965,2024,3,1,6,4,spring,0
RAD04_240304141215_1160,2024-03-04 14:12:15,36.3609309,127.3530891,대전광역시 유성구 궁동 445,2024,3,4,14,0,spring,0
RAD04_240304152738_4040,2024-03-04 15:27:38,36.3849263,127.3215201,대전광역시 유성구 하기동 585,2024,3,4,15,0,spring,0
RAD04_240305062608_5000,2024-03-05 06:26:08,36.3736319,127.3193243,대전광역시 유성구 지족동 965,2024,3,5,6,1,spring,0
RAD04_240305063043_5158,2024-03-05 06:30:43,36.3666778,127.3312545,대전광역시 유성구 장대동 116-5,2024,3,5,6,1,spring,0
RAD04_240305065112_5462,2024-03-05 06:51:12,36.3626943,127.3474261,대전광역시 유성구 궁동 438,2024,3,5,6,1,spring,0
RAD04_240305065113_5463,2024-03-05 06:51:12,36.3626943,127.3474261,대전광역시 유성구 궁동 438,2024,3,5,6,1,spring,0
RAD04_240305074247_7718,2024-03-05 07:42:47,36.3611856,127.3534735,대전광역시 유성구 궁동 434,2024,3,5,7,1,spring,0
RAD04_240305160929_3115,2024-03-05 16:09:29,36.3615682,127.3351341,대전광역시 유성구 장대동 63-2,2024,3,5,16,1,spring,0
RAD04_240305163312_3668,2024-03-05 16:33:12,36.3621484,127.3354577,대전광역시 유성구 장대동 333,2024,3,5,16,1,spring,0
RAD04_240306093837_8210,2024-03-06 09:38:37,36.3874912,127.3186007,대전광역시 유성구 하기동 576,2024,3,6,9,2,spring,1
RAD04_240306093845_8223,2024-03-06 09:38:45,36.387443,127.3184973,대전광역시 유성구 하기동 575,2024,3,6,9,2,spring,1
RAD04_240306094915_8472,2024-03-06 09:49:15,36.3989653,127.3142435,대전광역시 유성구 외삼동 574-5,2024,3,6,9,2,spring,1
RAD04_240306094918_8474,2024-03-06 09:49:18,36.3991151,127.3140179,대전광역시 유성구 외삼동 577,2024,3,6,9,2,spring,1
RAD04_240306094943_8485,2024-03-06 09:49:43,36.3999396,127.3122468,대전광역시 유성구 외삼동 574-5,2024,3,6,9,2,spring,1
RAD04_240306094944_8490,2024-03-06 09:49:44,36.3999679,127.3122242,대전광역시 유성구 외삼동 574-5,2024,3,6,9,2,spring,1
RAD04_240306095311_8659,2024-03-06 09:53:11,36.4034867,127.3115641,대전광역시 유성구 외삼동 582,2024,3,6,9,2,spring,1
RAD04_240306100211_8833,2024-03-06 10:02:11,36.4137939,127.2981846,대전광역시 유성구 안산동 273-2,2024,3,6,10,2,spring,0
RAD04_240306145541_1968,2024-03-06 14:55:41,36.3594103,127.3393021,대전광역시 유성구 장대동 373,2024,3,6,14,2,spring,0
RAD04_240306145547_1977,2024-03-06 14:55:47,36.3598201,127.3392838,대전광역시 유성구 장대동 373,2024,3,6,14,2,spring,0
RAD04_240306155019_3258,2024-03-06 15:50:19,36.387226,127.3257301,대전광역시 유성구 하기동 597-3,2024,3,6,15,2,spring,0
RAD04_240306155407_3262,2024-03-06 15:54:07,36.3872732,127.3257704,대전광역시 유성구 하기동 599,2024,3,6,15,2,spring,0
RAD04_240306155444_3273,2024-03-06 15:54:44,36.3876842,127.3254523,대전광역시 유성구 하기동 597-1,2024,3,6,15,2,spring,0
RAD04_240307092848_8050,2024-03-07 09:28:48,36.3571893,127.3385575,대전광역시 유성구 장대동 286-10,2024,3,7,9,3,spring,1
RAD04_240307092907_8089,2024-03-07 09:29:07,36.3570904,127.3380879,대전광역시 유성구 장대동 293,2024,3,7,9,3,spring,1
RAD04_240307094356_8590,2024-03-07 09:43:56,36.3684586,127.3192012,대전광역시 유성구 노은동 591,2024,3,7,9,3,spring,1
RAD04_240307142555_10512,2024-03-07 14:25:35,36.3903367,127.2967964,대전광역시 유성구 반석동 499-2,2024,3,7,14,3,spring,0
RAD04_240307144809_10688,2024-03-07 14:48:09,36.3866109,127.3032463,대전광역시 유성구 지족동 1057,2024,3,7,14,3,spring,0
RAD04_240307145355_10975,2024-03-07 14:53:55,36.374596,127.3049595,대전광역시 유성구 지족동 1060-1,2024,3,7,14,3,spring,0
RAD04_240307145453_10989,2024-03-07 14:54:53,36.3745453,127.3050501,대전광역시 유성구 지족동 1060-1,2024,3,7,14,3,spring,0
RAD04_240307145503_10991,2024-03-07 14:55:03,36.3744059,127.3052699,대전광역시 유성구 지족동 1060-1,2024,3,7,14,3,spring,0
RAD04_240308071630_13021,2024-03-08 07:16:30,36.3617674,127.3475369,대전광역시 유성구 궁동 438,2024,3,8,7,4,spring,0
RAD04_240308072015_13088,2024-03-08 07:20:15,36.3602462,127.3485352,대전광역시 유성구 궁동 496,2024,3,8,7,4,spring,0
RAD04_240308101223_15663,2024-03-08 10:12:23,36.3986968,127.3147334,대전광역시 유성구 외삼동 577,2024,3,8,10,4,spring,0
RAD04_240308102400_15805,2024-03-08 10:24:00,36.4142147,127.2981386,대전광역시 유성구 안산동 275-1,2024,3,8,10,4,spring,0
RAD04_240308154615_1371,2024-03-08 15:46:15,36.3664857,127.3232562,대전광역시 유성구 노은동 613,2024,3,8,15,4,spring,0
RAD04_240308160118_1619,2024-03-08 16:01:18,36.383192,127.3207279,대전광역시 유성구 지족동 862-10,2024,3,8,16,4,spring,0
RAD04_240315073206_1269,2024-03-15 07:32:05,36.3607926,127.3406595,대전광역시 유성구 궁동 455,2024,3,15,7,4,spring,0
RAD04_240315095835_4527,2024-03-15 09:58:34,36.3894705,127.3015819,대전광역시 유성구 지족동 1104,2024,3,15,9,4,spring,1
RAD04_240315102559_5764,2024-03-15 10:25:58,36.359924,127.3328281,대전광역시 유성구 장대동 288,2024,3,15,10,4,spring,0
RAD04_240315140528_8172,2024-03-15 14:05:27,36.3867309,127.3316777,대전광역시 유성구 하기동 618,2024,3,15,14,4,spring,0
RAD04_240315143837_9612,2024-03-15 14:38:36,36.4045878,127.305871,대전광역시 유성구 외삼동 441-4,2024,3,15,14,4,spring,0
RAD04_240315143838_9613,2024-03-15 14:38:37,36.4046401,127.3058309,대전광역시 유성구 외삼동 441-1,2024,3,15,14,4,spring,0
RAD04_240315144435_9786,2024-03-15 14:44:35,36.42513,127.2930793,세종특별자치시 금남면 두만리 581-10,2024,3,15,14,4,spring,0
RAD04_240315144451_9813,2024-03-15 14:44:51,36.424851,127.2935734,세종특별자치시 금남면 두만리 581-10,2024,3,15,14,4,spring,0
RAD04_240315144459_9840,2024-03-15 14:44:58,36.4244401,127.2941234,세종특별자치시 금남면 두만리 52-8,2024,3,15,14,4,spring,0
RAD04_240315144500_9856,2024-03-15 14:45:00,36.424298,127.2943179,세종특별자치시 금남면 두만리 52-8,2024,3,15,14,4,spring,0
RAD04_240315144501_9858,2024-03-15 14:44:59,36.424371,127.2942183,세종특별자치시 금남면 두만리 52-8,2024,3,15,14,4,spring,0
RAD04_240315144504_9877,2024-03-15 14:45:04,36.4240066,127.2947117,세종특별자치시 금남면 두만리 39-1,2024,3,15,14,4,spring,0
RAD04_240315144508_9892,2024-03-15 14:45:07,36.4237778,127.2950156,세종특별자치시 금남면 두만리 42-3,2024,3,15,14,4,spring,0
RAD04_240315144515_9919,2024-03-15 14:45:14,36.4232494,127.2957205,세종특별자치시 금남면 두만리 42-11,2024,3,15,14,4,spring,0
RAD04_240315144517_9930,2024-03-15 14:45:16,36.4230935,127.2959228,세종특별자치시 금남면 두만리 42-11,2024,3,15,14,4,spring,0
RAD04_240315145012_10158,2024-03-15 14:50:11,36.4118586,127.2980415,대전광역시 유성구 안산동 257-2,2024,3,15,14,4,spring,0
RAD04_240315150117_10298,2024-03-15 15:01:17,36.4180909,127.2958353,대전광역시 유성구 안산동 351-2,2024,3,15,15,4,spring,0
RAD04_240315150221_10350,2024-03-15 15:02:21,36.4154359,127.2979932,대전광역시 유성구 안산동 284-1,2024,3,15,15,4,spring,0
RAD04_240315151052_10715,2024-03-15 15:10:51,36.3953794,127.3104892,대전광역시 유성구 반석동 676,2024,3,15,15,4,spring,0
RAD04_240315151241_10842,2024-03-15 15:12:40,36.3934307,127.3127439,대전광역시 유성구 반석동 689,2024,3,15,15,4,spring,0
RAD04_240315160025_12304,2024-03-15 16:00:24,36.3823345,127.3233784,대전광역시 유성구 죽동 630,2024,3,15,16,4,spring,0
RAD04_240315160348_12364,2024-03-15 16:03:47,36.3821455,127.3242538,대전광역시 유성구 죽동 641,2024,3,15,16,4,spring,0
RAD04_240316072002_14805,2024-03-16 07:20:02,36.3586141,127.3372929,대전광역시 유성구 장대동 290,2024,3,16,7,5,spring,0
RAD04_240316072005_14809,2024-03-16 07:20:05,36.3586145,127.3371732,대전광역시 유성구 장대동 290,2024,3,16,7,5,spring,0
RAD04_240316072046_14835,2024-03-16 07:20:46,36.3587096,127.3362763,대전광역시 유성구 장대동 290,2024,3,16,7,5,spring,0
RAD04_240316072046_14836,2024-03-16 07:20:46,36.3587096,127.3362763,대전광역시 유성구 장대동 290,2024,3,16,7,5,spring,0
RAD04_240316072111_14866,2024-03-16 07:21:09,36.3596018,127.3361984,대전광역시 유성구 장대동 290,2024,3,16,7,5,spring,0
RAD04_240316072451_15094,2024-03-16 07:24:51,36.3593666,127.3392583,대전광역시 유성구 장대동 373,2024,3,16,7,5,spring,0
RAD04_240316072524_15220,2024-03-16 07:25:24,36.3582065,127.3396608,대전광역시 유성구 장대동 373,2024,3,16,7,5,spring,0
RAD04_240316072631_15330,2024-03-16 07:26:31,36.3575365,127.3399083,대전광역시 유성구 장대동 373,2024,3,16,7,5,spring,0
RAD04_240316073524_15455,2024-03-16 07:35:24,36.350304,127.3386231,대전광역시 유성구 봉명동 576-1,2024,3,16,7,5,spring,0
RAD04_240316080041_16303,2024-03-16 08:00:41,36.3618632,127.3575563,대전광역시 유성구 어은동 59-12,2024,3,16,8,5,spring,1
RAD04_240316085136_18543,2024-03-16 08:51:36,36.3678407,127.3271244,대전광역시 유성구 노은동 63-29,2024,3,16,8,5,spring,1
RAD04_240316085148_18640,2024-03-16 08:51:48,36.3694598,127.3271185,대전광역시 유성구 노은동 112-17,2024,3,16,8,5,spring,1
RAD04_240316085157_18729,2024-03-16 08:51:57,36.3708263,127.3271085,대전광역시 유성구 노은동 107-18,2024,3,16,8,5,spring,1
RAD04_240316085159_18758,2024-03-16 08:51:58,36.3709835,127.3271067,대전광역시 유성구 노은동 107-18,2024,3,16,8,5,spring,1
RAD04_240318135228_1247,2024-03-18 13:52:26,36.3578995,127.3361589,대전광역시 유성구 장대동 293,2024,3,18,13,0,spring,0
RAD04_240318152349_4375,2024-03-18 15:23:47,36.3868764,127.3248244,대전광역시 유성구 하기동 596,2024,3,18,15,0,spring,0
RAD04_240319063615_5685,2024-03-19 06:36:15,36.3697593,127.3234051,대전광역시 유성구 노은동 599,2024,3,19,6,1,spring,0
RAD04_240319074807_7391,2024-03-19 07:48:07,36.3610381,127.3419231,대전광역시 유성구 궁동 472,2024,3,19,7,1,spring,0
RAD04_240319102350_11159,2024-03-19 10:23:50,36.3611757,127.3284398,대전광역시 유성구 장대동 228-8,2024,3,19,10,1,spring,0
RAD04_240319102704_11308,2024-03-19 10:27:04,36.3655623,127.3176768,대전광역시 유성구 노은동 611,2024,3,19,10,1,spring,0
RAD04_240319104348_12290,2024-03-19 10:43:48,36.3684685,127.3176704,대전광역시 유성구 노은동 583,2024,3,19,10,1,spring,0
RAD04_240319104811_12418,2024-03-19 10:48:11,36.3657853,127.3326057,대전광역시 유성구 장대동 121-2,2024,3,19,10,1,spring,0
RAD04_240319104813_12419,2024-03-19 10:48:13,36.3656542,127.3326867,대전광역시 유성구 장대동 121-2,2024,3,19,10,1,spring,0
RAD04_240319154627_14114,2024-03-19 15:46:27,36.3855478,127.3561245,대전광역시 유성구 신성동 산 5-7,2024,3,19,15,1,spring,0
RAD04_240319155034_14329,2024-03-19 15:50:34,36.3855657,127.3784788,대전광역시 유성구 도룡동 409,2024,3,19,15,1,spring,0
RAD04_240319155035_14330,2024-03-19 15:50:35,36.3855468,127.3785166,대전광역시 유성구 도룡동 409,2024,3,19,15,1,spring,0
RAD04_240319155251_14589,2024-03-19 15:52:51,36.3781416,127.3766398,대전광역시 유성구 가정동 37,2024,3,19,15,1,spring,0
RAD04_240320080005_19385,2024-03-20 08:00:05,36.361201,127.338621,대전광역시 유성구 장대동 351,2024,3,20,8,2,spring,1
RAD04_240320093823_22574,2024-03-20 09:38:23,36.3985853,127.3149502,대전광역시 유성구 외삼동 220,2024,3,20,9,2,spring,1
RAD04_240320093830_22576,2024-03-20 09:38:30,36.3987361,127.314639,대전광역시 유성구 외삼동 577,2024,3,20,9,2,spring,1
RAD04_240320093831_22577,2024-03-20 09:38:31,36.3987553,127.3145941,대전광역시 유성구 외삼동 577,2024,3,20,9,2,spring,1
RAD04_240320100025_23085,2024-03-20 10:00:25,36.4180813,127.2957847,대전광역시 유성구 안산동 산 22-6,2024,3,20,10,2,spring,0
RAD04_240320100130_23137,2024-03-20 10:01:30,36.4155237,127.2979896,대전광역시 유성구 안산동 284-1,2024,3,20,10,2,spring,0
RAD04_240320101340_23564,2024-03-20 10:13:40,36.3988011,127.3145384,대전광역시 유성구 외삼동 574-5,2024,3,20,10,2,spring,0
RAD04_240320101346_23579,2024-03-20 10:13:46,36.3986666,127.3148267,대전광역시 유성구 외삼동 577,2024,3,20,10,2,spring,0
RAD04_240320101403_23599,2024-03-20 10:14:03,36.3984152,127.3153139,대전광역시 유성구 외삼동 574-5,2024,3,20,10,2,spring,0
RAD04_240320101647_23608,2024-03-20 10:16:47,36.3983185,127.3155252,대전광역시 유성구 외삼동 574-5,2024,3,20,10,2,spring,0
RAD04_240320103407_25124,2024-03-20 10:34:07,36.3664283,127.3127698,대전광역시 유성구 노은동 603,2024,3,20,10,2,spring,0
RAD04_240320103445_25199,2024-03-20 10:34:45,36.364075,127.3138529,대전광역시 유성구 노은동 603,2024,3,20,10,2,spring,0
RAD04_240320103445_25201,2024-03-20 10:34:45,36.364075,127.3138529,대전광역시 유성구 노은동 603,2024,3,20,10,2,spring,0
RAD04_240320103533_25288,2024-03-20 10:35:33,36.3632938,127.3172028,대전광역시 유성구 노은동 603,2024,3,20,10,2,spring,0
RAD04_240320104047_25420,2024-03-20 10:40:47,36.3666807,127.33117,대전광역시 유성구 장대동 116-5,2024,3,20,10,2,spring,0
RAD04_240320104110_25464,2024-03-20 10:41:10,36.365939,127.3325248,대전광역시 유성구 장대동 121-2,2024,3,20,10,2,spring,0
RAD04_240320104112_25483,2024-03-20 10:41:12,36.3658437,127.3325814,대전광역시 유성구 장대동 121-2,2024,3,20,10,2,spring,0
RAD04_240320104441_25805,2024-03-20 10:44:41,36.3586328,127.3352517,대전광역시 유성구 장대동 290,2024,3,20,10,2,spring,0
RAD04_240320144149_28280,2024-03-20 14:41:49,36.3672892,127.3294121,대전광역시 유성구 노은동 97,2024,3,20,14,2,spring,0
RAD04_240320144151_28281,2024-03-20 14:41:51,36.3673105,127.3294025,대전광역시 유성구 노은동 97,2024,3,20,14,2,spring,0
RAD04_240320144309_28313,2024-03-20 14:43:09,36.3690079,127.3286739,대전광역시 유성구 노은동 97,2024,3,20,14,2,spring,0
RAD04_240320144326_28323,2024-03-20 14:43:26,36.3691698,127.3286026,대전광역시 유성구 노은동 97,2024,3,20,14,2,spring,0
RAD04_240321095738_37677,2024-03-21 09:57:38,36.3747057,127.3210463,대전광역시 유성구 지족동 973,2024,3,21,9,3,spring,1
RAD04_240321095743_37682,2024-03-21 09:57:43,36.374705,127.3211138,대전광역시 유성구 지족동 973,2024,3,21,9,3,spring,1
RAD04_240321103634_39698,2024-03-21 10:36:34,36.3863873,127.3380045,대전광역시 유성구 하기동 145-1,2024,3,21,10,3,spring,0
RAD04_240321141510_41496,2024-03-21 14:15:10,36.3917836,127.3118112,대전광역시 유성구 반석동 676,2024,3,21,14,3,spring,0
RAD04_240321142012_41740,2024-03-21 14:20:12,36.3923987,127.3088371,대전광역시 유성구 반석동 616,2024,3,21,14,3,spring,0
RAD04_240321145419_42236,2024-03-21 14:54:19,36.410186,127.30046,대전광역시 유성구 안산동 227-9,2024,3,21,14,3,spring,0
RAD04_240321145420_42243,2024-03-21 14:54:20,36.4101675,127.300512,대전광역시 유성구 안산동 227-9,2024,3,21,14,3,spring,0
RAD04_240322063158_496,2024-03-22 06:31:58,36.3700646,127.3234103,대전광역시 유성구 노은동 599,2024,3,22,6,4,spring,0
RAD04_240322082154_3793,2024-03-22 08:21:54,36.3588135,127.3395885,대전광역시 유성구 장대동 374,2024,3,22,8,4,spring,1
RAD04_240322094110_92,2024-03-22 09:41:10,36.3721896,127.3174811,대전광역시 유성구 노은동 569,2024,3,22,9,4,spring,1
RAD04_240322103149_1434,2024-03-22 10:31:49,36.3878495,127.3099575,대전광역시 유성구 지족동 1060-1,2024,3,22,10,4,spring,0
RAD04_240322135834_2477,2024-03-22 13:58:34,36.3647811,127.3170002,대전광역시 유성구 노은동 609,2024,3,22,13,4,spring,0
RAD04_240322144217_3578,2024-03-22 14:42:17,36.3619318,127.3371929,대전광역시 유성구 장대동 344,2024,3,22,14,4,spring,0
RAD04_240322160038_4290,2024-03-22 16:00:38,36.3698752,127.3234894,대전광역시 유성구 노은동 599,2024,3,22,16,4,spring,0
RAD04_240322160054_4348,2024-03-22 16:00:54,36.3712802,127.323494,대전광역시 유성구 노은동 599,2024,3,22,16,4,spring,0
RAD04_240322161937_5205,2024-03-22 16:19:37,36.3925814,127.3115061,대전광역시 유성구 반석동 676,2024,3,22,16,4,spring,0
RAD04_240322162743_5316,2024-03-22 16:27:43,36.3935438,127.3127071,대전광역시 유성구 반석동 689,2024,3,22,16,4,spring,0
RAD04_240323065350_6736,2024-03-23 06:53:50,36.3721127,127.3217454,대전광역시 유성구 노은동 569,2024,3,23,6,5,spring,0
RAD04_240323065437_6786,2024-03-23 06:54:37,36.3704256,127.3234617,대전광역시 유성구 노은동 599,2024,3,23,6,5,spring,0
RAD04_240323065442_6842,2024-03-23 06:54:42,36.369989,127.3234588,대전광역시 유성구 노은동 599,2024,3,23,6,5,spring,0
RAD04_240323081001_7614,2024-03-23 08:10:01,36.3778468,127.3787293,대전광역시 유성구 가정동 20-13,2024,3,23,8,5,spring,1
RAD04_240323085149_9412,2024-03-23 08:51:49,36.3692296,127.3271627,대전광역시 유성구 노은동 62-1,2024,3,23,8,5,spring,1
RAD04_240323085151_9421,2024-03-23 08:51:51,36.3695583,127.3271559,대전광역시 유성구 노은동 112-16,2024,3,23,8,5,spring,1
RAD04_240323085156_9483,2024-03-23 08:51:56,36.370444,127.3271596,대전광역시 유성구 노은동 107-39,2024,3,23,8,5,spring,1
RAD04_240323085157_9490,2024-03-23 08:51:57,36.3706302,127.3271548,대전광역시 유성구 노은동 107-34,2024,3,23,8,5,spring,1
RAD04_240323085221_9658,2024-03-23 08:52:21,36.3751087,127.3260844,대전광역시 유성구 노은동 138-45,2024,3,23,8,5,spring,1
RAD04_240324065241_11321,2024-03-24 06:52:41,36.3744368,127.3561441,대전광역시 유성구 어은동 52-7,2024,3,24,6,6,spring,0
RAD04_240324065434_11366,2024-03-24 06:54:34,36.3746277,127.356279,대전광역시 유성구 어은동 52-10,2024,3,24,6,6,spring,0
RAD04_240324070740_11847,2024-03-24 07:07:40,36.3598142,127.3436026,대전광역시 유성구 궁동 473,2024,3,24,7,6,spring,0
RAD04_240324070742_11853,2024-03-24 07:07:42,36.3597827,127.3435896,대전광역시 유성구 궁동 473,2024,3,24,7,6,spring,0
RAD04_240324082753_13894,2024-03-24 08:27:53,36.3638725,127.3169661,대전광역시 유성구 노은동 609,2024,3,24,8,6,spring,1
RAD04_240324083743_14339,2024-03-24 08:37:43,36.3668323,127.3150418,대전광역시 유성구 노은동 602,2024,3,24,8,6,spring,1
RAD04_240325063908_15555,2024-03-25 06:39:08,36.3721043,127.3216957,대전광역시 유성구 노은동 569,2024,3,25,6,0,spring,0
RAD04_240325064104_15733,2024-03-25 06:41:04,36.3665114,127.3316635,대전광역시 유성구 장대동 17-4,2024,3,25,6,0,spring,0
RAD04_240325064134_15751,2024-03-25 06:41:34,36.3663175,127.332103,대전광역시 유성구 장대동 17-4,2024,3,25,6,0,spring,0
RAD04_240325070404_16852,2024-03-25 07:04:04,36.3660409,127.3519414,대전광역시 유성구 궁동 220,2024,3,25,7,0,spring,0
RAD04_240325073017_17264,2024-03-25 07:30:17,36.3645854,127.3378221,대전광역시 유성구 장대동 321,2024,3,25,7,0,spring,0
RAD04_240325075934_17628,2024-03-25 07:59:34,36.3594135,127.3353638,대전광역시 유성구 장대동 291,2024,3,25,7,0,spring,0
RAD04_240325080047_17699,2024-03-25 08:00:47,36.3587926,127.3336676,대전광역시 유성구 장대동 291,2024,3,25,8,0,spring,1
RAD04_240325080427_17800,2024-03-25 08:04:27,36.358644,127.3351284,대전광역시 유성구 장대동 291,2024,3,25,8,0,spring,1
RAD04_240325080523_17876,2024-03-25 08:05:23,36.3579331,127.3363765,대전광역시 유성구 장대동 290,2024,3,25,8,0,spring,1
RAD04_240325080652_18015,2024-03-25 08:06:52,36.3576372,127.3335392,대전광역시 유성구 장대동 251-3,2024,3,25,8,0,spring,1
RAD04_240325080655_18019,2024-03-25 08:06:55,36.357705,127.3335513,대전광역시 유성구 장대동 251-3,2024,3,25,8,0,spring,1
RAD04_240325080701_18024,2024-03-25 08:07:01,36.3578187,127.3335684,대전광역시 유성구 장대동 191-7,2024,3,25,8,0,spring,1
RAD04_240325080859_18153,2024-03-25 08:08:59,36.3578843,127.3360467,대전광역시 유성구 장대동 293,2024,3,25,8,0,spring,1
RAD04_240325082834_18594,2024-03-25 08:28:34,36.3631213,127.3402254,대전광역시 유성구 장대동 350,2024,3,25,8,0,spring,1
RAD04_240325092501_21420,2024-03-25 09:25:01,36.3808791,127.3259708,대전광역시 유성구 죽동 650,2024,3,25,9,0,spring,1
RAD04_240325100642_23219,2024-03-25 10:06:42,36.396436,127.3142371,대전광역시 유성구 외삼동 274-17,2024,3,25,10,0,spring,0
RAD04_240325100815_23269,2024-03-25 10:08:15,36.3967094,127.312959,대전광역시 유성구 외삼동 587,2024,3,25,10,0,spring,0
RAD04_240325101627_0,2024-03-25 10:16:27,36.3986833,127.3149461,대전광역시 유성구 외삼동 574-5,2024,3,25,10,0,spring,0
RAD04_240325101633_23422,2024-03-25 10:16:33,36.3988263,127.3146315,대전광역시 유성구 외삼동 574-5,2024,3,25,10,0,spring,0
RAD04_240325101801_23451,2024-03-25 10:18:01,36.4034698,127.3102407,대전광역시 유성구 외삼동 408-1,2024,3,25,10,0,spring,0
RAD04_240325102230_23489,2024-03-25 10:22:30,36.4034926,127.3104053,대전광역시 유성구 외삼동 407-2,2024,3,25,10,0,spring,0
RAD04_240325103315_23730,2024-03-25 10:33:15,36.4102501,127.3002342,대전광역시 유성구 안산동 227-2,2024,3,25,10,0,spring,0
RAD04_240325135241_25026,2024-03-25 13:52:41,36.3569944,127.3427585,대전광역시 유성구 봉명동 574,2024,3,25,13,0,spring,0
RAD04_240325135532_25123,2024-03-25 13:55:32,36.3610807,127.3456344,대전광역시 유성구 궁동 486-4,2024,3,25,13,0,spring,0
RAD04_240325135545_25139,2024-03-25 13:55:45,36.3609922,127.3458582,대전광역시 유성구 궁동 485,2024,3,25,13,0,spring,0
RAD04_240325135747_25202,2024-03-25 13:57:47,36.3602831,127.3475871,대전광역시 유성구 궁동 491,2024,3,25,13,0,spring,0
RAD04_240325141948_26250,2024-03-25 14:19:48,36.3669699,127.3194037,대전광역시 유성구 노은동 612,2024,3,25,14,0,spring,0
RAD04_240325142308_26428,2024-03-25 14:23:08,36.3663302,127.3155315,대전광역시 유성구 노은동 553-2,2024,3,25,14,0,spring,0
RAD04_240325143220_26735,2024-03-25 14:32:20,36.3637051,127.3156038,대전광역시 유성구 노은동 557-6,2024,3,25,14,0,spring,0
RAD04_240325143258_26754,2024-03-25 14:32:58,36.3633894,127.3158492,대전광역시 유성구 노은동 603,2024,3,25,14,0,spring,0
RAD04_240325153654_29548,2024-03-25 15:36:54,36.3926193,127.3115274,대전광역시 유성구 반석동 676,2024,3,25,15,0,spring,0
RAD04_240325153704_29561,2024-03-25 15:37:04,36.3928438,127.311452,대전광역시 유성구 반석동 676,2024,3,25,15,0,spring,0
RAD04_240325153706_29568,2024-03-25 15:37:06,36.3929096,127.3114241,대전광역시 유성구 반석동 676,2024,3,25,15,0,spring,0
RAD04_240326073349_31417,2024-03-26 07:33:49,36.361462,127.3435213,대전광역시 유성구 궁동 479-5,2024,3,26,7,1,spring,0
RAD04_240326082512_34657,2024-03-26 08:25:12,36.3649255,127.3377002,대전광역시 유성구 장대동 302,2024,3,26,8,1,spring,1
RAD04_240326082922_34898,2024-03-26 08:29:22,36.3654503,127.3226331,대전광역시 유성구 노은동 613,2024,3,26,8,1,spring,1
RAD04_240326084643_35421,2024-03-26 08:46:43,36.3702105,127.3150465,대전광역시 유성구 노은동 570,2024,3,26,8,1,spring,1
RAD04_240326084653_35486,2024-03-26 08:46:53,36.3706973,127.3153428,대전광역시 유성구 노은동 570,2024,3,26,8,1,spring,1
RAD04_240326084654_35489,2024-03-26 08:46:54,36.3707474,127.3153722,대전광역시 유성구 노은동 570,2024,3,26,8,1,spring,1
RAD04_240326084714_35605,2024-03-26 08:47:14,36.3718373,127.3157645,대전광역시 유성구 노은동 570,2024,3,26,8,1,spring,1
RAD04_240326084811_35649,2024-03-26 08:48:11,36.3716754,127.3178069,대전광역시 유성구 노은동 583,2024,3,26,8,1,spring,1
RAD04_240326084911_35709,2024-03-26 08:49:11,36.3686205,127.3177944,대전광역시 유성구 노은동 583,2024,3,26,8,1,spring,1
RAD04_240326085820_36203,2024-03-26 08:58:20,36.3638067,127.3142335,대전광역시 유성구 노은동 603,2024,3,26,8,1,spring,1
RAD04_240326091248_36527,2024-03-26 09:12:48,36.3667207,127.3224166,대전광역시 유성구 노은동 612,2024,3,26,9,1,spring,1
RAD04_240326102411_37343,2024-03-26 10:24:11,36.3615256,127.3367959,대전광역시 유성구 장대동 352-3,2024,3,26,10,1,spring,0
RAD04_240326142651_39053,2024-03-26 14:26:51,36.3630034,127.3350653,대전광역시 유성구 장대동 328-1,2024,3,26,14,1,spring,0
RAD04_240326151707_41226,2024-03-26 15:17:07,36.3936933,127.3127063,대전광역시 유성구 반석동 687,2024,3,26,15,1,spring,0
RAD04_240326151717_41252,2024-03-26 15:17:17,36.393572,127.3126234,대전광역시 유성구 반석동 625-3,2024,3,26,15,1,spring,0
RAD04_240326151907_41340,2024-03-26 15:19:07,36.3924971,127.311814,대전광역시 유성구 반석동 689,2024,3,26,15,1,spring,0
RAD04_240404064046_1814,2024-04-04 06:40:46,36.3618602,127.357509,대전광역시 유성구 어은동 59-12,2024,4,4,6,3,spring,0
RAD04_240404102936_509,2024-04-04 10:29:36,36.3815311,127.3248495,대전광역시 유성구 죽동 648,2024,4,4,10,3,spring,0
RAD04_240404102950_520,2024-04-04 10:29:50,36.3813703,127.3243784,대전광역시 유성구 죽동 636,2024,4,4,10,3,spring,0
RAD04_240404103803_1280,2024-04-04 10:38:03,36.3908181,127.3317364,대전광역시 유성구 하기동 603,2024,4,4,10,3,spring,0
RAD04_240404135419_2090,2024-04-04 13:54:19,36.3564434,127.3366242,대전광역시 유성구 봉명동 496-16,2024,4,4,13,3,spring,0
RAD04_240404151559_4523,2024-04-04 15:15:59,36.3850582,127.3207258,대전광역시 유성구 하기동 585,2024,4,4,15,3,spring,0
RAD04_240404151738_4676,2024-04-04 15:17:38,36.3813227,127.3242128,대전광역시 유성구 죽동 636,2024,4,4,15,3,spring,0
RAD04_240404152119_4875,2024-04-04 15:21:19,36.3815258,127.3247809,대전광역시 유성구 죽동 648,2024,4,4,15,3,spring,0
RAD04_240405080733_8474,2024-04-05 08:07:33,36.3578944,127.3361749,대전광역시 유성구 장대동 293,2024,4,5,8,4,spring,1
RAD04_240405082018_9280,2024-04-05 08:20:18,36.381661,127.3434033,대전광역시 유성구 신성동 산 40-28,2024,4,5,8,4,spring,1
RAD04_240405083026_9861,2024-04-05 08:30:26,36.3626549,127.3345486,대전광역시 유성구 장대동 144-3,2024,4,5,8,4,spring,1
RAD04_240405085921_11352,2024-04-05 08:59:21,36.3729046,127.3193593,대전광역시 유성구 지족동 965,2024,4,5,8,4,spring,1
RAD04_240405085926_11378,2024-04-05 08:59:26,36.3731749,127.3193698,대전광역시 유성구 지족동 965,2024,4,5,8,4,spring,1
RAD04_240405102153_13375,2024-04-05 10:21:53,36.3918426,127.3109502,대전광역시 유성구 반석동 674,2024,4,5,10,4,spring,0
RAD04_240405141002_15690,2024-04-05 14:10:02,36.367097,127.3197021,대전광역시 유성구 노은동 612,2024,4,5,14,4,spring,0
RAD04_240405141111_15750,2024-04-05 14:11:11,36.3675465,127.3179908,대전광역시 유성구 노은동 583,2024,4,5,14,4,spring,0
RAD04_240405152217_16629,2024-04-05 15:22:17,36.392619,127.3114878,대전광역시 유성구 반석동 676,2024,4,5,15,4,spring,0
RAD04_240405152911_16890,2024-04-05 15:29:11,36.3904063,127.3055335,대전광역시 유성구 반석동 716,2024,4,5,15,4,spring,0
RAD04_240406083154_23931,2024-04-06 08:31:54,36.3655765,127.3176949,대전광역시 유성구 노은동 611,2024,4,6,8,5,spring,1
RAD04_240406084723_24677,2024-04-06 08:47:23,36.3674616,127.3179857,대전광역시 유성구 노은동 583,2024,4,6,8,5,spring,1
RAD04_240406084731_24693,2024-04-06 08:47:31,36.3683385,127.3179907,대전광역시 유성구 노은동 583,2024,4,6,8,5,spring,1
RAD05_240302082932_95,2024-03-01 06:21:39,36.3415461,127.3050923,대전광역시 유성구 계산동 803-11,2024,3,1,6,4,spring,0
RAD05_240304113743_44,2024-03-04 11:37:43,36.3570842,127.3400607,대전광역시 유성구 봉명동 528,2024,3,4,11,0,spring,0
RAD05_240304114808_1117,2024-03-04 11:48:08,36.3535651,127.3308599,대전광역시 유성구 구암동 633,2024,3,4,11,0,spring,0
RAD05_240304135911_2761,2024-03-04 13:59:11,36.3521,127.3302716,대전광역시 유성구 구암동 641,2024,3,4,13,0,spring,0
RAD05_240305161204_2593,2024-03-05 16:12:04,36.3552856,127.3428943,대전광역시 유성구 봉명동 574-2,2024,3,5,16,1,spring,0
RAD05_240306150421_3468,2024-03-06 15:04:21,36.313541,127.3199752,대전광역시 유성구 대정동 318,2024,3,6,15,2,spring,0
RAD05_240307094306_0,2024-03-07 09:43:06,36.3552479,127.3451532,대전광역시 유성구 봉명동 574,2024,3,7,9,3,spring,1
RAD05_240307094307_15311,2024-03-07 09:43:07,36.3551934,127.3451278,대전광역시 유성구 봉명동 574,2024,3,7,9,3,spring,1
RAD05_240307095031_15621,2024-03-07 09:49:50,36.3559003,127.3402426,대전광역시 유성구 봉명동 442-11,2024,3,7,9,3,spring,1
RAD05_240307100844_16076,2024-03-07 10:08:44,36.3554147,127.3414465,대전광역시 유성구 봉명동 574,2024,3,7,10,3,spring,0
RAD05_240307104858_0,2024-03-07 10:48:58,36.3542852,127.3416156,대전광역시 유성구 봉명동 576,2024,3,7,10,3,spring,0
RAD05_240307151551_0,2024-03-07 15:15:51,36.3553716,127.341559,대전광역시 유성구 봉명동 574,2024,3,7,15,3,spring,0
RAD05_240307153659_18214,2024-03-07 15:36:59,36.3558762,127.3406803,대전광역시 유성구 봉명동 442-15,2024,3,7,15,3,spring,0
RAD05_240307154256_18262,2024-03-07 15:42:56,36.3559006,127.3404032,대전광역시 유성구 봉명동 442-10,2024,3,7,15,3,spring,0
RAD05_240308065107_19396,2024-03-08 06:51:06,36.3012434,127.3202818,대전광역시 유성구 원내동 781,2024,3,8,6,4,spring,0
RAD05_240308102833_24380,2024-03-08 10:28:33,36.3440671,127.2982349,대전광역시 유성구 계산동 775,2024,3,8,10,4,spring,0
RAD05_240308144758_1158,2024-03-08 14:47:58,36.3137196,127.3305908,대전광역시 유성구 대정동 679-1,2024,3,8,14,4,spring,0
RAD05_240308144759_1160,2024-03-08 14:47:59,36.3136688,127.3304695,대전광역시 유성구 대정동 679-1,2024,3,8,14,4,spring,0
RAD05_240308151005_0,2024-03-08 15:10:05,36.2669382,127.284043,대전광역시 유성구 방동 623-4,2024,3,8,15,4,spring,0
RAD05_240315095808_4039,2024-03-15 09:58:07,36.3441886,127.3075019,대전광역시 유성구 복용동 629,2024,3,15,9,4,spring,1
RAD05_240316070521_11649,2024-03-16 07:05:20,36.3544591,127.3388065,대전광역시 유성구 봉명동 448-10,2024,3,16,7,5,spring,0
RAD05_240316073452_11769,2024-03-16 07:34:52,36.3542035,127.3362397,대전광역시 유성구 봉명동 567-16,2024,3,16,7,5,spring,0
RAD05_240316073514_11828,2024-03-16 07:35:13,36.3545529,127.3348949,대전광역시 유성구 봉명동 571,2024,3,16,7,5,spring,0
RAD05_240316074350_12328,2024-03-16 07:43:49,36.3548995,127.3449595,대전광역시 유성구 봉명동 574,2024,3,16,7,5,spring,0
RAD05_240316074350_12333,2024-03-16 07:43:50,36.3548934,127.3450196,대전광역시 유성구 봉명동 574,2024,3,16,7,5,spring,0
RAD05_240316074406_12368,2024-03-16 07:44:06,36.354661,127.3467751,대전광역시 유성구 봉명동 574,2024,3,16,7,5,spring,0
RAD05_240317065600_14326,2024-03-17 06:56:00,36.3117916,127.3198028,대전광역시 유성구 대정동 274,2024,3,17,6,6,spring,0
RAD05_240317065601_14338,2024-03-17 06:56:01,36.3118023,127.3198672,대전광역시 유성구 대정동 274,2024,3,17,6,6,spring,0
RAD05_240317065602_14350,2024-03-17 06:56:02,36.311828,127.3199157,대전광역시 유성구 대정동 274,2024,3,17,6,6,spring,0
RAD05_240317065604_14375,2024-03-17 06:56:04,36.3119104,127.319966,대전광역시 유성구 대정동 274,2024,3,17,6,6,spring,0
RAD05_240317065722_14444,2024-03-17 06:57:22,36.3152067,127.3163994,대전광역시 유성구 대정동 507-13,2024,3,17,6,6,spring,0
RAD05_240317072157_15726,2024-03-17 07:21:57,36.3597735,127.3048581,대전광역시 유성구 덕명동 570,2024,3,17,7,6,spring,0
RAD05_240317074237_16346,2024-03-17 07:42:37,36.3443497,127.3229261,대전광역시 유성구 복용동 152-8,2024,3,17,7,6,spring,0
RAD05_240317074548_16619,2024-03-17 07:45:48,36.3560019,127.3327262,대전광역시 유성구 구암동 631,2024,3,17,7,6,spring,0
RAD05_240318153458_2381,2024-03-18 15:34:56,36.3549347,127.3449815,대전광역시 유성구 봉명동 574,2024,3,18,15,0,spring,0
RAD05_240318155052_4249,2024-03-18 15:50:49,36.3814008,127.3244028,대전광역시 유성구 죽동 636,2024,3,18,15,0,spring,0
RAD05_240319070634_4947,2024-03-19 07:06:34,36.3418344,127.3026135,대전광역시 유성구 계산동 781,2024,3,19,7,1,spring,0
RAD05_240319083427_7217,2024-03-19 08:34:27,36.3552217,127.3431073,대전광역시 유성구 봉명동 574,2024,3,19,8,1,spring,1
RAD05_240319083636_7256,2024-03-19 08:36:36,36.3554982,127.3411926,대전광역시 유성구 봉명동 574-1,2024,3,19,8,1,spring,1
RAD05_240319145332_9430,2024-03-19 14:53:32,36.3569953,127.3533698,대전광역시 유성구 봉명동 697,2024,3,19,14,1,spring,0
RAD05_240320103326_14812,2024-03-20 10:33:26,36.3418338,127.3046393,대전광역시 유성구 계산동 807,2024,3,20,10,2,spring,0
RAD05_240321065046_16053,2024-03-21 06:50:46,36.3226052,127.3187533,대전광역시 유성구 용계동 332-8,2024,3,21,6,3,spring,0
RAD05_240321141629_20305,2024-03-21 14:16:29,36.3520733,127.3301716,대전광역시 유성구 구암동 641,2024,3,21,14,3,spring,0
RAD05_240322140317_2294,2024-03-22 14:03:17,36.3486765,127.3455379,대전광역시 유성구 봉명동 1062,2024,3,22,14,4,spring,0
RAD05_240322140859_2482,2024-03-22 14:08:59,36.3507567,127.335642,대전광역시 유성구 구암동 641,2024,3,22,14,4,spring,0
RAD05_240322153940_3003,2024-03-22 15:39:40,36.355049,127.3450638,대전광역시 유성구 봉명동 574,2024,3,22,15,4,spring,0
RAD05_240322154235_3204,2024-03-22 15:42:35,36.3554654,127.3417732,대전광역시 유성구 봉명동 574,2024,3,22,15,4,spring,0
RAD05_240322164843_4022,2024-03-22 16:48:43,36.3815173,127.3247269,대전광역시 유성구 죽동 648,2024,3,22,16,4,spring,0
RAD05_240322164848_4038,2024-03-22 16:48:48,36.3814009,127.3243568,대전광역시 유성구 죽동 636,2024,3,22,16,4,spring,0
RAD05_240323061633_4755,2024-03-23 06:16:33,36.350817,127.3350351,대전광역시 유성구 구암동 641,2024,3,23,6,5,spring,0
RAD05_240323064504_5338,2024-03-23 06:45:04,36.3414286,127.3054769,대전광역시 유성구 학하동 793,2024,3,23,6,5,spring,0
RAD05_240323073155_6899,2024-03-23 07:31:55,36.3523203,127.3337203,대전광역시 유성구 구암동 636,2024,3,23,7,5,spring,0
RAD05_240323081316_7232,2024-03-23 08:13:16,36.3560259,127.3424678,대전광역시 유성구 봉명동 574,2024,3,23,8,5,spring,1
RAD05_240403162432_218,2024-04-03 16:24:32,36.3578388,127.3398481,대전광역시 유성구 장대동 373,2024,4,3,16,2,spring,0
RAD05_240404061624_2382,2024-04-04 06:16:24,36.2998383,127.3201286,대전광역시 유성구 원내동 735,2024,4,4,6,3,spring,0
RAD05_240404061634_2393,2024-04-04 06:16:34,36.3002815,127.3201086,대전광역시 유성구 원내동 738,2024,4,4,6,3,spring,0
RAD05_240404065304_2542,2024-04-04 06:53:04,36.2999016,127.3199788,대전광역시 유성구 원내동 735,2024,4,4,6,3,spring,0
RAD05_240404070707_3244,2024-04-04 07:07:07,36.3292556,127.312099,대전광역시 유성구 용계동 412-6,2024,4,4,7,3,spring,0
RAD05_240404094447_3940,2024-04-04 09:44:47,36.3523244,127.3382727,대전광역시 유성구 봉명동 528,2024,4,4,9,3,spring,1
RAD05_240404100340_4912,2024-04-04 10:03:40,36.3505537,127.3371626,대전광역시 유성구 구암동 641,2024,4,4,10,3,spring,0
RAD05_240404101331_5544,2024-04-04 10:13:31,36.309786,127.3080341,대전광역시 유성구 교촌동 422-1,2024,4,4,10,3,spring,0
RAD05_240404135726_6409,2024-04-04 13:57:26,36.3431311,127.2993334,대전광역시 유성구 계산동 781,2024,4,4,13,3,spring,0
RAD05_240404135731_6421,2024-04-04 13:57:31,36.3432979,127.2990918,대전광역시 유성구 계산동 719,2024,4,4,13,3,spring,0
RAD05_240404151929_8459,2024-04-04 15:19:29,36.3815636,127.3249248,대전광역시 유성구 죽동 648,2024,4,4,15,3,spring,0
RAD05_240404151934_8498,2024-04-04 15:19:34,36.3814433,127.3244746,대전광역시 유성구 죽동 648,2024,4,4,15,3,spring,0
RAD05_240405073049_9638,2024-04-05 07:30:49,36.3449841,127.2959546,대전광역시 유성구 계산동 242,2024,4,5,7,4,spring,0
RAD05_240405074120_10100,2024-04-05 07:41:20,36.3437096,127.3222882,대전광역시 유성구 복용동 산 14-18,2024,4,5,7,4,spring,0
RAD05_240405075329_11428,2024-04-05 07:53:29,36.3549855,127.3450262,대전광역시 유성구 봉명동 574,2024,4,5,7,4,spring,0
RAD05_240405082710_12059,2024-04-05 08:27:10,36.3543671,127.3499997,대전광역시 유성구 봉명동 700,2024,4,5,8,4,spring,1
RAD05_240405082713_12088,2024-04-05 08:27:13,36.3545695,127.3502054,대전광역시 유성구 봉명동 700,2024,4,5,8,4,spring,1
RAD05_240405083601_12768,2024-04-05 08:36:01,36.3558867,127.3403145,대전광역시 유성구 봉명동 442-10,2024,4,5,8,4,spring,1
RAD05_240405093040_13477,2024-04-05 09:30:40,36.3561963,127.3328358,대전광역시 유성구 구암동 631,2024,4,5,9,4,spring,1
RAD05_240405094235_13905,2024-04-05 09:42:35,36.3572883,127.3407322,대전광역시 유성구 봉명동 531,2024,4,5,9,4,spring,1
RAD05_240405095632_14632,2024-04-05 09:56:32,36.3549639,127.3449165,대전광역시 유성구 봉명동 574,2024,4,5,9,4,spring,1
yuseong1_250122135615_6613,2025-01-22 13:56:15,36.3612899,127.3559658,대전광역시 유성구 어은동 311,2025,1,22,13,2,winter,0
yuseong1_250122151903_0,2025-01-22 15:19:03,36.4472911,127.3841781,대전광역시 유성구 봉산동 693-2,2025,1,22,15,2,winter,0
yuseong1_250122152648_17301,2025-01-22 15:26:49,36.4087135,127.3755944,대전광역시 유성구 화암동 99-6,2025,1,22,15,2,winter,0
yuseong1_250123105338_3316,2025-01-23 10:53:38,36.3484258,127.3352962,대전광역시 유성구 상대동 489,2025,1,23,10,3,winter,0
yuseong1_250123144730_7033,2025-01-23 14:47:31,36.3461284,127.3401774,대전광역시 유성구 상대동 498,2025,1,23,14,3,winter,0
yuseong1_250123144843_0,2025-01-23 14:48:43,36.3407582,127.3376271,대전광역시 유성구 상대동 498,2025,1,23,14,3,winter,0
yuseong1_250123145232_7434,2025-01-23 14:52:32,36.3322053,127.3334737,대전광역시 유성구 용계동 681,2025,1,23,14,3,winter,0
yuseong1_250124111718_524,2025-01-24 11:17:18,36.3617629,127.3565156,대전광역시 유성구 어은동 109,2025,1,24,11,4,winter,0
yuseong1_250124111800_0,2025-01-24 11:18:01,36.3609282,127.3545996,대전광역시 유성구 어은동 311,2025,1,24,11,4,winter,0
yuseong1_250124152021_0,2025-01-24 15:20:21,36.39681,127.3098958,대전광역시 유성구 반석동 612,2025,1,24,15,4,winter,0
yuseong1_250131135700_756,2025-01-31 13:57:01,36.391666,127.3321587,대전광역시 유성구 하기동 470-1,2025,1,31,13,4,winter,0
yuseong1_250131135806_834,2025-01-31 13:58:07,36.3911042,127.3355129,대전광역시 유성구 하기동 산 51-19,2025,1,31,13,4,winter,0
yuseong1_250131140223_0,2025-01-31 14:02:24,36.3935838,127.3498387,대전광역시 유성구 자운동 25-3,2025,1,31,14,4,winter,0
yuseong1_250131140408_1705,2025-01-31 14:04:08,36.3823481,127.3435827,대전광역시 유성구 신성동 367-4,2025,1,31,14,4,winter,0
yuseong1_250131141422_0,2025-01-31 14:14:23,36.3610177,127.3550136,대전광역시 유성구 어은동 311,2025,1,31,14,4,winter,0
yuseong1_250205143159_11253,2025-02-05 14:32:00,36.3509417,127.3377304,대전광역시 유성구 구암동 638,2025,2,5,14,2,winter,0
yuseong1_250211141844_0,2025-02-11 14:18:44,36.3593899,127.3092959,대전광역시 유성구 구암동 692,2025,2,11,14,1,winter,0
yuseong1_250214103949_0,2025-02-14 10:39:50,36.3606775,127.3539206,대전광역시 유성구 어은동 311,2025,2,14,10,4,winter,0
yuseong1_250217110951_0,2025-02-17 11:09:51,36.3103308,127.2906615,대전광역시 유성구 성북동 731-11,2025,2,17,11,0,winter,0
yuseong1_250218141732_1122,2025-02-18 14:17:32,36.3674379,127.3672516,대전광역시 유성구 구성동 464,2025,2,18,14,1,winter,0
yuseong1_250218141759_1274,2025-02-18 14:18:00,36.3660647,127.3650315,대전광역시 유성구 구성동 464,2025,2,18,14,1,winter,0
yuseong1_250219155334_0,2025-02-19 15:53:34,36.2798812,127.256012,대전광역시 유성구 송정동 334-1,2025,2,19,15,2,winter,0
yuseong1_250219155555_0,2025-02-19 15:55:55,36.2858963,127.2607678,대전광역시 유성구 송정동 195-2,2025,2,19,15,2,winter,0
yuseong1_250219155746_0,2025-02-19 15:57:46,36.2877553,127.2650484,대전광역시 유성구 송정동 150-1,2025,2,19,15,2,winter,0
yuseong1_250219160402_0,2025-02-19 16:04:02,36.3108119,127.264629,대전광역시 유성구 세동 산 75-1,2025,2,19,16,2,winter,0
yuseong1_250221095502_0,2025-02-21 09:55:02,36.3688226,127.3073111,대전광역시 유성구 노은동 산 24-139,2025,2,21,9,4,winter,1
yuseong1_250221140321_0,2025-02-21 14:03:22,36.4116995,127.3776491,대전광역시 유성구 화암동 156-8,2025,2,21,14,4,winter,0
yuseong1_250224143428_15517,2025-02-24 14:34:28,36.4057152,127.3680603,대전광역시 유성구 방현동 350,2025,2,24,14,0,winter,0
yuseong1_250224143512_0,2025-02-24 14:35:13,36.4013992,127.3624886,대전광역시 유성구 장동 241-5,2025,2,24,14,0,winter,0
yuseong1_250224144720_1513,2025-02-24 14:47:21,36.3722099,127.32074,대전광역시 유성구 지족동 976,2025,2,24,14,0,winter,0
yuseong1_250224145504_0,2025-02-24 14:55:05,36.3722701,127.3192955,대전광역시 유성구 지족동 976,2025,2,24,14,0,winter,0
